browser_natural_idle,os_natural_idle,browser_machine_idle,os_machine_idle,browser_natural_maximum_normal,os_natural_maximum_normal,browser_machine_maximum_normal,os_machine_maximum_normal,browser_natural_medium_abovenormal,os_natural_medium_abovenormal,browser_machine_medium_abovenormal,os_machine_medium_abovenormal,browser_natural_busy_abovenormal,os_natural_busy_abovenormal,browser_machine_busy_abovenormal,os_machine_busy_abovenormal,type
0.0,0.0,0.0,0.0,0.0,0.0,0.0,0.0,0.0,0.0,0.0,0.0,0.0,0.0,0.0,0.0,keydown
0.09370000000001255,0.09403919999999921,0.009419999999977335,0.01028450000000003,0.08596000000011372,0.08623769999999986,0.009919999999965512,0.010202200000000161,0.07766000000015083,0.07830070000000022,0.009580000000141808,0.010221800000000059,0.06812000000002172,0.06246449999999992,0.009779999999977917,0.010177900000000406,keyup
0.29319999999995616,0.29321169999999963,0.21339999999997872,0.2140114999999998,0.27706000000011954,0.2771513999999997,0.21100000000001273,0.21112619999999982,0.27692000000001826,0.27700900000000006,0.22880000000009204,0.2149283000000004,0.34678000000002385,0.3485775999999996,0.21469999999999345,0.21490520000000046,keydown
0.3869600000000446,0.3873274999999996,0.22334000000000742,0.22422719999999963,0.3630800000000818,0.36343900000000007,0.22080000000005384,0.2213251999999999,0.354720000000043,0.3553866000000001,0.22904000000016822,0.22508649999999975,0.432860000000062,0.4348095999999999,0.22459999999995262,0.22505690000000023,keyup
0.5864400000000387,0.5865315999999998,0.43610000000012406,0.4366918000000002,0.5702800000001389,0.5703271000000001,0.43221999999991567,0.4323907,0.5538000000001375,0.5542025000000002,0.4670200000002751,0.4375062999999999,0.6794200000000501,0.6812110999999996,0.4309999999999832,0.4311368,keydown
0.6802999999999884,0.6806370999999993,0.44632000000001426,0.4469393000000004,0.6483400000001893,0.648612,0.4421199999999317,0.4425939999999997,0.6318999999998596,0.6325322,0.4674400000003516,0.44766560000000055,0.7711000000000467,0.7594753999999995,0.44083999999998014,0.44131820000000044,keyup
0.8876800000000458,0.8878307999999997,0.6523200000000315,0.6528320000000001,0.8713800000000447,0.8714890999999998,0.653440000000046,0.6537014999999995,0.8150000000000546,0.8153748000000003,0.6867000000002008,0.6538475000000004,1.0040799999999876,1.0058983999999995,0.653759999999977,0.6538215000000003,keydown
0.9656400000000076,0.9659150999999992,0.6622200000000475,0.6630529000000003,0.9654400000001715,0.9657412999999995,0.6634400000000369,0.6639096999999996,0.8930800000000545,0.8937204000000003,0.6870000000001255,0.6640049000000001,1.1030400000000213,1.1000486,0.6637199999999552,0.6640322000000003,keyup
1.164920000000052,1.1651755999999995,0.8685400000000527,0.8690512999999997,1.196619999999939,1.1966644999999998,0.8748000000000502,0.8749681999999996,1.1179600000000391,1.1084798,0.8694600000003447,0.8699890999999997,1.386220000000037,1.3632295,0.8697399999999789,0.8699341,keydown
1.2588200000000143,1.2591268999999992,0.8784799999999677,0.8793126999999998,1.2746799999999894,1.274902,0.8846599999999398,0.8851743999999995,1.1941799999999603,1.1948000000000003,0.8792399999999816,0.8801332999999998,1.4388000000000147,1.4406872999999996,0.8796199999999885,0.8801170000000003,keyup
1.4582599999999957,1.4584677999999993,1.0850599999999986,1.0853484,1.4894600000000082,1.4896760999999996,1.09604000000013,1.0962775999999996,1.3933999999999287,1.3935304,1.0855200000000877,1.0860621999999998,1.6693200000000274,1.671189,1.085999999999956,1.0861355000000001,keydown
1.5521199999999453,1.5523740999999998,1.0948400000000902,1.0956465,1.5837599999999838,1.5840198,1.1059999999999945,1.1064857999999997,1.4876200000001063,1.4719496000000003,1.0954400000002806,1.0962269000000004,1.7737000000000194,1.7733549999999996,1.0958599999999592,1.0963221,keyup
1.7596399999999903,1.7596881,1.3009200000000192,1.3014878999999997,1.8066400000000158,1.8068166000000003,1.3173999999999069,1.3176682,1.670240000000149,1.6707355000000002,1.316220000000385,1.3022670000000005,2.0589600000000132,2.0524471999999996,1.302279999999996,1.3022912,keydown
1.8532999999999902,1.8536101999999994,1.3108599999999342,1.3117460999999997,1.9088000000001557,1.9090879999999997,1.3274400000000242,1.3278717999999996,1.756360000000086,1.7570651000000002,1.3165600000002087,1.3124273999999998,2.119920000000036,2.1219526999999996,1.311999999999955,1.3124849000000003,keyup
2.068579999999997,2.0686785999999993,1.516999999999939,1.5175957999999996,2.1159200000001874,2.1159887,1.538759999999911,1.5389514999999996,1.9734399999999823,1.9557964000000005,1.538740000000189,1.5270378999999998,2.3911000000000513,2.3690856,1.5308599999999615,1.5308608000000001,keydown
2.1784000000000106,2.1787965,1.526960000000031,1.5278159000000002,2.1939800000000105,2.1942570999999997,1.5487600000001294,1.5491567000000002,2.04950000000008,2.0501707,1.5389999999999873,1.5371949000000003,2.4525800000000118,2.4545728999999996,1.5407799999999838,1.5411257000000003,keyup
2.3859999999999673,2.386183,1.739720000000034,1.7403183999999996,2.416940000000068,2.4170381,1.760079999999789,1.7602434999999996,2.240440000000035,2.240944,1.7861800000002859,1.7666497000000003,2.7387600000000134,2.7168586,1.7568200000000047,1.7569601000000006,keydown
2.4557800000000043,2.4561224,1.7496399999999994,1.7504891999999996,2.471119999999928,2.4714121000000002,1.7700999999999567,1.7704556999999994,2.3367399999999634,2.3272570999999997,1.7864400000000842,1.7768081000000002,2.843240000000037,2.8111046,1.7666999999999575,1.7671299000000005,keyup
2.6793199999999615,2.6792640999999993,1.9551999999999907,1.9556433999999996,2.7579000000000633,2.7580048999999995,1.9813799999999446,1.9816133999999996,2.50945999999999,2.5100286,2.033660000000282,2.0062301,3.0158799999999815,3.0176735,1.9729199999999878,1.9731062999999995,keydown
2.7889599999999746,2.7892972999999994,1.9651000000001204,1.9659009000000003,2.8360200000001896,2.8362933000000004,1.9914400000000114,1.9918193000000004,2.6063400000000456,2.5963576,2.033940000000257,2.0163893,3.109960000000001,3.1119377999999998,1.9828399999999533,1.9832730000000005,keyup
2.996560000000045,2.9966520999999995,2.1712800000000243,2.1717225000000004,3.0671199999999317,3.0671358,2.2028000000000247,2.2029559,2.8225400000001173,2.7951104000000004,2.271960000000263,2.2581296,3.393759999999986,3.3583634999999994,2.189179999999965,2.1893335,keydown
3.0902399999999943,3.0905626999999996,2.18119999999999,2.1819602,3.1531400000001213,3.1534044000000003,2.2128199999997378,2.2131706000000007,2.8808000000001357,2.8814676000000006,2.2722400000000107,2.2682895999999992,3.442739999999958,3.4446706999999996,2.1992799999999875,2.1995734999999996,keyup
3.3056400000000394,3.3057514999999995,2.3864200000000437,2.3870306999999995,3.3761400000000776,3.3762267,2.4239399999999023,2.4241515,3.0795600000001286,3.0801553000000004,2.5194000000001324,2.5054335000000005,3.6733600000000592,3.6751461999999995,2.406379999999956,2.4064119999999996,keydown
3.399379999999951,3.3996927999999995,2.3963999999999714,2.3972457999999994,3.4781600000001163,3.4784441,2.433999999999969,2.4343642999999995,3.176740000000109,3.1744892,2.519660000000158,2.5156001000000003,3.779200000000003,3.7613681999999997,2.416059999999959,2.4165647000000003,keyup
3.6069800000000214,3.6070995000000003,2.600779999999986,2.6013671,3.6770600000002105,3.6772814,2.645340000000033,2.645645299999999,3.3568400000001475,3.3573361000000004,2.7421200000001136,2.725029300000001,4.005980000000022,4.007810399999999,2.6218999999999824,2.621640600000001,keydown
3.7087400000000343,3.7090277999999994,2.6107000000000653,2.6115535000000003,3.7633200000000215,3.7635929,2.655499999999847,2.6558602000000002,3.450939999999946,3.4516413000000004,2.7423800000001393,2.7351878000000003,4.095619999999997,4.0940232,2.6314199999999914,2.6318435000000004,keyup
3.931640000000016,3.9318662,2.823440000000005,2.8239674,3.9863800000000538,3.9863862,2.8668599999998605,2.8669664999999993,3.66246000000001,3.6503912000000005,2.973920000000362,2.938032100000001,4.35450000000003,4.3563485,2.8574799999999527,2.8378172,keydown
4.041640000000029,4.0420701999999995,2.8333999999999833,2.8342330000000002,4.064400000000205,4.0646815,2.876679999999851,2.877175799999999,3.7281000000000404,3.7287573,2.9741800000001604,2.9481924999999993,4.427760000000035,4.4186818,2.857779999999991,2.8479779,keyup
4.2413400000000365,4.2413826,3.039700000000039,3.040071,4.287420000000111,4.2875099,3.0881399999998393,3.0883472000000003,3.925620000000208,3.9195394000000006,3.221380000000181,3.2042541999999994,4.687340000000006,4.6890472999999995,3.0760399999999777,3.0760690000000004,keydown
4.3510800000000245,4.3514026,3.0495200000000295,3.050304099999999,4.373520000000099,4.3737975,3.0980799999997544,3.0985579000000003,4.041500000000042,4.0138127,3.221680000000106,3.2144112000000007,4.781240000000025,4.783278,3.085899999999981,3.0862578999999997,keyup
4.550579999999968,4.550788599999999,3.2558799999999337,3.2563106999999993,4.588360000000193,4.588599,3.30953999999997,3.3096860999999995,4.196040000000039,4.1966263,3.4441000000001623,3.4393977000000007,4.9981200000000285,4.9977557,3.2921399999999608,3.2922876,keydown
4.6523200000000315,4.652645699999999,3.2658400000000256,3.2665659000000007,4.674580000000105,4.6749358,3.3194200000000365,3.3199014999999994,4.2982600000000275,4.2989292,3.44878000000017,3.4495769999999997,5.098340000000007,5.084006399999999,3.3020799999999895,3.302471200000001,keyup
4.859760000000051,4.8598769,3.4718599999999924,3.4724157999999994,4.897740000000113,4.8978549000000005,3.530659999999898,3.5309683000000005,4.5008600000001024,4.4737902,3.691500000000133,3.6777444999999993,5.336580000000026,5.3384092,3.5082799999999565,3.5084277000000004,keydown
4.9614199999999755,4.9616945999999995,3.4817600000000084,3.4826415000000006,4.967840000000024,4.9681117,3.5407000000000153,3.5411770000000002,4.575399999999945,4.5760666,3.691780000000108,3.6879051999999994,5.438640000000021,5.4406455,3.518259999999998,3.518614300000001,keyup
5.160439999999994,5.1606012,3.688160000000039,3.6885825999999993,5.182860000000119,5.1829258,3.7520600000000286,3.7522609000000005,4.765640000000076,4.7588563,3.9233600000002298,3.9030509999999996,5.662360000000035,5.6554346,3.7387599999999566,3.7374413000000004,keydown
5.262699999999995,5.2629968,3.698060000000055,3.6988036000000006,5.284900000000107,5.285186700000001,3.761979999999994,3.762468599999999,4.860180000000128,4.8452776,3.9236200000002555,3.9132110000000004,5.769040000000018,5.765252299999999,3.7471400000000017,3.7476155999999996,keyup
5.47810000000004,5.4781917,3.9041799999999967,3.9047598999999993,5.492020000000139,5.4920793,3.974420000000009,3.9744775999999993,5.035360000000082,5.0358739,4.146080000000211,4.141388900000001,6.001880000000028,6.003699699999999,3.9628999999999905,3.9629192,keydown
5.587859999999978,5.588165499999999,3.914139999999975,3.9149781,5.570080000000189,5.5703686,3.9843799999998737,3.9846955999999993,5.12891999999988,5.1221857,4.15070000000037,4.151562500000001,6.09778,6.0898978999999995,3.9726199999999494,3.9731114000000005,keyup
5.779300000000035,5.779396,4.126960000000054,4.127531800000001,5.792940000000044,5.7931586,4.194719999999961,4.1949043999999995,5.297220000000152,5.2973892000000005,4.3935200000000805,4.379686100000001,6.334519999999998,6.3363244,4.178959999999961,4.1790564,keydown
5.889040000000023,5.8893816999999995,4.1370600000000195,4.137728699999999,5.879220000000032,5.8795021,4.204759999999851,4.2051145,5.382679999999937,5.3833657,4.393900000000258,4.3898463,6.436500000000024,6.4385065,4.188760000000002,4.1892484,keyup
6.0803600000000415,6.0805588,4.343039999999974,4.3436941,6.110340000000178,6.110373599999999,4.4160599999997885,4.4162296,5.5991200000000845,5.5821317,4.625360000000228,4.601899700000001,6.682980000000043,6.684872599999999,4.395279999999957,4.3952154,keydown
6.182339999999954,6.1826229,4.352980000000002,4.3539091,6.19638000000009,6.196634700000001,4.426020000000108,4.4264356000000005,5.635940000000119,5.6365772,4.625700000000279,4.612066199999999,6.777140000000031,6.7791244,4.405059999999992,4.4054079999999995,keyup
6.405679999999961,6.4056847,4.559280000000058,4.5599199,6.41933999999992,6.419468999999999,4.637280000000146,4.6374550999999995,5.850680000000011,5.851241099999999,4.848020000000133,4.8414611999999995,7.05637999999999,7.026388399999999,4.611400000000003,4.6114063000000005,keydown
6.523419999999987,6.5236979,4.569299999999998,4.570145599999999,6.52150000000006,6.521745599999999,4.647280000000137,4.6476636000000005,5.9689200000000255,5.937596900000001,4.850760000000264,4.8516338999999995,7.125820000000033,7.1278060000000005,4.621159999999975,4.621606100000001,keyup
6.722779999999943,6.7228894,4.775420000000054,4.7760433,6.7365000000002055,6.7366016,4.858699999999999,4.8588929,6.144700000000057,6.1449032,5.095420000000104,5.0810867,7.342240000000004,7.343027,4.841679999999997,4.835794100000001,keydown
6.824579999999969,6.824869399999999,4.785499999999956,4.7862420000000006,6.798720000000003,6.7990113,4.868740000000116,4.869108,6.216319999999996,6.214687700000001,5.095720000000256,5.0912446,7.435960000000023,7.4287213,4.845640000000003,4.8459783000000005,keyup
7.048019999999951,7.0480377999999995,4.991779999999949,4.992266699999999,7.037700000000086,7.0377697,5.08028000000013,5.0802515,6.448959999999943,6.421428000000001,5.34288000000015,5.320690300000001,7.673280000000034,7.6751333,5.065719999999999,5.065834300000001,keydown
7.141719999999964,7.141994199999999,5.001639999999952,5.002477,7.099860000000035,7.100114,5.090140000000019,5.0904824,6.491179999999986,6.4918344,5.343160000000353,5.330865299999999,7.7680200000000355,7.7693608,5.075619999999958,5.0760351,keyup
7.341080000000034,7.3411145,5.207899999999995,5.208423300000001,7.33086000000003,7.3309438,5.3013599999999315,5.3015409,6.686500000000024,6.682604100000001,5.581200000000081,5.567375999999999,8.006040000000041,8.007848200000002,5.296179999999993,5.2948132999999995,keydown
7.434639999999945,7.4350203,5.217999999999961,5.218631599999999,7.393100000000004,7.393336399999999,5.311379999999872,5.3117502,6.786759999999958,6.76892,5.581560000000081,5.577535900000001,8.10808000000003,8.11008,5.3045399999999745,5.304991900000001,keyup
7.642119999999977,7.6422919,5.42525999999998,5.425857,7.632100000000037,7.6320754,5.522719999999936,5.5228986,6.959120000000212,6.9597085,5.828660000000355,5.7998846,8.330660000000023,8.3325572,5.513879999999972,5.513913500000001,keydown
7.744080000000054,7.7443814,5.435220000000072,5.4360679,7.702119999999923,7.702395899999999,5.532639999999901,5.533109799999999,7.0499600000000555,7.038074099999999,5.828920000000153,5.8100492,8.432740000000024,8.434748800000001,5.523739999999975,5.5241445,keyup
7.967340000000036,7.967521999999999,5.63880000000006,5.6394937,7.941080000000056,7.9411781,5.744099999999889,5.744302199999999,7.272560000000112,7.236859300000001,6.051340000000209,6.0394767,8.671400000000006,8.6732291,5.730179999999962,5.7299957,keydown
8.053199999999947,8.053528,5.648779999999988,5.649692900000001,8.019220000000132,8.0194979,5.754019999999855,5.7545095,7.322499999999991,7.3231942,6.051600000000235,6.0496324999999995,8.770759999999996,8.759435100000001,5.739819999999952,5.7401774,keyup
8.26855999999998,8.268632,5.861760000000004,5.8621726,8.234320000000025,8.234369,5.96625999999992,5.9664648,7.5159400000000005,7.4899901,6.298840000000155,6.2791028,8.996100000000013,8.9979026,5.968959999999981,5.9683984,keydown
8.37026000000003,8.3705877,5.871520000000032,5.8723749,8.304420000000164,8.3047034,5.976239999999962,5.976654900000001,7.575759999999946,7.576322900000001,6.299280000000181,6.289275099999999,9.109340000000032,9.0841393,5.978279999999984,5.9786752,keyup
8.569679999999948,8.569675499999999,6.0778799999999364,6.078553,8.519280000000208,8.5195157,6.1867400000001,6.1869191,7.766660000000002,7.767178899999999,6.530600000000277,6.5167982,9.325600000000009,9.322923199999998,6.18435999999997,6.1843951,keydown
8.679380000000037,8.6796851,6.087920000000054,6.0887634,8.589600000000019,8.5899041,6.1966399999998885,6.1971207,7.858560000000125,7.8534957,6.530840000000126,6.526957400000001,9.425800000000038,9.408863400000001,6.194359999999961,6.194586300000001,keyup
8.878619999999955,8.8788272,6.293960000000084,6.2945392,8.836660000000165,8.8367233,6.40805999999975,6.408240999999999,8.051680000000033,8.0522382,6.753280000000132,6.7383104,9.66937999999999,9.671186299999999,6.400419999999997,6.4005385,keydown
8.988519999999994,8.9888207,6.3038400000000365,6.304752099999999,8.898819999999887,8.8990927,6.418059999999741,6.418444099999999,8.154060000000072,8.154766500000001,6.753540000000157,6.7484666,9.75786000000005,9.749432899999999,6.410259999999994,6.410738800000001,keyup
9.203579999999988,9.2038475,6.511080000000106,6.511678799999999,9.145780000000286,9.1458938,6.629580000000033,6.6297459000000005,8.35349999999994,8.353358,6.985140000000229,6.9492949,10.01006000000001,10.011874299999999,6.616919999999993,6.616904400000001,keydown
9.305659999999989,9.305949799999999,6.521100000000047,6.5218643,9.22402000000011,9.2242129,6.639660000000049,6.6399488,8.460260000000062,8.4476359,6.985440000000381,6.959456899999999,10.112059999999985,10.1140337,6.626679999999965,6.627116000000001,keyup
9.520959999999945,9.521174,6.726379999999949,6.7269291,9.447000000000116,9.4470574,6.850760000000037,6.8509489,8.637820000000147,8.638392,7.171260000000075,7.1718858,10.34268000000003,10.3444949,6.848519999999951,6.8486542,keydown
9.606840000000034,9.6071774,6.736300000000028,6.7371679,9.517160000000104,9.517414,6.8607600000000275,6.8611589,8.724100000000135,8.7247389,7.181220000000394,7.1820404,10.444659999999999,10.446668800000001,6.858439999999973,6.8588383,keyup
9.822279999999978,9.822355799999999,6.942519999999945,6.9431026000000005,9.748199999999997,9.7482709,7.072040000000015,7.0722291,8.933640000000196,8.9155557,7.387640000000147,7.388125499999999,10.667239999999993,10.669153300000001,7.0714399999999955,7.0712665,keydown
9.900080000000003,9.9003736,6.952600000000075,6.953318,9.834319999999934,9.834553,7.082020000000057,7.082445299999999,9.001220000000103,9.0019024,7.397620000000188,7.3983603,10.769380000000012,10.771405900000001,7.081159999999954,7.0815178,keyup
10.131340000000023,10.1315333,7.16543999999999,7.165879100000001,10.065360000000055,10.0653931,7.293419999999969,7.293588300000001,9.193480000000136,9.1847269,7.619340000000193,7.6199227,11.015980000000013,11.0177999,7.287319999999966,7.287377600000001,keydown
10.225119999999947,10.2254428,7.17525999999998,7.176117199999999,10.151400000000194,10.1516744,7.3034000000000106,7.3037997,9.292760000000044,9.2790505,7.6292200000002595,7.6301015,11.126920000000041,11.1280738,7.297199999999975,7.297581600000001,keyup
10.432620000000043,10.4326806,7.38149999999996,7.382061899999999,10.342560000000276,10.3426143,7.515059999999949,7.514933999999999,9.469360000000052,9.4698935,7.849880000000212,7.836207,11.340759999999989,11.342573999999999,7.503319999999974,7.503466600000001,keydown
10.526340000000005,10.5266059,7.391420000000039,7.392328,10.444540000000188,10.4448193,7.524800000000141,7.525102700000001,9.556840000000193,9.5562112,7.850160000000187,7.846344,11.442739999999958,11.444747499999998,7.5132600000000025,7.5136564,keyup
10.757659999999987,10.7578338,7.597680000000082,7.598325999999999,10.651339999999891,10.6516005,7.736020000000053,7.7362145,9.763900000000149,9.7310705,8.088180000000193,8.0561157,11.657480000000021,11.659347400000001,7.73381999999998,7.730745000000001,keydown
10.851400000000012,10.851716,7.607739999999922,7.6085845999999995,10.729640000000018,10.7299488,7.746079999999893,7.7464357,9.824780000000146,9.8254311,8.088460000000396,8.0662899,11.763360000000034,11.761557499999999,7.740459999999985,7.740918500000001,keyup
11.050859999999943,11.0510016,7.8141800000000785,7.8146253,10.952760000000126,10.952813,7.957779999999957,7.9579846000000005,10.042659999999842,10.0161923,8.33562000000029,8.3156523,11.986120000000028,11.9763542,7.957899999999995,7.9579933,keydown
11.152540000000045,11.1528875,7.824039999999968,7.8248562999999995,11.039260000000013,11.0390578,7.967839999999796,7.9682007,10.131360000000086,10.1105039,8.335880000000088,8.3258105,12.101940000000013,12.070456799999999,7.967699999999979,7.9681874,keyup
11.375800000000027,11.376069099999999,8.029999999999973,8.0306462,11.26188000000002,11.2619315,8.179219999999987,8.179377299999999,10.292779999999993,10.2933329,8.57398000000012,8.5537446,12.318140000000028,12.292858599999999,8.174080000000004,8.1741597,keydown
11.453740000000039,11.4540316,8.040160000000014,8.040863600000002,11.35590000000002,11.3562089,8.189100000000053,8.189584199999999,10.396819999999934,10.3956237,8.574300000000221,8.5638702,12.387139999999988,12.387172799999998,8.18375999999995,8.1843742,keyup
11.692980000000034,11.693212499999998,8.246160000000032,8.246762700000001,11.563020000000279,11.5631299,8.400740000000042,8.400986799999998,10.569920000000138,10.5704757,8.82136000000014,8.791945,12.64688000000001,12.617967100000001,8.407099999999957,8.4068629,keydown
11.794700000000034,11.795037999999998,8.256060000000048,8.256972699999999,11.641220000000203,11.6414732,8.410660000000007,8.411177899999998,10.65614000000005,10.6568422,8.821640000000116,8.8021261,12.766160000000013,12.727866299999999,8.416679999999985,8.41707,keyup
12.010080000000016,12.010200300000001,8.468999999999937,8.469567600000001,11.872139999999945,11.8722942,8.621999999999844,8.6221605,10.850720000000138,10.8476061,9.053260000000137,9.0344811,12.988879999999995,12.9585881,8.62203999999997,8.622155900000001,keydown
12.063940000000002,12.064262799999998,8.478920000000016,8.479807099999999,11.950379999999996,11.9506611,8.63187999999991,8.6323696,10.967239999999947,10.9419279,9.053520000000162,9.0446451,13.066100000000006,13.0525099,8.631939999999986,8.632365100000001,keyup
12.343160000000012,12.343189500000001,8.685119999999984,8.6856857,12.189480000000003,12.1895339,8.84346000000005,8.843622700000001,11.132100000000037,11.132711,9.29150000000027,9.2558948,13.283179999999959,13.2670177,8.838099999999997,8.838243,keydown
12.429020000000037,12.4292668,8.695140000000038,8.6959099,12.275680000000193,12.2758477,8.853399999999965,8.8538344,11.245940000000019,11.2350455,9.291800000000194,9.2660526,13.343380000000025,13.3453612,8.84821999999997,8.8484771,keyup
12.652259999999956,12.652342099999998,8.901180000000068,8.901855900000001,12.4825400000002,12.4827436,9.064800000000105,9.064969699999999,11.401439999999866,11.4019482,9.538960000000088,9.5251416,13.605500000000006,13.591803799999997,9.075079999999957,9.060838200000001,keydown
12.698319999999967,12.698539499999999,8.91125999999997,8.9120639,12.552880000000187,12.55315,9.074719999999843,9.075173,11.495580000000018,11.496261800000001,9.53924000000029,9.5353047,13.68398000000002,13.6859951,9.075379999999996,9.070998600000001,keyup
12.945540000000051,12.945591199999999,9.11749999999995,9.118053,12.791879999999992,12.7919865,9.286119999999983,9.2863382,11.700520000000097,11.6870341,9.777300000000196,9.7532401,13.90676000000002,13.908565499999998,9.291200000000003,9.2881333,keydown
13.03923999999995,13.039550899999998,9.127460000000042,9.1283085,12.870040000000017,12.870316899999999,9.296159999999873,9.296559899999998,11.772699999999986,11.7733925,9.777580000000171,9.7634131,13.992800000000045,13.994802399999998,9.297939999999983,9.298322500000001,keyup
13.278500000000008,13.278734100000001,9.333700000000022,9.334291100000002,13.09310000000005,13.093196800000001,9.507380000000012,9.507559099999998,11.963719999999967,11.9561779,10.024700000000166,9.9928379,14.223459999999989,14.2252407,9.508759999999995,9.5088306,keydown
13.348479999999995,13.3487778,9.343619999999987,9.3445182,13.163279999999986,13.1635445,9.517399999999952,9.5177753,12.064660000000003,12.0505292,10.024960000000192,10.0029956,14.325400000000002,14.3274181,9.51852000000008,9.519015,keyup
13.563679999999977,13.563919299999998,9.549980000000005,9.5505025,13.386259999999993,13.3863834,9.72869999999989,9.728895399999999,12.248800000000074,12.2493742,10.256520000000137,10.232453600000001,14.547939999999983,14.549897699999999,9.72497999999996,9.7250409,keydown
13.665560000000028,13.665850200000001,9.559920000000034,9.5607629,13.480360000000019,13.4806673,9.738740000000007,9.739108900000002,12.351000000000113,12.3516961,10.256780000000163,10.242613,14.65572000000003,14.652096399999998,9.734839999999963,9.7352412,keyup
13.880880000000047,13.880983399999998,9.772559999999999,9.7731709,13.687460000000101,13.6875657,9.950039999999944,9.950197199999998,12.547419999999875,12.5186472,10.494840000000295,10.481059199999999,14.872920000000022,14.8746699,9.95677999999998,9.956827400000002,keydown
13.974739999999997,13.9750148,9.782580000000053,9.783387900000001,13.773580000000038,13.7738564,9.960040000000163,9.9604088,12.612280000000055,12.6129535,10.49512000000027,10.491214099999999,14.98782,14.984745799999999,9.966700000000003,9.967057,keyup
14.182199999999966,14.182215799999998,9.988740000000007,9.989388899999998,13.996599999999944,13.996731,10.171639999999798,10.1715807,12.803699999999935,12.7957621,10.74234000000024,10.7285344,15.210540000000037,15.1833153,10.179319999999962,10.1794573,keydown
14.283819999999992,14.2841329,9.998700000000099,9.999605299999999,14.066820000000007,14.0670885,10.181439999999839,10.1817912,12.903919999999971,12.8900661,10.742600000000266,10.7386948,15.32231999999999,15.293444299999997,10.189239999999984,10.1896563,keyup
14.498960000000011,14.499230099999998,10.204799999999977,10.205569999999998,14.28988000000004,14.289922699999998,10.392759999999953,10.392927199999999,13.088360000000193,13.088898,10.980680000000348,10.951253800000002,15.542579999999987,15.4999136,10.395639999999958,10.395646200000002,keydown
14.600779999999986,14.6011153,10.21485999999993,10.2157512,14.367979999999989,14.3682518,10.40278000000012,10.403144599999997,13.182520000000068,13.183235,10.980999999999995,10.961411499999999,15.611559999999997,15.602169999999997,10.405619999999999,10.4058697,keyup
14.808340000000044,14.8085162,10.421060000000011,10.421699499999999,14.57490000000007,14.5751272,10.614059999999881,10.614212799999997,13.405240000000049,13.3740625,11.228240000000142,11.1986641,15.822040000000015,15.808698499999998,10.61161999999996,10.611761300000001,keydown
14.902100000000019,14.902408699999999,10.431040000000053,10.4319117,14.661180000000058,14.6614823,10.62404000000015,10.624426199999998,13.505499999999984,13.476396200000002,11.228500000000167,11.208834900000001,15.959280000000035,15.918818299999998,10.62143999999995,10.6219268,keyup
15.149220000000014,15.149465799999998,10.63725999999997,10.6379025,14.876280000000179,14.876371200000001,10.835219999999936,10.835497099999998,13.652720000000045,13.6512984,11.459900000000289,11.446112099999999,16.1755,16.1340702,10.843519999999955,10.843542500000002,keydown
15.235199999999963,15.235492399999998,10.647220000000061,10.6481499,14.922520000000077,14.922782900000001,10.845199999999977,10.8457036,13.75297999999998,13.7456157,11.460180000000264,11.4562714,16.280800000000056,16.2515206,10.853319999999997,10.8537316,keyup
15.45047999999997,15.450712499999998,10.853580000000079,10.854196299999998,15.169560000000274,15.1696129,11.056619999999839,11.0568058,13.944480000000112,13.944736100000002,11.69820000000027,11.668793899999999,16.49848000000003,16.4667584,11.06608,11.066220699999999,keydown
15.560219999999958,15.560575499999999,10.863519999999994,10.8644241,15.263660000000073,15.2639064,11.066499999999905,11.067011399999998,14.046080000000075,14.046742799999999,11.698500000000195,11.678974299999998,16.57414,16.576168799999998,11.075959999999952,11.076403599999999,keyup
15.775700000000029,15.7757671,11.076159999999959,11.0767591,15.49456000000032,15.494726199999999,11.27800000000002,11.278185399999998,14.22474000000011,14.2216161,11.927800000000161,11.885107,16.830579999999998,16.7994478,11.29183999999998,11.2824444,keydown
15.877359999999953,15.8777084,11.086180000000013,11.0870082,15.564820000000054,15.5651036,11.287900000000036,11.288383799999998,14.344299999999976,14.3319037,11.928100000000086,11.8952689,16.930800000000033,16.900857499999997,11.292259999999999,11.292605600000002,keyup
16.100760000000037,16.1008062,11.292400000000043,11.2930195,15.780040000000099,15.779980299999998,11.499299999999948,11.499502399999997,14.51426000000015,14.514782899999998,12.100580000000264,12.1011526,17.122680000000003,17.1238207,11.512720000000002,11.4985355,keydown
16.178499999999985,16.1788002,11.30230000000006,11.303215599999998,15.8740200000002,15.874259299999999,11.509419999999864,11.5097104,14.624380000000201,14.6250691,12.110500000000002,12.1113086,17.223540000000014,17.2255702,11.513019999999983,11.508694900000002,keyup
16.401899999999955,16.401987899999998,11.509460000000104,11.510037699999998,16.089060000000018,16.0891578,11.720640000000003,11.720843199999997,14.823740000000043,14.8079168,12.316760000000158,12.317331999999999,17.438260000000014,17.4401147,11.728880000000004,11.724071000000002,keydown
16.487600000000043,16.4878924,11.519340000000057,11.520260799999999,16.151180000000068,16.1514997,11.730639999999994,11.731043399999997,14.94065999999998,14.902256,12.326620000000275,12.327489600000002,17.540380000000027,17.5423562,11.73381999999998,11.7342482,keyup
16.710820000000012,16.7110297,11.724739999999997,11.725305499999997,16.374319999999898,16.3743859,11.942019999999957,11.9422073,15.100480000000061,15.101058,12.547280000000228,12.533517600000001,17.764220000000023,17.7648126,11.94641999999999,11.946539300000001,keydown
16.804719999999975,16.8050151,11.734720000000038,11.7355181,16.444460000000163,16.4447389,11.951999999999998,11.9524233,15.194780000000037,15.195432900000002,12.547540000000026,12.5436794,17.864499999999964,17.8590351,11.956259999999986,11.956734700000002,keyup
17.027900000000045,17.0281697,11.94082000000003,11.941440999999998,16.675360000000182,16.6755751,12.16341999999986,12.1636016,15.410840000000007,15.378264199999998,12.769999999999982,12.7653084,18.096339999999998,18.0818029,12.181879999999978,12.162697900000001,keydown
17.121779999999944,17.1221119,11.950739999999996,11.951653,16.777579999999944,16.7778607,12.173440000000028,12.173809899999998,15.471900000000005,15.472580200000001,12.774680000000217,12.7754852,18.217480000000023,18.1837141,12.182159999999953,12.1729227,keyup
17.32928000000004,17.3293521,12.157259999999951,12.157767499999999,16.99276000000009,16.9928216,12.384999999999991,12.385155299999997,15.673919999999953,15.663326499999998,13.017460000000256,13.003618900000001,18.419340000000034,18.390556099999998,12.400899999999979,12.4010131,keydown
17.431040000000053,17.4313283,12.167140000000018,12.1679463,17.0788,17.079061,12.394980000000032,12.395372899999998,15.774179999999888,15.765599499999999,13.017740000000003,13.0137776,18.50392000000005,18.500525399999997,12.410779999999988,12.411181200000001,keyup
17.646299999999997,17.6464091,12.37990000000002,12.380476899999998,17.285860000000184,17.2859511,12.606340000000046,12.6065097,15.94791999999984,15.948427700000002,13.2492400000001,13.227438699999999,18.717120000000023,18.7076751,12.61705999999998,12.617143900000002,keydown
17.724180000000047,17.7245015,12.389920000000075,12.390670399999998,17.340020000000095,17.3403405,12.616340000000037,12.6167321,16.05006000000003,16.0507281,13.249520000000075,13.2376017,18.82038,18.817257299999998,12.626919999999984,12.627332599999999,keyup
17.95573999999999,17.9556276,12.595900000000029,12.5964849,17.579020000000128,17.5791612,12.827679999999873,12.8278094,16.25998000000004,16.217523999999997,13.47198000000003,13.467034799999999,19.05644000000001,19.032525399999997,12.83323999999999,12.833298,keydown
18.065259999999967,18.0656031,12.605840000000057,12.606729299999998,17.641200000000026,17.6415115,12.837639999999965,12.838024299999997,16.319240000000036,16.319912700000003,13.476340000000164,13.4772081,19.124000000000024,19.125997299999998,12.843140000000005,12.843487500000002,keyup
18.26454000000001,18.2647835,12.812220000000025,12.812847899999998,17.86424000000011,17.8643777,13.049060000000054,13.049255299999999,16.518159999999853,16.5186487,13.735020000000077,13.705620000000001,19.346660000000043,19.348480199999997,13.063619999999958,13.061792700000002,keydown
18.350360000000023,18.3506896,12.822119999999927,12.8230611,17.934439999999995,17.9347587,13.05898000000002,13.0594583,16.614199999999983,16.612941900000003,13.735320000000229,13.7157794,19.44864000000001,19.4506461,13.07153999999997,13.071964099999999,keyup
18.589899999999943,18.5899624,13.028400000000033,13.029018699999998,18.14166,18.1416918,13.270420000000058,13.270576199999997,16.803260000000137,16.8037809,13.966900000000123,13.9462223,19.679300000000012,19.6811346,13.287679999999966,13.2878,keydown
18.683719999999994,18.6840178,13.038319999999999,13.0392452,18.235680000000002,18.2359617,13.280300000000125,13.280788099999999,16.897399999999834,16.898115599999997,13.967160000000149,13.9563881,19.781360000000006,19.783366299999997,13.297519999999963,13.2979892,keyup
18.89106000000004,18.8912876,13.244500000000016,13.2451233,18.450559999999996,18.450768,13.491700000000037,13.491876699999999,17.115620000000035,17.112898,14.205160000000205,14.1858357,20.03946000000002,20.0065949,13.503739999999993,13.5038868,keydown
19.000880000000052,19.0011765,13.254440000000045,13.2553457,18.520899999999983,18.5211756,13.501620000000003,13.502082399999999,17.21584000000007,17.1992672,14.20544000000018,14.1960155,20.105999999999995,20.1080081,13.513599999999997,13.51408,keyup
19.216319999999996,19.216458,13.460659999999962,13.461308499999998,18.751700000000028,18.7519278,13.713039999999864,13.713187899999998,17.389560000000074,17.3901077,14.452640000000201,14.438792900000001,20.324540000000013,20.322575399999998,13.734219999999993,13.7206996,keydown
19.317980000000034,19.3183341,13.470640000000003,13.471530099999999,18.822040000000015,18.8223045,13.722919999999931,13.723395999999997,17.483780000000024,17.484460400000003,14.452940000000353,14.4489563,20.42482000000001,20.4247852,13.734520000000032,13.730855300000002,keyup
19.517399999999952,19.517521,13.683539999999994,13.684163999999999,19.061059999999998,19.0611176,13.934279999999944,13.934479399999997,17.68600000000015,17.675336199999997,14.675300000000107,14.665012800000001,20.653660000000002,20.639211099999997,13.950439999999958,13.941184400000001,keydown
19.595299999999952,19.5956114,13.693479999999909,13.694382099999999,19.155140000000074,19.1553897,13.94419999999991,13.9446878,17.769320000000107,17.769712400000003,14.675620000000208,14.675172000000002,20.725780000000043,20.725515299999998,13.950940000000003,13.951380400000001,keyup
19.818719999999985,19.8188134,13.89967999999999,13.900281,19.34620000000018,19.3462992,14.155719999999974,14.155790399999997,17.964699999999993,17.960498700000002,14.938340000000153,14.9046133,20.973060000000032,20.9482881,14.173039999999958,14.160017800000002,keydown
19.920479999999998,19.9207795,13.90967999999998,13.910529699999998,19.440280000000257,19.4405846,14.165659999999889,14.166058499999998,18.065039999999954,18.0548528,14.938600000000179,14.914786600000001,21.088940000000036,21.0581662,14.173339999999996,14.1701729,keyup
20.120019999999954,20.1200098,14.11554000000001,14.116109699999999,19.663340000000062,19.6634454,14.376919999999927,14.377082099999999,18.245020000000068,18.245653599999997,15.170180000000073,15.144217500000002,21.24083999999999,21.2415141,14.405899999999974,14.3995785,keydown
20.205820000000017,20.2061086,14.12546000000009,14.1263246,19.749480000000176,19.749755,14.386919999999918,14.3872866,18.33938000000012,18.3400807,15.170440000000099,15.1543787,21.348960000000034,21.3509399,14.409339999999986,14.409757899999999,keyup
20.43714,20.4373951,14.331840000000057,14.3324548,19.98050000000012,19.9806011,14.598160000000007,14.598384499999998,18.537320000000136,18.514906500000002,15.392860000000155,15.3570848,21.563619999999958,21.565479699999997,14.622299999999996,14.6224359,keydown
20.547000000000025,20.5472911,14.341859999999997,14.3426769,20.074620000000095,20.0749033,14.608219999999847,14.608593499999998,18.616559999999936,18.617238899999997,15.39316000000008,15.3672487,21.66568000000001,21.6676902,14.63209999999998,14.6326052,keyup
20.730440000000044,20.7305126,14.547900000000027,14.5485315,20.281760000000077,20.2818155,14.819979999999987,14.820178799999997,18.79950000000008,18.800054799999998,15.572900000000345,15.573205199999999,21.896360000000016,21.8981921,14.839339999999993,14.838837900000001,keydown
20.840360000000032,20.840606,14.557919999999967,14.5587573,20.359860000000026,20.3601492,14.829999999999927,14.830385699999997,18.889380000000074,18.886398399999997,15.582900000000336,15.5835557,21.99834000000004,22.000349,14.848559999999964,14.849054800000001,keyup
21.01577999999995,21.0159698,14.763720000000035,14.764344599999998,20.590959999999995,20.590985,15.041240000000016,15.0414459,19.101419999999962,19.1016974,15.795240000000149,15.795812,22.220939999999985,22.2228396,15.068979999999954,15.054809899999999,keydown
21.125599999999963,21.1258891,14.773700000000076,14.7745636,20.661020000000008,20.6613122,15.051280000000133,15.051658,19.186820000000125,19.187534300000003,15.805160000000342,15.80597,22.315080000000023,22.317075199999998,15.069320000000005,15.0649692,keyup
21.340959999999995,21.341053,14.986139999999978,14.986755499999997,20.892120000000205,20.8921926,15.26263999999992,15.262795399999998,19.406439999999975,19.3942584,16.011560000000145,16.012110900000003,22.546260000000018,22.531578,15.293079999999975,15.293148200000001,keydown
21.442639999999983,21.4429892,14.996179999999981,14.996968899999999,20.962240000000065,20.9625022,15.272559999999885,15.273008099999998,19.464359999999942,19.464748300000004,16.021680000000288,16.0223267,22.646500000000003,22.6417985,15.302959999999985,15.3033459,keyup
21.642439999999965,21.6422749,15.202499999999986,15.203031499999998,21.19322000000011,21.193338,15.483939999999848,15.484131099999999,19.68696,19.6874337,16.25760000000014,16.2423901,22.862700000000018,22.8563114,15.509259999999983,15.5092882,keydown
21.744080000000054,21.7443745,15.212440000000015,15.2132742,21.271439999999984,21.2716601,15.493979999999965,15.4943451,19.773059999999987,19.7737549,16.257880000000114,16.252549199999997,22.97854000000001,22.9744231,15.51908000000003,15.5194845,keyup
21.951599999999985,21.9516356,15.424460000000067,15.4250769,21.502340000000004,21.5024741,15.705400000000054,15.705579399999998,19.992459999999937,19.972469099999998,16.495940000000246,16.4620088,23.179640000000006,23.1810346,15.725279999999998,15.7254301,keydown
22.053260000000023,22.0535915,15.434439999999995,15.435287599999999,21.588480000000118,21.5887626,15.715400000000045,15.715795999999997,20.09270000000015,20.066848299999997,16.49620000000027,16.472166899999998,23.308940000000007,23.2832024,15.735119999999995,15.735611299999999,keyup
22.252740000000017,22.2527562,15.650420000000054,15.650959999999998,21.7956200000001,21.795693,15.926860000000033,15.926973199999999,20.2651400000002,20.2656432,16.71210000000019,16.6762212,23.508820000000014,23.489769199999998,15.941719999999975,15.941646600000002,keydown
22.338520000000017,22.3388429,15.660359999999969,15.661212899999999,21.865740000000187,21.8660047,15.936699999999973,15.937183399999999,20.35421999999994,20.336004799999998,16.712380000000167,16.6863818,23.608540000000005,23.5921029,15.951319999999953,15.9518463,keyup
22.553840000000037,22.5539254,15.866679999999974,15.8672164,22.088760000000093,22.0888051,16.14817999999991,16.1483363,20.574100000000044,20.558683600000002,16.89830000000029,16.8988953,23.834159999999997,23.8066005,16.17002000000008,16.1701016,keydown
22.663580000000024,22.6639596,15.876600000000053,15.8774783,22.174839999999904,22.1751062,16.158079999999927,16.158538399999998,20.65238000000022,20.6530324,16.908260000000155,16.9090571,23.934480000000008,23.9008981,16.179839999999956,16.1802842,keyup
22.87901999999997,22.8792353,16.089320000000043,16.089838099999998,22.38984000000005,22.3899045,16.369500000000016,16.3696777,20.857259999999997,20.8517989,17.11458000000016,17.115105200000002,24.147960000000012,24.124093499999997,16.384119999999996,16.3842983,keydown
22.97285999999997,22.9731405,16.09924000000001,16.1000507,22.483920000000126,22.4841963,16.379379999999855,16.3798852,20.957460000000083,20.946152499999997,17.124460000000227,17.125261799999997,24.215540000000033,24.217541699999998,16.394000000000005,16.3944863,keyup
23.18029999999999,23.1803961,16.30564000000004,16.306195199999998,22.69082000000003,22.691026,16.590859999999793,16.590984799999998,21.12850000000003,21.1290094,17.34624000000008,17.3468394,24.46217999999999,24.4639624,16.606939999999952,16.606983200000002,keydown
23.28201999999999,23.2823297,16.315619999999967,16.316446199999998,22.785000000000082,22.7853114,16.61965999999984,16.601193199999997,21.23864000000026,21.239317999999997,17.356100000000197,17.356994299999997,24.56418000000002,24.566185299999997,16.616839999999968,16.617207,keyup
23.481379999999945,23.481620799999998,16.536020000000008,16.5287433,23.000119999999924,23.0001861,16.8121799999999,16.8123871,21.42760000000021,21.4142134,17.576880000000074,17.565928300000003,24.821259999999995,24.796709,16.82293999999996,16.8231067,keydown
23.583279999999945,23.5835711,16.539539999999988,16.538915199999998,23.070240000000013,23.0705217,16.82219999999984,16.8225926,21.53225999999995,21.5165031,17.577200000000175,17.576084899999998,24.896920000000023,24.898904299999998,16.83281999999997,16.8332976,keyup
23.798700000000053,23.7988766,16.747659999999996,16.7482863,23.309200000000146,23.309268499999998,17.033680000000004,17.0338392,21.69884000000002,21.6993881,17.815360000000283,17.801433099999997,25.095600000000047,25.097502499999997,17.039379999999994,17.0392973,keydown
23.900420000000054,23.9007026,16.757640000000038,16.758507899999998,23.387339999999995,23.3875849,17.04363999999987,17.044053599999998,21.79304000000002,21.793750099999997,17.815660000000207,17.811605299999997,25.205660000000023,25.2076825,17.049019999999985,17.0495283,keyup
24.083740000000034,24.0839344,16.964240000000018,16.9646462,23.58642000000009,23.586524999999998,17.254979999999932,17.255129,21.998180000000048,21.9766671,18.062660000000278,18.0394467,25.423000000000002,25.422528399999997,17.255299999999977,17.2554592,keydown
24.20169999999996,24.2019876,16.974159999999983,16.9749275,23.664520000000266,23.6648542,17.264959999999974,17.265345,22.06233999999995,22.063016400000002,18.06304000000023,18.049633900000003,25.538819999999987,25.5323827,17.26515999999998,17.2656448,keyup
24.401219999999967,24.401183,17.180119999999988,17.1807303,23.903459999999995,23.9036155,17.476220000000012,17.476405999999997,22.276759999999967,22.2697534,18.285320000000183,18.2789584,25.755020000000002,25.747024,17.48721999999998,17.4872552,keydown
24.502920000000017,24.503196199999998,17.19011999999998,17.190967399999998,23.97378000000026,23.9740085,17.486200000000053,17.486616899999998,22.373100000000022,22.3641317,18.288260000000264,18.2891362,25.855320000000006,25.8492979,17.49703999999997,17.4974445,keyup
24.70236,24.7025252,17.396499999999946,17.3970597,24.21270000000004,24.2128409,17.697459999999865,17.697679299999997,22.562459999999874,22.5629627,18.54836000000023,18.518632500000002,26.084480000000042,26.0638366,17.709859999999992,17.7098962,keydown
24.81212000000005,24.8123858,17.40646000000004,17.4073191,24.306820000000016,24.3071258,17.707540000000108,17.707888999999998,22.66471999999999,22.6652633,18.548620000000255,18.5287978,26.202980000000025,26.1740203,17.71969999999999,17.7200865,keyup
25.011359999999968,25.0116448,17.612780000000043,17.6132693,24.521960000000036,24.522024599999998,17.91877999999997,17.9189501,22.862620000000106,22.832200999999998,18.78016000000025,18.758174500000003,26.425720000000013,26.404814299999998,17.925959999999975,17.926048,keydown
25.121260000000007,25.1215556,17.622799999999984,17.6235443,24.615999999999985,24.6162943,17.92876000000001,17.929155299999998,22.963160000000016,22.942466099999997,18.780420000000277,18.768330499999998,26.503660000000025,26.482919,17.935839999999985,17.9362372,keyup
25.33666000000005,25.3367377,17.835720000000038,17.836289,24.847020000000157,24.8471496,18.140300000000025,18.140387099999998,23.133000000000038,23.133361700000002,19.01850000000013,19.004698500000003,26.757780000000025,26.729262499999997,18.156379999999956,18.1532719,keydown
25.43834000000004,25.4387156,17.84577999999999,17.8465506,24.941140000000132,24.9414334,18.150119999999788,18.1505881,23.235059999999976,23.235643699999997,19.018760000000157,19.0148559,26.857980000000055,26.8314234,18.162999999999954,18.1634468,keyup
25.645920000000046,25.6460218,18.051420000000007,18.0520024,25.140339999999924,25.140386499999998,18.361439999999902,18.361637899999998,23.429360000000088,23.418479599999998,19.265960000000177,19.237366199999997,27.08269999999999,27.0540012,18.373819999999967,18.3740155,keydown
25.739619999999945,25.7399536,18.06144000000006,18.062229,25.218500000000176,25.2187332,18.371359999999868,18.3718413,23.54318000000012,23.520781,19.266220000000203,19.2475248,27.158920000000023,27.156317299999998,18.383719999999983,18.3842053,keyup
25.947000000000003,25.9472557,18.267940000000067,18.2685519,25.441340000000082,25.4415659,18.582859999999982,18.5830278,23.711119999999937,23.711646100000003,19.48868000000016,19.4770606,27.38244000000003,27.3628197,18.595259999999996,18.5931136,keydown
26.040859999999952,26.0411229,18.27801999999997,18.2787969,25.535680000000184,25.5359283,18.592719999999872,18.5932368,23.806280000000015,23.8059821,19.488940000000184,19.487231800000004,27.50192000000004,27.4650356,18.602839999999958,18.6032908,keyup
26.240159999999946,26.2403737,18.48374000000001,18.4844047,25.734840000000077,25.7348853,18.804099999999835,18.8042663,23.98847999999998,23.988823099999998,19.736140000000205,19.7165576,27.721940000000018,27.6963436,18.820839999999976,18.8208983,keydown
26.342059999999947,26.3423612,18.493859999999927,18.494642,25.828920000000153,25.8291727,18.813959999999952,18.8144797,24.09048000000007,24.091174100000003,19.73642000000018,19.726731299999997,27.829499999999996,27.8057666,18.83069999999998,18.8310779,keyup
26.549480000000017,26.5495724,18.70008000000007,18.700667199999998,26.036820000000034,26.0360889,19.02539999999999,19.0255695,24.295100000000048,24.2740529,19.983720000000403,19.969810600000002,28.04122000000001,28.0203559,19.043619999999976,19.0437082,keydown
26.63531999999998,26.6356186,18.71008000000006,18.7109313,26.122139999999945,26.1224147,19.035300000000007,19.0357785,24.367719999999963,24.3684011,19.983979999999974,19.9800052,28.120499999999993,28.1225153,19.053519999999992,19.0539459,keyup
26.85874000000001,26.858834599999998,18.916399999999953,18.9170485,26.337240000000065,26.3373252,19.24689999999987,19.2470632,24.56675999999993,24.5672628,20.221840000000157,20.2080677,28.32710000000003,28.329044399999997,19.259699999999953,19.2597409,keydown
26.952499999999986,26.952809,18.92635999999993,18.9272657,26.43134000000009,26.4316061,19.256939999999986,19.2572694,24.662039999999934,24.66158,20.22214000000008,20.2182276,28.43725999999998,28.4392733,19.269439999999975,19.2699279,keyup
27.159959999999955,27.160112299999998,19.13885999999991,19.1394953,26.654379999999946,26.6544618,19.468179999999847,19.468333899999998,24.84384,24.8444468,20.469320000000153,20.4553351,28.675819999999987,28.677647399999998,19.47575999999998,19.4758857,keydown
27.25369999999998,27.2540398,19.148879999999963,19.149734499999997,26.724500000000262,26.7247579,19.478219999999965,19.478540499999998,24.94604000000004,24.9467699,20.469600000000128,20.4654952,28.76988,28.771867499999995,19.485599999999977,19.4860727,keyup
27.452959999999962,27.453163599999996,19.354240000000004,19.354820399999998,26.96346000000017,26.9635319,19.689480000000003,19.6896934,25.126639999999952,25.113621199999997,20.692020000000184,20.6749577,28.984540000000038,28.986386899999996,19.691899999999976,19.6920402,keydown
27.554939999999988,27.555244899999998,19.364119999999957,19.3650532,27.03358000000003,27.0338753,19.699499999999944,19.699907399999997,25.246039999999994,25.215989800000003,20.69228000000021,20.685109500000003,29.094619999999964,29.0966245,19.70175999999998,19.7022327,keyup
27.770359999999982,27.770504799999998,19.568520000000035,19.5690884,27.27260000000001,27.2726562,19.91080000000011,19.911005799999998,25.41414000000009,25.4147398,20.923820000000205,20.8879211,29.325240000000008,29.327093,19.922379999999976,19.908215000000002,keydown
27.888059999999996,27.8883776,19.578379999999925,19.579286399999997,27.35864000000015,27.3589217,19.92083999999977,19.9212167,25.526580000000195,25.5170369,20.92412000000013,20.898099700000003,29.427400000000034,29.4292835,19.92265999999995,19.9183753,keyup
28.079340000000002,28.0794291,19.785720000000083,19.7862755,27.60572000000002,27.6056518,20.132179999999835,20.1323325,25.74278000000004,25.7078282,21.171280000000024,21.154134300000003,29.673960000000022,29.6757776,20.14506,20.1299839,keydown
28.173279999999977,28.173616699999997,19.79553999999996,19.7964888,27.691600000000108,27.691936899999998,20.142139999999927,20.142546,25.793499999999995,25.794173299999997,21.171540000000277,21.164310399999998,29.78394000000003,29.785945099999996,20.145359999999982,20.140141,keyup
28.38864000000001,28.388682199999998,20.007920000000013,20.008578099999998,27.91464000000019,27.9147188,20.353599999999915,20.3538031,26.012339999999995,25.9928782,21.39406000000008,21.389303400000003,30.086400000000026,30.088215299999998,20.36275999999998,20.3626443,keydown
28.482459999999946,28.482741599999997,20.017900000000054,20.018793199999998,27.99274000000014,27.9930394,20.36367999999993,20.3640202,26.10460000000012,26.079267100000003,21.398780000000215,21.399487299999997,30.197400000000016,30.1743962,20.372439999999983,20.3728388,keyup
28.697739999999953,28.6979417,20.23037999999997,20.2309026,28.22378000000026,28.2238259,20.575019999999995,20.575128199999998,26.28559999999993,26.286107,21.657200000000103,21.6276443,30.49928,30.453396899999998,20.59317999999996,20.5892031,keydown
28.791560000000004,28.791919200000002,20.24036000000001,20.2411065,28.301860000000033,28.3021217,20.585000000000036,20.5853652,26.38758000000007,26.388298400000004,21.65744000000018,21.637809500000003,30.552900000000022,30.554876099999998,20.598979999999983,20.599390800000002,keyup
28.99897999999996,28.9991483,20.45694000000003,20.4575562,28.532740000000103,28.5329245,20.796280000000024,20.796465299999998,26.614000000000033,26.5790797,21.88886000000025,21.8729674,30.853400000000022,30.8331439,20.810639999999978,20.8106721,keydown
29.092779999999948,29.0930837,20.466940000000022,20.467796,28.618940000000066,28.619219,20.80621999999994,20.806677699999998,26.701340000000073,26.681348999999997,21.889140000000225,21.8831408,30.938080000000014,30.9354245,20.82039999999995,20.8208796,keyup
29.324039999999968,29.324113699999998,20.673119999999926,20.6737516,28.849879999999985,28.8499769,21.017579999999953,21.01777,26.87166000000002,26.8721862,22.12718000000018,22.112555899999997,31.227600000000052,31.229459600000002,21.03183999999999,21.0268644,keydown
29.42575999999997,29.426103499999996,20.68322000000012,20.6839723,28.9359800000002,28.936252600000003,21.027499999999918,21.0279779,26.973819999999932,26.9745352,22.127440000000206,22.1227334,31.313699999999983,31.315740199999997,21.036639999999977,21.0370534,keyup
29.649279999999976,29.6493752,20.889499999999998,20.8900427,29.166940000000068,29.1670289,21.239080000000058,21.2392202,27.183019999999942,27.173345500000003,22.374660000000176,22.3521287,31.733720000000005,31.6897148,21.264999999999986,21.2651625,keydown
29.73496,29.735268599999998,20.89949999999999,20.9002891,29.253060000000005,29.253321300000003,21.24892,21.2494276,27.267280000000028,27.2677465,22.375080000000253,22.362290299999998,31.83395999999999,31.799929699999996,21.274959999999965,21.2753531,keyup
29.97447999999997,29.974334399999996,21.105500000000006,21.1061335,29.492060000000265,29.4921071,21.460399999999936,21.460587999999998,27.458039999999983,27.458539100000003,22.59734000000026,22.591755399999997,32.188260000000014,32.1586822,21.48127999999997,21.4813236,keydown
30.076119999999946,30.076400399999997,21.1154600000001,21.1163423,29.578120000000126,29.5783731,21.470299999999952,21.4707983,27.560159999999996,27.5608607,22.60106000000019,22.6019285,32.25404000000003,32.244246000000004,21.491139999999973,21.4914994,keyup
30.30741999999998,30.3074887,21.321700000000078,21.3223137,29.84880000000021,29.848970299999998,21.68161999999984,21.6818153,27.782020000000102,27.7676296,22.860420000000204,22.831153999999998,32.64816000000002,32.6499942,21.69731999999999,21.6974164,keydown
30.385260000000017,30.385571399999996,21.33158000000003,21.332520799999998,29.926960000000008,29.927299400000003,21.691559999999754,21.6920201,27.86130000000003,27.8619701,22.86070000000018,22.8412649,32.753120000000024,32.7282973,21.707179999999994,21.7076022,keyup
30.752359999999953,30.7523908,21.5381000000001,21.5386247,30.269660000000158,30.2697334,21.903040000000146,21.9031928,28.09217999999987,28.0926968,23.092260000000124,23.0709553,33.190920000000006,33.1740131,21.92779999999999,21.9269828,keydown
30.814160000000015,30.8144731,21.54801999999995,21.5488455,30.32384000000002,30.324115499999998,21.91301999999996,21.913394,28.17156,28.1630757,23.0925400000001,23.081112400000002,33.25992000000002,33.2602635,21.93665999999996,21.937154,keyup
