browser_isolated_idle,browser_isolated_busy_abovenormal,browser_isolated_maximum_normal,browser_isolated_medium_abovenormal
0.0,0.0,0.0,0.0
99.53999999997905,108.26000000000204,99.68000000005122,100.9199999999837
100.52000000001864,119.61999999999534,100.79999999993017,131.96000000002095
100.26000000000931,105.10000000000582,108.54000000003724,115.5800000000163
100.3399999999674,100.63999999999942,102.06000000005588,131.89999999996508
100.26000000000931,99.87999999999738,110.27999999991152,115.44000000000231
100.5,100.69999999999708,101.0800000000745,122.60000000003492
100.26000000000931,101.24000000000524,100.0,115.69999999995343
100.5,116.11999999999534,102.73999999999069,131.86000000004424
100.46000000002095,122.45999999999913,101.31999999994878,131.20000000001164
100.6599999999744,100.92000000000552,101.20000000006983,100.45999999996276
100.11999999999534,114.93999999999504,101.2599999998929,105.94000000000231
113.55999999999769,116.06000000000496,103.90000000002328,132.47999999998137
100.20000000001164,100.15999999999622,102.0,115.48000000003958
119.40000000002328,117.0,100.11999999999534,115.95999999996276
100.38000000000466,99.38000000000466,100.92000000004192,115.3400000000256
119.35999999998604,115.75999999999476,99.81999999994878,116.59999999997672
119.47999999998136,102.56000000000496,100.3200000000652,106.64000000001396
100.70000000001164,110.71999999999387,101.31999999994878,132.05999999999767
100.1599999999744,110.52000000000407,100.26000000000931,130.96000000002095
100.3400000000256,110.65999999999622,103.54000000003724,115.85999999998604
100.4199999999837,120.12000000000262,99.45999999996276,115.4199999999837
100.35999999998604,110.72000000000116,114.76000000000931,123.04000000003724
100.42000000004192,110.81999999999972,100.56000000005588,115.61999999999534
100.35999999998604,110.29999999999563,100.31999999994878,131.59999999997672
100.40000000002328,110.22000000000116,99.92000000004192,115.9199999999837
100.57999999995808,121.20000000000437,109.81999999994878,116.05999999999769
99.90000000002328,110.22000000000116,100.40000000002328,106.6600000000326
100.76000000000931,110.77999999999884,102.61999999999534,131.44000000000233
100.21999999997206,110.63999999999942,101.78000000002794,131.6599999999744
100.72000000003028,111.05999999999769,100.45999999996276,115.98000000003958
100.17999999999302,119.80000000000292,101.64000000001396,115.57999999995808
100.53999999997905,110.87999999999738,102.14000000001396,122.72000000003028
100.29999999998836,110.77999999999884,103.45999999996276,115.6599999999744
100.46000000002095,110.26000000000204,101.18000000005122,131.6600000000326
100.20000000001164,111.63999999999942,101.93999999994412,115.53999999997905
100.55999999999769,119.62000000000262,109.96000000007916,116.5
99.8399999999674,119.41999999999824,100.05999999993946,106.3400000000256
101.04000000003724,115.59999999999854,100.69999999995343,131.7599999999511
100.29999999998836,106.26000000000204,99.80000000004657,131.46000000002095
100.03999999997905,116.09999999999854,101.1600000000326,115.85999999998604
100.67999999999302,115.4800000000032,101.14000000001396,115.72000000003028
100.55999999999769,100.55999999999769,101.27999999991152,122.9199999999837
100.44000000000231,116.04000000000087,99.90000000002328,115.70000000001164
100.0,100.40000000000146,101.18000000005122,131.46000000002095
100.60000000003492,115.25999999999476,100.26000000000931,115.95999999996276
100.51999999996042,116.08000000000176,100.95999999996276,115.76000000000931
100.3400000000256,115.58000000000176,100.07999999995808,106.76000000000931
100.76000000000931,107.09999999999854,100.94000000006054,131.67999999999302
100.11999999999534,115.86000000000058,100.52000000001864,130.8400000000256
100.76000000000931,100.72000000000116,100.88000000000466,116.63999999995576
99.9199999999837,115.33999999999652,101.95999999996276,115.55999999999769
100.40000000002328,116.13999999999942,100.78000000002794,123.2400000000489
100.17999999999302,100.30000000000292,106.38000000000466,115.09999999997672
101.01999999996042,115.76000000000204,104.29999999993017,131.40000000002328
100.3400000000256,100.09999999999854,116.02000000001864,116.07999999995808
100.59999999997672,115.95999999999913,100.64000000001396,116.05999999999769
100.22000000003028,115.86000000000058,107.19999999995343,106.40000000002328
100.29999999998836,122.94000000000231,102.5800000000745,131.6599999999744
100.53999999997905,99.69999999999708,99.29999999993017,131.54000000003725
100.54000000003724,115.95999999999913,100.56000000005588,116.05999999999769
99.70000000001164,101.20000000000437,101.04000000003724,115.61999999999534
101.32000000000698,114.8599999999933,100.63999999989755,122.6599999999744
100.19999999995343,115.86000000000058,100.34000000008382,115.72000000003028
100.40000000002328,100.44000000000231,106.03999999992084,132.01999999996042
99.9199999999837,116.45999999999913,100.52000000001864,115.32000000000698
101.05999999999769,115.30000000000292,100.76000000000931,115.96000000002095
100.35999999998604,122.25999999999476,100.23999999999069,106.21999999997206
100.72000000003028,100.68000000000028,100.56000000005588,132.20000000001164
100.1599999999744,115.44000000000231,100.0,131.52000000001863
100.5,101.27999999999884,101.15999999991618,115.70000000001164
100.2400000000489,114.76000000000204,99.76000000000931,115.79999999998836
100.55999999999769,100.5199999999968,101.06000000005588,122.6599999999744
99.7599999999511,115.70000000000437,100.02000000001864,115.86000000004424
100.92000000004192,116.73999999999796,101.02000000001864,131.61999999999534
100.26000000000931,115.20000000000437,116.39999999990688,115.8399999999674
100.63999999995576,106.97999999999593,101.92000000004192,115.94000000000231
99.96000000002095,110.40000000000146,99.92000000004192,106.5800000000163
100.94000000000231,110.63999999999942,101.23999999999069,131.94000000000233
100.09999999997672,113.18000000000028,99.73999999999069,131.14000000001397
100.8400000000256,108.5199999999968,100.61999999999534,115.94000000000231
100.35999999998604,102.28000000000613,101.04000000003724,116.13999999995576
100.35999999998604,100.83999999999652,100.59999999997672,122.1600000000326
100.0,108.63999999999942,100.40000000002328,115.73999999999069
100.76000000000931,134.37999999999738,100.88000000000466,131.79999999998836
100.29999999998836,96.42000000000552,100.63999999989755,115.1600000000326
100.7400000000489,111.73999999999796,107.90000000002328,116.6599999999744
99.97999999998136,109.22000000000116,100.3200000000652,106.47999999998136
100.71999999997206,104.29999999999563,101.43999999994412,132.46000000002095
99.96000000002095,100.18000000000028,102.04000000003724,130.71999999997206
100.85999999998604,106.68000000000028,101.88000000000466,116.0
100.23999999999069,121.76000000000204,100.35999999998604,116.20000000001164
100.88000000000466,117.40000000000146,101.07999999995808,122.23999999999069
100.10000000003492,105.63999999999942,100.47999999998136,115.72000000003028
100.6599999999744,110.72000000000116,100.88000000000466,131.61999999999534
100.32000000000698,111.0,99.96000000007916,115.46000000002095
100.5800000000163,120.0199999999968,112.09999999997672,116.31999999994878
100.1599999999744,110.94000000000231,102.38000000000466,106.56000000005588
100.54000000003724,110.22000000000116,101.31999999994878,131.6599999999744
100.3399999999674,110.79999999999563,102.52000000001864,131.3400000000256
100.46000000002095,113.95999999999913,102.09999999997672,116.13999999995576
100.21999999997206,122.22000000000116,100.68000000005122,115.72000000003028
100.64000000001396,100.81999999999972,100.38000000000466,123.38000000000466
100.0,115.40000000000146,99.78000000002794,114.67999999999302
100.85999999998604,116.27999999999884,102.77999999991152,131.64000000001397
99.78000000002794,99.77999999999884,101.61999999999534,115.89999999996508
100.57999999995808,117.06000000000496,100.46000000007916,116.1600000000326
100.8400000000256,100.0199999999968,110.8399999999674,106.0
100.4199999999837,115.08000000000176,101.11999999999534,132.1599999999744
100.0800000000163,116.05999999999769,100.61999999999534,131.52000000001863
100.64000000001396,116.72000000000116,101.28000000002794,115.82000000000698
99.88000000000466,110.12000000000262,101.1799999999348,115.88000000000466
101.11999999999534,113.97999999999593,101.40000000002328,122.57999999995808
100.0800000000163,122.34000000000378,104.6600000000326,115.61999999999534
100.63999999995576,100.77999999999884,97.40000000002328,131.7600000000093
100.17999999999302,116.76000000000204,100.79999999993017,115.78000000002794
100.90000000002328,115.25999999999476,102.18000000005122,115.97999999998136
99.67999999999302,100.0,99.6799999999348,106.1599999999744
100.79999999998836,116.08000000000176,102.68000000005122,132.54000000003725
100.30000000004657,100.08000000000176,101.59999999997672,115.5800000000163
100.6599999999744,116.05999999999769,101.1600000000326,115.85999999998604
100.20000000001164,115.40000000000146,116.55999999993946,115.71999999997206
100.57999999995808,123.05999999999769,101.78000000002794,116.04000000003724
99.86000000004424,99.78000000000613,100.54000000003724,106.17999999999302
100.94000000000231,117.0199999999968,100.07999999995808,132.5
100.1599999999744,100.19999999999708,102.06000000005588,131.0
100.97999999998136,114.86000000000058,106.97999999998136,116.29999999998836
100.26000000000931,116.95999999999913,99.92000000004192,116.5800000000163
100.5800000000163,99.72000000000116,101.23999999999069,121.57999999995808
100.40000000002328,115.76000000000204,105.77999999991152,115.76000000000931
100.5,116.15999999999622,105.96000000007916,131.5800000000163
100.09999999997672,122.66000000000348,101.43999999994412,115.70000000001164
100.67999999999302,100.83999999999652,101.04000000003724,116.07999999995808
100.3400000000256,115.24000000000524,100.35999999998604,106.62000000005357
100.53999999997905,101.40000000000146,101.54000000003724,131.79999999998836
100.11999999999534,114.68000000000028,104.39999999990688,131.2600000000093
100.55999999999769,100.41999999999824,100.54000000003724,115.79999999998836
100.29999999998836,115.08000000000176,100.26000000000931,116.14000000001396
100.67999999999302,116.93999999999504,102.78000000002794,122.21999999997206
99.56000000005588,114.62000000000262,101.76000000000931,115.35999999998604
101.09999999997672,106.90000000000146,100.71999999997206,132.1600000000326
99.73999999999069,115.79999999999563,99.88000000000466,115.26000000000931
100.97999999998136,115.9800000000032,101.11999999999534,116.87999999994643
100.30000000004657,101.0,102.0,106.40000000002328
100.51999999996042,115.09999999999854,101.45999999996276,131.9199999999837
99.88000000000466,100.5,100.46000000007916,130.90000000002328
100.78000000002794,115.83999999999652,101.35999999998604,116.17999999999302
99.89999999996508,103.41999999999824,101.3399999999674,115.28000000002794
101.05999999999769,113.22000000000116,100.71999999997206,122.97999999998136
100.20000000001164,115.13999999999942,101.09999999997672,115.61999999999534
100.9199999999837,122.54000000000816,100.06000000005588,131.96000000002095
100.1600000000326,101.27999999999884,101.11999999999534,115.51999999996042
100.44000000000231,114.16000000000348,102.09999999997672,116.72000000003028
100.11999999999534,120.59999999999128,119.14000000001396,105.55999999999769
100.55999999999769,110.30000000000292,101.28000000002794,132.14000000001397
100.3400000000256,113.32000000000698,100.19999999995343,131.21999999997206
100.3399999999674,107.35999999998604,101.0800000000745,116.44000000000231
100.35999999998604,113.74000000000524,100.0199999999022,115.52000000001864
100.82000000000698,122.63999999999942,100.0800000000745,122.57999999995808
100.22000000003028,115.55999999999769,100.28000000002794,115.68000000005122
100.61999999999534,100.74000000000524,101.35999999998604,131.61999999999534
100.20000000001164,115.61999999999534,101.8399999999674,115.73999999999069
100.4199999999837,100.68000000000757,101.11999999999534,115.70000000001164
100.1599999999744,115.27999999999884,100.14000000001396,106.63999999995576
100.78000000002794,116.36000000000058,99.93999999994412,132.22000000003027
100.23999999999069,115.31999999999243,100.92000000004192,130.70000000001164
100.40000000002328,107.02000000000407,100.38000000000466,116.57999999995808
100.35999999998604,115.77999999999884,101.90000000002328,115.70000000001164
100.5,100.63999999999942,102.07999999995808,122.70000000001164
100.29999999998836,115.60000000000582,100.04000000003724,115.77999999996972
100.52000000001864,109.0399999999936,100.47999999998136,131.0
100.01999999996042,103.36000000000058,100.5,116.20000000001164
100.92000000004192,99.68000000000757,100.8399999999674,116.14000000001396
99.79999999998836,108.13999999999942,109.46000000007916,106.55999999999769
101.03999999997905,111.23999999999069,102.05999999993946,131.59999999997672
100.05999999999769,101.98000000001048,100.71999999997206,132.28000000002794
100.64000000001396,100.65999999998894,107.0800000000745,123.94000000000231
100.28000000002794,110.08000000000176,100.57999999995808,107.03999999997905
100.47999999998136,120.0,118.8399999999674,122.36000000004424
100.27999999996972,109.90000000000872,81.46000000007916,115.87999999994643
100.5800000000163,110.89999999999418,102.79999999993017,131.54000000003725
100.29999999998836,110.08000000000176,109.23999999999069,116.05999999999769
100.5800000000163,110.66000000000348,100.70000000006983,115.9199999999837
100.09999999997672,120.55999999999769,100.26000000000931,106.64000000001396
100.64000000001396,110.88000000000466,101.0,131.70000000001164
100.4199999999837,110.8799999999901,100.45999999996276,131.19999999995343
100.60000000003492,112.54000000000816,112.07999999995808,115.98000000003958
100.0800000000163,108.39999999999418,99.72000000008848,115.89999999996508
100.37999999994643,120.38000000000466,101.05999999993946,122.48000000003958
100.1600000000326,112.41999999999824,103.35999999998604,115.27999999996972
100.59999999997672,108.58000000000176,102.02000000001864,132.02000000001863
100.46000000002095,110.61999999999534,99.95999999996276,116.14000000001396
100.47999999998136,102.47999999999593,101.23999999999069,115.6599999999744
100.44000000000231,100.5,99.72000000008848,106.90000000002328
100.28000000002794,109.02000000000407,101.29999999993017,131.8399999999674
99.94000000000231,109.97999999999593,99.80000000004657,130.98000000003958
101.0,103.16000000000348,101.61999999999534,116.05999999999769
100.26000000000931,100.05999999999769,100.55999999993946,115.53999999997905
100.63999999995576,108.68000000000757,101.10000000009312,122.85999999998604
99.54000000003724,110.75999999999476,99.89999999990688,115.76000000000931
101.26000000000931,102.39999999999418,101.0800000000745,131.44000000000233
99.61999999999534,100.38000000000466,99.9199999999255,116.05999999999769
101.27999999996972,110.0,100.68000000005122,116.0
99.35999999998604,110.10000000000582,100.44000000006054,106.55999999999769
100.92000000004192,101.69999999999708,112.03999999992084,131.67999999999302
100.09999999997672,100.52000000000407,101.5,131.20000000001164
100.94000000000231,109.08000000000176,100.97999999998136,116.28000000002794
99.9199999999837,119.81999999999243,100.30000000004657,115.77999999996972
101.0,111.33999999999652,100.69999999995343,122.61999999999534
99.70000000001164,109.91999999999824,99.84000000008382,115.64000000001396
101.02000000001864,111.24000000000524,102.47999999998136,131.64000000001397
108.14000000001396,110.55999999999769,102.11999999999534,115.57999999995808
100.5,121.83999999999652,100.55999999993946,116.3400000000256
100.39999999996508,110.54000000000816,99.73999999999069,106.52000000001864
100.5800000000163,103.47999999999593,101.11999999999534,131.67999999999302
100.05999999999769,99.97999999999593,100.60000000009312,130.70000000001164
100.82000000000698,102.56000000001222,101.23999999999069,116.57999999995808
100.27999999996972,115.93999999998778,103.97999999998136,115.3400000000256
100.5800000000163,103.86000000000058,101.1600000000326,123.0800000000163
99.6599999999744,100.32000000000698,102.88000000000466,115.11999999999534
101.0800000000163,104.91999999999824,99.95999999996276,132.2599999999511
100.22000000003028,114.24000000000524,100.40000000002328,115.6600000000326
100.73999999999069,103.05999999999769,100.53999999992084,116.14000000001396
100.1599999999744,100.38000000000466,110.92000000004192,106.35999999998604
100.67999999999302,106.43999999998778,102.5,131.82000000000698
100.22000000003028,117.74000000000524,99.78000000002794,131.38000000000466
100.55999999999769,107.32000000000698,108.53999999992084,116.53999999997905
99.6599999999744,107.3799999999901,99.88000000000466,115.32000000000698
101.02000000001864,117.58000000000176,100.56000000005588,122.4199999999837
100.1599999999744,93.10000000000582,100.6600000000326,115.29999999998836
100.88000000000466,115.55999999999769,100.81999999994878,132.0800000000163
99.60000000003492,107.58000000000176,99.73999999999069,116.1600000000326
101.11999999999534,120.80000000000292,101.21999999997206,115.73999999999069
100.32000000000698,112.19999999999708,101.9800000000978,106.51999999996042
100.35999999998604,111.39999999999418,102.81999999994878,131.68000000005122
100.02000000001864,108.68000000000757,101.40000000002328,132.4199999999837
100.82000000000698,104.13999999999942,101.02000000001864,115.03999999997905
100.03999999997905,100.79999999998836,100.0,115.4199999999837
100.94000000000231,106.26000000000931,100.9199999999255,122.86000000004424
99.97999999998136,121.81999999999243,104.6600000000326,115.97999999998136
101.14000000001396,112.44000000000231,101.23999999999069,131.5800000000163
99.8399999999674,110.47999999999593,104.71999999997206,115.95999999996276
100.6600000000326,110.9200000000128,102.10000000009312,115.38000000000466
100.11999999999534,110.86000000000058,101.15999999991618,106.48000000003958
100.46000000002095,120.25999999999476,101.22000000008848,132.55999999999767
100.44000000000231,110.33999999999652,100.3399999999674,130.53999999997905
100.31999999994878,110.27999999999884,106.88000000000466,116.59999999997672
100.36000000004424,110.60000000000582,100.8399999999674,115.76000000000931
100.47999999998136,103.22000000000116,110.85999999998604,122.40000000002328
100.78000000002794,99.95999999999184,102.18000000005122,115.77999999996972
100.19999999995343,102.58000000000176,100.73999999999069,131.61999999999534
100.17999999999302,104.13999999999942,100.5,115.86000000004424
100.76000000000931,115.38000000000466,100.8399999999674,116.3399999999674
99.94000000000231,100.30000000000292,99.85999999998604,106.29999999998836
100.94000000000231,102.39999999999418,101.09999999997672,131.5800000000163
100.32000000000698,103.86000000000058,100.72000000008848,131.4199999999837
100.46000000002095,116.25999999999476,100.43999999994412,116.20000000001164
100.39999999996508,99.58000000000176,109.44000000006054,115.70000000001164
100.48000000003958,109.74000000000524,101.07999999995808,122.59999999997672
100.29999999998836,104.81999999999243,100.23999999999069,115.6600000000326
100.3399999999674,133.4600000000064,102.88000000000466,132.2399999999907
100.30000000004657,93.39999999999418,100.43999999994412,115.09999999997672
100.88000000000466,111.58000000000176,106.88000000000466,116.1600000000326
99.73999999999069,104.34000000001106,99.78000000002794,106.03999999997905
100.8399999999674,106.81999999999243,101.11999999999534,132.11999999999534
100.10000000003492,109.47999999999593,100.5,131.30000000004657
100.71999999997206,109.80000000000292,105.71999999997206,116.57999999995808
100.40000000002328,110.74000000000524,101.4800000000978,115.82000000000698
100.79999999998836,110.59999999999128,102.61999999999534,122.3400000000256
99.90000000002328,108.44000000000231,101.43999999994412,115.51999999996042
100.61999999999534,106.13999999999942,101.21999999997206,131.70000000001164
100.13999999995576,105.19999999999708,104.06000000005588,115.1600000000326
100.55999999999769,108.48000000001048,101.11999999999534,116.94000000000231
99.86000000004424,105.11999999999534,100.31999999994878,106.23999999999069
101.53999999997905,110.68000000000757,101.40000000002328,131.64000000001397
99.46000000002095,106.95999999999184,101.04000000003724,130.93999999994412
100.6599999999744,119.52000000000407,101.5,116.56000000005588
100.67999999999302,94.97999999999593,100.40000000002328,115.77999999996972
100.38000000000466,110.60000000000582,101.0,122.32000000000698
99.78000000002794,110.55999999999769,113.77999999991152,116.02000000001864
100.89999999996508,111.13999999999942,103.3200000000652,131.5
100.5,120.22000000000116,100.1600000000326,115.23999999999069
100.42000000004192,110.5,100.39999999990688,116.61999999999534
99.69999999995343,112.41999999999824,100.76000000000931,106.53999999997905
101.11999999999534,119.81999999999243,101.14000000001396,131.72000000003027
100.42000000004192,102.40000000000872,102.54000000003724,116.63999999995576
100.5,120.52000000000407,100.19999999995343,115.0
100.23999999999069,105.81999999999243,101.64000000001396,115.86000000004424
100.39999999996508,114.05999999999769,102.26000000000931,116.05999999999769
99.98000000003958,122.30000000000292,99.54000000003724,106.57999999995808
100.82000000000698,115.88000000000466,101.19999999995343,131.7600000000093
100.17999999999302,100.55999999999769,100.61999999999534,131.1600000000326
100.51999999996042,115.47999999999593,100.94000000006054,116.17999999999302
100.36000000004424,100.33999999999652,101.15999999991618,115.82000000000698
100.51999999996042,116.02000000000407,101.34000000008382,122.67999999999302
111.72000000003028,115.22000000000116,100.07999999995808,115.11999999999534
100.5,116.55999999999769,100.23999999999069,131.90000000002328
100.1599999999744,106.74000000000524,101.45999999996276,115.51999999996042
118.67999999999302,115.91999999999824,102.02000000001864,116.38000000000466
99.78000000002794,100.39999999999418,101.88000000000466,106.97999999998136
100.9199999999837,115.6200000000099,107.30000000004657,131.40000000002328
99.96000000002095,115.72000000000116,101.79999999993017,131.47999999998137
100.64000000001396,103.65999999998894,108.96000000007916,116.60000000003492
100.47999999998136,114.1200000000099,100.61999999999534,115.23999999999069
100.55999999999769,122.51999999998952,100.4199999999255,122.17999999999302
100.1599999999744,100.24000000000524,100.5800000000745,115.97999999998136
100.5800000000163,115.91999999999824,100.53999999992084,131.82000000000698
100.38000000000466,115.66000000000348,101.84000000008382,115.61999999999534
100.35999999998604,100.33999999999652,103.35999999998604,115.90000000002328
100.5800000000163,115.9600000000064,109.23999999999069,106.73999999999069
100.53999999997905,100.11999999999534,101.38000000000466,131.72000000003027
100.11999999999534,115.58000000000176,100.1600000000326,131.45999999996275
100.68000000005122,116.22000000000116,100.65999999991618,115.72000000003028
99.73999999999069,121.88000000000466,100.72000000008848,116.05999999999769
101.03999999997905,101.0399999999936,101.97999999998136,122.47999999998136
100.0,115.83999999999652,102.05999999993946,115.26000000000931
101.0800000000163,100.44000000000231,99.90000000002328,131.97999999998137
99.5,115.4600000000064,102.35999999998604,115.79999999998836
100.85999999998604,115.58000000000176,102.6600000000326,116.26000000000931
100.38000000000466,100.59999999999128,99.61999999999534,105.96000000002095
100.44000000000231,115.94000000000231,101.21999999997206,132.29999999998836
100.35999999998604,115.94000000000231,100.11999999999534,131.2399999999907
100.44000000000231,122.30000000000292,100.26000000000931,115.8400000000256
100.14000000001396,100.17999999999302,110.0800000000745,115.5
101.14000000001396,117.02000000000407,100.55999999993946,122.94000000000231
100.6599999999744,101.31999999999243,113.18000000005122,115.77999999996972
99.85999999998604,113.74000000000524,100.81999999994878,131.9200000000419
100.04000000003724,100.38000000000466,100.31999999994878,115.5
101.0,116.09999999999128,100.4800000000978,115.97999999998136
99.82000000000698,115.66000000000348,99.9199999999255,106.67999999999302
100.4199999999837,116.08000000000176,101.18000000005122,131.6599999999744
100.59999999997672,106.5399999999936,101.79999999993017,130.8400000000256
100.48000000003958,115.9600000000064,101.18000000005122,116.5800000000163
100.11999999999534,116.08000000000176,107.26000000000931,115.77999999996972
100.73999999999069,101.33999999999652,101.45999999996276,122.60000000003492
100.70000000001164,114.36000000000058,100.73999999999069,116.03999999997905
100.01999999996042,100.89999999999418,100.56000000005588,131.35999999998603
99.6600000000326,115.24000000000524,100.47999999998136,115.72000000003028
101.14000000001396,100.83999999999652,100.92000000004192,116.05999999999769
99.87999999994643,115.74000000000524,100.65999999991618,106.32000000000698
100.98000000003958,115.95999999999184,101.5,131.95999999996275
100.35999999998604,116.30000000000292,99.34000000008382,131.52000000001863
100.38000000000466,111.13999999999942,102.77999999991152,116.11999999999534
100.55999999999769,113.5,100.06000000005588,115.53999999997905
100.3400000000256,123.48000000001048,101.0,122.5
100.9199999999837,114.91999999999824,100.76000000000931,115.61999999999534
100.3399999999674,100.44000000000231,101.57999999995808,131.64000000001397
100.30000000004657,115.25999999999476,111.23999999999069,115.8400000000256
100.61999999999534,100.91999999999824,102.70000000006983,116.20000000001164
100.23999999999069,115.61999999999534,100.0,106.53999999997905
100.51999999996042,100.52000000000407,100.39999999990688,131.53999999997905
100.1600000000326,115.32000000000698,99.86000000010245,131.60000000003492
100.79999999998836,116.3799999999901,101.05999999993946,116.23999999999069
100.11999999999534,122.48000000001048,110.95999999996276,115.46000000002095
100.61999999999534,100.33999999999652,120.78000000002794,122.59999999997672
100.26000000000931,115.51999999998952,101.1600000000326,115.79999999998836
100.47999999998136,116.1200000000099,101.95999999996276,131.5
100.36000000004424,100.44000000000231,124.44000000006054,115.29999999998836
100.44000000000231,115.81999999999243,79.88000000000466,116.5
100.29999999998836,100.08000000000176,100.38000000000466,106.8400000000256
100.4199999999837,117.25999999999476,100.59999999997672,132.0
100.46000000002095,101.08000000000176,102.47999999998136,130.9199999999837
100.64000000001396,111.05999999999769,102.18000000005122,116.0
100.45999999996276,113.24000000000524,100.69999999995343,115.60000000003492
99.70000000001164,107.38000000000466,100.3399999999674,122.57999999995808
100.76000000000931,110.05999999999769,101.18000000005122,115.40000000002328
100.70000000001164,120.52000000000407,101.73999999999069,132.14000000001397
100.27999999996972,110.79999999998836,108.57999999995808,115.6599999999744
100.6600000000326,113.9200000000128,92.76000000000931,115.9199999999837
100.05999999999769,106.77999999999884,118.52000000001864,106.38000000000466
100.67999999999302,116.05999999999769,100.07999999995808,132.1600000000326
99.94000000000231,100.11999999999534,119.52000000001864,131.32000000000698
100.85999999998604,116.05999999999769,100.47999999998136,116.05999999999769
100.09999999997672,100.10000000000582,117.6600000000326,115.63999999995576
100.6600000000326,115.97999999999593,104.68000000005122,122.20000000001164
100.14000000001396,115.74000000000524,100.31999999994878,116.1600000000326
100.6599999999744,100.58000000000176,104.21999999997206,131.94000000000233
100.47999999998136,115.23999999999069,99.96000000007916,115.27999999996972
100.38000000000466,116.55999999999769,102.31999999994878,116.38000000000466
100.28000000002794,122.24000000000524,101.40000000002328,106.55999999999769
100.61999999999534,100.68000000000757,101.07999999995808,131.61999999999534
100.17999999999302,115.27999999999884,100.52000000001864,130.97999999998137
100.44000000000231,100.19999999999708,105.97999999998136,116.32000000000698
100.5,115.75999999999476,99.23999999999069,115.38000000000466
100.47999999998136,100.60000000000582,104.84000000008382,123.55999999999769
100.26000000000931,115.52000000000407,100.5,115.42000000004192
100.4199999999837,116.11999999999534,103.71999999997206,131.3399999999674
100.28000000002794,115.55999999999769,101.35999999998604,115.78000000002794
100.67999999999302,106.91999999999824,101.05999999993946,116.38000000000466
100.20000000001164,116.26000000000931,99.94000000006054,106.44000000000231
100.39999999996508,115.7199999999866,117.5,131.63999999995576
100.32000000000698,100.26000000000931,100.04000000003724,131.38000000000466
100.55999999999769,115.77999999999884,100.85999999998604,116.05999999999769
100.29999999998836,100.17999999999302,108.55999999993946,115.5800000000163
100.5,116.06000000001222,99.88000000000466,122.64000000001396
100.40000000002328,100.09999999999128,100.3200000000652,115.82000000000698
100.96000000002095,115.94000000000231,100.47999999998136,131.71999999997206
99.94000000000231,102.61999999999534,101.4199999999255,115.20000000001164
100.6599999999744,100.55999999999769,100.22000000008848,116.59999999997672
100.03999999997905,102.44000000000231,99.81999999994878,106.5
100.54000000003724,100.48000000001048,102.52000000001864,131.94000000000233
100.20000000001164,111.75999999999476,103.0,131.11999999999534
100.35999999998604,116.89999999999418,101.11999999999534,116.17999999999302
100.17999999999302,110.63999999999942,99.85999999998604,115.62000000005357
100.78000000002794,111.1200000000099,102.61999999999534,122.59999999997672
100.47999999998136,110.15999999998894,102.06000000005588,115.73999999999069
100.26000000000931,110.98000000001048,100.52000000001864,131.70000000001164
100.38000000000466,110.30000000000292,101.93999999994412,115.27999999996972
100.51999999996042,102.59999999999128,106.35999999998604,116.62000000005357
100.29999999998836,100.0,101.92000000004192,106.67999999999302
100.68000000005122,109.38000000000466,100.35999999998604,131.61999999999534
100.05999999999769,118.69999999999708,100.28000000002794,131.35999999998603
100.71999999997206,115.55999999999769,101.11999999999534,115.8400000000256
100.03999999997905,106.36000000000058,100.61999999999534,115.63999999995576
100.30000000004657,116.19999999999708,101.1799999999348,122.72000000003028
100.76000000000931,100.04000000000816,101.28000000002794,115.64000000001396
100.67999999999302,114.86000000000058,107.54000000003724,131.55999999999767
99.69999999995343,120.58000000000176,100.3399999999674,115.87999999994643
100.94000000000231,110.69999999999708,104.28000000002794,116.06000000005588
99.6600000000326,110.41999999999824,110.03999999992084,106.69999999995343
101.14000000001396,110.58000000000176,99.8200000000652,131.48000000003958
100.23999999999069,110.27999999999884,100.45999999996276,131.45999999996275
100.5,120.74000000000524,102.76000000000931,115.73999999999069
100.21999999997206,118.27999999999884,101.40000000002328,116.2400000000489
100.78000000002794,116.0,100.71999999997206,122.47999999998136
100.23999999999069,106.97999999999593,100.6600000000326,115.3399999999674
100.53999999997905,115.89999999999418,100.81999999994878,132.2600000000093
100.02000000001864,115.44000000000231,100.1600000000326,115.8400000000256
100.6599999999744,100.61999999999534,100.3399999999674,116.02000000001864
100.0,115.80000000000292,100.60000000009312,106.23999999999069
100.90000000002328,100.74000000000524,102.0199999999022,132.1599999999744
100.40000000002328,115.0,99.88000000000466,130.79999999998836
100.63999999995576,116.39999999999418,101.35999999998604,116.26000000000931
99.8400000000256,115.72000000000116,99.72000000008848,115.54000000003724
100.71999999997206,106.54000000000816,109.07999999995808,122.67999999999302
100.38000000000466,116.09999999999128,100.69999999995343,115.88000000000466
100.46000000002095,104.9600000000064,100.8200000000652,131.59999999997672
100.40000000002328,110.33999999999652,99.64000000001396,115.09999999997672
100.39999999996508,110.9600000000064,100.71999999997206,116.5800000000163
100.29999999998836,113.61999999999534,100.30000000004657,106.05999999999769
100.44000000000231,122.81999999999243,101.23999999999069,132.2399999999907
100.14000000001396,99.68000000000757,100.23999999999069,115.90000000002328
100.82000000000698,116.45999999999184,100.97999999998136,131.52000000001863
100.32000000000698,115.58000000000176,99.61999999999534,116.07999999995808
100.5,100.80000000000292,101.09999999997672,122.72000000003028
100.29999999998836,115.4600000000064,112.92000000004192,115.47999999998136
100.59999999997672,100.3799999999901,101.31999999994878,131.5
100.20000000001164,115.60000000000582,100.85999999998604,115.5
100.70000000001164,116.44000000000231,100.70000000006983,116.03999999997905
100.0800000000163,122.0,100.64000000001396,106.30000000004657
100.64000000001396,100.77999999999884,121.53999999992084,132.2600000000093
100.21999999997206,115.55999999999769,99.8200000000652,115.07999999995808
100.59999999997672,100.39999999999418,102.31999999994878,132.3400000000256
100.22000000003028,115.52000000000407,101.54000000003724,115.6599999999744
100.64000000001396,116.1200000000099,102.57999999995808,122.48000000003958
100.23999999999069,99.7199999999866,109.44000000006054,115.85999999998604
100.53999999997905,116.36000000000058,102.45999999996276,131.7399999999907
99.70000000001164,102.26000000000931,100.45999999996276,115.73999999999069
101.02000000001864,110.86000000000058,102.5800000000745,115.72000000003028
100.3399999999674,110.5,130.52000000001863,106.95999999996276
100.8400000000256,111.15999999998894,71.19999999995343,131.7600000000093
100.01999999996042,120.14000000001396,102.43999999994412,115.70000000001164
100.55999999999769,118.85999999998604,102.12000000011176,115.8399999999674
100.28000000002794,115.98000000001048,99.79999999993017,115.30000000004657
100.44000000000231,106.86000000000058,100.94000000006054,117.0
100.20000000001164,100.13999999999942,119.65999999991618,106.07999999995808
100.88000000000466,103.27999999999884,101.06000000005588,131.8400000000256
100.26000000000931,100.44000000000231,100.52000000001864,131.47999999998137
100.43999999994412,108.65999999998894,100.88000000000466,115.92000000004192
100.36000000004424,119.22000000000116,99.65999999991618,115.59999999997672
100.26000000000931,112.34000000001106,102.28000000002794,122.53999999997905
100.5,110.47999999999593,101.8399999999674,115.54000000003724
100.09999999997672,111.38000000000466,100.4800000000978,131.88000000000466
100.59999999997672,104.0,101.7599999998929,115.63999999995576
100.80000000004657,113.73999999999069,102.18000000005122,116.3400000000256
100.03999999997905,100.58000000000176,100.11999999999534,105.94000000000231
100.5800000000163,113.02000000000407,107.44000000006054,132.21999999997206
100.27999999996972,109.41999999999824,99.69999999995343,131.40000000002328
100.5800000000163,111.94000000000231,101.23999999999069,116.02000000001864
100.26000000000931,110.61999999999534,99.85999999998604,115.69999999995343
100.32000000000698,110.27999999999884,101.73999999999069,122.48000000003958
100.39999999996508,110.69999999999708,99.92000000004192,115.61999999999534
100.70000000001164,102.68000000000757,111.05999999993946,131.82000000000698
100.0800000000163,101.55999999999769,100.64000000001396,115.27999999996972
100.47999999998136,108.38000000000466,100.78000000002794,116.61999999999534
100.35999999998604,119.89999999999418,100.45999999996276,106.6600000000326
100.67999999999302,110.66000000000348,101.72000000008848,131.95999999996275
100.32000000000698,112.16000000000348,101.95999999996276,131.0
100.3400000000256,108.81999999999243,99.88000000000466,116.05999999999769
99.6599999999744,111.63999999999942,104.02000000001864,115.82000000000698
101.22000000003028,118.54000000000816,105.26000000000931,122.38000000000466
100.35999999998604,111.61999999999534,102.81999999994878,115.28000000002794
100.02000000001864,111.13999999999942,109.54000000003724,132.3399999999674
100.53999999997905,113.5399999999936,100.81999999994878,116.22000000003028
100.5800000000163,117.06000000001222,100.71999999997206,114.94000000000231
100.32000000000698,109.97999999999593,105.0800000000745,107.1599999999744
100.63999999995576,111.5399999999936,108.1600000000326,131.6600000000326
100.26000000000931,109.60000000000582,101.31999999994878,131.38000000000466
100.52000000001864,110.97999999999593,101.3399999999674,116.39999999996508
100.26000000000931,120.38000000000466,100.26000000000931,115.26000000000931
100.88000000000466,110.81999999999243,106.1600000000326,122.35999999998604
99.57999999995808,110.44000000000231,101.59999999997672,116.0
100.48000000003958,110.77999999999884,100.47999999998136,131.67999999999302
100.76000000000931,110.4600000000064,100.0,115.32000000000698
100.47999999998136,120.86000000000058,102.71999999997206,116.3400000000256
100.5,110.67999999999302,101.3200000000652,106.61999999999534
100.29999999998836,110.13999999999942,101.07999999995808,131.82000000000698
100.23999999999069,110.82000000000698,109.73999999999069,131.45999999996275
100.79999999998836,110.31999999999243,101.85999999998604,115.86000000004424
99.96000000002095,120.40000000000872,100.62000000011176,115.89999999996508
100.6600000000326,110.73999999999069,101.09999999997672,122.64000000001396
100.0,110.5,101.0,115.59999999997672
100.6599999999744,111.0,100.81999999994878,132.10000000003492
100.46000000002095,109.9600000000064,100.0800000000745,114.82000000000698
100.39999999996508,121.31999999999243,102.5,116.55999999999769
100.17999999999302,110.10000000000582,108.6799999999348,106.79999999998836
100.5800000000163,110.82000000000698,101.02000000001864,131.70000000001164
100.22000000003028,110.33999999999652,101.95999999996276,131.21999999997206
100.55999999999769,102.59999999999128,101.61999999999534,116.26000000000931
100.13999999995576,100.2800000000134,100.97999999998136,115.0
100.55999999999769,109.09999999999128,106.7400000001071,123.05999999999769
99.90000000002328,110.38000000000466,112.43999999994412,115.5800000000163
100.88000000000466,102.52000000000407,100.73999999999069,131.8399999999674
100.39999999996508,100.11999999999534,100.35999999998604,115.54000000003724
100.64000000001396,109.13999999999942,102.96000000007916,116.26000000000931
100.29999999998836,111.30000000000292,99.69999999995343,106.51999999996042
100.30000000004657,101.58000000000176,102.19999999995343,131.64000000001397
100.32000000000698,100.25999999999476,107.34000000008382,131.4199999999837
100.6599999999744,109.10000000000582,101.29999999993017,115.90000000002328
99.79999999998836,118.91999999999824,101.80000000004657,115.77999999996972
100.97999999998136,112.05999999999769,102.14000000001396,122.52000000001864
100.2400000000489,110.86000000000058,108.38000000000466,115.8400000000256
100.61999999999534,111.25999999999476,102.11999999999534,131.69999999995343
99.59999999997672,109.55999999999769,100.5,115.94000000000231
101.03999999997905,120.82000000000698,100.53999999992084,116.14000000001396
99.96000000002095,110.77999999999884,100.14000000001396,106.52000000001864
101.0800000000163,110.25999999999476,100.56000000005588,131.5
99.88000000000466,109.86000000000058,100.3399999999674,131.27999999996973
100.81999999994878,103.47999999999593,101.09999999997672,115.92000000004192
100.1600000000326,100.40000000000872,99.84000000008382,115.95999999996276
100.64000000001396,102.36000000000058,101.05999999993946,122.44000000000231
100.30000000004657,115.45999999999184,100.02000000001864,115.82000000000698
100.57999999995808,104.22000000000116,101.31999999994878,131.7600000000093
100.1799999999348,100.26000000000931,101.60000000009312,116.11999999999534
100.36000000010245,102.73999999999069,101.63999999989755,115.79999999998836
100.45999999996276,106.6200000000099,100.90000000002328,105.98000000003958
100.8399999999674,128.7399999999907,106.8200000000652,132.3399999999674
99.88000000000466,114.5,100.27999999991152,130.97999999998137
100.8399999999674,107.34000000001106,100.61999999999534,116.30000000004657
99.6600000000326,113.8799999999901,100.30000000004657,115.19999999995343
100.94000000006054,117.16000000000348,101.57999999995808,122.94000000000231
100.43999999994412,110.08000000000176,99.46000000007916,115.36000000004424
100.61999999999534,110.91999999999824,101.15999999991618,132.21999999997206
99.80000000004657,110.36000000000058,100.22000000008848,115.46000000002095
101.27999999991152,110.63999999999942,100.38000000000466,116.1599999999744
99.72000000008848,110.38000000000466,100.11999999999534,106.46000000002095
100.65999999991618,102.61999999999534,101.26000000000931,131.79999999998836
100.30000000004657,100.13999999999942,100.4199999999255,131.35999999998603
100.54000000003724,108.86000000000058,100.6600000000326,116.10000000003492
99.8399999999674,110.52000000000407,99.71999999997206,115.95999999996276
100.43999999994412,102.75999999999476,101.3399999999674,122.44000000000231
100.64000000001396,100.16000000000348,100.1600000000326,115.55999999999769
100.70000000006983,109.0,101.18000000005122,132.17999999999302
99.6799999999348,110.30000000000292,101.28000000002794,115.2400000000489
101.26000000000931,102.83999999999652,101.6799999999348,116.01999999996042
100.3200000000652,100.09999999999128,100.26000000000931,106.35999999998604
100.47999999998136,109.10000000000582,101.59999999997672,131.96000000002095
100.40000000002328,110.08000000000176,107.21999999997206,131.53999999997905
100.3399999999674,102.63999999999942,101.0800000000745,128.38000000000466
100.3399999999674,100.19999999999708,100.6600000000326,113.18000000005122
100.96000000007916,108.77999999999884,104.29999999993017,107.27999999996972
99.39999999990688,121.18000000000757,100.57999999995808,131.35999999998603
100.96000000007916,109.89999999999418,101.72000000008848,116.55999999999769
100.23999999999069,114.4600000000064,100.59999999997672,130.96000000002095
100.45999999996276,106.0,101.76000000000931,115.85999999998604
99.69999999995343,110.89999999999418,103.1600000000326,122.54000000003724
101.02000000001864,121.18000000000757,102.03999999992084,115.87999999994643
100.38000000000466,109.73999999999069,102.5,130.88000000000466
100.44000000006054,111.19999999999708,100.02000000001864,116.46000000002095
100.52000000001864,110.52000000000407,99.73999999999069,115.73999999999069
100.55999999993946,110.80000000000292,112.38000000000466,106.55999999999769
100.3399999999674,120.02000000000407,88.59999999997672,131.28000000002794
100.60000000009312,110.61999999999534,101.23999999999069,116.5
100.2599999998929,110.24000000000524,107.34000000008382,131.44000000000233
100.3200000000652,110.83999999999652,103.45999999996276,116.01999999996042
100.52000000001864,110.61999999999534,101.30000000004657,122.55999999999769
100.3399999999674,120.61999999999534,101.3399999999674,115.92000000004192
100.14000000001396,110.94000000000231,99.76000000000931,131.1599999999744
100.61999999999534,110.18000000000757,101.43999999994412,115.82000000000698
99.97999999998136,110.69999999999708,99.6600000000326,115.97999999998136
100.95999999996276,110.41999999999824,100.95999999996276,107.02000000001864
100.3200000000652,120.25999999999476,107.44000000006054,131.38000000000466
100.59999999997672,110.84000000001106,101.57999999995808,116.05999999999769
100.14000000001396,110.89999999999418,101.61999999999534,131.35999999998603
100.5,110.61999999999534,102.0800000000745,116.04000000003724
100.18000000005122,101.94000000000231,101.1799999999348,121.85999999998604
100.63999999989755,100.48000000001048,106.23999999999069,116.29999999998836
100.10000000009312,108.7199999999866,100.46000000007916,131.3400000000256
100.55999999993946,112.0,101.2599999998929,116.13999999995576
99.8399999999674,100.94000000000231,100.38000000000466,115.92000000004192
101.04000000003724,100.76000000000931,100.64000000001396,106.88000000000466
100.26000000000931,108.65999999998894,100.23999999999069,131.6599999999744
100.57999999995808,110.9200000000128,100.40000000002328,115.6599999999744
100.34000000008382,113.09999999999128,100.54000000003724,130.7400000000489
100.88000000000466,122.4600000000064,100.57999999995808,116.63999999995576
99.95999999996276,101.36000000000058,100.42000000004192,121.70000000001164
100.52000000001864,115.01999999998952,100.23999999999069,116.5
99.79999999993017,115.80000000000292,100.23999999999069,131.60000000003492
100.64000000001396,101.52000000000407,101.31999999994878,115.79999999998836
100.44000000006054,114.72000000000116,100.36000000010245,115.95999999996276
100.64000000001396,100.38000000000466,100.47999999998136,106.80000000004657
100.19999999995343,115.45999999999184,99.95999999996276,131.29999999998836
100.57999999995808,116.41999999999824,101.09999999997672,115.85999999998604
100.1600000000326,122.18000000000757,103.23999999999069,131.64000000001397
100.76000000000931,101.47999999999593,102.84000000008382,115.88000000000466
100.23999999999069,114.75999999999476,99.76000000000931,122.29999999998836
100.38000000000466,100.34000000001106,101.03999999992084,116.17999999999302
100.31999999994878,115.5399999999936,100.30000000004657,131.38000000000466
100.78000000002794,116.67999999999302,101.05999999993946,116.14000000001396
99.78000000002794,99.9600000000064,99.92000000004192,115.35999999998604
101.04000000003724,107.9600000000064,120.80000000004657,107.20000000001164
100.14000000001396,113.75999999999476,100.1799999999348,130.94000000000233
100.65999999991618,106.9600000000064,102.56000000005588,116.29999999998836
99.68000000005122,110.25999999999476,114.38000000000466,131.53999999997905
101.0,111.05999999999769,101.1799999999348,115.86000000004424
100.31999999994878,113.44000000000231,99.85999999998604,122.4199999999837
100.78000000002794,117.25999999999476,101.28000000002794,116.82000000000698
100.14000000001396,110.02000000000407,101.57999999995808,130.51999999996042
99.90000000002328,111.17999999999302,100.36000000010245,116.46000000002095
100.23999999999069,109.94000000000231,101.77999999991152,115.1599999999744
100.93999999994412,102.84000000001106,100.72000000008848,107.26000000000931
99.76000000000931,101.35999999998604,102.07999999995808,131.32000000000698
101.14000000001396,108.04000000000816,102.11999999999534,115.88000000000466
100.21999999997206,110.31999999999243,99.80000000004657,131.79999999998836
100.56000000005588,103.30000000000292,108.03999999992084,115.76000000000931
100.26000000000931,99.69999999999708,100.73999999999069,122.3400000000256
100.53999999992084,109.9600000000064,102.04000000003724,115.79999999998836
100.34000000008382,120.0,101.09999999997672,131.59999999997672
100.45999999996276,111.02000000000407,101.42000000004192,115.92000000004192
100.68000000005122,110.05999999999769,101.0,115.85999999998604
100.35999999998604,110.59999999999128,101.1600000000326,106.73999999999069
99.81999999994878,102.5,99.95999999996276,131.90000000002328
100.95999999996276,100.68000000000757,101.07999999995808,115.67999999999302
100.36000000010245,109.11999999999534,100.90000000002328,131.32000000000698
100.35999999998604,110.19999999999708,101.09999999997672,116.03999999997905
100.15999999991618,102.16000000000348,117.11999999999534,137.44000000000233
100.64000000001396,100.6200000000099,102.52000000001864,115.89999999996508
100.34000000008382,108.67999999999302,100.35999999998604,131.4200000000419
100.57999999995808,110.41999999999824,100.8399999999674,116.94000000000231
100.09999999997672,102.52000000000407,101.60000000009312,120.97999999998136
100.47999999998136,100.67999999999302,102.4199999999255,116.78000000002794
100.26000000000931,108.94000000000231,99.73999999999069,131.17999999999302
100.64000000001396,110.33999999999652,109.02000000001864,116.17999999999302
100.38000000000466,102.26000000000931,100.61999999999534,115.44000000000231
100.57999999995808,100.44000000000231,102.34000000008382,107.05999999999769
99.61999999999534,109.01999999998952,99.39999999990688,131.2399999999907
100.84000000008382,118.08000000000176,101.22000000008848,116.27999999996972
100.4199999999255,116.1200000000099,101.3399999999674,130.7400000000489
100.42000000004192,107.0,101.1799999999348,116.73999999999069
100.47999999998136,115.45999999999184,110.11999999999534,122.32000000000698
100.44000000006054,101.4600000000064,100.56000000005588,115.69999999995343
100.11999999999534,114.47999999999593,101.95999999996276,131.04000000003725
100.55999999993946,115.91999999999824,102.22000000008848,116.44000000000231
100.56000000005588,100.52000000000407,100.2599999998929,115.8399999999674
100.59999999997672,116.31999999999243,101.90000000002328,107.14000000001396
100.1600000000326,99.70000000001164,100.3200000000652,131.03999999997905
100.73999999999069,116.25999999999476,100.64000000001396,115.96000000002095
100.14000000001396,101.97999999999593,100.31999999994878,131.85999999998603
100.69999999995343,111.08000000000176,105.64000000001396,115.70000000001164
100.21999999997206,110.33999999999652,99.92000000004192,122.10000000003492
100.38000000000466,114.24000000000524,101.29999999993017,116.03999999997905
100.40000000002328,121.55999999999769,99.90000000002328,130.9199999999837
100.44000000006054,116.60000000000582,103.05999999993946,116.44000000000231
100.27999999991152,100.05999999999769,108.0800000000745,115.38000000000466
100.59999999997672,115.77999999999884,95.43999999994412,107.4199999999837
100.1600000000326,100.38000000000466,118.85999999998604,131.6600000000326
100.21999999997206,115.83999999999652,110.78000000002794,116.0
100.68000000005122,115.38000000000466,100.68000000005122,131.1599999999744
100.40000000002328,116.55999999999769,101.05999999993946,115.5
100.28000000002794,106.67999999999302,100.09999999997672,122.61999999999534
100.57999999995808,115.91999999999824,100.56000000005588,116.48000000003958
100.11999999999534,100.27999999999884,100.92000000004192,131.32000000000698
100.6600000000326,115.90000000000872,100.59999999997672,115.8399999999674
100.43999999994412,115.86000000000058,100.81999999994878,115.94000000000231
100.71999999997206,100.08000000000176,100.34000000008382,122.88000000000466
99.73999999999069,115.83999999999652,102.79999999993017,130.27999999996973
100.8200000000652,100.36000000000058,102.23999999999069,132.04000000003725
100.52000000001864,115.66000000000348,99.71999999997206,115.89999999996508
100.57999999995808,116.09999999999128,100.96000000007916,122.5800000000163
99.78000000002794,116.88000000000466,99.9199999999255,131.5800000000163
101.07999999995808,120.95999999999184,101.36000000010245,115.82000000000698
100.3200000000652,110.48000000001048,99.7599999998929,115.61999999999534
100.8399999999674,114.08000000000176,106.62000000011176,116.17999999999302
99.97999999998136,106.41999999999824,100.59999999997672,106.17999999999302
100.68000000005122,116.5,105.11999999999534,132.0800000000163
100.05999999993946,99.63999999999942,101.3399999999674,131.4199999999837
100.42000000004192,116.44000000000231,100.64000000001396,115.90000000002328
99.93999999994412,99.59999999999128,100.95999999996276,115.32000000000698
100.88000000000466,116.18000000000757,101.97999999998136,122.9199999999837
100.47999999998136,115.81999999999243,100.46000000007916,131.44000000000233
100.5800000000745,100.40000000000872,102.09999999997672,131.94000000000233
100.05999999993946,108.0799999999872,103.80000000004657,115.55999999999769
101.0800000000745,110.86000000000058,102.0199999999022,122.47999999998136
100.15999999991618,113.5,100.38000000000466,115.70000000001164
100.28000000002794,107.06000000001222,100.5,131.82000000000698
100.21999999997206,110.51999999998952,103.34000000008382,115.8399999999674
100.61999999999534,120.82000000000698,108.0,115.86000000004424
100.11999999999534,110.30000000000292,100.43999999994412,106.27999999996972
101.12000000011176,111.25999999999476,101.06000000005588,132.0800000000163
99.59999999997672,110.05999999999769,100.43999999994412,130.97999999998137
100.73999999999069,102.61999999999534,100.47999999998136,116.35999999998604
100.26000000000931,100.36000000000058,101.20000000006983,115.98000000003958
100.40000000002328,108.90000000000872,100.71999999997206,122.39999999996508
100.65999999991618,113.5399999999936,100.28000000002794,115.5800000000163
100.5,122.82000000000698,111.35999999998604,131.78000000002794
100.3200000000652,115.91999999999824,101.93999999994412,115.71999999997206
100.8399999999674,101.08000000000176,101.64000000001396,116.44000000000231
99.95999999996276,114.73999999999069,118.80000000004657,106.55999999999769
100.44000000006054,100.4200000000128,102.15999999991618,131.72000000003027
100.47999999998136,115.55999999999769,99.90000000002328,132.13999999995576
100.73999999999069,100.91999999999824,100.92000000004192,114.86000000004424
100.0,115.22000000000116,100.26000000000931,115.71999999997206
100.54000000003724,116.08000000000176,100.93999999994412,122.70000000001164
100.35999999998604,122.3799999999901,110.06000000005588,115.59999999997672
99.97999999998136,100.30000000000292,100.6600000000326,131.78000000002794
100.14000000001396,115.68000000000757,100.6799999999348,115.61999999999534
101.02000000001864,116.61999999999534,100.09999999997672,116.17999999999302
100.31999999994878,99.80000000000292,102.0800000000745,106.73999999999069
100.68000000005122,115.67999999999302,102.29999999993017,131.55999999999767
99.6799999999348,100.82000000000698,100.59999999997672,131.78000000002794
100.59999999997672,115.55999999999769,101.40000000002328,115.59999999997672
100.76000000000931,115.80000000000292,100.96000000007916,115.79999999998836
100.44000000006054,122.22000000000116,100.09999999997672,122.55999999999769
100.1799999999348,100.61999999999534,100.95999999996276,115.72000000003028
100.5,115.63999999999942,101.40000000002328,132.11999999999534
99.92000000004192,100.67999999999302,102.29999999993017,115.21999999997206
101.04000000003724,108.77999999999884,101.46000000007916,115.88000000000466
100.07999999995808,110.82000000000698,102.05999999993946,106.88000000000466
100.71999999997206,110.22000000000116,102.30000000004657,131.7600000000093
100.18000000005122,110.5399999999936,101.31999999994878,131.28000000002794
100.09999999997672,111.0,101.38000000000466,116.01999999996042
100.28000000002794,109.98000000001048,101.64000000001396,115.9199999999837
100.71999999997206,121.18000000000757,122.3399999999674,122.62000000005357
100.88000000000466,110.2599999999802,99.28000000002794,115.2599999999511
100.61999999999534,110.96000000002095,100.80000000004657,144.36000000004424
99.52000000001864,109.89999999999418,100.0,103.45999999996276
100.95999999996276,108.51999999998952,101.14000000001396,115.76000000000931
99.73999999999069,115.9200000000128,101.5,106.72000000003028
101.06000000005588,122.73999999999069,101.3399999999674,131.7399999999907
100.29999999993017,100.01999999998952,103.1600000000326,131.20000000001164
100.36000000010245,116.11999999999534,102.35999999998604,116.23999999999069
100.5199999999022,115.54000000000816,100.45999999996276,115.70000000001164
100.36000000010245,101.5800000000163,100.68000000005122,122.47999999998136
100.2599999998929,114.95999999999184,101.55999999993946,115.76000000000931
100.42000000004192,100.13999999998488,102.23999999999069,131.71999999997206
100.11999999999534,115.66000000000348,100.38000000000466,115.94000000000231
100.78000000002794,102.96000000002095,100.84000000008382,115.70000000001164
100.31999999994878,109.89999999999418,100.81999999994878,106.61999999999534
100.56000000005588,111.05999999999769,100.28000000002794,131.6599999999744
100.09999999997672,110.73999999999069,105.23999999999069,131.7600000000093
100.59999999997672,110.38000000000466,107.38000000000466,115.70000000001164
100.52000000001864,110.22000000000116,99.85999999998604,116.38000000000466
100.3399999999674,120.66000000000348,101.14000000001396,122.0800000000163
100.22000000008848,110.54000000000816,100.40000000002328,115.1599999999744
100.55999999993946,110.61999999999534,101.1799999999348,132.3400000000256
100.3200000000652,110.47999999998136,99.88000000000466,114.95999999996276
100.38000000000466,110.62000000002443,100.59999999997672,116.67999999999302
100.19999999995343,120.51999999998952,100.02000000001864,106.90000000002328
100.54000000003724,110.76000000000931,100.78000000002794,131.20000000001164
100.39999999990688,110.94000000000231,100.0,131.55999999999767
100.42000000004192,110.27999999999884,101.55999999993946,115.90000000002328
100.30000000004657,110.6599999999744,99.8200000000652,115.87999999994643
100.69999999995343,120.5800000000163,101.1600000000326,122.54000000003724
100.1600000000326,110.26000000000931,100.0,115.88000000000466
100.55999999993946,111.01999999998952,118.95999999996276,131.79999999998836
100.23999999999069,110.29999999998836,101.55999999993946,116.3399999999674
100.5,102.48000000001048,100.5800000000745,115.0800000000163
100.3200000000652,100.38000000000466,101.64000000001396,106.64000000001396
101.02000000001864,109.16000000000348,102.26000000000931,131.59999999997672
100.15999999991618,109.9199999999837,99.26000000000931,131.55999999999767
99.70000000006983,103.11999999999534,101.15999999991618,115.78000000002794
100.85999999998604,100.2400000000198,100.44000000006054,115.8399999999674
100.47999999998136,108.31999999997788,100.1799999999348,122.70000000001164
100.47999999998136,110.5800000000163,100.18000000005122,115.72000000003028
100.44000000006054,102.39999999999418,121.47999999998136,131.7399999999907
99.69999999995343,100.48000000001048,80.76000000000931,115.71999999997206
101.07999999995808,108.67999999999302,101.93999999994412,115.88000000000466
99.84000000008382,110.32000000000698,102.04000000003724,106.20000000001164
100.93999999994412,102.82000000000698,100.52000000001864,132.22000000003027
100.54000000003724,100.2599999999802,110.73999999999069,131.2599999999511
100.43999999994412,108.61999999999534,100.42000000004192,116.28000000002794
100.18000000005122,120.5,100.21999999997206,116.14000000001396
100.61999999999534,110.72000000000116,101.0,122.29999999998836
100.88000000000466,110.5800000000163,101.3399999999674,115.5
99.73999999999069,110.66000000000348,110.21999999997206,131.55999999999767
100.19999999995343,110.47999999998136,100.52000000001864,115.70000000001164
100.64000000001396,121.16000000000348,102.0,116.05999999999769
100.38000000000466,109.83999999999652,101.26000000000931,106.20000000001164
100.30000000004657,110.88000000000466,109.23999999999069,132.29999999998836
100.52000000001864,110.14000000001396,100.26000000000931,131.55999999999767
100.71999999997206,110.66000000000348,101.20000000006983,116.52000000001864
100.05999999993946,120.39999999999418,101.73999999999069,114.89999999996508
100.44000000006054,111.10000000000582,102.09999999997672,122.73999999999069
101.21999999997206,110.2599999999802,109.52000000001864,115.55999999999769
100.52000000001864,111.05999999999769,101.31999999994878,131.7600000000093
100.38000000000466,110.70000000001164,100.52000000001864,115.5800000000163
100.69999999995343,120.33999999999652,100.64000000001396,116.23999999999069
100.30000000004657,110.44000000000231,100.0,106.5
100.23999999999069,110.66000000000348,101.04000000003724,131.8400000000256
100.23999999999069,110.5799999999872,100.31999999994878,130.7399999999907
100.70000000006983,102.33999999999652,101.93999999994412,116.47999999998136
99.61999999999534,100.05999999999769,100.04000000003724,115.79999999998836
101.43999999994412,109.18000000002212,101.28000000002794,122.61999999999534
99.57999999995808,110.53999999997905,99.92000000004192,115.67999999999302
101.18000000005122,102.40000000002328,101.0199999999022,131.8400000000256
100.07999999995808,100.37999999997557,100.38000000000466,115.53999999997905
100.56000000005588,108.96000000002095,100.3200000000652,116.0800000000163
100.38000000000466,110.63999999998488,100.73999999999069,107.35999999998604
100.4199999999255,102.2400000000198,100.31999999994878,130.9200000000419
100.5,100.2599999999802,100.3200000000652,131.4199999999837
100.56000000005588,108.9200000000128,100.6799999999348,116.3399999999674
100.19999999995343,119.16000000000348,99.78000000002794,115.46000000002095
100.4800000000978,112.0799999999872,100.6600000000326,122.4199999999837
100.15999999991618,110.80000000001746,100.40000000002328,115.32000000000698
100.46000000007916,110.17999999999302,100.79999999993017,132.38000000000466
100.39999999990688,110.60000000000582,100.1600000000326,115.72000000003028
100.54000000003724,120.31999999997788,101.02000000001864,115.38000000000466
100.19999999995343,110.86000000001512,100.4199999999255,107.21999999997206
100.5,114.10000000000582,102.34000000008382,131.52000000001863
100.26000000000931,106.77999999999884,101.26000000000931,131.61999999999534
100.85999999998604,116.5799999999872,101.11999999999534,115.71999999997206
100.0,104.77999999999884,100.45999999996276,115.88000000000466
101.14000000001396,102.45999999999184,100.6600000000326,122.52000000001864
99.30000000004657,100.54000000000816,105.0199999999022,115.90000000002328
101.14000000001396,109.04000000000816,105.14000000001396,131.39999999996508
99.78000000002794,118.16000000000348,99.88000000000466,115.85999999998604
100.5199999999022,113.11999999999534,101.34000000008382,116.0800000000163
100.7400000001071,110.32000000000698,158.45999999996275,106.4199999999837
100.31999999994878,110.85999999998604,64.54000000003725,131.9200000000419
100.64000000001396,110.5800000000163,101.1799999999348,115.8399999999674
100.21999999997206,118.72000000000116,102.76000000000931,131.64000000001397
100.23999999999069,111.37999999997557,99.90000000002328,115.8400000000256
100.52000000001864,110.96000000002095,100.64000000001396,122.29999999998836
100.18000000005122,110.81999999997788,100.47999999998136,115.70000000001164
100.69999999995343,102.30000000001746,102.30000000004657,131.7599999999511
100.18000000005122,100.35999999998604,107.43999999994412,115.6600000000326
100.8399999999674,108.83999999999652,101.54000000003724,115.97999999998136
100.19999999995343,110.2400000000198,99.6799999999348,106.3400000000256
100.35999999998604,104.01999999998952,100.54000000003724,132.03999999997905
100.18000000005122,100.05999999999769,100.42000000004192,115.8400000000256
100.78000000002794,109.30000000001746,101.13999999989755,131.9199999999837
100.09999999997672,119.51999999998952,100.56000000005588,115.3399999999674
100.69999999995343,110.63999999998488,102.14000000001396,122.52000000001864
100.14000000001396,110.48000000001048,99.85999999998604,115.90000000002328
100.57999999995808,111.0800000000163,101.07999999995808,131.47999999998137
100.10000000009312,110.0,100.42000000004192,115.9199999999837
100.73999999999069,120.79999999998836,100.05999999993946,116.11999999999534
100.35999999998604,110.33999999999652,100.90000000002328,106.76000000000931
100.1600000000326,110.54000000000816,100.18000000005122,131.46000000002095
100.6799999999348,110.61999999999534,101.1600000000326,115.79999999998836
100.54000000003724,110.66000000000348,101.69999999995343,131.9199999999837
100.29999999993017,120.39999999999418,101.21999999997206,115.44000000000231
100.46000000007916,110.73999999999069,101.0,122.88000000000466
100.3399999999674,110.40000000002328,100.52000000001864,115.5
100.38000000000466,110.93999999997322,117.6600000000326,131.67999999999302
100.35999999998604,102.3400000000256,99.97999999998136,115.80000000004657
100.54000000003724,100.83999999999652,100.8399999999674,116.1599999999744
100.26000000000931,108.27999999999884,102.52000000001864,106.05999999999769
100.59999999997672,110.72000000000116,101.5,132.0800000000163
99.69999999995343,102.66000000000348,99.64000000001396,115.59999999997672
101.06000000005588,100.22000000000116,113.85999999998604,131.70000000001164
100.05999999993946,109.17999999999302,100.52000000001864,115.77999999996972
100.8200000000652,110.5,100.8399999999674,122.52000000001864
100.28000000002794,101.60000000000582,100.59999999997672,115.94000000000231
100.5,100.67999999999302,106.30000000004657,131.78000000002794
100.27999999991152,108.77999999999884,100.04000000003724,115.57999999995808
100.35999999998604,120.55999999999769,103.61999999999534,115.82000000000698
100.4800000000978,110.13999999998488,99.73999999999069,106.76000000000931
100.5199999999022,111.62000000002443,101.19999999995343,131.6600000000326
99.96000000007916,109.6599999999744,103.59999999997672,115.2599999999511
101.38000000000466,110.68000000002212,101.30000000004657,116.38000000000466
99.90000000002328,119.73999999999069,101.85999999998604,115.36000000004424
100.59999999997672,111.36000000001512,119.57999999995808,116.51999999996042
99.90000000002328,110.37999999997557,99.22000000008848,106.20000000001164
100.73999999999069,110.0,101.05999999993946,132.03999999997905
100.19999999995343,111.38000000000466,100.06000000005588,131.2600000000093
100.09999999997672,119.52000000001864,100.57999999995808,115.76000000000931
100.71999999997206,112.11999999999534,100.30000000004657,115.73999999999069
100.60000000009312,110.63999999998488,101.15999999991618,122.9199999999837
100.1799999999348,114.05999999999769,99.94000000006054,115.46000000002095
100.5,117.16000000000348,107.88000000000466,132.28000000002794
100.11999999999534,109.72000000000116,101.88000000000466,115.7599999999511
100.68000000005122,110.82000000000698,101.29999999993017,115.88000000000466
100.4199999999255,110.20000000001164,100.96000000007916,106.80000000004657
100.52000000001864,110.81999999997788,110.5,131.35999999998603
100.23999999999069,120.38000000000466,99.88000000000466,131.32000000000698
100.38000000000466,111.01999999998952,101.23999999999069,115.9199999999837
100.28000000002794,110.12000000002443,119.69999999995343,115.44000000000231
100.42000000004192,110.59999999997672,103.3399999999674,123.05999999999769
100.53999999992084,110.16000000000348,100.22000000008848,115.9199999999837
100.56000000005588,121.04000000000816,101.0,131.61999999999534
100.09999999997672,114.11999999999534,100.03999999992084,115.70000000001164
100.95999999996276,106.32000000000698,112.0,115.94000000000231
100.04000000003724,110.5799999999872,101.85999999998604,106.61999999999534
100.78000000002794,110.90000000002328,101.0800000000745,131.90000000002328
100.02000000001864,113.95999999999184,99.45999999996276,131.20000000001164
100.40000000002328,117.0,102.42000000004192,116.27999999996972
100.05999999993946,110.23999999999069,101.88000000000466,115.26000000000931
100.73999999999069,113.70000000001164,100.71999999997206,122.77999999996972
100.28000000002794,106.82000000000698,105.11999999999534,115.7400000000489
100.61999999999534,116.03999999997905,101.02000000001864,131.63999999995576
100.23999999999069,99.70000000001164,99.85999999998604,115.78000000002794
100.8399999999674,116.19999999998254,100.85999999998604,115.96000000002095
100.09999999997672,100.18000000002212,100.26000000000931,106.21999999997206
100.44000000006054,116.33999999999652,101.1600000000326,132.0800000000163
100.69999999995343,115.60000000000582,101.47999999998136,131.44000000000233
100.64000000001396,100.27999999999884,101.5,116.29999999998836
99.46000000007916,115.66000000000348,106.02000000001864,115.88000000000466
101.0,116.0,102.43999999994412,122.20000000001164
100.23999999999069,122.35999999998604,100.11999999999534,115.23999999999069
100.6799999999348,100.44000000000231,101.59999999997672,132.11999999999534
100.1600000000326,115.5799999999872,102.22000000008848,115.82000000000698
100.54000000003724,100.72000000000116,100.61999999999534,116.05999999999769
99.81999999994878,115.5800000000163,101.65999999991618,106.5
101.11999999999534,100.29999999998836,102.1600000000326,131.85999999998603
100.1600000000326,115.86000000001512,99.78000000002794,130.82000000000698
100.6799999999348,116.22000000000116,101.47999999998136,116.40000000002328
100.28000000002794,115.35999999998604,105.95999999996276,115.87999999994643
100.35999999998604,106.9200000000128,100.94000000006054,122.46000000002095
100.09999999997672,115.83999999999652,100.6799999999348,115.79999999998836
100.64000000001396,116.16000000000348,112.9800000000978,131.64000000001397
100.11999999999534,100.51999999998952,100.27999999991152,115.6599999999744
100.61999999999534,115.55999999999769,100.64000000001396,116.04000000003724
100.18000000005122,100.36000000001512,100.8200000000652,106.35999999998604
100.54000000003724,115.63999999998488,100.14000000001396,131.53999999997905
100.38000000000466,100.36000000001512,101.0199999999022,131.96000000002095
100.61999999999534,116.09999999997672,100.7400000001071,116.20000000001164
100.3399999999674,115.96000000002095,105.47999999998136,114.96000000002095
100.31999999994878,122.29999999998836,101.27999999991152,123.05999999999769
100.35999999998604,100.32000000000698,100.30000000004657,115.55999999999769
100.56000000005588,115.97999999998136,100.68000000005122,131.59999999997672
100.23999999999069,115.72000000000116,99.97999999998136,116.23999999999069
100.57999999995808,100.80000000001746,100.69999999995343,115.79999999998836
100.22000000008848,115.19999999998254,100.64000000001396,106.5800000000163
100.61999999999534,100.52000000001864,101.11999999999534,131.59999999997672
100.14000000001396,115.54000000000816,100.40000000002328,131.4200000000419
100.57999999995808,116.1599999999744,100.52000000001864,116.20000000001164
99.85999999998604,122.2400000000198,101.59999999997672,115.6599999999744
101.11999999999534,100.66000000000348,100.90000000002328,117.05999999999769
99.70000000006983,115.63999999998488,101.85999999998604,122.61999999999534
101.2599999998929,100.89999999999418,102.55999999993946,108.60000000003492
100.0,115.40000000002328,99.8200000000652,113.0
100.2400000001071,115.83999999999652,102.52000000001864,107.37999999994643
100.47999999998136,100.2599999999802,101.79999999993017,131.40000000002328
100.64000000001396,116.18000000002212,100.8200000000652,116.05999999999769
100.13999999989755,115.33999999999652,101.64000000001396,131.29999999998836
100.72000000008848,106.83999999999652,101.21999999997206,116.05999999999769
100.23999999999069,116.10000000000582,101.59999999997672,122.38000000000466
100.43999999994412,115.63999999998488,101.64000000001396,115.79999999998836
99.96000000007916,100.32000000000698,102.3399999999674,131.5800000000163
100.7599999998929,115.61999999999534,103.44000000006054,116.04000000003724
100.6600000000326,100.73999999999069,99.97999999998136,115.67999999999302
100.71999999997206,115.86000000001512,102.64000000001396,106.97999999998136
100.10000000009312,100.13999999998488,101.97999999998136,131.38000000000466
100.35999999998604,115.72000000000116,101.05999999993946,116.02000000001864
100.52000000001864,116.40000000002328,100.14000000001396,131.45999999996275
100.47999999998136,122.0799999999872,100.5,116.0800000000163
100.35999999998604,100.11999999999534,100.35999999998604,122.0800000000163
100.40000000002328,116.0,101.40000000002328,116.05999999999769
100.47999999998136,115.86000000001512,99.59999999997672,130.82000000000698
100.5,101.0799999999872,101.0800000000745,116.53999999997905
100.26000000000931,104.73999999999069,99.9199999999255,115.88000000000466
100.1799999999348,108.60000000000582,101.10000000009312,107.0
100.5,100.44000000000231,101.73999999999069,131.2399999999907
100.44000000006054,102.5800000000163,102.15999999991618,116.0
100.53999999992084,100.31999999997788,100.88000000000466,131.1599999999744
100.3200000000652,108.89999999999418,100.14000000001396,116.12000000005357
100.52000000001864,110.46000000002095,107.1600000000326,122.8399999999674
100.31999999994878,113.69999999998254,100.28000000002794,115.46000000002095
100.46000000007916,122.48000000001048,100.81999999994878,131.4199999999837
100.65999999991618,100.55999999999769,101.42000000004192,116.21999999997206
100.0,115.83999999999652,99.15999999991618,115.2400000000489
100.73999999999069,115.76000000000931,105.12000000011176,107.38000000000466
100.11999999999534,100.26000000000931,102.0,131.5
101.0800000000745,115.93999999997322,101.11999999999534,115.79999999998836
100.1799999999348,100.32000000000698,99.3399999999674,130.94000000000233
100.26000000000931,115.89999999999418,102.28000000002794,116.5
100.14000000001396,115.5800000000163,102.0,122.4199999999837
100.44000000006054,122.60000000000582,100.43999999994412,115.97999999998136
100.27999999991152,100.31999999997788,100.42000000004192,131.28000000002794
100.84000000008382,116.27999999999884,100.69999999995343,116.0800000000163
100.15999999991618,99.94000000000231,101.52000000001864,115.3399999999674
100.22000000008848,115.82000000000698,101.57999999995808,107.44000000000231
100.47999999998136,115.88000000000466,99.47999999998136,131.14000000001397
100.55999999993946,100.64000000001396,101.0,116.4199999999837
100.21999999997206,116.19999999998254,100.4800000000978,131.20000000001164
100.0800000000745,101.60000000000582,106.0,115.9199999999837
100.71999999997206,110.67999999999302,101.88000000000466,122.14000000001396
100.6600000000326,110.94000000000231,101.13999999989755,116.0800000000163
100.23999999999069,110.23999999999069,100.18000000005122,131.53999999997905
100.43999999994412,120.66000000000348,100.57999999995808,116.1599999999744
100.30000000004657,110.7400000000198,102.54000000003724,115.60000000003492
100.40000000002328,109.97999999998136,102.26000000000931,106.8399999999674
100.3399999999674,114.14000000001396,100.3399999999674,131.38000000000466
100.44000000006054,123.9199999999837,100.73999999999069,116.26000000000931
100.4199999999255,114.2400000000198,100.68000000005122,131.14000000001397
100.52000000001864,100.81999999997788,102.09999999997672,116.11999999999534
99.68000000005122,115.46000000002095,102.1600000000326,122.14000000001396
101.21999999997206,100.31999999997788,100.31999999994878,116.0800000000163
100.1600000000326,115.96000000002095,108.09999999997672,131.53999999997905
