timestamp,key,type
42265800,Backspace,keydown
42265800,Backspace,keydown
42265800,Backspace,keydown
42265800,Backspace,keydown
42265800,Backspace,keydown
42265800,Backspace,keydown
42265800,Backspace,keydown
42265800,Backspace,keydown
42265800,#,keydown
42266000,g,keydown
42266500,u,keydown
42267000,a,keydown
42267300,r,keydown
42267500,d,keydown
42267700,a,keydown
42268600, ,keydown
42269400,#,keydown
42269500,9,keydown
42270500,m,keydown
42270800,o,keydown
42271000,l,keydown
42271300,t,keydown
42271700,o,keydown
42271900, ,keydown
42272200,#,keydown
42272300,p,keydown
42273200,Backspace,keydown
42273400,p,keydown
42273700,i,keydown
42273900,e,keydown
42274300,m,keydown
42274600,o,keydown
42274900,n,keydown
42275200,t,keydown
42275400,e,keydown
42275600,s,keydown
42275800,e,keydown
42277000,#,keydown
42277300, ,keydown
42277800,c,keydown
42278200,o,keydown
42278400,m,keydown
42278800,e,keydown
42279100, ,keydown
42279300,i,keydown
42279500,n,keydown
42279900,c,keydown
42280200,i,keydown
42280400,p,keydown
42280700,i,keydown
42281100,y,keydown
42281700,Backspace,keydown
42283300,t,keydown
42283400, ,keydown
42284500,#,keydown
42285700,s,keydown
42286500,i,keydown
42286700, ,keydown
42287000,s,keydown
42287300,c,keydown
42287500,r,keydown
42287800,i,keydown
42289700,Backspace,keydown
42289900,Backspace,keydown
42290000,Backspace,keydown
42290500,Backspace,keydown
42291200,d,keydown
42291600,i,keydown
42292000,c,keydown
42292200,e,keydown
42294100,#,keydown
42294700,s,keydown
42294900,c,keydown
42295300,r,keydown
42295600,i,keydown
42295800,v,keydown
42296100,e,keydown
42296400, ,keydown
42296500,c,keydown
42296800,o,keydown
42297200,s,keydown
42297800,i,keydown
42298400,#,keydown
42298600,#,keydown
42301300,#,keydown
42305500,Enter,keydown
42306700,i,keydown
42306900,n,keydown
42307300,t,keydown
42307500,e,keydown
42307900,n,keydown
42308200,d,keydown
42310000,o,keydown
42310400,#,keydown
42310600,0,keydown
42311900,#,keydown
42312200, ,keydown
42313800,c,keydown
42314100,h,keydown
42314400,e,keydown
42314500, ,keydown
42314800,s,keydown
42314900,e,keydown
42315200,c,keydown
42315200,v,keydown
42316800,Backspace,keydown
42317600,o,keydown
42317900,n,keydown
42318100,d,keydown
42318500,o,keydown
42318700, ,keydown
42319100,m,keydown
42319500,e,keydown
42320000, ,keydown
42320300,#,keydown
42320500,9,keydown
42320900,a,keydown
42321100, ,keydown
42322300,m,keydown
42322400,i,keydown
42322800,a,keydown
42323200,#,keydown
42323400,0,keydown
42324800,#,keydown
42325100, ,keydown
42325900,e,keydown
42326100, ,keydown
42326300,q,keydown
42326700,u,keydown
42326900,i,keydown
42327100, ,keydown
42327300,n,keydown
42327600,o,keydown
42327700,n,keydown
42327900, ,keydown
42328200,c,keydown
42328400,i,keydown
42328700, ,keydown
42328900,p,keydown
42329200,i,keydown
42329500,o,keydown
42329900,v,keydown
42330200,e,keydown
42334200,#,keydown
42334400, ,keydown
42334900,q,keydown
42335200,u,keydown
42335500,e,keydown
42335800,s,keydown
42336000,t,keydown
42336300,a,keydown
42338200,Enter,keydown
42338900,#,keydown
42339000,9,keydown
42339500,o,keydown
42339700, ,keydown
42340100,c,keydown
42340500,o,keydown
42340800,d,keydown
42341100,e,keydown
42341300,s,keydown
42341500,t,keydown
42341800,a,keydown
42342200,#,keydown
42342500,0,keydown
42342600, ,keydown
42343300,#,keydown
42343600,d,keydown
42343800,e,keydown
42344000,v,keydown
42344200,e,keydown
42344500, ,keydown
42344700,e,keydown
42345000,s,keydown
42345100,s,keydown
42345300,e,keydown
42345500,r,keydown
42345700,e,keydown
42345800, ,keydown
42346200,l,keydown
42346500,#,keydown
42346800,u,keydown
42347100,l,keydown
42347500,t,keydown
42347800,i,keydown
42348000,m,keydown
42348600,a,keydown
42349000,#,keydown
42349200, ,keydown
42349400,l,keydown
42349800,#,keydown
42350300,u,keydown
42350600,l,keydown
42351000,t,keydown
42351200,i,keydown
42351500,m,keydown
42351800,a,keydown
42352500, ,keydown
42352700,v,keydown
42352900,o,keydown
42353200,l,keydown
42353900,t,keydown
42354100,a,keydown
42354400, ,keydown
42355200,Backspace,keydown
42356400,#,keydown
42356600, ,keydown
42357300,l,keydown
42357600,#,keydown
42358100,u,keydown
42358300,l,keydown
42359000,t,keydown
42359400,i,keydown
42359600,m,keydown
42359900,a,keydown
42360100, ,keydown
42360700,v,keydown
42361000,o,keydown
42361200,l,keydown
42361500,t,keydown
42361800,a,keydown
42363000,Enter,keydown
42363900,c,keydown
42364200,j,keydown
42364800,Backspace,keydown
42365100,h,keydown
42365400,e,keydown
42365600, ,keydown
42369400,h,keydown
42370400,o,keydown
42370600, ,keydown
42371600,#,keydown
42371600,9,keydown
42371900,x,keydown
42372300,Backspace,keydown
42372700,c,keydown
42373100,i,keydown
42373300,o,keydown
42373800,#,keydown
42374100,#,keydown
42374100,0,keydown
42374500, ,keydown
42377200,d,keydown
42377400,a,keydown
42377600, ,keydown
42378000,c,keydown
42378300,o,keydown
42378500,m,keydown
42378800,p,keydown
42379200,i,keydown
42379500,l,keydown
42380200,a,keydown
42382300,#,keydown
42384200,#,keydown
42384300,9,keydown
42384700,r,keydown
42384900,e,keydown
42386100,#,keydown
42386600,#,keydown
42386700,#,keydown
42386700,#,keydown
42386700,0,keydown
42387900,Backspace,keydown
42388100,Backspace,keydown
42388200,Backspace,keydown
42388300,Backspace,keydown
42388500,Backspace,keydown
42389300,#,keydown
42389600,9,keydown
42390900,#,keydown
42391200,#,keydown
42391400,0,keydown
42394100,r,keydown
42394200,e,keydown
42395700, ,keydown
42396600,q,keydown
42397400,e,keydown
42397600,s,keydown
42397900,t,keydown
42398200,o,keydown
42398300, ,keydown
42399400,d,keydown
42399700,a,keydown
42400000,n,keydown
42400100,n,keydown
42400500,a,keydown
42400700,t,keydown
42401100,o,keydown
42401500,#,keydown
42401600, ,keydown
42401900,d,keydown
42402200,a,keydown
42402600,n,keydown
42402800,n,keydown
42403100,a,keydown
42403400,t,keydown
42403700,i,keydown
42404000,s,keydown
42404200,s,keydown
42404400,i,keydown
42404700,m,keydown
42405000,o,keydown
42406900,#,keydown
42408300, ,keydown
42408700,m,keydown
42409000,a,keydown
42409400,l,keydown
42409700,e,keydown
42410000,d,keydown
42410200,e,keydown
42410400,t,keydown
42410500,t,keydown
42411200,i,keydown
42411800,Backspace,keydown
42412600,o,keydown
42412900,#,keydown
42413000, ,keydown
42413300,m,keydown
42413600,a,keydown
42413900,l,keydown
42414200,e,keydown
42414500,d,keydown
42414700,e,keydown
42414900,t,keydown
42415100,t,keydown
42415500,i,keydown
42415800,s,keydown
42415900,s,keydown
42416200,i,keydown
42416400,m,keydown
42416700,o,keydown
42417200,#,keydown
42417300, ,keydown
42417700,s,keydown
42417900,t,keydown
42418100,r,keydown
42418300,a,keydown
42418800,m,keydown
42419100,a,keydown
42419400,l,keydown
42419800,e,keydown
42420100,t,keydown
42420600,Backspace,keydown
42422100,d,keydown
42422300,e,keydown
42422600,t,keydown
42422700,t,keydown
42423100,o,keydown
42423600,Backspace,keydown
42424100,#,keydown
42424200, ,keydown
42425200,Backspace,keydown
42425300,Backspace,keydown
42426100,o,keydown
42426500,#,keydown
42426700, ,keydown
42427000,s,keydown
42427300,t,keydown
42427400,r,keydown
42427700,a,keydown
42428000,m,keydown
42428300,a,keydown
42428700,l,keydown
42428900,e,keydown
42429200,d,keydown
42429400,e,keydown
42429600,t,keydown
42429700,t,keydown
42430000,i,keydown
42430300,s,keydown
42430700,s,keydown
42430800,s,keydown
42431200,i,keydown
42431400,m,keydown
42431600,o,keydown
42434200,Backspace,keydown
42434300,Backspace,keydown
42434500,Backspace,keydown
42434600,Backspace,keydown
42435400,i,keydown
42435600,m,keydown
42435900,o,keydown
42436500,#,keydown
42437500, ,keydown
42438300,m,keydown
42438800,i,keydown
42439000, ,keydown
42440300,Enter,keydown
42441200,f,keydown
42441500,e,keydown
42441700,r,keydown
42442300,m,keydown
42443000,o,keydown
42443700, ,keydown
42444100,q,keydown
42444500,u,keydown
42444600,i,keydown
42445300,#,keydown
42445400,#,keydown
42445600,#,keydown
42446300, ,keydown
42446400,#,keydown
42446800,m,keydown
42447100,o,keydown
42447500,d,keydown
42448000,u,keydown
42448300,l,keydown
42449600,o,keydown
42449800, ,keydown
42450400,#,keydown
42450600,9,keydown
42451000,f,keydown
42451300,o,keydown
42451600,r,keydown
42452100,m,keydown
42452500,0,keydown
42453900,#,keydown
42454200, ,keydown
42454900,#,keydown
42455000,i,keydown
42455100,l,keydown
42455300, ,keydown
42456600,f,keydown
42456800,a,keydown
42457000,t,keydown
42457200,t,keydown
42457600,o,keydown
42457700, ,keydown
42458700,#,keydown
42458800,9,keydown
42459100,s,keydown
42459400,e,keydown
42459700,m,keydown
42459800,#,keydown
42459800,m,keydown
42460900,Backspace,keydown
42461100,Backspace,keydown
42461700,p,keydown
42462000,r,keydown
42462300,e,keydown
42462800, ,keydown
42463500,m,keydown
42463700,o,keydown
42464000,o,keydown
42464100,l,keydown
42465000,Backspace,keydown
42465200,Backspace,keydown
42465700,Backspace,keydown
42466200,#,keydown
42466600,o,keydown
42466700,o,keydown
42467700,l,keydown
42468500,t,keydown
42468800,o,keydown
42469100, ,keydown
42469700,p,keydown
42470000,i,keydown
42470400,e,keydown
42472900,#,keydown
42473000,9,keydown
42473400,d,keydown
42473900,#,keydown
42473900,0,keydown
42474400,m,keydown
42474600,o,keydown
42474900,n,keydown
42475200,t,keydown
42475500,e,keydown
42475600,s,keydown
42475800,e,keydown
42477300,#,keydown
42481000,Backspace,keydown
42481300,#,keydown
42481400,#,keydown
42481800,Backspace,keydown
42482800,#,keydown
42483100,0,keydown
42485400,Backspace,keydown
42486300,#,keydown
42486500, ,keydown
42486900,i,keydown
42487000,l,keydown
42487100, ,keydown
42487400,m,keydown
42487600,o,keydown
42487900,d,keydown
42488300, ,keydown
42490000,o,keydown
42490200, ,keydown
42490500,d,keydown
42490800,i,keydown
42491000, ,keydown
42491700,d,keydown
42491900,i,keydown
42492300,r,keydown
42492500,e,keydown
42493500,#,keydown
42493600, ,keydown
42493900,i,keydown
42494100,n,keydown
42494500,t,keydown
42494700,e,keydown
42495000,n,keydown
42495400,d,keydown
42495700,o,keydown
42496000,#,keydown
42496000,0,keydown
42496200, ,keydown
42496700,e,keydown
42497000,#,keydown
42497300, ,keydown
42497500,c,keydown
42497800,h,keydown
42498000,e,keydown
42499300, ,keydown
42500000,p,keydown
42500300,Backspace,keydown
42500500,o,keydown
42500800,r,keydown
42501100,m,keydown
42501400,a,keydown
42501800,i,keydown
42501900, ,keydown
42502300,n,keydown
42502600,o,keydown
42502900,n,keydown
42503000, ,keydown
42503300,s,keydown
42503600,o,keydown
42503800, ,keydown
42503900,p,keydown
42504600,i,keydown
42504800,u,keydown
42505200,#,keydown
42505400, ,keydown
42505600,c,keydown
42506100,h,keydown
42506700,e,keydown
42506800, ,keydown
42507000,c,keydown
42507500,a,keydown
42507700,s,keydown
42508300,a,keydown
42508700,#,keydown
42508900, ,keydown
42509200,c,keydown
42509600,o,keydown
42509800,m,keydown
42510100,e,keydown
42510600,#,keydown
42510900, ,keydown
42511200,q,keydown
42511600,u,keydown
42511900,a,keydown
42512300,n,keydown
42512700,d,keydown
42513000,o,keydown
42514400,#,keydown
42514600, ,keydown
42515500,p,keydown
42515900,e,keydown
42516000,r,keydown
42516200,c,keydown
42516600,h,keydown
42516900,e,keydown
42518400,#,keydown
42518500, ,keydown
42519000,s,keydown
42519100,c,keydown
42519400,r,keydown
42519800,i,keydown
42521700,v,keydown
42522000,o,keydown
42522500,#,keydown
42523100,s,keydown
42523400,c,keydown
42523500,r,keydown
42523900,i,keydown
42524300,v,keydown
42524600,e,keydown
42524800,r,keydown
42524900,e,keydown
42525600,#,keydown
42526000, ,keydown
42531300,#,keydown
42531600,l,keydown
42532000,a,keydown
42532200, ,keydown
42533900,m,keydown
42534200,i,keydown
42534600,a,keydown
42534900, ,keydown
42536300,p,keydown
42536600,r,keydown
42537000,o,keydown
42537400,s,keydown
42537500,a,keydown
42538300, ,keydown
42538900,s,keydown
42539200,t,keydown
42539600,a,keydown
42541200, ,keydown
42542500,p,keydown
42542800,e,keydown
42543100,g,keydown
42543200,g,keydown
42543400,i,keydown
42543600,o,keydown
42543900,r,keydown
42544200,a,keydown
42544600,n,keydown
42544900,d,keydown
42545200,o,keydown
42545700,Enter,keydown
42546600,Backspace,keydown
42547100, ,keydown
42547800,t,keydown
42548000,e,keydown
42548600,r,keydown
42548700,r,keydown
42549200,i,keydown
42549500,b,keydown
42549800,i,keydown
42550000,l,keydown
42550300,m,keydown
42550600,a,keydown
42551000,n,keydown
42551300,t,keydown
42551500,e,keydown
42552200,#,keydown
42552800,Backspace,keydown
42553700,#,keydown
42553900, ,keydown
42554100,n,keydown
42554300,o,keydown
42554600,n,keydown
42554700, ,keydown
42555100,g,keydown
42555500,i,keydown
42556000,a,keydown
42556500,#,keydown
42556600, ,keydown
42556900,p,keydown
42557300,e,keydown
42557400,r,keydown
42557600, ,keydown
42558100,n,keydown
42558400,o,keydown
42558400,p,keydown
42558700,i,keydown
42559000,a,keydown
42559200, ,keydown
42559500,o,keydown
42559700, ,keydown
42559900,p,keydown
42560300,e,keydown
42560400,r,keydown
42560700, ,keydown
42561000,p,keydown
42561300,a,keydown
42564400,Backspace,keydown
42564600,Backspace,keydown
42564800,Backspace,keydown
42564900,Backspace,keydown
42565200,Backspace,keydown
42565300,Backspace,keydown
42565500,Backspace,keydown
42565600,Backspace,keydown
42565800,Backspace,keydown
42565900,Backspace,keydown
42566100,Backspace,keydown
42566200,Backspace,keydown
42567000,i,keydown
42567400,a,keydown
42567600, ,keydown
42567800,o,keydown
42568000, ,keydown
42568200,p,keydown
42568500,e,keydown
42568700,r,keydown
42569000, ,keydown
42569600,p,keydown
42570100,a,keydown
42570400,u,keydown
42570900,r,keydown
42571200,a,keydown
42571900, ,keydown
42572400,#,keydown
42572500,9,keydown
42573900,#,keydown
42574300,c,keydown
42574600,h,keydown
42574900,e,keydown
42576000,Backspace,keydown
42576300,Backspace,keydown
42576400,Backspace,keydown
42577100,Backspace,keydown
42578000,c,keydown
42579200,Backspace,keydown
42579600,#,keydown
42579900,c,keydown
42580300,h,keydown
42580600,e,keydown
42581000,#,keydown
42581900, ,keydown
42582700,h,keydown
42583000,o,keydown
42583200,Enter,keydown
42584200,Backspace,keydown
42584600, ,keydown
42585200,q,keydown
42588200,Backspace,keydown
42588500,o,keydown
42589200,r,keydown
42589400,a,keydown
42590100,m,keydown
42590500,a,keydown
42590800,i,keydown
42591100, ,keydown
42591600,c,keydown
42591900,h,keydown
42592400,i,keydown
42592800,u,keydown
42593000,s,keydown
42593300,o,keydown
42593500, ,keydown
42593900,#,keydown
42594000,9,keydown
42594400,q,keydown
42594700,u,keydown
42595000,a,keydown
42595200,s,keydown
42595600,i,keydown
42595900,#,keydown
42596100,0,keydown
42596300, ,keydown
42596500,t,keydown
42597100,u,keydown
42597400,t,keydown
42597500,t,keydown
42597700,i,keydown
42597900, ,keydown
42598300,g,keydown
42598700,l,keydown
42599000,i,keydown
42599200, ,keydown
42599500,u,keydown
42599800,s,keydown
42600100,c,keydown
42600500,i,keydown
42600600, ,keydown
42600900,a,keydown
42601300,l,keydown
42601500,l,keydown
42601600,#,keydown
42602100,a,keydown
42602600,v,keydown
42602800,v,keydown
42603000,e,keydown
42603400,n,keydown
42603700,t,keydown
42604000,u,keydown
42604700,r,keydown
42605000,a,keydown
42605600, ,keydown
42606100,#,keydown
42606400,9,keydown
42606700,c,keydown
42607100,i,keydown
42607400,t,keydown
42607600,a,keydown
42607800,z,keydown
42608100,i,keydown
42608300,o,keydown
42608600,n,keydown
42609100,e,keydown
42609800,1,keydown
42610000,1,keydown
42610100,1,keydown
42612700,#,keydown
42613000, ,keydown
42614200,h,keydown
42614800,a,keydown
42615200,i,keydown
42615300, ,keydown
42615600,r,keydown
42615900,i,keydown
42616200,c,keydown
42616500,o,keydown
42616800,n,keydown
42617000,o,keydown
42617300,s,keydown
42617500,c,keydown
42618000,i,keydown
42618100,u,keydown
42618400,t,keydown
42620400,o,keydown
42621200,#,keydown
42621400, ,keydown
42621600,l,keydown
42622000,#,keydown
42622400,h,keydown
42622800,a,keydown
42623100,i,keydown
42623200, ,keydown
42623400,t,keydown
42623800,Backspace,keydown
42624000,r,keydown
42624400,u,keydown
42624900,Backspace,keydown
42626000,i,keydown
42626300,c,keydown
42626500,o,keydown
42626900,n,keydown
42627000,o,keydown
42627500,s,keydown
42627700,c,keydown
42628100,i,keydown
42628600,u,keydown
42628900,t,keydown
42629100,a,keydown
42629500,#,keydown
42630100,#,keydown
42630100,#,keydown
42630100,#,keydown
42630100,#,keydown
42630200,#,keydown
42630200,#,keydown
42630200,#,keydown
42630200,#,keydown
42630200,#,keydown
42630300,#,keydown
42630400,#,keydown
42630400,#,keydown
42630400,#,keydown
42630400,#,keydown
42630400,#,keydown
42630500,#,keydown
42630600,#,keydown
42630600,#,keydown
42630600,#,keydown
42630700,#,keydown
42630700,#,keydown
42630700,#,keydown
42630700,#,keydown
42630800,#,keydown
42630900,#,keydown
42630900,#,keydown
42630900,#,keydown
42630900,#,keydown
42631000,#,keydown
42631000,#,keydown
42631000,#,keydown
42631000,#,keydown
42631000,#,keydown
42631100,#,keydown
42631100,#,keydown
42631100,#,keydown
42631200,#,keydown
42631200,#,keydown
42631300,#,keydown
42631300,#,keydown
42631400,#,keydown
42631400,#,keydown
42631400,#,keydown
42631400,#,keydown
42631500,#,keydown
42631500,#,keydown
42631500,#,keydown
42631500,#,keydown
42631500,#,keydown
42631700,#,keydown
42631700,#,keydown
42631800,#,keydown
42632100,0,keydown
42634000,#,keydown
42634300, ,keydown
42634800,#,keydown
42635100,o,keydown
42637000,k,keydown
42637500,#,keydown
42637700, ,keydown
42637900,#,keydown
42638000,s,keydown
42638300,i,keydown
42638600,a,keydown
42639100,m,keydown
42639300,o,keydown
42639600, ,keydown
42640400,a,keydown
42640800,l,keydown
42640900,l,keydown
42641800,a,keydown
42642100, ,keydown
42642600,f,keydown
42642900,i,keydown
42643200,n,keydown
42643500,e,keydown
42644100,#,keydown
42644300, ,keydown
42647300,#,keydown
42647400,m,keydown
42647700,a,keydown
42648000, ,keydown
42648200,c,keydown
42648400,h,keydown
42648700,e,keydown
42649000, ,keydown
42649100,f,keydown
42649700,i,keydown
42650200,Backspace,keydown
42650500,u,keydown
42650800,n,keydown
42651100,z,keydown
42651300,i,keydown
42651500,o,keydown
42651700,n,keydown
42652100,a,keydown
42652200, ,keydown
42652700,b,keydown
42653000,e,keydown
42653300,n,keydown
42654400,Backspace,keydown
42655500,n,keydown
42655800,e,keydown
42655900, ,keydown
42656200,c,keydown
42656600,o,keydown
42656900,n,keydown
42657000, ,keydown
42657200,#,keydown
42657400,n,keydown
42657700,e,keydown
42658000,t,keydown
42658300,s,keydown
42658500,c,keydown
42658700,a,keydown
42659000,p,keydown
42659400,e,keydown
42659600, ,keydown
42659900,4,keydown
42660600,#,keydown
42661100,0,keydown
42662600,#,keydown
42663000,#,keydown
42663400, ,keydown
42665500,#,keydown
42665600,f,keydown
42666100,o,keydown
42666300,r,keydown
42666600,s,keydown
42666900,e,keydown
42667100, ,keydown
42667500,n,keydown
42667800,o,keydown
42669400,#,keydown
42669500,#,keydown
42669700,#,keydown
42670300,#,keydown
42670500,#,keydown
42670600,#,keydown
42670800,#,keydown
42671200,#,keydown
