timestamp,key,type
6650900,Backspace,keydown
6650900,Backspace,keydown
6650900,Backspace,keydown
6650900,Backspace,keydown
6650900,Backspace,keydown
6650900,Backspace,keydown
6650900,Backspace,keydown
6650900,Backspace,keydown
6650900,i,keydown
6651200,r,keydown
6651200,e,keydown
6651400,i,keydown
6651500, ,keydown
6652100,s,keydown
6652200,i,keydown
6652500,a,keydown
6652500,m,keydown
6652700,o,keydown
6652800, ,keydown
6653000,a,keydown
6653100,n,keydown
6653200,d,keydown
6653500,a,keydown
6653700,t,keydown
6653900,i,keydown
6654100, ,keydown
6654200,a,keydown
6654300, ,keydown
6654500,#,keydown
6654600,r,keydown
6654700,o,keydown
6654800,s,keydown
6654900,i,keydown
6655100,g,keydown
6655300,n,keydown
6655400,a,keydown
6655600,n,keydown
6655900,o,keydown
6656100,",",keydown
6656400, ,keydown
6656800,a,keydown
6656800, ,keydown
6657400,Backspace,keydown
6657500,Backspace,keydown
6657700,d,keydown
6657700,a,keydown
6658500,i,keydown
6658700, ,keydown
6659200,m,keydown
6659300,i,keydown
6659500,e,keydown
6659600,i,keydown
6660000,.,keydown
6660200, ,keydown
6660700,#,keydown
6661000,e,keydown
6661100,r,keydown
6661200,a,keydown
6661200, ,keydown
6661500,u,keydown
6661700,n,keydown
6661800,a,keydown
6661800, ,keydown
6662100,b,keydown
6662200,e,keydown
6662200,l,keydown
6662400,l,keydown
6662500,a,keydown
6662900, ,keydown
6663200,g,keydown
6663300,i,keydown
6663400,o,keydown
6663500,r,keydown
6663600,n,keydown
6663800,a,keydown
6663900,t,keydown
6664000,a,keydown
6665800,",",keydown
6665900, ,keydown
6666100,c,keydown
6666100,o,keydown
6666400,n,keydown
6666900,Enter,keydown
6667300,s,keydown
6667400,o,keydown
6667500,l,keydown
6667800,e,keydown
6667900, ,keydown
6670400,e,keydown
6670700, ,keydown
6670800,a,keydown
6671100,r,keydown
6671200,i,keydown
6671200,a,keydown
6671400, ,keydown
6671600,p,keydown
6671800,r,keydown
6671800,o,keydown
6672200,f,keydown
6672400,u,keydown
6672600,m,keydown
6672700,a,keydown
6672900,t,keydown
6672900,a,keydown
6673000, ,keydown
6673300,d,keydown
6673400,i,keydown
6673600, ,keydown
6673900,f,keydown
6674100,i,keydown
6674200,o,keydown
6674300,r,keydown
6674400,i,keydown
6674700,.,keydown
6675000, ,keydown
6676100,#,keydown
6676300,a,keydown
6676500,l,keydown
6676600, ,keydown
6676800,r,keydown
6676900,i,keydown
6677100,t,keydown
6677200,o,keydown
6677300,r,keydown
6677500,n,keydown
6677600,o,keydown
6677700, ,keydown
6677900,s,keydown
6678000,i,keydown
6678100,a,keydown
6678200,m,keydown
6678400,o,keydown
6678400, ,keydown
6678700,p,keydown
6678800,a,keydown
6679400,s,keydown
6679500,s,keydown
6679700,a,keydown
6679800,t,keydown
6680000,t,keydown
6680500,Backspace,keydown
6681000,i,keydown
6681100, ,keydown
6681500,d,keydown
6681700,a,keydown
6681800,l,keydown
6682600, ,keydown
6682700,#,keydown
6682900,c,keydown
6682900,o,keydown
6683100,m,keydown
6683300,b,keydown
6683400,i,keydown
6683600,Enter,keydown
6683800,#,keydown
6683900,s,keydown
6684100,t,keydown
6684200,o,keydown
6684400,c,keydown
6684600,k,keydown
6685800,",",keydown
6685900, ,keydown
6686300,s,keydown
6686500,u,keydown
6686700,l,keydown
6686900,l,keydown
6687100,a,keydown
6687300, ,keydown
6687400,s,keydown
6687600,t,keydown
6689700,a,keydown
6689800,t,keydown
6689900,a,keydown
6690100,l,keydown
6690400,e,keydown
6690600, ,keydown
6690900,p,keydown
6691000,e,keydown
6691200,r,keydown
6691300, ,keydown
6693700,#,keydown
6693900,t,keydown
6694000,o,keydown
6694100,r,keydown
6694200,i,keydown
6694400,n,keydown
6694500,o,keydown
6694800,",",keydown
6694900, ,keydown
6695200,d,keydown
6695300,o,keydown
6695500,v,keydown
6695600,e,keydown
6695700, ,keydown
6695900,a,keydown
6696000,b,keydown
6696100,b,keydown
6696300,i,keydown
6696500,a,keydown
6696700,m,keydown
6696900,o,keydown
6697000, ,keydown
6697100,f,keydown
6697300,a,keydown
6697400,t,keydown
6697600,t,keydown
6697800,o,keydown
6697900, ,keydown
6698200,a,keydown
6698400,c,keydown
6698600,q,keydown
6698800,u,keydown
6698800,i,keydown
6699000,s,keydown
6699300,t,keydown
6699400,i,keydown
6699600,.,keydown
6700300, ,keydown
6700600,#,keydown
6700700,q,keydown
6700900,u,keydown
6700900,e,keydown
6701100,s,keydown
6701200,t,keydown
6701200,a,keydown
6701500,Enter,keydown
6701800,v,keydown
6701900,o,keydown
6702000,l,keydown
6702100,t,keydown
6702400,a,keydown
6702500,",",keydown
6702700, ,keydown
6702800,h,keydown
6703100,o,keydown
6703200, ,keydown
6703900,f,keydown
6704000,a,keydown
6704200,t,keydown
6704400,t,keydown
6704500,o,keydown
6704600, ,keydown
6704700,p,keydown
6705000,i,keydown
6705200,u,keydown
6705400,#,keydown
6705600, ,keydown
6705700,a,keydown
6705800,c,keydown
6706000,q,keydown
6706100,u,keydown
6706200,i,keydown
6706400,s,keydown
6706700,t,keydown
6706900,i,keydown
6707000, ,keydown
6707200,i,keydown
6707400,o,keydown
6707500, ,keydown
6707700,d,keydown
6707800,i,keydown
6708000, ,keydown
6708500,#,keydown
6708700,m,keydown
6708800,a,keydown
6708900,t,keydown
6709100,t,keydown
6709200,e,keydown
6709400,.,keydown
6709800, ,keydown
6710500,#,keydown
6712500,h,keydown
6712700,o,keydown
6712800, ,keydown
6713000,p,keydown
6713200,r,keydown
6713200,e,keydown
6713400,s,keydown
6713500,o,keydown
6714600, ,keydown
6715300,u,keydown
6715400,n,keydown
6715600,a,keydown
6715700, ,keydown
6715800,g,keydown
6716100,a,keydown
6716700,Backspace,keydown
6717000,i,keydown
6717200,c,keydown
6717600,Backspace,keydown
6717800,a,keydown
6717900,c,keydown
6718100,c,keydown
6718200,a,keydown
6718600, ,keydown
6719100,n,keydown
6719200,e,keydown
6719400,r,keydown
6719400,a,keydown
6719600,",",keydown
6719800,Enter,keydown
6720300,u,keydown
6720500,n,keydown
6720700,a,keydown
6720700, ,keydown
6720900,m,keydown
6721100,a,keydown
6721300,g,keydown
6721400,l,keydown
6721700,i,keydown
6721800,e,keydown
6721900,t,keydown
6722000,t,keydown
6722200,a,keydown
6722400, ,keydown
6723600,r,keydown
6723800,o,keydown
6724000,s,keydown
6724200,a,keydown
6724700,",",keydown
6724800, ,keydown
6725000,u,keydown
6725300,n,keydown
6725600,a,keydown
6725800, ,keydown
6726100,m,keydown
6726100,a,keydown
6726400,g,keydown
6726500,l,keydown
6726600,i,keydown
6726800,e,keydown
6726900,t,keydown
6727100,t,keydown
6727200,a,keydown
6727300, ,keydown
6728300,n,keydown
6728400,e,keydown
6728700,r,keydown
6728800,a,keydown
6729000, ,keydown
6733900,Backspace,keydown
6734500,",",keydown
6734600, ,keydown
6735000,u,keydown
6735100,n,keydown
6735300,a,keydown
6735500, ,keydown
6735700,c,keydown
6735800,i,keydown
6735900,n,keydown
6736100,t,keydown
6736200,u,keydown
6736300,r,keydown
6736500,a,keydown
6736600, ,keydown
6736900,d,keydown
6737000,i,keydown
6737100, ,keydown
6737400,p,keydown
6737600,e,keydown
6737600,l,keydown
6737800,l,keydown
6737900,e,keydown
6739000, ,keydown
6739200,s,keydown
6739400,o,keydown
6739500,t,keydown
6739700,t,keydown
6739800,i,keydown
6740100,l,keydown
6740200,e,keydown
6740800,Enter,keydown
6741100,c,keydown
6741200,o,keydown
6741400,n,keydown
6741600, ,keydown
6742000,t,keydown
6742100,a,keydown
6742300,n,keydown
6742400,t,keydown
6742600,i,keydown
6742800, ,keydown
6743400,f,keydown
6743400,o,keydown
6743500,r,keydown
6743700,i,keydown
6743800, ,keydown
6745100,p,keydown
6745200,e,keydown
6745300,r,keydown
6745300, ,keydown
6745600,t,keydown
6745700,u,keydown
6745800,t,keydown
6746000,t,keydown
6746100,a,keydown
6746100, ,keydown
6746300,l,keydown
6746500,a,keydown
6746600, ,keydown
6746700,l,keydown
6747000,u,keydown
6747300,n,keydown
6747400,g,keydown
6747400,h,keydown
6747500,e,keydown
6747700,z,keydown
6747900,z,keydown
6748100,a,keydown
6748500, ,keydown
6748700,#,keydown
6748900,#,keydown
6750500,n,keydown
6750700,o,keydown
6750900,n,keydown
6751000, ,keydown
6751200,a,keydown
6751300,v,keydown
6751400,e,keydown
6751400,v,keydown
6751600,o,keydown
6751800, ,keydown
6752100,c,keydown
6752300,i,keydown
6752400,n,keydown
6752500,t,keydown
6752600,u,keydown
6752800,r,keydown
6752800,e,keydown
6753100, ,keydown
6753200,i,keydown
6753500,n,keydown
6753600, ,keydown
6753800,e,keydown
6754500,f,keydown
6754500,f,keydown
6754700,e,keydown
6754900,t,keydown
6755000,t,keydown
6755000,i,keydown
6755300,#,keydown
6755500,#,keydown
6760100,.,keydown
6760300,Enter,keydown
6760600,#,keydown
6760700,c,keydown
6760700,o,keydown
6761000,s,keydown
6761300,#,keydown
6761600,h,keydown
6762000,Backspace,keydown
6762100,a,keydown
6762200,l,keydown
6762500,t,keydown
6762500,r,keydown
6762600,o,keydown
6762800,#,keydown
6762900,#,keydown
6763200, ,keydown
6763300,#,keydown
6763500,m,keydown
6763600,i,keydown
6763700, ,keydown
6764000,p,keydown
6764300,a,keydown
6764400,r,keydown
6764600,e,keydown
6764700, ,keydown
6765800,n,keydown
6766000,u,keydown
6766200,l,keydown
6766400,l,keydown
6766500,a,keydown
6766700,.,keydown
6766800, ,keydown
6767200,#,keydown
6767300,m,keydown
6767500,a,keydown
6767700,t,keydown
6767800,t,keydown
6767900,e,keydown
6768100, ,keydown
6768200,h,keydown
6768300,a,keydown
6768400, ,keydown
6768600,t,keydown
6768600,r,keydown
6768800,o,keydown
6768900,v,keydown
6768900,a,keydown
6769100,t,keydown
6769200,o,keydown
6769300, ,keydown
6769500,u,keydown
6769700,n,keydown
6770100, ,keydown
6770500,g,keydown
6770700,i,keydown
6770800,o,keydown
6771200,Backspace,keydown
6771300,Backspace,keydown
6771800,i,keydown
6772100,u,keydown
6772600,b,keydown
6772800,b,keydown
6772900,i,keydown
6773100,n,keydown
6773300,o,keydown
6773300, ,keydown
6773500,d,keydown
6773600,i,keydown
6773700, ,keydown
6774100,q,keydown
6774200,u,keydown
6774300,e,keydown
6775300,l,keydown
6775400,l,keydown
6775500,i,keydown
6775900,Enter,keydown
6776100,l,keydown
6776200,e,keydown
6776600,g,keydown
6776600,g,keydown
6776900,e,keydown
6776900,r,keydown
6777100,i,keydown
6777300,s,keydown
6777500,s,keydown
6777500,i,keydown
6777700,m,keydown
6777900,i,keydown
6778000, ,keydown
6778100,c,keydown
6778200,h,keydown
6778300,e,keydown
6778400, ,keydown
6778800,s,keydown
6779000,e,keydown
6779000,m,keydown
6779100,b,keydown
6779200,r,keydown
6779400,a,keydown
6779500,n,keydown
6779800,o,keydown
6779900, ,keydown
6780500,f,keydown
6780700,a,keydown
6780900,t,keydown
6781000,t,keydown
6781000,i,keydown
6781200, ,keydown
6781300,d,keydown
6781400,i,keydown
6781500, ,keydown
6782100,c,keydown
6782300,a,keydown
6782500,r,keydown
6782700,t,keydown
6782700,a,keydown
6784400,.,keydown
6784600, ,keydown
6784800,#,keydown
6785100,l,keydown
6785300,o,keydown
6785400, ,keydown
6785600,h,keydown
6785800,a,keydown
6785800, ,keydown
6786000,i,keydown
6786700,n,keydown
6787300,d,keydown
6787700,o,keydown
6787700,s,keydown
6787800,s,keydown
6788000,a,keydown
6788100,t,keydown
6788300,o,keydown
6788500, ,keydown
6788600,g,keydown
6788800,i,keydown
6788800,a,keydown
6789200,#,keydown
6789400, ,keydown
6789600,o,keydown
6790100,g,keydown
6790200,g,keydown
6790300,i,keydown
6790600,.,keydown
6790900,Enter,keydown
6792400,#,keydown
6792700,b,keydown
6793000,e,keydown
6793100,h,keydown
6793400,",",keydown
6793500, ,keydown
6795300,i,keydown
6795600,l,keydown
6795700, ,keydown
6796100,t,keydown
6796300,u,keydown
6796300,t,keydown
6796400,t,keydown
6796600,o,keydown
6796700, ,keydown
6796900,c,keydown
6797000,i,keydown
6797100, ,keydown
6797300,e,keydown
6797500,#,keydown
6797800, ,keydown
6798000, ,keydown
6798200,c,keydown
6798900,o,keydown
6799200,s,keydown
6799500,t,keydown
6799700,a,keydown
6799800,t,keydown
6801000,o,keydown
6801100, ,keydown
6801300,l,keydown
6801500,a,keydown
6801600, ,keydown
6801900,m,keydown
6802100,o,keydown
6802300,d,keydown
6802300,i,keydown
6802700,c,keydown
6802800,a,keydown
6802800, ,keydown
6803200,c,keydown
6803200,i,keydown
6803400,f,keydown
6803500,r,keydown
6803700,a,keydown
6803800, ,keydown
6804000,d,keydown
6804200,i,keydown
6804300, ,keydown
6804400,e,keydown
6804800,u,keydown
6805000,r,keydown
6805300,o,keydown
6805600, ,keydown
6807100,3,keydown
6807400,6,keydown
6808100, ,keydown
6808500,#,keydown
6808700,#,keydown
6809100,c,keydown
6809200,i,keydown
6809300,r,keydown
6809500,c,keydown
6809700,a,keydown
6809800,#,keydown
6809900,#,keydown
6810200,.,keydown
6812800,Enter,keydown
6813200,#,keydown
6813300,l,keydown
6813600,a,keydown
6813700, ,keydown
6813900,g,keydown
6814000,i,keydown
6814000,a,keydown
6814100,c,keydown
6814300,c,keydown
6814500,a,keydown
6814600, ,keydown
6815000,Backspace,keydown
6815100,",",keydown
6815300, ,keydown
6815500,c,keydown
6815500,h,keydown
6815700,e,keydown
6815800, ,keydown
6816000,e,keydown
6816200,#,keydown
6816500, ,keydown
6817200,l,keydown
6817600,#,keydown
6817800,o,keydown
6818100,g,keydown
6818200,g,keydown
6818300,e,keydown
6818500,t,keydown
6818600,t,keydown
6818800,o,keydown
6818800, ,keydown
6818900,p,keydown
6819200,i,keydown
6819300,u,keydown
6819500,#,keydown
6819700, ,keydown
6819800,c,keydown
6820000,o,keydown
6820100,s,keydown
6821200,t,keydown
6821300,o,keydown
6821500,t,keydown
6821600,o,keydown
6822200,Backspace,keydown
6822300,Backspace,keydown
6822600,s,keydown
6822700,o,keydown
6822700,p,keydown
6823200,Backspace,keydown
6823700,",",keydown
6823800, ,keydown
6824000,c,keydown
6824200,o,keydown
6824400,s,keydown
6824600,t,keydown
6824700,a,keydown
6824900,v,keydown
6825000,a,keydown
6825100, ,keydown
6825500,1,keydown
6825700,5,keydown
6825800, ,keydown
6826100,e,keydown
6826400,u,keydown
6826500,r,keydown
6826700,o,keydown
6826900,.,keydown
6827800, ,keydown
6828100,#,keydown
6828400,p,keydown
6828600,r,keydown
6828700,a,keydown
6828900,t,keydown
6829000,i,keydown
6829200,-,keydown
6829400,Enter,keydown
6829500,c,keydown
6829700,a,keydown
6829800,m,keydown
6829800,e,keydown
6830100,n,keydown
6830100,t,keydown
6830200,e,keydown
6830200, ,keydown
6830500,u,keydown
6830600,n,keydown
6830800,a,keydown
6830800, ,keydown
6831000,m,keydown
6831200,u,keydown
6831200,i,keydown
6831300,s,keydown
6832300,Backspace,keydown
6832500,Backspace,keydown
6832600,Backspace,keydown
6833100,i,keydown
6833300,s,keydown
6833500,e,keydown
6833600,r,keydown
6833700,i,keydown
6833800,a,keydown
6834100,.,keydown
6835300, ,keydown
6835800,#,keydown
6836100,i,keydown
6836300,l,keydown
6836400, ,keydown
6836600,p,keydown
6836800,r,keydown
6836900,o,keydown
6837000,b,keydown
6837100,l,keydown
6837300,e,keydown
6837400,m,keydown
6837600,a,keydown
6837600, ,keydown
6838800,e,keydown
6839400,#,keydown
6839600, ,keydown
6840100,c,keydown
6840200,h,keydown
6840200,e,keydown
6840300, ,keydown
6840900,d,keydown
6840900,a,keydown
6841100, ,keydown
6841200,u,keydown
6841400,o,keydown
6841600,m,keydown
6841700,o,keydown
6841900, ,keydown
6842000,s,keydown
6842000,i,keydown
6842200, ,keydown
6842300,t,keydown
6842400,r,keydown
6842400,o,keydown
6842500,v,keydown
6842700,a,keydown
6843200, ,keydown
6843400,t,keydown
6843600,a,keydown
6843700,n,keydown
6843800,t,keydown
6844200,i,keydown
6844500,s,keydown
6844600,s,keydown
6844800,i,keydown
6844900,m,keydown
6845100,o,keydown
6845300, ,keydown
6845400,Enter,keydown
6847600,d,keydown
6847700,a,keydown
6847800, ,keydown
6848100,d,keydown
6848300,o,keydown
6848500,n,keydown
6848600,n,keydown
6848600,a,keydown
6848800, ,keydown
6848900,m,keydown
6849100,o,keydown
6849200,l,keydown
6850000,t,keydown
6850100,o,keydown
6850300, ,keydown
6851000,m,keydown
6851300,e,keydown
6851400,n,keydown
6851500,o,keydown
6851700,.,keydown
6851900, ,keydown
6852000,#,keydown
6852300,p,keydown
6852500,e,keydown
6852600,n,keydown
6852700,s,keydown
6852800,o,keydown
6852900, ,keydown
6853100,c,keydown
6853200,h,keydown
6853400,e,keydown
6853400, ,keydown
6853500,i,keydown
6853800,l,keydown
6853900, ,keydown
6854600,s,keydown
6854600,a,keydown
6854700,b,keydown
6854900,a,keydown
6855000,t,keydown
6855300,o,keydown
6855400, ,keydown
6855900,c,keydown
6856100,i,keydown
6856200, ,keydown
6856400,s,keydown
6856400,i,keydown
6856500,a,keydown
6856700, ,keydown
6857000,l,keydown
6857400,#,keydown
6857500,a,keydown
6857600,s,keydown
6857800,s,keydown
6858500,a,keydown
6858700,l,keydown
6859200,t,keydown
6859300,o,keydown
6859500, ,keydown
6859500,v,keydown
6859600,e,keydown
6859700,r,keydown
6859800,o,keydown
6860000, ,keydown
6860000,e,keydown
6860100, ,keydown
6860300,p,keydown
6860400,r,keydown
6860500,o,keydown
6860600,p,keydown
6860700,r,keydown
6860800,i,keydown
6861000,o,keydown
6861100,.,keydown
