timestamp,key,type
32850400,Backspace,keydown
32850400,Backspace,keydown
32850400,Backspace,keydown
32850400,Backspace,keydown
32850400,Backspace,keydown
32850400,Backspace,keydown
32850400,Backspace,keydown
32850400,Backspace,keydown
32850400,#,keydown
32850600,o,keydown
32851000,g,keydown
32851100,g,keydown
32851200,i,keydown
32851300, ,keydown
32851500,n,keydown
32852100,i,keydown
32852200,e,keydown
32852300,n,keydown
32852500,t,keydown
32852600,e,keydown
32852700, ,keydown
32852900,b,keydown
32853700,a,keydown
32854000,r,keydown
32854300,z,keydown
32854600,e,keydown
32854800,l,keydown
32854900,l,keydown
32855100,e,keydown
32855300,t,keydown
32855400,t,keydown
32855600,e,keydown
32856100,.,keydown
32856400, ,keydown
32856500,#,keydown
32856700,n,keydown
32857300,n,keydown
32857600, ,keydown
32858000,Backspace,keydown
32858200,Backspace,keydown
32858400,o,keydown
32858600,n,keydown
32858900, ,keydown
32859100,m,keydown
32859300,e,keydown
32859300, ,keydown
32859600,n,keydown
32859700,e,keydown
32859700, ,keydown
32859900,s,keydown
32860100,o,keydown
32860200,n,keydown
32860300,o,keydown
32860400, ,keydown
32860500,a,keydown
32860800,r,keydown
32861100,i,keydown
32862000,#,keydown
32862200,r,keydown
32862500,Backspace,keydown
32862600,Backspace,keydown
32862800,Backspace,keydown
32862900,r,keydown
32863600,i,keydown
32863800,v,keydown
32863900,a,keydown
32864000,t,keydown
32864300,e,keydown
32864300, ,keydown
32864500,d,keydown
32864600,i,keydown
32864700, ,keydown
32865700,Backspace,keydown
32866400, ,keydown
32866700,n,keydown
32866900,u,keydown
32867000,o,keydown
32867300,v,keydown
32867500,e,keydown
32867800, ,keydown
32869000,e,keydown
32869300, ,keydown
32869500,c,keydown
32869600,a,keydown
32869900,r,keydown
32870000,i,keydown
32870100,n,keydown
32870200,e,keydown
32870800,.,keydown
32871000,Enter,keydown
32871200,#,keydown
32871400,q,keydown
32871600,u,keydown
32871700,i,keydown
32872000,n,keydown
32872100,d,keydown
32872200,i,keydown
32872500, ,keydown
32873100,Backspace,keydown
32873800,",",keydown
32873800, ,keydown
32874200,t,keydown
32874300,i,keydown
32874300, ,keydown
32874600,r,keydown
32874800,a,keydown
32875000,c,keydown
32875100,c,keydown
32875400,o,keydown
32875600,n,keydown
32875800,t,keydown
32875900,o,keydown
32876000, ,keydown
32877300,c,keydown
32877400,o,keydown
32877700,s,keydown
32877700,a,keydown
32877800, ,keydown
32878200,h,keydown
32878400,o,keydown
32878500, ,keydown
32878900,m,keydown
32879000,a,keydown
32879200,n,keydown
32879500,g,keydown
32879600,i,keydown
32879700,a,keydown
32880100,t,keydown
32880300,o,keydown
32880500, ,keydown
32881100,o,keydown
32881400,g,keydown
32881500,g,keydown
32882200,Backspace,keydown
32882400,Backspace,keydown
32883000,Backspace,keydown
32883100,a,keydown
32883400, ,keydown
32883500,p,keydown
32883600,r,keydown
32883900,a,keydown
32885000,n,keydown
32885100,z,keydown
32885400,e,keydown
32886300,Backspace,keydown
32886700,o,keydown
32887400,#,keydown
32887700,#,keydown
32887900, ,keydown
32888800,p,keydown
32889000,i,keydown
32889200,z,keydown
32889400,z,keydown
32889500,a,keydown
32889800, ,keydown
32891100,c,keydown
32892100,o,keydown
32892400,n,keydown
32892900, ,keydown
32893300,p,keydown
32893500,o,keydown
32893700,m,keydown
32893900,o,keydown
32894000,d,keydown
32894300,o,keydown
32894700,r,keydown
32895000,o,keydown
32895300,Enter,keydown
32895800,f,keydown
32896000,r,keydown
32896100,e,keydown
32896400,s,keydown
32896500,c,keydown
32896600,o,keydown
32896800, ,keydown
32896900,e,keydown
32897100, ,keydown
32897900,r,keydown
32898100,u,keydown
32898400,c,keydown
32898400,o,keydown
32898600,l,keydown
32898800,a,keydown
32899100,.,keydown
32899200, ,keydown
32899300,#,keydown
32899500,m,keydown
32899700,o,keydown
32899900,l,keydown
32900200,t,keydown
32900200,o,keydown
32900300, ,keydown
32901000,b,keydown
32901200,u,keydown
32901500,o,keydown
32901600,n,keydown
32901800,a,keydown
32901900, ,keydown
32902500,e,keydown
32902800, ,keydown
32903000,a,keydown
32903300,b,keydown
32903400,b,keydown
32903600,o,keydown
32903800,n,keydown
32904100,d,keydown
32904200,a,keydown
32904400,n,keydown
32904500,t,keydown
32904600,e,keydown
32905100,.,keydown
32906700, ,keydown
32907500,#,keydown
32907800,p,keydown
32908100,e,keydown
32908200,r,keydown
32908300, ,keydown
32908500,l,keydown
32908600,a,keydown
32908700, ,keydown
32908800,s,keydown
32909000,e,keydown
32909200,r,keydown
32909300,a,keydown
32909600,t,keydown
32909700,a,keydown
32910000, ,keydown
32910200,p,keydown
32910500,r,keydown
32910500,e,keydown
32910900,v,keydown
32911000,e,keydown
32911200,d,keydown
32911300,i,keydown
32911500,a,keydown
32911600,m,keydown
32911600,o,keydown
32911900, ,keydown
32912700,Backspace,keydown
32912900,Enter,keydown
32913100,d,keydown
32913300,i,keydown
32913400, ,keydown
32913600,a,keydown
32913800,n,keydown
32914200,d,keydown
32914300,a,keydown
32914600,r,keydown
32914700,e,keydown
32914800, ,keydown
32914800,a,keydown
32915100, ,keydown
32915600,v,keydown
32915700,e,keydown
32915800,d,keydown
32915900,e,keydown
32916200,r,keydown
32916200,e,keydown
32916300, ,keydown
32916500,i,keydown
32916800,l,keydown
32916800, ,keydown
32917300,f,keydown
32917400,i,keydown
32917400,l,keydown
32917600,m,keydown
32917800, ,keydown
32918100,#,keydown
32918300,t,keydown
32918400,a,keydown
32918600,n,keydown
32918900,g,keydown
32919400,u,keydown
32919500,y,keydown
32920100, ,keydown
32920300,a,keydown
32920600,l,keydown
32921200, ,keydown
32921500,c,keydown
32921600,i,keydown
32921700,n,keydown
32921800,e,keydown
32922000,m,keydown
32922000,a,keydown
32922200, ,keydown
32922600,#,keydown
32923200,d,keydown
32923400,u,keydown
32923600,e,keydown
32923800, ,keydown
32923900,#,keydown
32924000,g,keydown
32924400,i,keydown
32924600,a,keydown
32924800,r,keydown
32925000,d,keydown
32925200,i,keydown
32925500,n,keydown
32925700,i,keydown
32927300, ,keydown
32928300,d,keydown
32928500,i,keydown
32928500, ,keydown
32928800,v,keydown
32928900,i,keydown
32929100,a,keydown
32929400,Enter,keydown
32929800,m,keydown
32930000,o,keydown
32931400,n,keydown
32931700,f,keydown
32931700,a,keydown
32932000,l,keydown
32932100,c,keydown
32932100,o,keydown
32932400,n,keydown
32932500,o,keydown
32933100,Backspace,keydown
32933200,e,keydown
32933300, ,keydown
32937900,Backspace,keydown
32938900,.,keydown
32940300,Backspace,keydown
32940600, ,keydown
32940800,a,keydown
32940900,l,keydown
32941100, ,keydown
32941400,s,keydown
32941600,e,keydown
32941800,c,keydown
32941900,o,keydown
32942100,n,keydown
32942300,d,keydown
32942500,o,keydown
32942700, ,keydown
32943000,s,keydown
32943100,p,keydown
32943200,e,keydown
32943500,t,keydown
32943600,t,keydown
32943800,a,keydown
32944000,c,keydown
32944200,o,keydown
32944300,l,keydown
32944400,o,keydown
32946300, ,keydown
32946900,c,keydown
32947200,h,keydown
32947200,e,keydown
32947400, ,keydown
32947500,i,keydown
32947700,n,keydown
32947700,i,keydown
32948000,z,keydown
32948100,i,keydown
32948200,a,keydown
32948400, ,keydown
32948500,a,keydown
32948700,l,keydown
32948900,l,keydown
32949000,e,keydown
32949200, ,keydown
32949400,2,keydown
32949600,2,keydown
32950000,#,keydown
32950200,#,keydown
32950400,3,keydown
32950600,0,keydown
32951500,.,keydown
32953200, ,keydown
32953400,#,keydown
32953900,i,keydown
32954100,l,keydown
32954200, ,keydown
32954500,f,keydown
32954500,i,keydown
32954700,l,keydown
32954900,m,keydown
32956400,Enter,keydown
32956600,e,keydown
32956900,#,keydown
32957100, ,keydown
32957400,d,keydown
32958100,i,keydown
32958100, ,keydown
32958300,o,keydown
32958400,r,keydown
32958500,i,keydown
32958700,g,keydown
32958900,i,keydown
32959000,n,keydown
32959200,e,keydown
32959300, ,keydown
32959500,f,keydown
32959700,r,keydown
32959800,a,keydown
32960000,n,keydown
32960100,c,keydown
32960200,e,keydown
32960500,s,keydown
32960600,e,keydown
32960800, ,keydown
32960900,e,keydown
32961100, ,keydown
32962500,r,keydown
32962600,a,keydown
32962700,c,keydown
32962900,c,keydown
32963000,o,keydown
32963200,n,keydown
32963400,t,keydown
32963600,a,keydown
32963700, ,keydown
32963900,l,keydown
32964000,a,keydown
32964200, ,keydown
32964400,s,keydown
32964700,t,keydown
32964700,o,keydown
32964800,r,keydown
32965000,i,keydown
32965100,a,keydown
32965200, ,keydown
32965400,d,keydown
32965500,i,keydown
32965700, ,keydown
32965800,u,keydown
32965900,n,keydown
32966100, ,keydown
32968400,r,keydown
32968600,a,keydown
32968800,g,keydown
32968900,a,keydown
32969100,z,keydown
32969300,z,keydown
32969400,o,keydown
32969600, ,keydown
32969800,m,keydown
32969900,o,keydown
32970200,l,keydown
32970500,t,keydown
32970600,o,keydown
32970900,Enter,keydown
32971200,i,keydown
32971300,n,keydown
32971500,t,keydown
32971600,e,keydown
32971800,l,keydown
32971900,e,keydown
32972500,Backspace,keydown
32972800,l,keydown
32973600,i,keydown
32974400,g,keydown
32974400,e,keydown
32974600,n,keydown
32974800,t,keydown
32974900,e,keydown
32975000, ,keydown
32976200,e,keydown
32976300, ,keydown
32976500,c,keydown
32976600,o,keydown
32976700,l,keydown
32977000,t,keydown
32977100,o,keydown
32977200, ,keydown
32977600,c,keydown
32977800,h,keydown
32978000,e,keydown
32978100, ,keydown
32978600,v,keydown
32978900,i,keydown
32979100,v,keydown
32979200,e,keydown
32979300, ,keydown
32979500,c,keydown
32979600,o,keydown
32979800,n,keydown
32979900, ,keydown
32980100,l,keydown
32980200,a,keydown
32980400, ,keydown
32980700,f,keydown
32980900,a,keydown
32981000,m,keydown
32981200,i,keydown
32981300,g,keydown
32981500,l,keydown
32981700,i,keydown
32981800,a,keydown
32982000, ,keydown
32982100,e,keydown
32982300, ,keydown
32982500,n,keydown
32982600,o,keydown
32982800,n,keydown
32983000, ,keydown
32984100,s,keydown
32984400,e,keydown
32985200, ,keydown
32985300,n,keydown
32985500,e,keydown
32985600, ,keydown
32986100,v,keydown
32986200,u,keydown
32986300,o,keydown
32986500,l,keydown
32986700,e,keydown
32986800, ,keydown
32987000,p,keydown
32987100,r,keydown
32987300,o,keydown
32987400,p,keydown
32987500,r,keydown
32987600,i,keydown
32987700,o,keydown
32988000,Enter,keydown
32988300,a,keydown
32988600,n,keydown
32988800,d,keydown
32988800,a,keydown
32989000,r,keydown
32989100,e,keydown
32989200, ,keydown
32989400,i,keydown
32990200,d,keydown
32990600,Backspace,keydown
32990700,Backspace,keydown
32990900,d,keydown
32990900,i,keydown
32991100, ,keydown
32991700,c,keydown
32991700,a,keydown
32991800,s,keydown
32992000,a,keydown
32993200,",",keydown
32993400, ,keydown
32993600,p,keydown
32993700,e,keydown
32993800,r,keydown
32994000,c,keydown
32994100,v,keydown
32994100,h,keydown
32994600,Backspace,keydown
32994700,Backspace,keydown
32995600,c,keydown
32996200,Backspace,keydown
32996400,h,keydown
32996600,e,keydown
32996800,#,keydown
32996800, ,keydown
32997200,s,keydown
32997400,i,keydown
32997500, ,keydown
32997800,t,keydown
32998100,r,keydown
32998300,o,keydown
32998600,v,keydown
32998800,a,keydown
32998900, ,keydown
32999000,a,keydown
32999100, ,keydown
32999300,m,keydown
32999400,e,keydown
32999700,r,keydown
32999900,a,keydown
33000400,v,keydown
33000500,i,keydown
33000900,g,keydown
33001100,l,keydown
33001100,i,keydown
33001300,a,keydown
33001400, ,keydown
33002300,d,keydown
33002500,o,keydown
33002600,v,keydown
33002800,e,keydown
33002800, ,keydown
33003000,s,keydown
33003200,t,keydown
33003300,a,keydown
33003800,.,keydown
33005100, ,keydown
33005300,#,keydown
33005400,u,keydown
33005600,n,keydown
33005700, ,keydown
33005800,p,keydown
33006100,o,keydown
33006200,#,keydown
33006500, ,keydown
33006700,c,keydown
33006800,o,keydown
33006900,m,keydown
33007100,e,keydown
33007200,Enter,keydown
33007400,l,keydown
33007500,a,keydown
33007600, ,keydown
33008200,s,keydown
33009400,Backspace,keydown
33009700,m,keydown
33009900,i,keydown
33010000,a,keydown
33010100, ,keydown
33010300,s,keydown
33010400,t,keydown
33010700,o,keydown
33010800,r,keydown
33010900,i,keydown
33011000,a,keydown
33013800, ,keydown
33020000,d,keydown
33020200,i,keydown
33020300, ,keydown
33020600,g,keydown
33020800,i,keydown
33020900,o,keydown
33021300,v,keydown
33021400,e,keydown
33021500,n,keydown
33021600,t,keydown
33021800,u,keydown
33022500,#,keydown
33022700,.,keydown
33023400, ,keydown
33029800,#,keydown
33030500,p,keydown
33030800,e,keydown
33031000,r,keydown
33031000, ,keydown
33031100,a,keydown
33031300,n,keydown
33031500,d,keydown
33031600,a,keydown
33031800,r,keydown
33032300,s,keydown
33032500,e,keydown
33032500,n,keydown
33032800,e,keydown
33032800, ,keydown
33033100,d,keydown
33033200,i,keydown
33033200, ,keydown
33033500,c,keydown
33033600,a,keydown
33033700,s,keydown
33033900,a,keydown
33034500, ,keydown
33034900,c,keydown
33035000,i,keydown
33035200, ,keydown
33036300,v,keydown
33036400,o,keydown
33036600,g,keydown
33036800,l,keydown
33037000,i,keydown
33037000,o,keydown
33037200,n,keydown
33037300,o,keydown
33037600, ,keydown
33038100,s,keydown
33038200,o,keydown
33038400,l,keydown
33038400,d,keydown
33038600,i,keydown
33040500,Enter,keydown
33040900,p,keydown
33041000,e,keydown
33041200,r,keydown
33041300, ,keydown
33041800,m,keydown
33042000,a,keydown
33042000,n,keydown
33042200,t,keydown
33042500,e,keydown
33042600,n,keydown
33042800,e,keydown
33043400,r,keydown
33044400,e,keydown
33044600, ,keydown
33044700,l,keydown
33044900,o,keydown
33045000, ,keydown
33045200,s,keydown
33045300,t,keydown
33045400,e,keydown
33045700,s,keydown
33045800,w,keydown
33046000,o,keydown
33046100, ,keydown
33047100,Backspace,keydown
33047300,Backspace,keydown
33047400,Backspace,keydown
33047500,s,keydown
33047800,o,keydown
33048100, ,keydown
33048500,t,keydown
33048600,e,keydown
33048800,n,keydown
33048900,o,keydown
33049000,t,keydown
33049600,Backspace,keydown
33049700,r,keydown
33049900,e,keydown
33049900, ,keydown
33050500,d,keydown
33050600,i,keydown
33050700, ,keydown
33050900,v,keydown
33051000,i,keydown
33051200,t,keydown
33051400,a,keydown
33053100, ,keydown
33053300,c,keydown
33053400,h,keydown
33053500,e,keydown
33053600, ,keydown
33054500,s,keydown
33054600,i,keydown
33054700, ,keydown
33054900,h,keydown
33055000,a,keydown
33055100, ,keydown
33055400,q,keydown
33055700,u,keydown
33055800,a,keydown
33055900,n,keydown
33056500,d,keydown
33056500,o,keydown
33056700, ,keydown
33057000,s,keydown
33057200,i,keydown
33057200, ,keydown
33057400,e,keydown
33057600,#,keydown
33057800, ,keydown
33058000,i,keydown
33058300,n,keydown
33058400, ,keydown
33058600,c,keydown
33058700,a,keydown
33058800,s,keydown
33059000,a,keydown
33061500,.,keydown
33061700,Enter,keydown
33062800,#,keydown
33063600,o,keydown
33064000,v,keydown
33064100,v,keydown
33064300,i,keydown
33064400,a,keydown
33064600,m,keydown
33064600,e,keydown
33064800,n,keydown
33064900,t,keydown
33065100,e,keydown
33065500,",",keydown
33065700, ,keydown
33066600,n,keydown
33066900,e,keydown
33067200, ,keydown
33067400,i,keydown
33067500,o,keydown
33067500, ,keydown
33068000,n,keydown
33068100,e,keydown
33068300, ,keydown
33068500,t,keydown
33069100,Backspace,keydown
33069200,#,keydown
33069400,t,keydown
33069600,a,keydown
33069700,n,keydown
33070400,g,keydown
33070900,u,keydown
33071000,y,keydown
33071300, ,keydown
33072700,s,keydown
33072800,i,keydown
33072900,a,keydown
33073000,m,keydown
33073100,o,keydown
33073300, ,keydown
33073500,c,keydown
33073700,o,keydown
33073800,s,keydown
33074000,i,keydown
33074100,#,keydown
33074300, ,keydown
33074800,i,keydown
33074900,r,keydown
33075300,Backspace,keydown
33075300,Backspace,keydown
33075500,r,keydown
33075600,i,keydown
33075800,c,keydown
33076000,c,keydown
33076200,h,keydown
33076200,i,keydown
33077200,",",keydown
33077200, ,keydown
33077400,q,keydown
33077800,Backspace,keydown
33078000,e,keydown
33078200, ,keydown
33078300,q,keydown
33078400,u,keydown
33079200,i,keydown
33079300,n,keydown
33079700,d,keydown
33079800,i,keydown
33079900, ,keydown
33080300,s,keydown
33080400,i,keydown
33080400, ,keydown
33081100,s,keydown
33081400,t,keydown
33081600,a,keydown
33081900, ,keydown
33082300,i,keydown
33082400,n,keydown
33082500, ,keydown
33082700,c,keydown
33082800,a,keydown
33083000,s,keydown
33083000,a,keydown
33084100,Enter,keydown
33085300,c,keydown
33085300,h,keydown
33085600,e,keydown
33085600, ,keydown
33086100,s,keydown
33086300,i,keydown
33086300, ,keydown
33086500,s,keydown
33086600,p,keydown
33086800,e,keydown
33086900,n,keydown
33087100,d,keydown
33087200,e,keydown
33087400, ,keydown
33087800,d,keydown
33087900,e,keydown
33088100,c,keydown
33088200,i,keydown
33088500,s,keydown
33088500,a,keydown
33088700,m,keydown
33088900,e,keydown
33088900,n,keydown
33089000,t,keydown
33089200,e,keydown
33089300, ,keydown
33089500,d,keydown
33089600,i,keydown
33089600, ,keydown
33089900,m,keydown
33090000,e,keydown
33090100,n,keydown
33090300,o,keydown
33090600,.,keydown
33092400, ,keydown
33094300,#,keydown
33096900,h,keydown
33097100,o,keydown
33097200, ,keydown
33097600,f,keydown
33097700,i,keydown
33097900,n,keydown
33098000,a,keydown
33098100,l,keydown
33098300,m,keydown
33098400,e,keydown
33098600,n,keydown
33098700,t,keydown
33098700,e,keydown
33098900, ,keydown
33100300,r,keydown
33100400,i,keydown
33100500,e,keydown
33100700,m,keydown
33100800,p,keydown
33101000,i,keydown
33101300,t,keydown
33101400,o,keydown
33101500, ,keydown
33101800,q,keydown
33101900,u,keydown
33102000,e,keydown
33102200,s,keydown
33102300,t,keydown
33102300,a,keydown
33102600, ,keydown
33104500,.,keydown
33104700,.,keydown
33104800,.,keydown
33105000,.,keydown
33105200, ,keydown
33105500,f,keydown
33105800,Backspace,keydown
33105900,d,keydown
33106100,i,keydown
33106100, ,keydown
33106300,f,keydown
33106600,o,keydown
33106800,r,keydown
33106900,m,keydown
33107500,Enter,keydown
33108400,e,keydown
33108600, ,keydown
33108700,q,keydown
33108900,u,keydown
33109000,i,keydown
33109200,n,keydown
33109300,d,keydown
33109400,i,keydown
33109600, ,keydown
33109800,a,keydown
33110000,n,keydown
33110300,c,keydown
33110400,h,keydown
33110600,e,keydown
33110600, ,keydown
33110900,p,keydown
33111000,e,keydown
33111100,r,keydown
33111200, ,keydown
33111300,o,keydown
33111500,g,keydown
33111600,g,keydown
33111800,i,keydown
33111900, ,keydown
33112100,t,keydown
33112200,i,keydown
33112300, ,keydown
33112600,s,keydown
33112700,a,keydown
33112800,l,keydown
33113000,u,keydown
33113300,t,keydown
33113300,o,keydown
33114400, ,keydown
33114700,e,keydown
33114800, ,keydown
33115900,r,keydown
33115900,t,keydown
33116000,i,keydown
33116000, ,keydown
33116800,Backspace,keydown
33117000,Backspace,keydown
33117000,Backspace,keydown
33117300,Backspace,keydown
33117400,t,keydown
33117600,i,keydown
33117700, ,keydown
33118000,a,keydown
33118100,u,keydown
33118800,g,keydown
33118900,u,keydown
33118900,r,keydown
33119100,i,keydown
33119500,o,keydown
33119700, ,keydown
33119900,u,keydown
33120100,n,keydown
33120100, ,keydown
33120900,Backspace,keydown
33121000,Backspace,keydown
33121100,Backspace,keydown
33121300,Backspace,keydown
33121500,Backspace,keydown
33122000,Backspace,keydown
33122300,o,keydown
33122300, ,keydown
33122600,u,keydown
33122700,n,keydown
33122800, ,keydown
33123100,b,keydown
33123300,u,keydown
33123400,o,keydown
33123600,n,keydown
33123600, ,keydown
33124100,w,keydown
33124400,e,keydown
33124400,r,keydown
33124600,e,keydown
33124700,k,keydown
33125100, ,keydown
33125300,e,keydown
33125600,n,keydown
33125700,d,keydown
33127300,#,keydown
33127500,#,keydown
33127600,#,keydown
33127800,#,keydown
33127900,#,keydown
33128600,#,keydown
33128800,Backspace,keydown
33129100,#,keydown
33129200,#,keydown
33129400,#,keydown
33129600,#,keydown
33129800,#,keydown
33129900,#,keydown
33130300,#,keydown
33131600,.,keydown
33132500,Enter,keydown
33133000,#,keydown
33133300,c,keydown
33133500,h,keydown
33133600,e,keydown
33133800, ,keydown
33133900,f,keydown
33134100,a,keydown
33134200,t,keydown
33134300,e,keydown
33134400, ,keydown
33134600,d,keydown
33134800,i,keydown
33134900, ,keydown
33135000,b,keydown
33135200,e,keydown
33135300,l,keydown
33135400,l,keydown
33135700,o,keydown
33135800, ,keydown
33136500,t,keydown
33136700,u,keydown
33136700, ,keydown
33137000,e,keydown
33137100, ,keydown
33137400,#,keydown
33137600,c,keydown
33137600,l,keydown
33137800,a,keydown
33138000,u,keydown
33138200,d,keydown
33138300,i,keydown
33138400,a,keydown
33139000, ,keydown
33139700,i,keydown
33139900,n,keydown
33140000, ,keydown
33140100,q,keydown
33140300,u,keydown
33140400,e,keydown
33140600,s,keydown
33140600,t,keydown
33140800,o,keydown
33140900, ,keydown
33142200,f,keydown
33142200,i,keydown
33142400,n,keydown
33142500,e,keydown
33142600, ,keydown
33142700,s,keydown
33143000,e,keydown
33143200,t,keydown
33143200,t,keydown
33143400,i,keydown
33143600,m,keydown
33143600,a,keydown
33143800,n,keydown
33144000,a,keydown
33144300, ,keydown
33144400,#,keydown
33144600,#,keydown
33144800, ,keydown
33145300,p,keydown
33145900,r,keydown
33146100,o,keydown
33146300,b,keydown
33146400,a,keydown
33146500,b,keydown
33146700,i,keydown
33146800,l,keydown
33146900,m,keydown
33147100,e,keydown
33147200,n,keydown
33147300,t,keydown
33147400,e,keydown
33147700,Enter,keydown
33148200,i,keydown
33148300,o,keydown
33148400, ,keydown
33148600,v,keydown
33148700,a,keydown
33148900,d,keydown
33149100,o,keydown
33149200, ,keydown
33149300,a,keydown
33149400, ,keydown
33150000,s,keydown
33150100,c,keydown
33150200,i,keydown
33150300,a,keydown
33150600,r,keydown
33150600,e,keydown
33150800, ,keydown
33150900,a,keydown
33151000, ,keydown
33151400,#,keydown
33151500,c,keydown
33151700,h,keydown
33151900,a,keydown
33152000,m,keydown
33152300,p,keydown
33152500,o,keydown
33152600,l,keydown
33152800,u,keydown
33153000,c,keydown
33153300, ,keydown
33153500,e,keydown
33153500, ,keydown
33154000,#,keydown
33154300,c,keydown
33154400,i,keydown
33154600,n,keydown
33154700,z,keydown
33154800,i,keydown
33154900,a,keydown
33155100, ,keydown
33156000,r,keydown
33156100,i,keydown
33156200,m,keydown
33156400,a,keydown
33156400,n,keydown
33156700,e,keydown
33156900, ,keydown
33157100,a,keydown
33157200, ,keydown
33157500,c,keydown
33157600,a,keydown
33157700,s,keydown
33157900,a,keydown
33158000, ,keydown
33158100,a,keydown
33158200, ,keydown
33158500,s,keydown
33158700,t,keydown
33159000,u,keydown
33159100,d,keydown
33159200,i,keydown
33159300,a,keydown
33159500,r,keydown
33159700,e,keydown
33159800, ,keydown
33160000,p,keydown
33160100,e,keydown
33160300,r,keydown
33161200,Enter,keydown
33161700,g,keydown
33161800,l,keydown
33161900,i,keydown
33162000, ,keydown
33162200,e,keydown
33162400,s,keydown
33162400,a,keydown
33162600,m,keydown
33162800,i,keydown
33162900, ,keydown
33163400,d,keydown
33163500,e,keydown
33163700,l,keydown
33163800,l,keydown
33163800,a,keydown
33164000, ,keydown
33164200,p,keydown
33164400,r,keydown
33164400,o,keydown
33164700,s,keydown
33164800,s,keydown
33164900,i,keydown
33165000,m,keydown
33165200,a,keydown
33165300, ,keydown
33165500,s,keydown
33165600,e,keydown
33165900,t,keydown
33166000,t,keydown
33166200,i,keydown
33166300,m,keydown
33166500,a,keydown
33166600,n,keydown
33166600,a,keydown
33167100,.,keydown
33168600, ,keydown
33169100,#,keydown
33171600,n,keydown
33171900,o,keydown
33172000,n,keydown
33172200, ,keydown
33172600,s,keydown
33172800,i,keydown
33172900, ,keydown
33173100,p,keydown
33173400,u,keydown
33173500,#,keydown
33173700,o,keydown
33173900, ,keydown
33174400,Backspace,keydown
33174500,Backspace,keydown
33174700,Backspace,keydown
33174900,o,keydown
33175000, ,keydown
33175600,Backspace,keydown
33175700,#,keydown
33175900, ,keydown
33176500,a,keydown
33176800,v,keydown
33176800,e,keydown
33177100,e,keydown
33178200,Backspace,keydown
33178600,r,keydown
33178700,e,keydown
33178900, ,keydown
33179200,l,keydown
33179500,a,keydown
33179700, ,keydown
33180900,m,keydown
33181100,o,keydown
33181200,g,keydown
33181300,l,keydown
33181400,i,keydown
33181500,e,keydown
33181800, ,keydown
33182600,Enter,keydown
33182900,p,keydown
33183100,i,keydown
33183800,e,keydown
33183900,n,keydown
33184100,a,keydown
33184200, ,keydown
33184400,e,keydown
33184600, ,keydown
33184700,l,keydown
33184900,a,keydown
33184900, ,keydown
33185200,b,keydown
33185300,o,keydown
33185500,t,keydown
33185600,t,keydown
33185800,e,keydown
33185900, ,keydown
33186400,u,keydown
33186900,b,keydown
33187000,r,keydown
33187200,a,keydown
33187700,c,keydown
33188200,Backspace,keydown
33188400,Backspace,keydown
33188700,i,keydown
33189300,a,keydown
33189600,c,keydown
33189600,a,keydown
33189900, ,keydown
33190000,a,keydown
33190200,l,keydown
33190400,l,keydown
33190500,o,keydown
33190600, ,keydown
33190800,s,keydown
33190900,t,keydown
33191000,e,keydown
33191200,z,keydown
33191300,x,keydown
33191500,s,keydown
33191700,o,keydown
33191900, ,keydown
33192500,Backspace,keydown
33192700,Backspace,keydown
33192800,Backspace,keydown
33192900,Backspace,keydown
33193500,Backspace,keydown
33193600,s,keydown
33193900,s,keydown
33194100,o,keydown
33194200, ,keydown
33194700,t,keydown
33194900,e,keydown
33195000,m,keydown
33195100,p,keydown
33195300,o,keydown
33195400, ,keydown
33195500,#,keydown
33195700,#,keydown
33195800,#,keydown
33195900,#,keydown
33196000,#,keydown
