timestamp,key,type
45148900,Backspace,keydown
45148900,Backspace,keydown
45148900,Backspace,keydown
45148900,Backspace,keydown
45148900,Backspace,keydown
45148900,Backspace,keydown
45148900,Backspace,keydown
45148900,Backspace,keydown
45148900,#,keydown
45149900,e,keydown
45150100,c,keydown
45150200,c,keydown
45150300,o,keydown
45150500,m,keydown
45150600,i,keydown
45150700, ,keydown
45151100,d,keydown
45151200,i,keydown
45151200, ,keydown
45151300,n,keydown
45151400,u,keydown
45151600,o,keydown
45152300,v,keydown
45152400,o,keydown
45152400, ,keydown
45153000,q,keydown
45153200,u,keydown
45153300,i,keydown
45153600,",",keydown
45153700, ,keydown
45153900,a,keydown
45154100,n,keydown
45154100,c,keydown
45154200,h,keydown
45154300,e,keydown
45154400, ,keydown
45154700,o,keydown
45155000,g,keydown
45155200,g,keydown
45155300,i,keydown
45155900, ,keydown
45156600,c,keydown
45156700,h,keydown
45156800,e,keydown
45156900, ,keydown
45157300,e,keydown
45157900,#,keydown
45158100, ,keydown
45158600,i,keydown
45158700,l,keydown
45158800, ,keydown
45159400,4,keydown
45159600, ,keydown
45159900,d,keydown
45160000,i,keydown
45160400, ,keydown
45160900,a,keydown
45161200,p,keydown
45162000,r,keydown
45162000,i,keydown
45162300,l,keydown
45162300,e,keydown
45163600,",",keydown
45163800, ,keydown
45164000,a,keydown
45164000, ,keydown
45164400,p,keydown
45164500,r,keydown
45164700,o,keydown
45164900,c,keydown
45164900,e,keydown
45165100,d,keydown
45165200,e,keydown
45165300,r,keydown
45165400,e,keydown
45165500, ,keydown
45167000,c,keydown
45167200,o,keydown
45167300,n,keydown
45167700,Enter,keydown
45168900,u,keydown
45169000,n,keydown
45169300,a,keydown
45169400, ,keydown
45170100,n,keydown
45170200,u,keydown
45170300,o,keydown
45170600,v,keydown
45170700,a,keydown
45170900, ,keydown
45172000,p,keydown
45172000,r,keydown
45172200,o,keydown
45172500,v,keydown
45172500,a,keydown
45172700, ,keydown
45172800,p,keydown
45173000,e,keydown
45173000,r,keydown
45173000, ,keydown
45173300,l,keydown
45173600,#,keydown
45173800,e,keydown
45174000,s,keydown
45174300,p,keydown
45174400,e,keydown
45174600,r,keydown
45174700,i,keydown
45174800,m,keydown
45174900,e,keydown
45175000,n,keydown
45175100,t,keydown
45175300,o,keydown
45175900,.,keydown
45176800, ,keydown
45177300,#,keydown
45177600,o,keydown
45178000,g,keydown
45178200,g,keydown
45178200,i,keydown
45178300, ,keydown
45178600,i,keydown
45178700,n,keydown
45179000,c,keydown
45179300,o,keydown
45179300,m,keydown
45179400,i,keydown
45179600,n,keydown
45179900,c,keydown
45180000,i,keydown
45180100,o,keydown
45180300, ,keydown
45180700,a,keydown
45180700, ,keydown
45180900,s,keydown
45181100,c,keydown
45181200,r,keydown
45181400,i,keydown
45181500,v,keydown
45181600,e,keydown
45181900,r,keydown
45181900,e,keydown
45182700, ,keydown
45183700,l,keydown
45183800,a,keydown
45184000,Enter,keydown
45184200,p,keydown
45184300,a,keydown
45184400,r,keydown
45184600,t,keydown
45184600,e,keydown
45184800, ,keydown
45185000,n,keydown
45185100,u,keydown
45185400,m,keydown
45185400,e,keydown
45185500,r,keydown
45185700,o,keydown
45185800, ,keydown
45186300,t,keydown
45186400,r,keydown
45186400,e,keydown
45186600, ,keydown
45187000,d,keydown
45187000,e,keydown
45187300,l,keydown
45187400,l,keydown
45187500,a,keydown
45188200, ,keydown
45190400,m,keydown
45190500,a,keydown
45190600,i,keydown
45190700,k,keydown
45190700,l,keydown
45191400,Backspace,keydown
45191600,Backspace,keydown
45192400,l,keydown
45192400, ,keydown
45192600,c,keydown
45192700,o,keydown
45192800,n,keydown
45192900, ,keydown
45193100,l,keydown
45193300,e,keydown
45193400, ,keydown
45193700,i,keydown
45193800,s,keydown
45194000,t,keydown
45194100,r,keydown
45194200,u,keydown
45194500,z,keydown
45194500,i,keydown
45194600,o,keydown
45194700,n,keydown
45194800,i,keydown
45195100, ,keydown
45195300,c,keydown
45195400,h,keydown
45195500,e,keydown
45195600, ,keydown
45195800,c,keydown
45195800,i,keydown
45195900, ,keydown
45196300,h,keydown
45196400,a,keydown
45196600,i,keydown
45196600, ,keydown
45196800,m,keydown
45196900,a,keydown
45197000,n,keydown
45197100,d,keydown
45197200,a,keydown
45197400,t,keydown
45197700,o,keydown
45198000,#,keydown
45198200,#,keydown
45199200, ,keydown
45199900,t,keydown
45200000,r,keydown
45200000,e,keydown
45200500,#,keydown
45200700,#,keydown
45202200,Enter,keydown
45203500,o,keydown
45203800,g,keydown
45203800,n,keydown
45204000,i,keydown
45204100, ,keydown
45204400,v,keydown
45204500,o,keydown
45204600,l,keydown
45204800,t,keydown
45204800,a,keydown
45205000, ,keydown
45205200,c,keydown
45205300,h,keydown
45205500,e,keydown
45205800, ,keydown
45207200,f,keydown
45207200,a,keydown
45207500,t,keydown
45207500,e,keydown
45207600, ,keydown
45207900,l,keydown
45208700,#,keydown
45208900,e,keydown
45209100,s,keydown
45209300,p,keydown
45209500,e,keydown
45209600,r,keydown
45209700,i,keydown
45209800,m,keydown
45210000,e,keydown
45210000,n,keydown
45210100,t,keydown
45210300,o,keydown
45210900, ,keydown
45212900,s,keydown
45213100,c,keydown
45213400,r,keydown
45213600,i,keydown
45213700,v,keydown
45214000,e,keydown
45214200,t,keydown
45214300,e,keydown
45214500, ,keydown
45215400,q,keydown
45215600,u,keydown
45215700,a,keydown
45215800,l,keydown
45215900,c,keydown
45216100,o,keydown
45216200,s,keydown
45216300,a,keydown
45216400, ,keydown
45216600,d,keydown
45216600,i,keydown
45216800, ,keydown
45216900,d,keydown
45217100,i,keydown
45217200,v,keydown
45217300,e,keydown
45217400,r,keydown
45217700,s,keydown
45217900,o,keydown
45218800,",",keydown
45219100,Enter,keydown
45219400,i,keydown
45219500,n,keydown
45219700,f,keydown
45219900,a,keydown
45220000,t,keydown
45220100,t,keydown
45220300,i,keydown
45220400, ,keydown
45220500,c,keydown
45220600,o,keydown
45220700,m,keydown
45220800,e,keydown
45221000, ,keydown
45221200,v,keydown
45221300,e,keydown
45221500,d,keydown
45221600,i,keydown
45221600, ,keydown
45221800,s,keydown
45222100,t,keydown
45222200,o,keydown
45222300, ,keydown
45222500,i,keydown
45222600,n,keydown
45222900,v,keydown
45223000,e,keydown
45223200,n,keydown
45223400,t,keydown
45223400,a,keydown
45223600,n,keydown
45223900,d,keydown
45224000,o,keydown
45224100, ,keydown
45224200,d,keydown
45224400,e,keydown
45224500,l,keydown
45224600,l,keydown
45224700,e,keydown
45224800, ,keydown
45225000,f,keydown
45225000,r,keydown
45225200,a,keydown
45225500,s,keydown
45225600,i,keydown
45225700, ,keydown
45225800,c,keydown
45226000,h,keydown
45226000,g,keydown
45226800,Backspace,keydown
45227500,e,keydown
45227600, ,keydown
45227800,s,keydown
45227900,i,keydown
45228000,a,keydown
45228100,n,keydown
45228300,o,keydown
45228300, ,keydown
45228600,d,keydown
45228600,i,keydown
45228700, ,keydown
45228900,s,keydown
45229100,e,keydown
45229100,n,keydown
45229300,s,keydown
45229400,o,keydown
45229600, ,keydown
45229700,c,keydown
45229700,o,keydown
45229900,m,keydown
45230100,p,keydown
45230200,i,keydown
45230400,u,keydown
45231200,t,keydown
45231300,o,keydown
45231600,Enter,keydown
45231800,m,keydown
45231900,a,keydown
45232000, ,keydown
45232300,c,keydown
45232300,o,keydown
45232400,n,keydown
45232600, ,keydown
45232800,p,keydown
45232800,o,keydown
45233600,c,keydown
45233700,a,keydown
45234100,",",keydown
45234300, ,keydown
45234400,a,keydown
45234600,n,keydown
45234700,z,keydown
45235100,i,keydown
45235100, ,keydown
45235500,p,keydown
45235500,o,keydown
45236000,c,keydown
45236100,h,keydown
45236200,i,keydown
45236600,s,keydown
45236700,s,keydown
45236800,i,keydown
45237000,m,keydown
45237200,a,keydown
45237400,",",keydown
45237800, ,keydown
45238900,f,keydown
45238900,a,keydown
45239300,n,keydown
45239400,t,keydown
45239500,a,keydown
45240100,s,keydown
45240300,i,keydown
45240400,a,keydown
45241500,.,keydown
45242400, ,keydown
45242500,#,keydown
45242800,s,keydown
45243000,p,keydown
45243200,e,keydown
45243300,r,keydown
45243400,o,keydown
45243600, ,keydown
45243800,c,keydown
45243900,o,keydown
45244000,m,keydown
45244100,u,keydown
45244200,n,keydown
45244400,q,keydown
45244500,u,keydown
45244600,e,keydown
45244800, ,keydown
45244900,c,keydown
45245000,h,keydown
45245100,e,keydown
45245400, ,keydown
45245700,v,keydown
45245800,a,keydown
45246100,d,keydown
45246200,a,keydown
45246300,n,keydown
45246500,o,keydown
45246700,Enter,keydown
45247000,b,keydown
45247100,e,keydown
45247300,n,keydown
45247400,e,keydown
45248300,.,keydown
45248500, ,keydown
45249800,#,keydown
45250400,n,keydown
45250600,o,keydown
45250700,n,keydown
45250900, ,keydown
45251200,s,keydown
45251200,c,keydown
45251500,r,keydown
45251600,i,keydown
45251700,v,keydown
45251800,e,keydown
45252000,t,keydown
45252000,e,keydown
45252200, ,keydown
45252500,c,keydown
45252700,o,keydown
45252700,s,keydown
45252800,e,keydown
45253000, ,keydown
45253500,t,keydown
45253500,r,keydown
45253700,o,keydown
45253900,p,keydown
45254000,p,keydown
45254100,o,keydown
45254100, ,keydown
45254500,p,keydown
45254500,e,keydown
45254600,r,keydown
45254800,s,keydown
45254900,o,keydown
45255100,n,keydown
45255100,a,keydown
45255300,l,keydown
45255400,e,keydown
45255600,i,keydown
45256100,Backspace,keydown
45256200,Backspace,keydown
45257200,i,keydown
45259300,",",keydown
45259400, ,keydown
45259700,f,keydown
45259800,a,keydown
45260100,Backspace,keydown
45260300,Backspace,keydown
45260400,d,keydown
45260500,a,keydown
45261200,t,keydown
45261600,o,keydown
45261600, ,keydown
45261800,c,keydown
45261900,h,keydown
45262100,e,keydown
45262100, ,keydown
45262200,i,keydown
45262400,n,keydown
45262400, ,keydown
45262500,q,keydown
45262900,u,keydown
45262900,e,keydown
45263200,s,keydown
45263400,t,keydown
45263500,a,keydown
45263500, ,keydown
45264000,f,keydown
45264000,a,keydown
45264600,s,keydown
45264700,e,keydown
45266200, ,keydown
45267500,Enter,keydown
45267700,d,keydown
45267900,e,keydown
45268200,l,keydown
45268300,l,keydown
45268600,#,keydown
45269000,e,keydown
45269100,s,keydown
45269300,p,keydown
45269400,e,keydown
45269600,r,keydown
45269700,i,keydown
45269800,m,keydown
45270000,e,keydown
45270100,n,keydown
45270300,t,keydown
45270400,o,keydown
45270700, ,keydown
45272800,q,keydown
45273100,u,keydown
45273200,e,keydown
45273300,l,keydown
45273400,l,keydown
45273600,o,keydown
45273700, ,keydown
45273900,c,keydown
45274000,h,keydown
45274100,e,keydown
45274100, ,keydown
45274400,z,keydown
45274500,c,keydown
45275500,Backspace,keydown
45275700,Backspace,keydown
45276100,s,keydown
45276200,c,keydown
45276400,r,keydown
45276600,i,keydown
45276800,v,keydown
45276800,e,keydown
45277000,t,keydown
45277100,e,keydown
45277500, ,keydown
45278900,v,keydown
45279000,i,keydown
45279200,e,keydown
45279300,n,keydown
45279400,e,keydown
45279500, ,keydown
45279700,m,keydown
45279800,e,keydown
45279900,m,keydown
45280000,o,keydown
45280200,r,keydown
45280300,i,keydown
45280700,z,keydown
45280800,z,keydown
45280900,a,keydown
45281300,t,keydown
45281500,o,keydown
45281600, ,keydown
45282700,e,keydown
45282700, ,keydown
45283100,p,keydown
45283200,o,keydown
45283400,t,keydown
45283400,r,keydown
45283500,e,keydown
45283800,b,keydown
45284100,b,keydown
45284100,e,keydown
45284300, ,keydown
45285500,Enter,keydown
45285900,p,keydown
45285900,o,keydown
45286200,t,keydown
45286300,e,keydown
45286300,n,keydown
45286600,z,keydown
45286800,i,keydown
45287000,a,keydown
45287100,l,keydown
45287300,m,keydown
45287300,e,keydown
45287400,n,keydown
45287600,t,keydown
45287600,e,keydown
45287900, ,keydown
45289200,e,keydown
45289400,s,keydown
45289600,s,keydown
45290200,e,keydown
45290300,r,keydown
45290400,e,keydown
45290500, ,keydown
45290800,l,keydown
45290900,e,keydown
45291200,t,keydown
45291300,t,keydown
45291400,o,keydown
45291400, ,keydown
45291600,d,keydown
45291800,a,keydown
45292000, ,keydown
45292400,a,keydown
45292600,l,keydown
45292700,t,keydown
45292800,r,keydown
45292900,i,keydown
45294200,.,keydown
45296600, ,keydown
45296700,#,keydown
45296900,p,keydown
45297100,o,keydown
45297400,t,keydown
45297400,e,keydown
45297600,t,keydown
45297700,e,keydown
45297800, ,keydown
45298100,f,keydown
45298100,a,keydown
45298300,r,keydown
45298400,e,keydown
45298500, ,keydown
45298800,l,keydown
45299100,#,keydown
45299200,e,keydown
45299400,s,keydown
45299600,p,keydown
45299700,e,keydown
45300200,r,keydown
45300300,i,keydown
45300400,m,keydown
45300900,e,keydown
45301000,n,keydown
45301000,t,keydown
45301200,o,keydown
45301400, ,keydown
45302700,q,keydown
45303000,u,keydown
45303100,a,keydown
45303200,n,keydown
45303400,f,keydown
45303800,Backspace,keydown
45303900,d,keydown
45304000,o,keydown
45304600,Enter,keydown
45305200,v,keydown
45305400,o,keydown
45305600,l,keydown
45305900,e,keydown
45306000,t,keydown
45306100,e,keydown
45307300, ,keydown
45307600,#,keydown
45308600,#,keydown
45309000,s,keydown
45309200,i,keydown
45309300,e,keydown
45309500,t,keydown
45309600,e,keydown
45309700, ,keydown
45310100,n,keydown
45310200,a,keydown
45310500,t,keydown
45310600,u,keydown
45311100,r,keydown
45311400,a,keydown
45311500,l,keydown
45311700,m,keydown
45311800,e,keydown
45312000,n,keydown
45312000,t,keydown
45312200,e,keydown
45312200, ,keydown
45312400,l,keydown
45312500,i,keydown
45312800,b,keydown
45312800,e,keydown
45313000,r,keydown
45313200,i,keydown
45313300, ,keydown
45314900,d,keydown
45314900,i,keydown
45315100, ,keydown
45315300,n,keydown
45315400,o,keydown
45315500,n,keydown
45315600, ,keydown
45315700,f,keydown
45315800,a,keydown
45316100,r,keydown
45316100,e,keydown
45316600, ,keydown
45317100,l,keydown
45317300,#,keydown
45317500,e,keydown
45317600,s,keydown
45317800,p,keydown
45317900,e,keydown
45318100,r,keydown
45318200,i,keydown
45318300,m,keydown
45318400,e,keydown
45318600,n,keydown
45318700,t,keydown
45318800,o,keydown
45319600, ,keydown
45322000,u,keydown
45322100,n,keydown
45322400,Enter,keydown
45322500,d,keydown
45322700,a,keydown
45322900,t,keydown
45322900,o,keydown
45323000, ,keydown
45323400,g,keydown
45323500,i,keydown
45323500,o,keydown
45323700,r,keydown
45323800,n,keydown
45324000,o,keydown
45326200,",",keydown
45326400, ,keydown
45326900,s,keydown
45327000,e,keydown
45327000, ,keydown
45327300,n,keydown
45327300,o,keydown
45327500,n,keydown
45327600, ,keydown
45328000,n,keydown
45328200,e,keydown
45328200, ,keydown
45328400,a,keydown
45328500,v,keydown
45328700,e,keydown
45328800,t,keydown
45329000,e,keydown
45329000, ,keydown
45330100,v,keydown
45330100,o,keydown
45330200,g,keydown
45330400,l,keydown
45330500,i,keydown
45330600,a,keydown
45331600,",",keydown
45331600, ,keydown
45331900,o,keydown
45331900, ,keydown
45332200,n,keydown
45332200,o,keydown
45332400,n,keydown
45332400, ,keydown
45332900,n,keydown
45333000,e,keydown
45333100, ,keydown
45333300,a,keydown
45333500,v,keydown
45333500,e,keydown
45333700,t,keydown
45333800,e,keydown
45333900, ,keydown
45334100,i,keydown
45334200,l,keydown
45334300, ,keydown
45334500,t,keydown
45334500,e,keydown
45334600,m,keydown
45334800,p,keydown
45334800,o,keydown
45335700,.,keydown
45339300,Backspace,keydown
45339400,#,keydown
45339700,#,keydown
45339900,.,keydown
45340200,Enter,keydown
45341100,#,keydown
45341600,l,keydown
45341700,#,keydown
45342000,u,keydown
45342100,n,keydown
45342200,i,keydown
45342400,c,keydown
45342500,o,keydown
45342500, ,keydown
45343100,v,keydown
45343100,i,keydown
45343200,n,keydown
45343400,c,keydown
45343500,o,keydown
45343700,l,keydown
45343800,o,keydown
45344600, ,keydown
45345500,e,keydown
45346000,#,keydown
45346100, ,keydown
45347400,c,keydown
45347400,h,keydown
45347600,e,keydown
45347700, ,keydown
45348200,n,keydown
45348400,o,keydown
45348500,n,keydown
45348600, ,keydown
45350400,l,keydown
45350600,o,keydown
45350600, ,keydown
45351100,f,keydown
45351200,a,keydown
45351400,c,keydown
45351600,c,keydown
45351800,i,keydown
45351800,a,keydown
45352100,t,keydown
45352200,e,keydown
45353200, ,keydown
45353700,p,keydown
45353900,i,keydown
45354100,u,keydown
45354400,#,keydown
45354500, ,keydown
45354700,d,keydown
45354900,i,keydown
45355000, ,keydown
45355200,u,keydown
45355200,n,keydown
45355500,a,keydown
45355500, ,keydown
45355700,v,keydown
45355800,o,keydown
45356000,l,keydown
45356200,t,keydown
45356200,a,keydown
45356300, ,keydown
45356400,a,keydown
45356500,l,keydown
45356600, ,keydown
45357000,g,keydown
45357400,i,keydown
45357500,o,keydown
45357800,r,keydown
45357900,n,keydown
45358100,o,keydown
45358400,.,keydown
