timestamp,key,type
46656900,Backspace,keydown
46657000,Backspace,keydown
46657000,Backspace,keydown
46657000,Backspace,keydown
46657000,Backspace,keydown
46657000,Backspace,keydown
46657000,Backspace,keydown
46657000,Backspace,keydown
46657000,#,keydown
46657300,o,keydown
46657600,g,keydown
46657700,g,keydown
46657800,i,keydown
46657800, ,keydown
46658600,e,keydown
46658900,#,keydown
46658900, ,keydown
46659400,u,keydown
46659400,n,keydown
46659500,a,keydown
46659700, ,keydown
46659800,b,keydown
46659900,e,keydown
46660100,l,keydown
46660200,l,keydown
46660300,a,keydown
46660500, ,keydown
46660700,g,keydown
46660800,i,keydown
46660900,o,keydown
46661000,r,keydown
46661100,n,keydown
46661200,a,keydown
46661400,t,keydown
46661500,a,keydown
46661500, ,keydown
46661800,d,keydown
46661900,i,keydown
46661900, ,keydown
46662000,s,keydown
46662200,o,keydown
46662300,l,keydown
46662400,e,keydown
46663000,",",keydown
46663200, ,keydown
46663400,a,keydown
46663900,n,keydown
46664100,c,keydown
46664100,h,keydown
46664300,e,keydown
46664400, ,keydown
46664600,s,keydown
46664700, ,keydown
46664700,e,keydown
46664900,n,keydown
46665100,e,keydown
46665100,i,keydown
46665200, ,keydown
46665600,g,keydown
46665600,i,keydown
46665700,o,keydown
46665900,r,keydown
46665900,n,keydown
46666000,i,keydown
46666200, ,keydown
46666300,p,keydown
46666400,r,keydown
46666500,e,keydown
46666700,c,keydown
46666700,e,keydown
46666900,d,keydown
46667000,e,keydown
46667300,n,keydown
46667300,t,keydown
46667500,i,keydown
46668300,Enter,keydown
46669200,i,keydown
46669400,l,keydown
46669400, ,keydown
46669900,t,keydown
46669900,e,keydown
46670100,m,keydown
46670300,p,keydown
46670400,o,keydown
46670400, ,keydown
46670700,e,keydown
46670900,#,keydown
46671000, ,keydown
46671200,a,keydown
46671800,n,keydown
46671900,c,keydown
46672000,h,keydown
46672100,e,keydown
46672300, ,keydown
46672800,s,keydown
46673000,t,keydown
46673100,a,keydown
46673200,t,keydown
46673300,o,keydown
46673400, ,keydown
46673500,u,keydown
46673600,n,keydown
46673700, ,keydown
46673900,p,keydown
46674000,o,keydown
46674700,#,keydown
46674900, ,keydown
46675400,b,keydown
46675600,r,keydown
46675800,u,keydown
46675900,t,keydown
46676100,t,keydown
46676200,o,keydown
46678200,",",keydown
46678300, ,keydown
46678800,n,keydown
46678800,e,keydown
46679000,l,keydown
46679000, ,keydown
46679300,s,keydown
46679500,e,keydown
46679600,n,keydown
46679700,s,keydown
46679800,o,keydown
46679900, ,keydown
46680100,c,keydown
46680200,h,keydown
46680300,e,keydown
46680400, ,keydown
46680600,p,keydown
46680900,i,keydown
46681100,o,keydown
46681800,v,keydown
46681800,e,keydown
46682000,v,keydown
46682200,a,keydown
46682600, ,keydown
46682900,e,keydown
46683200,Enter,keydown
46683300,f,keydown
46683400,a,keydown
46683600,c,keydown
46683700,e,keydown
46684000,v,keydown
46684000,a,keydown
46684100, ,keydown
46684300,a,keydown
46684400,n,keydown
46684600,c,keydown
46684700,h,keydown
46684700,e,keydown
46684800, ,keydown
46685600,a,keydown
46685800,b,keydown
46685900,b,keydown
46686000,a,keydown
46686200,s,keydown
46686400,t,keydown
46686400,a,keydown
46686700,n,keydown
46686700,z,keydown
46686800,a,keydown
46686900, ,keydown
46687200,f,keydown
46687200,r,keydown
46687400,e,keydown
46687700,d,keydown
46687900,d,keydown
46688000,o,keydown
46689600,",",keydown
46689800, ,keydown
46690300,c,keydown
46690400,h,keydown
46690600,e,keydown
46690600, ,keydown
46690800,d,keydown
46690900,i,keydown
46691000, ,keydown
46691400,q,keydown
46691400,u,keydown
46691500,e,keydown
46691700,s,keydown
46691900,t,keydown
46692000,a,keydown
46692000, ,keydown
46692300,s,keydown
46692600,t,keydown
46692600,a,keydown
46692900,g,keydown
46692900,i,keydown
46693000,o,keydown
46693200,n,keydown
46693200,e,keydown
46693500, ,keydown
46694400,p,keydown
46694600,u,keydown
46694700,o,keydown
46695100,#,keydown
46695800, ,keydown
46695900,a,keydown
46696100,n,keydown
46696300,c,keydown
46696400,h,keydown
46696400,e,keydown
46696600,Enter,keydown
46697100,e,keydown
46697400,s,keydown
46697500,s,keydown
46697700,e,keydown
46697900,r,keydown
46697900,e,keydown
46698000, ,keydown
46699000,i,keydown
46699100,n,keydown
46699200,u,keydown
46699700,s,keydown
46699800,u,keydown
46699900,a,keydown
46700100,l,keydown
46700200,e,keydown
46700500,.,keydown
46707600, ,keydown
46708000,#,keydown
46708400,i,keydown
46708500,n,keydown
46708800,v,keydown
46708800,e,keydown
46709100,c,keydown
46709200,e,keydown
46709600,",",keydown
46709700, ,keydown
46710300,i,keydown
46710400,n,keydown
46710500, ,keydown
46710600,q,keydown
46710600,u,keydown
46710800,e,keydown
46711100,s,keydown
46711300,t,keydown
46711400,i,keydown
46711500, ,keydown
46711700,u,keydown
46712000,l,keydown
46712000,t,keydown
46712100,i,keydown
46712300,m,keydown
46712400,i,keydown
46712400, ,keydown
46712700,g,keydown
46712800,i,keydown
46712900,o,keydown
46713100,r,keydown
46713100,n,keydown
46713100,i,keydown
46713300, ,keydown
46713700,i,keydown
46713700,l,keydown
46713800, ,keydown
46714100,t,keydown
46714100,e,keydown
46714200,m,keydown
46714400,p,keydown
46714400,o,keydown
46714500, ,keydown
46714900,e,keydown
46715000,#,keydown
46715800,Backspace,keydown
46716200,#,keydown
46716300, ,keydown
46716400,s,keydown
46716700,t,keydown
46716700,a,keydown
46716900,t,keydown
46717000,o,keydown
46717200,Enter,keydown
46717900,q,keydown
46718200,u,keydown
46718200,a,keydown
46718500,s,keydown
46718600,i,keydown
46718600, ,keydown
46718800,s,keydown
46719100,e,keydown
46719100,m,keydown
46719300,p,keydown
46719300,r,keydown
46719400,e,keydown
46719500, ,keydown
46719600,s,keydown
46719700,o,keydown
46719900,l,keydown
46719900,e,keydown
46720400,g,keydown
46720500,g,keydown
46720700,i,keydown
46720800,a,keydown
46721000,t,keydown
46721200,o,keydown
46722400,",",keydown
46722600, ,keydown
46722800,e,keydown
46722800, ,keydown
46723100,l,keydown
46723200,a,keydown
46723400, ,keydown
46723600,t,keydown
46723600,e,keydown
46723800,m,keydown
46723900,p,keydown
46724100,e,keydown
46724600,r,keydown
46724600,a,keydown
46724900,t,keydown
46725000,u,keydown
46725200,r,keydown
46725200,a,keydown
46725300, ,keydown
46725600,e,keydown
46725800,#,keydown
46726000, ,keydown
46726100,a,keydown
46726300,u,keydown
46726500,m,keydown
46726700,e,keydown
46726700,n,keydown
46726800,t,keydown
46726900,a,keydown
46727100,t,keydown
46727200,a,keydown
46727300, ,keydown
46727500,a,keydown
46727700,b,keydown
46727900,b,keydown
46727900,a,keydown
46728100,s,keydown
46728200,t,keydown
46728300,a,keydown
46728500,n,keydown
46728600,z,keydown
46728700,a,keydown
46729700,.,keydown
46730900,Enter,keydown
46732500,#,keydown
46732700,s,keydown
46732900,p,keydown
46732900,e,keydown
46733200,r,keydown
46733300,i,keydown
46733500,a,keydown
46733600,m,keydown
46733700,o,keydown
46733700, ,keydown
46733900,c,keydown
46734000,h,keydown
46734100,e,keydown
46734200, ,keydown
46734400,c,keydown
46734500,o,keydown
46734600,n,keydown
46735100,t,keydown
46735500,i,keydown
46735700,n,keydown
46735700,u,keydown
46735800,i,keydown
46736000, ,keydown
46736200,c,keydown
46736400,o,keydown
46736600,s,keydown
46736700,i,keydown
46737200,#,keydown
46738300,",",keydown
46738400, ,keydown
46738700,i,keydown
46738700,n,keydown
46738900, ,keydown
46739100,q,keydown
46739300,u,keydown
46739300,e,keydown
46739500,s,keydown
46739700,t,keydown
46739700,o,keydown
46739900, ,keydown
46740000,m,keydown
46740100,o,keydown
46740200,d,keydown
46740400,o,keydown
46740400, ,keydown
46740600,s,keydown
46740700,i,keydown
46740900, ,keydown
46741600,p,keydown
46741700,o,keydown
46741900,t,keydown
46742000,r,keydown
46742200,a,keydown
46742400,n,keydown
46742500,n,keydown
46742800,o,keydown
46743300, ,keydown
46743500,a,keydown
46743700,p,keydown
46743900,p,keydown
46744100,r,keydown
46744100,e,keydown
46744400,z,keydown
46744600,z,keydown
46744700,a,keydown
46744900,r,keydown
46745000,e,keydown
46745700,Enter,keydown
46746200,t,keydown
46746200,u,keydown
46746400,t,keydown
46746600,t,keydown
46746900,e,keydown
46747700, ,keydown
46748000,l,keydown
46748200,e,keydown
46748300, ,keydown
46748600,b,keydown
46748700,e,keydown
46748800,l,keydown
46749000,l,keydown
46749100,e,keydown
46749400,z,keydown
46749600,z,keydown
46749800,e,keydown
46749900, ,keydown
46750400,d,keydown
46750400,e,keydown
46750800,l,keydown
46750800,l,keydown
46750900,a,keydown
46751000, ,keydown
46751300,n,keydown
46751400,a,keydown
46751600,t,keydown
46751700,u,keydown
46751900,r,keydown
46751900,a,keydown
46752500,",",keydown
46752700, ,keydown
46753700,d,keydown
46753700,a,keydown
46753900,l,keydown
46754000,l,keydown
46754100,a,keydown
46754300, ,keydown
46754300,f,keydown
46754500,r,keydown
46754900,u,keydown
46755100,t,keydown
46755400,t,keydown
46755600,a,keydown
46756900,",",keydown
46757100, ,keydown
46757400,c,keydown
46757500,o,keydown
46757700,m,keydown
46757900,e,keydown
46757900, ,keydown
46758100,l,keydown
46758200,e,keydown
46758300, ,keydown
46758700,c,keydown
46758700,i,keydown
46758900,l,keydown
46759000,i,keydown
46759100,e,keydown
46759500,g,keydown
46759600,i,keydown
46759700,e,keydown
46759900, ,keydown
46760100,c,keydown
46760200,h,keydown
46760300,e,keydown
46760700,Enter,keydown
46761100,m,keydown
46761300,i,keydown
46761400, ,keydown
46761600,p,keydown
46761700,i,keydown
46761900,a,keydown
46762100,c,keydown
46762300,c,keydown
46762300,i,keydown
46762400,o,keydown
46762600,n,keydown
46762600,i,keydown
46763200,Backspace,keydown
46763400,o,keydown
46763700, ,keydown
46764000,m,keydown
46764200,o,keydown
46764400,l,keydown
46764500,t,keydown
46764700,o,keydown
46764900,",",keydown
46765100, ,keydown
46765500,a,keydown
46765600,l,keydown
46765700,l,keydown
46766000,a,keydown
46766000, ,keydown
46766300,p,keydown
46766400,o,keydown
46766600,s,keydown
46766700,s,keydown
46766900,i,keydown
46766900,b,keydown
46767100,i,keydown
46767200,l,keydown
46767400,i,keydown
46767500,t,keydown
46767700,a,keydown
46768000,#,keydown
46768100, ,keydown
46768500,d,keydown
46768600,i,keydown
46768700, ,keydown
46768900,f,keydown
46769000,a,keydown
46769200,r,keydown
46769200,t,keydown
46769200,e,keydown
46769800,Backspace,keydown
46770000,Backspace,keydown
46770100,e,keydown
46770200, ,keydown
46770800,g,keydown
46771100,i,keydown
46771300,r,keydown
46771300,i,keydown
46771400, ,keydown
46771600,i,keydown
46771600,n,keydown
46771800, ,keydown
46772100,b,keydown
46772300,i,keydown
46772500,c,keydown
46772500,i,keydown
46772700,c,keydown
46772900,l,keydown
46773000,e,keydown
46773200,t,keydown
46773400,t,keydown
46773500,a,keydown
46774300,Enter,keydown
46774700,i,keydown
46774700,n,keydown
46774800, ,keydown
46775000,m,keydown
46775100,e,keydown
46775500,z,keydown
46775700,z,keydown
46775900,o,keydown
46776000, ,keydown
46776800,a,keydown
46776900,l,keydown
46777100,l,keydown
46777200,a,keydown
46777300, ,keydown
46777500,c,keydown
46777600,a,keydown
46777900,m,keydown
46778200,p,keydown
46778400,a,keydown
46778700,g,keydown
46778900,n,keydown
46778900,a,keydown
46779900,.,keydown
46819100, ,keydown
46819500,#,keydown
46819700,i,keydown
46819900,l,keydown
46820000, ,keydown
46820200,s,keydown
46820300,o,keydown
46820400,l,keydown
46820600,e,keydown
46820600, ,keydown
46820700,m,keydown
46820900,i,keydown
46820900, ,keydown
46821900,m,keydown
46822000,a,keydown
46822800,Backspace,keydown
46822800,e,keydown
46823700,t,keydown
46823800,t,keydown
46823900,e,keydown
46824000, ,keydown
46824200,a,keydown
46824300,n,keydown
46824500,c,keydown
46824500,h,keydown
46824600,e,keydown
46824900, ,keydown
46826400,u,keydown
46826500,n,keydown
46826600, ,keydown
46827100,p,keydown
46827100,o,keydown
46827400,#,keydown
46827500, ,keydown
46827700,d,keydown
46827900,i,keydown
46827900, ,keydown
46828000,a,keydown
46828200,p,keydown
46828300,p,keydown
46828500,e,keydown
46829300,t,keydown
46829400,i,keydown
46829500,t,keydown
46829700,o,keydown
46830600,",",keydown
46830800,Enter,keydown
46831100,o,keydown
46831400,g,keydown
46831500,g,keydown
46831600,i,keydown
46831800, ,keydown
46832300,h,keydown
46832500,o,keydown
46832600, ,keydown
46832900,m,keydown
46832900,a,keydown
46833100,n,keydown
46833300,g,keydown
46833500,i,keydown
46833600,a,keydown
46833800,t,keydown
46833900,o,keydown
46834000, ,keydown
46834300,u,keydown
46834300,n,keydown
46834400, ,keydown
46834700,p,keydown
46834800,a,keydown
46834800,n,keydown
46835000,i,keydown
46835300,n,keydown
46835400,o,keydown
46835500, ,keydown
46835800,c,keydown
46835900,o,keydown
46836100,n,keydown
46836100, ,keydown
46836600,i,keydown
46836600,l,keydown
46836700, ,keydown
46837100,p,keydown
46837200,o,keydown
46837600,m,keydown
46837600,o,keydown
46837900,d,keydown
46838100,o,keydown
46838200,r,keydown
46838400,o,keydown
46839500,",",keydown
46840400, ,keydown
46840900,b,keydown
46841000,e,keydown
46841500,v,keydown
46841700,u,keydown
46841800,t,keydown
46841900,o,keydown
46842000, ,keydown
46842200,a,keydown
46842600,c,keydown
46842900,q,keydown
46843000,u,keydown
46843200,a,keydown
46843400, ,keydown
46844200,e,keydown
46844300, ,keydown
46844700,a,keydown
46844800,d,keydown
46844800,e,keydown
46845100,s,keydown
46845300,s,keydown
46845400,o,keydown
46845600,Enter,keydown
46846600,m,keydown
46846800,a,keydown
46846800,n,keydown
46847100,g,keydown
46847100,i,keydown
46847200,o,keydown
46847300, ,keydown
46847500,a,keydown
46847600,n,keydown
46847800,c,keydown
46847900,h,keydown
46848000,e,keydown
46848100, ,keydown
46848400,u,keydown
46848500,n,keydown
46848600, ,keydown
46848800,p,keydown
46848900,o,keydown
46849200,#,keydown
46849400, ,keydown
46849600,d,keydown
46849700,i,keydown
46849800, ,keydown
46850200,f,keydown
46850200,r,keydown
46850600,u,keydown
46850800,t,keydown
46850900,t,keydown
46851000,a,keydown
46852800,",",keydown
46853300, ,keydown
46854800,p,keydown
46854900,e,keydown
46854900,r,keydown
46855000, ,keydown
46855300,o,keydown
46855400,r,keydown
46855500,a,keydown
46855600, ,keydown
46855800,n,keydown
46856000,o,keydown
46856100,n,keydown
46856200, ,keydown
46856500,a,keydown
46856600,n,keydown
46856700,c,keydown
46856800,o,keydown
46857000,r,keydown
46857000,a,keydown
46857100, ,keydown
46857900,l,keydown
46858100,e,keydown
46858200, ,keydown
46858900,c,keydown
46859100,i,keydown
46859900,l,keydown
46859900,i,keydown
46860200,e,keydown
46860300,g,keydown
46860500,i,keydown
46860600,e,keydown
46866600,",",keydown
46869800,Enter,keydown
46870300,m,keydown
46870400,a,keydown
46870500, ,keydown
46870700,s,keydown
46870700,p,keydown
46870900,e,keydown
46871000,r,keydown
46871200,o,keydown
46871200, ,keydown
46871500,d,keydown
46871500,i,keydown
46871500, ,keydown
46871800,p,keydown
46871800,o,keydown
46872100,t,keydown
46872200,e,keydown
46872300,r,keydown
46872900,l,keydown
46873000,e,keydown
46873100, ,keydown
46873300,m,keydown
46873400,a,keydown
46873600,g,keydown
46873800,i,keydown
46873800,a,keydown
46874000,r,keydown
46874100,e,keydown
46874100, ,keydown
46874300,n,keydown
46874400,e,keydown
46874600,i,keydown
46874600, ,keydown
46874900,p,keydown
46874900,r,keydown
46875000,o,keydown
46875200,s,keydown
46875400,s,keydown
46875600,i,keydown
46875700,m,keydown
46875800,i,keydown
46875800, ,keydown
46876500,g,keydown
46876500,i,keydown
46876600,o,keydown
46876700,r,keydown
46876800,n,keydown
46877000,i,keydown
46877200,.,keydown
