timestamp,key,type
272100,Backspace,keydown
272100,Backspace,keydown
272100,Backspace,keydown
272100,Backspace,keydown
272100,Backspace,keydown
272100,Backspace,keydown
272100,Backspace,keydown
272100,Backspace,keydown
272100,u,keydown
272300,n,keydown
272400, ,keydown
273000,b,keydown
273200,i,keydown
274200,g,keydown
274400,l,keydown
274600,i,keydown
275100,e,keydown
275900,t,keydown
276000,t,keydown
276900,Backspace,keydown
278300,c,keydown
278500,o,keydown
278600,n,keydown
278700, ,keydown
279000,u,keydown
279200,n,keydown
279300, ,keydown
279500,b,keydown
279700,i,keydown
280000,g,keydown
280000,l,keydown
280200,i,keydown
280400,e,keydown
280700,t,keydown
280800,t,keydown
281000,o,keydown
281200, ,keydown
281400,d,keydown
281500,e,keydown
281800,l,keydown
281900,l,keydown
282300,#,keydown
282600,a,keydown
282800,u,keydown
282900,t,keydown
283100,u,keydown
283600,b,keydown
283900,u,keydown
284100,s,keydown
284400, ,keydown
285000,s,keydown
285200,i,keydown
285400, ,keydown
287200,p,keydown
287400,u,keydown
287600,o,keydown
288000,#,keydown
288200, ,keydown
288400,v,keydown
288700,i,keydown
288800,a,keydown
289000,g,keydown
289100,g,keydown
289300,i,keydown
289400,a,keydown
289700,r,keydown
289700,e,keydown
289900, ,keydown
290100,p,keydown
290300,e,keydown
290500,r,keydown
290700, ,keydown
290800,v,keydown
291200,Backspace,keydown
291500,c,keydown
291700,i,keydown
291900,r,keydown
292200,c,keydown
292400,a,keydown
292600, ,keydown
293300,7,keydown
293600,0,keydown
293800, ,keydown
294100,m,keydown
294300,i,keydown
294400,n,keydown
294600,u,keydown
294900,t,keydown
295100,i,keydown
295500,#,keydown
295800, ,keydown
296400,s,keydown
296600,e,keydown
296900, ,keydown
297000,p,keydown
297300,e,keydown
297500,r,keydown
297800,o,keydown
298000,#,keydown
298300, ,keydown
299100,s,keydown
299300,i,keydown
299400, ,keydown
299800,d,keydown
300400,Backspace,keydown
300700,t,keydown
300900,i,keydown
301800,m,keydown
302000,b,keydown
302200,r,keydown
302400,a,keydown
302500, ,keydown
303400,n,keydown
303600,u,keydown
303800,o,keydown
304100,v,keydown
304300,a,keydown
304400,m,keydown
304500,e,keydown
304600,n,keydown
304900,t,keydown
305100,e,keydown
305200, ,keydown
305900,i,keydown
306100,l,keydown
306200, ,keydown
306600,b,keydown
306700,i,keydown
307000,g,keydown
307000,l,keydown
307200,i,keydown
307400,e,keydown
307600,t,keydown
307700,t,keydown
308000,o,keydown
308200, ,keydown
308400,e,keydown
309000,n,keydown
309100,t,keydown
309300,r,keydown
309500,o,keydown
309700, ,keydown
309900,t,keydown
310300,a,keydown
310400,l,keydown
310600,e,keydown
310900,Enter,keydown
312700,t,keydown
312800,e,keydown
313000,r,keydown
313200,m,keydown
313300,i,keydown
313500,n,keydown
313900,e,keydown
314500, ,keydown
315400,e,keydown
315800,#,keydown
316000, ,keydown
316700,p,keydown
316900,o,keydown
317100,s,keydown
317300,s,keydown
317600,i,keydown
317700,b,keydown
317900,i,keydown
318200,l,keydown
318400,e,keydown
318500, ,keydown
319200,u,keydown
319300,s,keydown
319600,u,keydown
320000,f,keydown
320300,r,keydown
320400,u,keydown
321400,i,keydown
321600,r,keydown
321800,e,keydown
322100, ,keydown
323100,d,keydown
323300,e,keydown
323700,l,keydown
323900,l,keydown
325300,#,keydown
325700,i,keydown
325800,n,keydown
326000,t,keydown
326100,e,keydown
326300,r,keydown
326400,o,keydown
326600, ,keydown
326800,p,keydown
327000,e,keydown
327100,r,keydown
327400,c,keydown
327700,o,keydown
327800,r,keydown
328000,s,keydown
328300,o,keydown
328500, ,keydown
328700,s,keydown
328900,i,keydown
329500,n,keydown
329700,o,keydown
329800, ,keydown
330000,a,keydown
330100,l,keydown
330300, ,keydown
330700,c,keydown
330900,a,keydown
331100,p,keydown
331600,o,keydown
331800,l,keydown
332000,i,keydown
332200,n,keydown
332400,e,keydown
332800,a,keydown
335800, ,keydown
336000,a,keydown
336100,n,keydown
336200,c,keydown
336600,h,keydown
336800,e,keydown
336900, ,keydown
337100,s,keydown
337400,e,keydown
337600, ,keydown
339000,i,keydown
339500, ,keydown
340200,7,keydown
340400,0,keydown
340500, ,keydown
340800,m,keydown
341000,i,keydown
341200,n,keydown
341300,u,keydown
341500,t,keydown
341600,i,keydown
341800, ,keydown
342200,s,keydown
342300,c,keydown
342500,a,keydown
342900,d,keydown
343100,o,keydown
343300,n,keydown
343600,o,keydown
343900,#,keydown
344700,Enter,keydown
345500,q,keydown
345700,u,keydown
345800,e,keydown
346100,s,keydown
346300,t,keydown
347000,o,keydown
347100, ,keydown
347600,e,keydown
347800,#,keydown
348100, ,keydown
348300,p,keydown
348400,a,keydown
348600,r,keydown
348700,t,keydown
348900,i,keydown
349100,c,keydown
349300,o,keydown
349500,l,keydown
349600,a,keydown
349800,r,keydown
350000,m,keydown
350100,e,keydown
350200,n,keydown
350400,t,keydown
350500,e,keydown
350700, ,keydown
350900,v,keydown
351000,a,keydown
351200,n,keydown
351500,t,keydown
351700,a,keydown
351900,g,keydown
352000,g,keydown
352300,i,keydown
352500,o,keydown
352600,s,keydown
352900,o,keydown
353000, ,keydown
353300,s,keydown
353500,e,keydown
353700, ,keydown
354100,s,keydown
354300,i,keydown
354400, ,keydown
354800,f,keydown
354900,a,keydown
355200,v,keydown
355500,Backspace,keydown
355900,n,keydown
356000,n,keydown
356200,o,keydown
356300, ,keydown
356600,d,keydown
356800,e,keydown
361600,l,keydown
361800,l,keydown
362000,e,keydown
362300, ,keydown
362400,c,keydown
362500,o,keydown
362800,m,keydown
362900,m,keydown
363200,i,keydown
363400,s,keydown
363600,s,keydown
363800,i,keydown
364000,o,keydown
364200,n,keydown
364400,i,keydown
364600, ,keydown
364700,i,keydown
365000,n,keydown
365200, ,keydown
365300,c,keydown
365400,e,keydown
365600,r,keydown
366100,Backspace,keydown
366300,n,keydown
366500,t,keydown
366600,r,keydown
366800,o,keydown
367100, ,keydown
367300,c,keydown
367400,o,keydown
368000,m,keydown
368200,e,keydown
368300, ,keydown
368500,e,keydown
368800,#,keydown
369000, ,keydown
369200,a,keydown
369400,v,keydown
369600,v,keydown
369800,e,keydown
369900,n,keydown
370100,u,keydown
370300,t,keydown
370400,o,keydown
370500, ,keydown
370700,a,keydown
370800, ,keydown
371200,m,keydown
371400,e,keydown
371500, ,keydown
371900,q,keydown
372100,u,keydown
372200,e,keydown
372300,s,keydown
372500,t,keydown
372700,a,keydown
372800, ,keydown
373000,m,keydown
373200,a,keydown
373400,t,keydown
373500,t,keydown
373700,i,keydown
373900,n,keydown
374200,a,keydown
374400,#,keydown
374700, ,keydown
379500,s,keydown
379600,a,keydown
379900,r,keydown
380600,e,keydown
380900,b,keydown
381100,b,keydown
381200,e,keydown
381400, ,keydown
381900,b,keydown
382100,e,keydown
382200,l,keydown
382400,l,keydown
382500,o,keydown
382700, ,keydown
383000,c,keydown
383100,h,keydown
383300,e,keydown
383300, ,keydown
383600,l,keydown
383900,o,keydown
384000, ,keydown
384200,p,keydown
384400,e,keydown
384500,r,keydown
384800,m,keydown
385000,e,keydown
385100,t,keydown
385300,t,keydown
385600,e,keydown
385800,s,keydown
385900,s,keydown
386600,e,keydown
386700,r,keydown
386900,o,keydown
387200, ,keydown
387400,a,keydown
387700,n,keydown
388000,c,keydown
388000,h,keydown
388200,e,keydown
388300, ,keydown
389000,p,keydown
389200,e,keydown
389300,r,keydown
389400, ,keydown
389600,l,keydown
389800,e,keydown
389900, ,keydown
390300,t,keydown
390400,r,keydown
390700,a,keydown
391000,t,keydown
391200,t,keydown
391300,e,keydown
391600, ,keydown
391800,e,keydown
392100,x,keydown
392500,t,keydown
392800,r,keydown
393000,a,keydown
393500,u,keydown
393700,r,keydown
394000,b,keydown
394200,a,keydown
394600,n,keydown
395000,e,keydown
396300,#,keydown
396600, ,keydown
397700,i,keydown
398000,o,keydown
398100, ,keydown
398400,c,keydown
398400,h,keydown
398600,e,keydown
398700, ,keydown
398900,h,keydown
399100,o,keydown
399200, ,keydown
399500,a,keydown
399700,b,keydown
399800,i,keydown
400200,t,keydown
400800,Backspace,keydown
401800,t,keydown
402000,a,keydown
402100,t,keydown
402400,o,keydown
402600, ,keydown
402900,p,keydown
402900,#,keydown
403700,Backspace,keydown
403900,e,keydown
404500,r,keydown
404500, ,keydown
404800,l,keydown
405000,u,keydown
405200,n,keydown
405300,g,keydown
405500,o,keydown
405600, ,keydown
405900,t,keydown
406100,e,keydown
406200,m,keydown
406400,p,keydown
406600,o,keydown
406800, ,keydown
408800,a,keydown
408900, ,keydown
409200,c,keydown
409400,o,keydown
409600,l,keydown
409700,l,keydown
409900,e,keydown
410100,g,keydown
410200,n,keydown
410400,o,keydown
410600, ,keydown
411100,m,keydown
411300,i,keydown
411400, ,keydown
412800,o,keydown
413100,c,keydown
413300,c,keydown
414100,o,keydown
414200,r,keydown
414400,r,keydown
414600,e,keydown
414900,v,keydown
415100,a,keydown
415200,n,keydown
415400,o,keydown
415600, ,keydown
415700,s,keydown
416000,e,keydown
416200,m,keydown
417000,p,keydown
417100,r,keydown
417300,e,keydown
417500, ,keydown
418400,2,keydown
418600, ,keydown
418900,b,keydown
419100,i,keydown
419400,g,keydown
419600,l,keydown
419900,i,keydown
420300,e,keydown
420500,t,keydown
420700,t,keydown
421000,i,keydown
421800, ,keydown
422600,a,keydown
422800,n,keydown
423600,c,keydown
423800,h,keydown
423900,e,keydown
424100, ,keydown
424300,p,keydown
424300,e,keydown
424500,r,keydown
424700, ,keydown
424900,a,keydown
425100,n,keydown
425600,d,keydown
426000,a,keydown
426200,r,keydown
426400,e,keydown
426600, ,keydown
426800,s,keydown
426900,o,keydown
427100,l,keydown
428200,o,keydown
428400, ,keydown
436400,n,keydown
436500,e,keydown
436700,i,keydown
436800, ,keydown
437000,p,keydown
437200,r,keydown
437400,e,keydown
437700,s,keydown
437900,s,keydown
438000,i,keydown
438100, ,keydown
438400,d,keydown
438700,e,keydown
439100,l,keydown
439200,l,keydown
439900,#,keydown
440400,a,keydown
440600,l,keydown
441000,e,keydown
441200,n,keydown
441400,i,keydown
441600,a,keydown
441700, ,keydown
445900,c,keydown
446100,h,keydown
446200,e,keydown
446400, ,keydown
447200,d,keydown
447400,i,keydown
447800,s,keydown
448100,t,keydown
448300,a,keydown
448400, ,keydown
448700,p,keydown
448900,o,keydown
449100,c,keydown
449100,h,keydown
449400,i,keydown
449600, ,keydown
451700,c,keydown
451800,h,keydown
452300,i,keydown
452500,l,keydown
452700,o,keydown
453000,m,keydown
453200,e,keydown
453400,t,keydown
453500,r,keydown
453800,i,keydown
453800, ,keydown
455900,d,keydown
456100,a,keydown
456300, ,keydown
456400,c,keydown
456600,a,keydown
456900,s,keydown
457100,a,keydown
457300, ,keydown
457400,m,keydown
457700,i,keydown
457800,a,keydown
458800, ,keydown
459000,9,keydown
460600,c,keydown
460800,i,keydown
460900,r,keydown
461100,c,keydown
461400,a,keydown
461600, ,keydown
461900,4,keydown
462700,0,keydown
463100, ,keydown
463400,e,keydown
463700, ,keydown
464500,q,keydown
464700,u,keydown
464900,i,keydown
465000,n,keydown
465100,d,keydown
465300,i,keydown
465500, ,keydown
468100,p,keydown
468300,e,keydown
468400,r,keydown
468600, ,keydown
470300,t,keydown
471000,Backspace,keydown
471300,o,keydown
471400,r,keydown
471700,n,keydown
471800,a,keydown
472100,r,keydown
472200,e,keydown
472400, ,keydown
472500,i,keydown
472600,n,keydown
472700,d,keydown
472900,i,keydown
473400,e,keydown
473700,t,keydown
473900,r,keydown
474100,o,keydown
474200, ,keydown
474400,d,keydown
474900,o,keydown
475000,v,keydown
475200,e,keydown
475900,v,keydown
476100,o,keydown
476300, ,keydown
478400,o,keydown
478700,b,keydown
478800,b,keydown
479000,l,keydown
479200,i,keydown
479400,g,keydown
479700,a,keydown
479900,t,keydown
480100,o,keydown
480200,r,keydown
480500,i,keydown
480700,a,keydown
480800,m,keydown
480900,e,keydown
481000,n,keydown
481100,t,keydown
481300,e,keydown
481500, ,keydown
482100,t,keydown
482300,i,keydown
482500,m,keydown
483100,b,keydown
483200,r,keydown
483400,a,keydown
483600,r,keydown
483800,e,keydown
484000, ,keydown
484200,n,keydown
484500,u,keydown
484700,o,keydown
484900,v,keydown
485100,a,keydown
485100,m,keydown
485300,e,keydown
485400,n,keydown
485500,t,keydown
485700,e,keydown
486200,#,keydown
486400,Enter,keydown
490500,o,keydown
490900,r,keydown
491900,Backspace,keydown
492000,Backspace,keydown
494800,s,keydown
495000,e,keydown
495200, ,keydown
495500,s,keydown
495600,i,keydown
495700, ,keydown
496000,c,keydown
496000,o,keydown
496300,n,keydown
496400,t,keydown
496600,a,keydown
496700, ,keydown
496800,c,keydown
497000,h,keydown
497200,e,keydown
497300, ,keydown
497500,a,keydown
497700,l,keydown
497900,l,keydown
498100,o,keydown
498300,r,keydown
498400,a,keydown
498600, ,keydown
498700,n,keydown
498900,o,keydown
499100,n,keydown
499300, ,keydown
500000,a,keydown
500200,v,keydown
500400,e,keydown
500900,v,keydown
501200,o,keydown
501400, ,keydown
501600,l,keydown
501700,a,keydown
501800, ,keydown
502000,p,keydown
502200,a,keydown
502600,t,keydown
502900,e,keydown
504000,n,keydown
504300,t,keydown
504600,e,keydown
504800, ,keydown
507400,e,keydown
507600, ,keydown
507900,n,keydown
508000,e,keydown
508300,p,keydown
508500,p,keydown
508700,u,keydown
508800,r,keydown
509000,e,keydown
509100, ,keydown
509600,g,keydown
509800,u,keydown
509900,a,keydown
510100,d,keydown
510500,a,keydown
510900,g,keydown
511100,n,keydown
511200,a,keydown
511400,v,keydown
511600,o,keydown
511800, ,keydown
512100,n,keydown
512300,u,keydown
512500,l,keydown
512700,l,keydown
512800,a,keydown
513000, ,keydown
514200,e,keydown
514300,r,keydown
514500,a,keydown
514600, ,keydown
515000,s,keydown
515200,i,keydown
515400,c,keydown
515700,u,keydown
516000,r,keydown
516100,a,keydown
516300,m,keydown
516400,e,keydown
516500,n,keydown
516600,t,keydown
516700,e,keydown
516900, ,keydown
517500,d,keydown
517700,i,keydown
518700,s,keydown
518900,a,keydown
519200,g,keydown
519400,e,keydown
519700,v,keydown
519900,o,keydown
520100,l,keydown
520300,e,keydown
521200,#,keydown
