timestamp,key,type
5419800,Backspace,keydown
5419800,Backspace,keydown
5419800,Backspace,keydown
5419800,Backspace,keydown
5419800,Backspace,keydown
5419800,Backspace,keydown
5419800,Backspace,keydown
5419800,Backspace,keydown
5419800,c,keydown
5420000,i,keydown
5420100,a,keydown
5420500, ,keydown
5420900,Backspace,keydown
5421200,o,keydown
5421400, ,keydown
5421500,c,keydown
5421600,i,keydown
5421700,a,keydown
5421900,o,keydown
5422000, ,keydown
5422200,#,keydown
5422400,d,keydown
5422600,n,keydown
5422800,i,keydown
5422900,e,keydown
5423000,l,keydown
5423200,e,keydown
5423600,",",keydown
5423700, ,keydown
5423900,c,keydown
5424000,h,keydown
5424100,e,keydown
5424200, ,keydown
5424300,t,keydown
5424300,i,keydown
5424500, ,keydown
5424700,r,keydown
5424800,a,keydown
5425000,c,keydown
5425100,c,keydown
5425200,o,keydown
5425400,n,keydown
5425500,t,keydown
5425700,o,keydown
5425800, ,keydown
5426100,o,keydown
5426300,g,keydown
5426500,g,keydown
5426500,i,keydown
5426800,#,keydown
5426900,#,keydown
5427200, ,keydown
5431600,#,keydown
5431800,s,keydown
5432100,t,keydown
5432100,o,keydown
5432300, ,keydown
5433900,c,keydown
5434000,h,keydown
5434100,i,keydown
5434200,a,keydown
5434400,c,keydown
5434500,c,keydown
5434600,h,keydown
5434700,i,keydown
5434800,e,keydown
5434800,r,keydown
5435000,a,keydown
5435100,n,keydown
5435200,d,keydown
5435400,o,keydown
5435500, ,keydown
5435600,v,keydown
5435600,i,keydown
5435800,a,keydown
5436300, ,keydown
5436400,m,keydown
5436600,a,keydown
5436600,i,keydown
5436800,l,keydown
5437000,Enter,keydown
5437200,c,keydown
5437300,o,keydown
5437400,n,keydown
5437600, ,keydown
5437700,i,keydown
5437900,l,keydown
5438100, ,keydown
5438200,s,keydown
5438400,i,keydown
5438500,g,keydown
5438500,n,keydown
5438700,o,keydown
5438900,r,keydown
5438900, ,keydown
5439100,#,keydown
5439400,o,keydown
5439700,l,keydown
5439800,i,keydown
5439900,v,keydown
5440000,i,keydown
5440200,e,keydown
5440200,r,keydown
5440400, ,keydown
5440500,#,keydown
5440600,m,keydown
5440900,i,keydown
5441000,c,keydown
5441000,h,keydown
5441200,e,keydown
5441300,l,keydown
5441600,",",keydown
5441600, ,keydown
5441800,d,keydown
5441900,e,keydown
5442000,l,keydown
5442100,l,keydown
5442300,a,keydown
5442500, ,keydown
5442600,#,keydown
5442800,c,keydown
5443100,y,keydown
5443400,b,keydown
5443600,e,keydown
5443700,r,keydown
5443900,b,keydown
5444100,o,keydown
5444200,t,keydown
5444500,i,keydown
5444600,c,keydown
5444700,s,keydown
5447300,.,keydown
5447500, ,keydown
5447600,#,keydown
5448200,e,keydown
5448500,#,keydown
5448600, ,keydown
5448900,u,keydown
5449100,n,keydown
5449100,a,keydown
5449200, ,keydown
5449300,d,keydown
5449400,i,keydown
5449600,t,keydown
5449700,t,keydown
5449800,a,keydown
5450200, ,keydown
5450500,s,keydown
5450700,v,keydown
5450900,i,keydown
5451000,z,keydown
5451200,z,keydown
5451400,e,keydown
5451500,r,keydown
5451700,a,keydown
5451800,Enter,keydown
5452100,c,keydown
5452200,h,keydown
5452300,e,keydown
5452300, ,keydown
5452600,p,keydown
5452700,r,keydown
5452800,o,keydown
5452900,d,keydown
5453100,u,keydown
5453200,c,keydown
5453400,e,keydown
5453500, ,keydown
5453600,u,keydown
5453700,n,keydown
5453900, ,keydown
5454000,s,keydown
5454100,i,keydown
5454200,m,keydown
5454400,u,keydown
5454600,l,keydown
5454700,a,keydown
5454900,t,keydown
5455000,o,keydown
5455200,r,keydown
5455300,e,keydown
5455400, ,keydown
5456200,d,keydown
5456400,i,keydown
5456400, ,keydown
5456500,r,keydown
5456700,o,keydown
5456800,b,keydown
5456900,o,keydown
5457000,t,keydown
5457100, ,keydown
5458500,c,keydown
5458600,h,keydown
5458700,e,keydown
5458800, ,keydown
5458900,s,keydown
5459100,i,keydown
5459100, ,keydown
5459400,c,keydown
5459500,h,keydown
5459700,i,keydown
5459800,a,keydown
5459900,m,keydown
5460000,a,keydown
5460200, ,keydown
5461000,w,keydown
5461100,e,keydown
5461300,b,keydown
5461500,o,keydown
5461700,t,keydown
5461900,s,keydown
5462000,.,keydown
5462200, ,keydown
5463100,#,keydown
5463200,i,keydown
5463400,o,keydown
5463600, ,keydown
5463800,h,keydown
5463900,o,keydown
5463900, ,keydown
5464100,l,keydown
5464300,a,keydown
5464300,Enter,keydown
5464400,v,keydown
5464600,e,keydown
5464700,r,keydown
5464900,s,keydown
5464900,i,keydown
5464900,o,keydown
5465200,n,keydown
5465300,e,keydown
5465400, ,keydown
5465600,2,keydown
5465700,.,keydown
5466100,0,keydown
5467600,.,keydown
5467900, ,keydown
5468800,#,keydown
5469300,d,keydown
5469400,i,keydown
5469600, ,keydown
5469800,w,keydown
5469800,e,keydown
5470000,b,keydown
5470200,o,keydown
5470400,t,keydown
5470600,s,keydown
5470800, ,keydown
5478300,m,keydown
5478500,i,keydown
5478500, ,keydown
5478700,i,keydown
5478900,n,keydown
5479100,t,keydown
5479100,e,keydown
5479300,r,keydown
5479300,e,keydown
5479600,s,keydown
5479700,s,keydown
5479800,a,keydown
5479900, ,keydown
5480700,l,keydown
5480900,a,keydown
5481000, ,keydown
5481100,s,keydown
5481200,i,keydown
5481400,m,keydown
5481600,u,keydown
5481800,l,keydown
5481900,a,keydown
5482100,z,keydown
5482200,i,keydown
5482200,o,keydown
5482500,n,keydown
5483100,e,keydown
5483300, ,keydown
5483400,d,keydown
5483500,i,keydown
5483600, ,keydown
5483700,u,keydown
5483800,n,keydown
5484500, ,keydown
5484700,r,keydown
5484800,o,keydown
5485000,b,keydown
5485100,o,keydown
5485200,t,keydown
5485300,Enter,keydown
5485600,c,keydown
5485700,h,keydown
5485800,e,keydown
5485900, ,keydown
5486100,s,keydown
5486100,i,keydown
5486200, ,keydown
5486300,c,keydown
5486400,h,keydown
5486500,i,keydown
5486700,a,keydown
5486700,m,keydown
5486900,a,keydown
5487000, ,keydown
5487400,k,keydown
5487500,h,keydown
5487700,e,keydown
5487900,p,keydown
5488000,e,keydown
5488200,r,keydown
5488400,a,keydown
5488500,.,keydown
5488700, ,keydown
5490800,i,keydown
5490900,l,keydown
5491100, ,keydown
5491300,p,keydown
5491400,r,keydown
5491500,o,keydown
5491600,b,keydown
5491700,l,keydown
5491800,e,keydown
5491900,m,keydown
5492000,a,keydown
5492100, ,keydown
5492400,e,keydown
5492600,#,keydown
5492700, ,keydown
5492900,c,keydown
5493100,h,keydown
5493200,e,keydown
5493200, ,keydown
5493700,k,keydown
5494000,h,keydown
5494200,e,keydown
5494400,p,keydown
5494400,r,keydown
5494500,e,keydown
5495000,Backspace,keydown
5495100,a,keydown
5495600,Backspace,keydown
5495800,Backspace,keydown
5496000,e,keydown
5496100,r,keydown
5496300,a,keydown
5496500, ,keydown
5496900,i,keydown
5497100,n,keydown
5497200, ,keydown
5497200,q,keydown
5497400,u,keydown
5497500,e,keydown
5497700,s,keydown
5497700,t,keydown
5497900,o,keydown
5498000, ,keydown
5498200,m,keydown
5498400,o,keydown
5498700,m,keydown
5498900,e,keydown
5499100,n,keydown
5499200,t,keydown
5499400,o,keydown
5499500,Enter,keydown
5499800,n,keydown
5500000,o,keydown
5500100,n,keydown
5500200, ,keydown
5500300,f,keydown
5500500,u,keydown
5500600,n,keydown
5500700,z,keydown
5500800,i,keydown
5500900,o,keydown
5501200,n,keydown
5501300,a,keydown
5501400, ,keydown
5502000,g,keydown
5502100,r,keydown
5502400,a,keydown
5502600,n,keydown
5502700,c,keydown
5502800,h,keydown
5502900,e,keydown
5503300,#,keydown
5504000,#,keydown
5504200,#,keydown
5504300, ,keydown
5504600,a,keydown
5504700, ,keydown
5504800,t,keydown
5504800,r,keydown
5505000,a,keydown
5505200,t,keydown
5505300,t,keydown
5505500,i,keydown
5505500, ,keydown
5505800,s,keydown
5505800,i,keydown
5506000, ,keydown
5506100,b,keydown
5506300,l,keydown
5506400,o,keydown
5506600,c,keydown
5506800,c,keydown
5506900,a,keydown
5506900, ,keydown
5507100,t,keydown
5507200,u,keydown
5507300,t,keydown
5507500,t,keydown
5507600,o,keydown
5507800,.,keydown
5508400, ,keydown
5510200,#,keydown
5510400,s,keydown
5510600,t,keydown
5510800,o,keydown
5512300,Backspace,keydown
5512500,Backspace,keydown
5512600,Backspace,keydown
5512900,#,keydown
5513200,i,keydown
5513400,o,keydown
5513500, ,keydown
5513700,h,keydown
5513800,o,keydown
5513900, ,keydown
5514000,i,keydown
5514300,n,keydown
5514300,v,keydown
5514400,e,keydown
5514700,s,keydown
5515000,t,keydown
5515000,i,keydown
5515200,t,keydown
5515400,o,keydown
5516000,Enter,keydown
5516200,p,keydown
5516300,a,keydown
5516500,r,keydown
5516500,e,keydown
5516800,c,keydown
5516900,c,keydown
5517000,h,keydown
5517100,i,keydown
5517300,o,keydown
5517500, ,keydown
5518100,s,keydown
5518200,u,keydown
5518400, ,keydown
5518600,q,keydown
5518700,u,keydown
5518800,e,keydown
5519000,s,keydown
5519100,t,keydown
5519400,o,keydown
5519500, ,keydown
5519900,r,keydown
5520000,o,keydown
5520100,b,keydown
5520200,o,keydown
5520300,t,keydown
5520500,t,keydown
5520500,i,keydown
5520700,n,keydown
5520900,o,keydown
5521700,",",keydown
5521800, ,keydown
5522100,c,keydown
5522200,i,keydown
5522300, ,keydown
5522500,s,keydown
5522700,t,keydown
5522800,o,keydown
5523000, ,keydown
5523100,b,keydown
5523200,a,keydown
5523400,s,keydown
5523500,a,keydown
5523700,n,keydown
5523800,d,keydown
5524100,o,keydown
5524200, ,keydown
5524400,a,keydown
5524400,l,keydown
5524600,c,keydown
5524700,u,keydown
5524900,n,keydown
5524900,e,keydown
5525100, ,keydown
5525200,r,keydown
5525400,i,keydown
5525500,c,keydown
5525700,g,keydown
5526200,Backspace,keydown
5526400,e,keydown
5527000,r,keydown
5527200,c,keydown
5527300,h,keydown
5527500,e,keydown
5527700,",",keydown
5528400, ,keydown
5528600,q,keydown
5528700,u,keydown
5528800,i,keydown
5528900,n,keydown
5529100,d,keydown
5529100,i,keydown
5529400,Enter,keydown
5529600,v,keydown
5529700,o,keydown
5529800,r,keydown
5529900,r,keydown
5530100,e,keydown
5530200,i,keydown
5530200, ,keydown
5530400,c,keydown
5530500,h,keydown
5530700,e,keydown
5530700, ,keydown
5531000,f,keydown
5531000,u,keydown
5531200,n,keydown
5531300,z,keydown
5531500,i,keydown
5531500,o,keydown
5531700,n,keydown
5531800,a,keydown
5532000,s,keydown
5532200,s,keydown
5532300,e,keydown
5532500,#,keydown
5532700,#,keydown
5533000, ,keydown
5539000,#,keydown
5539200,i,keydown
5539500,l,keydown
5539600, ,keydown
5539900,s,keydown
5540100,i,keydown
5540200,g,keydown
5540300,n,keydown
5540400,o,keydown
5540500,r,keydown
5540600, ,keydown
5540800,#,keydown
5540900,m,keydown
5541200,i,keydown
5541300,c,keydown
5541400,h,keydown
5541500,e,keydown
5541600,l,keydown
5541700, ,keydown
5541900,m,keydown
5542000,i,keydown
5542200, ,keydown
5542900,Backspace,keydown
5543000,Backspace,keydown
5543200,Backspace,keydown
5543800,-,keydown
5544100,i,keydown
5544300,l,keydown
5544500, ,keydown
5544800,c,keydown
5544900,r,keydown
5545100,e,keydown
5545100,a,keydown
5545300,t,keydown
5545400,o,keydown
5545600,r,keydown
5545600,e,keydown
5545700, ,keydown
5546000,d,keydown
5546100,i,keydown
5546200, ,keydown
5546400,w,keydown
5546500,e,keydown
5546700,b,keydown
5546900,o,keydown
5547000,t,keydown
5547200,s,keydown
5547400,-,keydown
5548000,Enter,keydown
5548300,m,keydown
5548500,i,keydown
5548600, ,keydown
5548900,s,keydown
5549000,t,keydown
5549100,a,keydown
5549200, ,keydown
5549400,d,keydown
5549500,a,keydown
5549600,n,keydown
5549700,d,keydown
5549800,o,keydown
5550000, ,keydown
5550100,u,keydown
5550300,n,keydown
5550400,a,keydown
5550400, ,keydown
5550600,m,keydown
5550700,a,keydown
5550700,n,keydown
5551000,o,keydown
5551100, ,keydown
5551300,p,keydown
5551300,e,keydown
5551400,r,keydown
5551400, ,keydown
5551700,c,keydown
5551700,a,keydown
5551900,p,keydown
5552100,i,keydown
5552200,r,keydown
5552500,e,keydown
5552700, ,keydown
5552900,c,keydown
5553000,o,keydown
5553200,s,keydown
5553300,a,keydown
5553500, ,keydown
5553700,n,keydown
5553800,o,keydown
5554000,n,keydown
5554000, ,keydown
5554100,f,keydown
5554300,u,keydown
5554500,n,keydown
5554600,z,keydown
5554700,i,keydown
5554800,o,keydown
5555000,n,keydown
5555100,a,keydown
5566300,.,keydown
5566500, ,keydown
5566900,#,keydown
5567900,g,keydown
5568000,l,keydown
5568200,i,keydown
5568300, ,keydown
5568500,i,keydown
5568700,n,keydown
5568800,v,keydown
5568900,i,keydown
5569000,e,keydown
5569000,r,keydown
5569200,o,keydown
5569500,#,keydown
5569700, ,keydown
5570400,Enter,keydown
5570600,p,keydown
5570800,r,keydown
5570900,e,keydown
5571100,s,keydown
5571300,t,keydown
5571300,o,keydown
5571400, ,keydown
5572400,i,keydown
5572600,l,keydown
5572700, ,keydown
5572900,s,keydown
5573000,o,keydown
5573100,f,keydown
5573300,t,keydown
5573500,w,keydown
5573700,a,keydown
5574000,r,keydown
5574000,e,keydown
5574200, ,keydown
5574400,e,keydown
5574600, ,keydown
5576000,d,keydown
5576200,e,keydown
5576300,l,keydown
5576500,l,keydown
5576500,e,keydown
5576700, ,keydown
5576800,s,keydown
5576900,p,keydown
5577100,i,keydown
5577100,e,keydown
5577400,g,keydown
5577500,a,keydown
5577700,z,keydown
5577700,i,keydown
5577900,o,keydown
5578000,n,keydown
5578100,i,keydown
5578300, ,keydown
5578400,s,keydown
5578600,u,keydown
5578700,l,keydown
5578900,l,keydown
5579100,a,keydown
5579100, ,keydown
5579200,m,keydown
5579400,a,keydown
5579500,c,keydown
5579700,c,keydown
5579700,h,keydown
5579800,i,keydown
5580000,n,keydown
5580100,a,keydown
5580200, ,keydown
5580300,c,keydown
5580400,h,keydown
5580500,e,keydown
5580600, ,keydown
5580700,h,keydown
5580900,o,keydown
5582900, ,keydown
5583000,p,keydown
5583100,e,keydown
5583200,r,keydown
5583400,c,keydown
5583500,h,keydown
5583600,e,keydown
5583900,#,keydown
5584700,Backspace,keydown
5584800,Backspace,keydown
5585000,Backspace,keydown
5585500,Backspace,keydown
5585700,Enter,keydown
5586200,v,keydown
5586300,e,keydown
5586500,d,keydown
5586500,e,keydown
5586700,r,keydown
5586700,e,keydown
5586900, ,keydown
5587100,s,keydown
5587300,e,keydown
5587400, ,keydown
5588400,r,keydown
5588600,i,keydown
5588800,u,keydown
5588900,s,keydown
5588900,c,keydown
5589000,i,keydown
5589200,r,keydown
5589200,a,keydown
5589600,#,keydown
5589800, ,keydown
5589900,a,keydown
5590000, ,keydown
5590200,p,keydown
5590400,o,keydown
5590600,r,keydown
5590800,t,keydown
5590900,a,keydown
5591100,r,keydown
5591200,e,keydown
5591300, ,keydown
5591400,a,keydown
5591500, ,keydown
5591700,b,keydown
5591800,u,keydown
5591900,o,keydown
5592100,n,keydown
5592400, ,keydown
5592700,t,keydown
5592700,e,keydown
5592800,r,keydown
5592900,m,keydown
5593100,i,keydown
5593300,n,keydown
5593500,e,keydown
5593600, ,keydown
5593700,i,keydown
5594000,l,keydown
5594100, ,keydown
5594600,s,keydown
5594700,u,keydown
5594900,o,keydown
5595000, ,keydown
5595200,c,keydown
5595200,o,keydown
5595400,m,keydown
5595600,p,keydown
5595700,i,keydown
5595900,t,keydown
5595900,o,keydown
5596000, ,keydown
5596200,d,keydown
5596200,i,keydown
5596400, ,keydown
5596500,i,keydown
5597100,n,keydown
5597400,v,keydown
5597600,e,keydown
5597800,-,keydown
5598000,Enter,keydown
5598100,s,keydown
5598300,t,keydown
5598500,i,keydown
5598600,g,keydown
5598600,a,keydown
5598900,t,keydown
5599100,o,keydown
5599200,r,keydown
5599200,e,keydown
5599400, ,keydown
5600000,d,keydown
5600100,e,keydown
5600200,l,keydown
5600300, ,keydown
5600600,b,keydown
5600700,u,keydown
5600800,g,keydown
5601000, ,keydown
5602100,a,keydown
5602200,i,keydown
5602400,u,keydown
5602500,t,keydown
5602600,a,keydown
5602800,n,keydown
5602900,d,keydown
5603000,o,keydown
5603300,m,keydown
5603400,i,keydown
5603500, ,keydown
5603700,a,keydown
5603800, ,keydown
5603900,r,keydown
5604000,i,keydown
5604100,s,keydown
5604200,o,keydown
5604400,l,keydown
5604600,v,keydown
5604700,e,keydown
5604800,r,keydown
5604900,e,keydown
5605100, ,keydown
5605600,t,keydown
5605700,u,keydown
5605900,t,keydown
5606100,t,keydown
5606200,i,keydown
5606400, ,keydown
5606500,i,keydown
5606700, ,keydown
5607000,m,keydown
5607100,i,keydown
5607300,e,keydown
5607300,i,keydown
5607700, ,keydown
5608200,p,keydown
5608300,r,keydown
5608500,o,keydown
5608600,b,keydown
5608800,l,keydown
5608800,e,keydown
5609000,m,keydown
5609200,i,keydown
5609700,.,keydown
