timestamp,key,type
42675300,Backspace,keydown
42675300,Backspace,keydown
42675300,Backspace,keydown
42675300,Backspace,keydown
42675300,Backspace,keydown
42675300,Backspace,keydown
42675300,Backspace,keydown
42675300,Backspace,keydown
42675300,u,keydown
42675600,e,keydown
42675700,s,keydown
42676000,t,keydown
42677800,o,keydown
42678700, ,keydown
42679400,d,keydown
42679600,a,keydown
42680100,n,keydown
42680200,n,keydown
42680500,a,keydown
42680900,t,keydown
42681300,o,keydown
42681500, ,keydown
42682200,f,keydown
42682600,o,keydown
42682900,r,keydown
42683400,m,keydown
42683600, ,keydown
42684000,s,keydown
42684200,e,keydown
42684900,m,keydown
42685900,b,keydown
42686300,r,keydown
42686700,a,keydown
42686900, ,keydown
42687200,f,keydown
42687500,i,keydown
42687900,Backspace,keydown
42688100,u,keydown
42688300,n,keydown
42688800,z,keydown
42689100,i,keydown
42689300,o,keydown
42689500,n,keydown
42689800,a,keydown
42690200,r,keydown
42690400,e,keydown
42690700, ,keydown
42691000,#,keydown
42691000,m,keydown
42691400,e,keydown
42691800,g,keydown
42692100,l,keydown
42692500,i,keydown
42692700,o,keydown
42692900, ,keydown
42693900,#,keydown
42694300,9,keydown
42695300,o,keydown
42695400, ,keydown
42731900,a,keydown
42732300,l,keydown
42732500,m,keydown
42732900,e,keydown
42734600,Backspace,keydown
42734900,Backspace,keydown
42735000,Backspace,keydown
42735100,Backspace,keydown
42736100,#,keydown
42736300,#,keydown
42736300,#,keydown
42737100,#,keydown
42737200,0,keydown
42737500, ,keydown
42737600,#,keydown
42738100,#,keydown
42738200,#,keydown
42738200,#,keydown
42738200,#,keydown
42738200,#,keydown
42738200,#,keydown
42738300,#,keydown
42738300,#,keydown
42738300,#,keydown
42738400,#,keydown
42738400,#,keydown
42738500,#,keydown
42738500,#,keydown
42738600,#,keydown
42738600,#,keydown
42738600,#,keydown
42738600,#,keydown
42738700,#,keydown
42738700,#,keydown
42738700,#,keydown
42738700,#,keydown
42738800,#,keydown
42738900,Backspace,keydown
42739000,Backspace,keydown
42740000, ,keydown
42740500,#,keydown
42741100,#,keydown
42741100,#,keydown
42741100,#,keydown
42741100,#,keydown
42741200,#,keydown
42741200,#,keydown
42741200,#,keydown
42741300,#,keydown
42741300,#,keydown
42741400,#,keydown
42741500,#,keydown
42741500,#,keydown
42741500,#,keydown
42741500,#,keydown
42741600,#,keydown
42741600,#,keydown
42741700,#,keydown
42741700,#,keydown
42741700,#,keydown
42741800,#,keydown
42741800,#,keydown
42741800,#,keydown
42741800,#,keydown
42741800,#,keydown
42741900,#,keydown
42741900,#,keydown
42741900,#,keydown
42741900,#,keydown
42742000,#,keydown
42742100,#,keydown
42742100,#,keydown
42742100,#,keydown
42742100,#,keydown
42742200,#,keydown
42742200,#,keydown
42742200,#,keydown
42742200,#,keydown
42742300,#,keydown
42742400,#,keydown
42742400,#,keydown
42742400,#,keydown
42742500,#,keydown
42742500,#,keydown
42742500,#,keydown
42742600,#,keydown
42742600,#,keydown
42742600,#,keydown
42742600,#,keydown
42742600,#,keydown
42742700,#,keydown
42742700,#,keydown
42742700,#,keydown
42742700,#,keydown
42742800,#,keydown
42742900,#,keydown
42742900,#,keydown
42742900,#,keydown
42742900,#,keydown
42743000,#,keydown
42743000,#,keydown
42743000,#,keydown
42743000,#,keydown
42743100,#,keydown
42743200,#,keydown
42743200,#,keydown
42743200,#,keydown
42743200,#,keydown
42743200,#,keydown
42743300,#,keydown
42743300,#,keydown
42743300,#,keydown
42743400,#,keydown
42743400,#,keydown
42743400,#,keydown
42743500,#,keydown
42743600,#,keydown
42743600,#,keydown
42743600,#,keydown
42743600,#,keydown
42743700,#,keydown
42743700,#,keydown
42743700,#,keydown
42743700,#,keydown
42743700,#,keydown
42743800,#,keydown
42743800,#,keydown
42743800,#,keydown
42743900,#,keydown
42744000,#,keydown
42744000,#,keydown
42744000,#,keydown
42744000,#,keydown
42744100,#,keydown
42744200,#,keydown
42744200,#,keydown
42744200,#,keydown
42744200,#,keydown
42744200,#,keydown
42744300,#,keydown
42744300,#,keydown
42744400,#,keydown
42744400,#,keydown
42744400,#,keydown
42744400,#,keydown
42744500,#,keydown
42744500,#,keydown
42744600,#,keydown
42744600,#,keydown
42744600,#,keydown
42744700,#,keydown
42744700,#,keydown
42744700,#,keydown
42744700,#,keydown
42744700,#,keydown
42744900,#,keydown
42744900,#,keydown
42744900,#,keydown
42746800,#,keydown
42747300,#,keydown
42747300,#,keydown
42747300,#,keydown
42747300,#,keydown
42747300,#,keydown
42747400,#,keydown
42747500,#,keydown
42747500,#,keydown
42747500,#,keydown
42747500,#,keydown
42747600,#,keydown
42747600,#,keydown
42747600,#,keydown
42747600,#,keydown
42747700,#,keydown
42747800,#,keydown
42747800,#,keydown
42747800,#,keydown
42747800,#,keydown
42747900,#,keydown
42747900,#,keydown
42747900,#,keydown
42747900,#,keydown
42748000,#,keydown
42748000,#,keydown
42748000,#,keydown
42748000,#,keydown
42748100,#,keydown
42748100,#,keydown
42748200,#,keydown
42748300,#,keydown
42748300,#,keydown
42748300,#,keydown
42748300,#,keydown
42748300,#,keydown
42748400,#,keydown
42748400,#,keydown
42748400,#,keydown
42748500,#,keydown
42748600,#,keydown
42748600,#,keydown
42748600,#,keydown
42748600,#,keydown
42748700,#,keydown
42748700,#,keydown
42748700,#,keydown
42748700,#,keydown
42748700,#,keydown
42748800,#,keydown
42748800,#,keydown
42748800,#,keydown
42748900,#,keydown
42748900,#,keydown
42749000,#,keydown
42749000,#,keydown
42749000,#,keydown
42749000,#,keydown
42749100,#,keydown
42749200,#,keydown
42749200,#,keydown
42749200,#,keydown
42749300,#,keydown
42749300,#,keydown
42749300,#,keydown
42749400,#,keydown
42749400,#,keydown
42749400,#,keydown
42749400,#,keydown
42749400,#,keydown
42749500,#,keydown
42749500,#,keydown
42749500,#,keydown
42749500,#,keydown
42749700,3,keydown
42750500,#,keydown
42751000,#,keydown
42751000,#,keydown
42751100,#,keydown
42751100,#,keydown
42751200,#,keydown
42751200,#,keydown
42751200,#,keydown
42751200,#,keydown
42751300,#,keydown
42751300,2,keydown
42752300,#,keydown
42752800,#,keydown
42752900,#,keydown
42752900,#,keydown
42752900,#,keydown
42752900,#,keydown
42752900,#,keydown
42753000,#,keydown
42753000,#,keydown
42753100,#,keydown
42753100,#,keydown
42753100,#,keydown
42753100,#,keydown
42753100,1,keydown
42753400,1,keydown
42754800, ,keydown
42755200,#,keydown
42755600,i,keydown
42755800,n,keydown
42756200,t,keydown
42756400,e,keydown
42756500,r,keydown
42756600,r,keydown
42757200,u,keydown
42757500,p,keydown
42758100,t,keydown
42759100,#,keydown
42759500,#,keydown
42759500,#,keydown
42759600,#,keydown
42759700,#,keydown
42759900, ,keydown
42760100,s,keydown
42761000,r,keydown
42761500,Backspace,keydown
42761900,e,keydown
42762300,i,keydown
42763600,Enter,keydown
42764400,c,keydown
42764800,o,keydown
42765000,m,keydown
42765400,p,keydown
42765700,a,keydown
42766000,r,keydown
42766200,t,keydown
42766800,Backspace,keydown
42767100,s,keydown
42767400,o,keydown
42767700, ,keydown
42768100,t,keydown
42768400,u,keydown
42768700, ,keydown
42769100,s,keydown
42769300,t,keydown
42769500,e,keydown
42769700,s,keydown
42769800,s,keydown
42770200,o,keydown
42770300, ,keydown
42770800,m,keydown
42771100,e,keydown
42771300,d,keydown
42771500,e,keydown
42771700,s,keydown
42772000,i,keydown
42772300,n,keydown
42772800,Backspace,keydown
42773000,m,keydown
42773300,o,keydown
42773500, ,keydown
42773800,d,keydown
42774100,i,keydown
42774300, ,keydown
42774600,p,keydown
42775000,e,keydown
42775300,r,keydown
42775400,s,keydown
42775800,o,keydown
42776300,n,keydown
42776700,a,keydown
42777000, ,keydown
42777400,e,keydown
42779200, ,keydown
42780000,h,keydown
42780300,a,keydown
42780700,i,keydown
42780900, ,keydown
42781200,r,keydown
42781700,Backspace,keydown
42782500,a,keydown
42783000,r,keydown
42783000,r,keydown
42783400,i,keydown
42783800,s,keydown
42784200,p,keydown
42784300,o,keydown
42784700,s,keydown
42785300,t,keydown
42785500,o,keydown
42785700, ,keydown
42785900,#,keydown
42786000,9,keydown
42786300,c,keydown
42786700,o,keydown
42787400,Backspace,keydown
42787500,i,keydown
42787900,e,keydown
42788300,#,keydown
42788500, ,keydown
42788800,r,keydown
42789000,i,keydown
42789300,s,keydown
42789600,p,keydown
42789800,o,keydown
42790200,s,keydown
42790500,t,keydown
42790900,o,keydown
42791200,#,keydown
42791200,0,keydown
42791500, ,keydown
42792600,a,keydown
42793000,l,keydown
42793200,l,keydown
42793600,a,keydown
42793700, ,keydown
42794000,m,keydown
42794300,i,keydown
42794700,a,keydown
42794800, ,keydown
42795000,d,keydown
42795400,o,keydown
42795800,m,keydown
42796100,a,keydown
42796600,n,keydown
42797100,d,keydown
42797200,a,keydown
42799000,#,keydown
42799500,#,keydown
42799500,#,keydown
42799600,#,keydown
42799700,#,keydown
42799700,#,keydown
42799700,#,keydown
42799700,#,keydown
42799800,#,keydown
42799800,1,keydown
42799900,1,keydown
42800100,1,keydown
42800300,1,keydown
42801800, ,keydown
42802200,#,keydown
42802400, ,keydown
42802700,#,keydown
42802800,o,keydown
42803200,k,keydown
42803700,#,keydown
42803900, ,keydown
42804400,#,keydown
42804500,n,keydown
42804700,o,keydown
42804900,n,keydown
42805100, ,keydown
42805500,e,keydown
42805600,r,keydown
42805800,a,keydown
42805900, ,keydown
42806400,u,keydown
42806600,n,keydown
42806900,a,keydown
42807000, ,keydown
42807400,g,keydown
42807600,r,keydown
42807900,a,keydown
42808400,n,keydown
42808500, ,keydown
42808800,r,keydown
42809100,i,keydown
42809500,s,keydown
42809800,p,keydown
42810000,o,keydown
42810500,s,keydown
42810700,t,keydown
42810900,a,keydown
42814100,#,keydown
42815900, ,keydown
42816100,#,keydown
42816300,c,keydown
42816600,o,keydown
42816900,m,keydown
42817300,u,keydown
42817500,n,keydown
42820100,#,keydown
42820300,q,keydown
42820900,u,keydown
42821300,r,keydown
42822200,Backspace,keydown
42822400,Backspace,keydown
42822600,Backspace,keydown
42822700,Backspace,keydown
42822800,Backspace,keydown
42823000,Backspace,keydown
42823300,Backspace,keydown
42824300,Backspace,keydown
42825000,c,keydown
42825300,o,keydown
42825600,m,keydown
42825800,u,keydown
42826100,n,keydown
42826500,q,keydown
42826800,u,keydown
42827300,e,keydown
42827500, ,keydown
42827800,e,keydown
42828100,r,keydown
42828300,a,keydown
42828500, ,keydown
42828800,u,keydown
42829000,n,keydown
42829200,a,keydown
42829400, ,keydown
42830200,Backspace,keydown
42830400,Backspace,keydown
42830600,Backspace,keydown
42830700,Backspace,keydown
42830900,#,keydown
42831200,u,keydown
42831400,n,keydown
42831800,a,keydown
42832000, ,keydown
42832700,r,keydown
42832900,i,keydown
42833300,s,keydown
42833700,p,keydown
42833900,o,keydown
42834300,s,keydown
42834600,t,keydown
42834900,a,keydown
42838500,#,keydown
42838600, ,keydown
42839000,a,keydown
42839500,n,keydown
42840000,c,keydown
42840300,h,keydown
42840600,e,keydown
42840700, ,keydown
42841100,s,keydown
42843300,i,keydown
42843700,c,keydown
42844200,u,keydown
42844400,t,keydown
42845100,Backspace,keydown
42845400,r,keydown
42845600,a,keydown
42846100,m,keydown
42846400,e,keydown
42846700,n,keydown
42847100,t,keydown
42847300,e,keydown
42847500, ,keydown
42848000,n,keydown
42848300,o,keydown
42848400,n,keydown
42848600, ,keydown
42850200,#,keydown
42850400,l,keydown
42850800,a,keydown
42851100, ,keydown
42852700,r,keydown
42853000,i,keydown
42853300,s,keydown
42853700,p,keydown
42853900,o,keydown
42854200,s,keydown
42854400,t,keydown
42854700,a,keydown
42855800,#,keydown
42856100, ,keydown
42856700,m,keydown
42857000,a,keydown
42857300, ,keydown
42857600,p,keydown
42858000,o,keydown
42858100,i,keydown
42858500,#,keydown
42859100, ,keydown
42859800,i,keydown
42860100,n,keydown
42860300, ,keydown
42860500,g,keydown
42860700,e,keydown
42861100,n,keydown
42861500,e,keydown
42861600,r,keydown
42861800,a,keydown
42862200,l,keydown
42862500,e,keydown
42862700, ,keydown
42863600,c,keydown
42864200,#,keydown
42864700,e,keydown
42865100,#,keydown
42865300, ,keydown
42865600,#,keydown
42865800,l,keydown
42866100,a,keydown
42866300, ,keydown
42866700,r,keydown
42867100,i,keydown
42867300,s,keydown
42867700,p,keydown
42867800,o,keydown
42868200,s,keydown
42868400,t,keydown
42868700,a,keydown
42870300,#,keydown
42870500, ,keydown
42871000,a,keydown
42871300, ,keydown
42871400,c,keydown
42872300,o,keydown
42872600,s,keydown
42872700,a,keydown
42873500,#,keydown
42873700, ,keydown
42875300,a,keydown
42875500, ,keydown
42876000,v,keydown
42876600,Backspace,keydown
42876900,c,keydown
42877100,h,keydown
42877400,i,keydown
42878100,#,keydown
42878200, ,keydown
42878700,q,keydown
42879100,u,keydown
42879300,a,keydown
42879900,n,keydown
42880200,d,keydown
42880500,o,keydown
42881000,#,keydown
42881300, ,keydown
42882000,p,keydown
42882400,e,keydown
42882600,r,keydown
42882900,c,keydown
42883200,h,keydown
42883400,e,keydown
42884000,#,keydown
42885200,#,keydown
42886500,#,keydown
42886700,#,keydown
42887000,#,keydown
42887600, ,keydown
42888200,e,keydown
42888900,b,keydown
42889000,b,keydown
42889300,e,keydown
42889700,n,keydown
42890000,e,keydown
42890600,#,keydown
42890700, ,keydown
42891000,d,keydown
42891300,i,keydown
42891500,r,keydown
42891900,i,keydown
42892200, ,keydown
42892600,d,keydown
42893000,i,keydown
42893200, ,keydown
42893600,n,keydown
42894400,o,keydown
42895400,#,keydown
42895700, ,keydown
42895800,n,keydown
42896100,o,keydown
42896400,n,keydown
42896500, ,keydown
42897000,c,keydown
42897300,#,keydown
42897700,e,keydown
42898400,#,keydown
42898600, ,keydown
42898900,n,keydown
42899100,e,keydown
42899500,p,keydown
42899700,p,keydown
42899900,u,keydown
42900800,r,keydown
42901000,e,keydown
42901200, ,keydown
42901300,#,keydown
42901600,u,keydown
42901900,n,keydown
42902200,a,keydown
42902400, ,keydown
42903400,r,keydown
42903700,i,keydown
42904000,s,keydown
42904400,p,keydown
42904500,o,keydown
42904900,s,keydown
42905200,t,keydown
42905500,a,keydown
42907200,#,keydown
42907300,#,keydown
42907500,#,keydown
42908000,#,keydown
42908700,#,keydown
42912800,Backspace,keydown
42913800,Backspace,keydown
42914200, ,keydown
42914700,#,keydown
42915100,c,keydown
42915300,o,keydown
42915800,m,keydown
42916000,u,keydown
42916200,n,keydown
42916600,q,keydown
42917400,u,keydown
42917700,e,keydown
42918500,#,keydown
42918600, ,keydown
42919100,s,keydown
42919300,u,keydown
42919600,l,keydown
42919700, ,keydown
42920000,s,keydown
42920200,e,keydown
42920400,r,keydown
42920700,i,keydown
42921000,o,keydown
42921400,#,keydown
42921600, ,keydown
42921700,p,keydown
42922300,e,keydown
42922600,r,keydown
42923200,Backspace,keydown
42923400,Backspace,keydown
42923900,Backspace,keydown
42924300,o,keydown
42924700,r,keydown
42925000,a,keydown
42925300, ,keydown
42925400,#,keydown
42925600,d,keydown
42925900,o,keydown
42926100,v,keydown
42926400,r,keydown
42926500,e,keydown
42926900,b,keydown
42927100,b,keydown
42927500,e,keydown
42927700,e,keydown
42927800, ,keydown
42928200,e,keydown
42928300,s,keydown
42928500,s,keydown
42928600,e,keydown
42928800,r,keydown
42928900,e,keydown
42929200, ,keydown
42929400,f,keydown
42929700,i,keydown
42930000,n,keydown
42930200,i,keydown
42930400,t,keydown
42930700,a,keydown
42931100, ,keydown
42932200,1,keydown
42932400,1,keydown
42932500,1,keydown
42933200, ,keydown
42933700,s,keydown
42934100,i,keydown
42934300,i,keydown
42934500,i,keydown
42935700, ,keydown
42936400,1,keydown
42936500,1,keydown
42936700,1,keydown
42936900,1,keydown
42937700,1,keydown
42940700, ,keydown
42941400,#,keydown
