timestamp,key,type
525200,Backspace,keydown
525200,Backspace,keydown
525200,Backspace,keydown
525200,Backspace,keydown
525300,Backspace,keydown
525300,Backspace,keydown
525300,Backspace,keydown
525300,Backspace,keydown
525300,e,keydown
525400,s,keydown
525700,a,keydown
525800,m,keydown
526000,i,keydown
526100, ,keydown
526400,e,keydown
526600,s,keydown
526900,a,keydown
526900,m,keydown
527300,i,keydown
527400, ,keydown
527500,e,keydown
527700,s,keydown
527900,a,keydown
528100,m,keydown
528300,i,keydown
528500, ,keydown
528600,t,keydown
528700,u,keydown
528900,t,keydown
529100,t,keydown
529300,o,keydown
529300, ,keydown
529500,i,keydown
530100,l,keydown
530300, ,keydown
530500,g,keydown
530600,i,keydown
530800,o,keydown
531000,r,keydown
531200,n,keydown
531400,o,keydown
531500, ,keydown
532200,Backspace,keydown
533200,#,keydown
533300, ,keydown
533600,u,keydown
533800,n,keydown
534000,o,keydown
534100, ,keydown
534300,s,keydown
534500,t,keydown
534600,u,keydown
534700,d,keydown
534900,e,keydown
535000,n,keydown
535100,t,keydown
535300,e,keydown
535500, ,keydown
536500,e,keydown
536700,#,keydown
536900, ,keydown
537100,s,keydown
537200,t,keydown
537400,a,keydown
537900,t,keydown
538100,o,keydown
538300, ,keydown
538600,b,keydown
538900,o,keydown
539500,c,keydown
539700,c,keydown
539800,i,keydown
540000,a,keydown
540200,t,keydown
540300,o,keydown
540500, ,keydown
540600,p,keydown
540700,e,keydown
541000,r,keydown
541200,c,keydown
541300,h,keydown
542100,e,keydown
542700,#,keydown
543000, ,keydown
543200,n,keydown
543800,o,keydown
544000,n,keydown
544200, ,keydown
544500,a,keydown
544700,v,keydown
544800,e,keydown
545100,v,keydown
545200,a,keydown
545500, ,keydown
545700,f,keydown
545800,a,keydown
546000,t,keydown
546300,t,keydown
546600,o,keydown
546800, ,keydown
546800,u,keydown
547100,n,keydown
547200,a,keydown
547400, ,keydown
547500,d,keydown
547700,e,keydown
547800,l,keydown
548000,l,keydown
548100,e,keydown
548200, ,keydown
548400,p,keydown
548600,a,keydown
548700,r,keydown
548900,t,keydown
549100,i,keydown
549200, ,keydown
549500,r,keydown
549700,i,keydown
549800,c,keydown
549900,h,keydown
550100,i,keydown
550200,e,keydown
550400,s,keydown
550500,t,keydown
550700,e,keydown
550900, ,keydown
550900,d,keydown
551900,Backspace,keydown
552700,d,keydown
552900,a,keydown
553400,l,keydown
553600, ,keydown
554100,p,keydown
554200,r,keydown
554400,o,keydown
554900,g,keydown
555000,r,keydown
555200,a,keydown
555400,m,keydown
555600,m,keydown
555800,a,keydown
556000, ,keydown
556200,d,keydown
556300,i,keydown
556500, ,keydown
556800,l,keydown
556900,a,keydown
557100,b,keydown
557300,o,keydown
557500,r,keydown
557600,a,keydown
557800,t,keydown
558000,o,keydown
558100,r,keydown
558100,i,keydown
558300,o,keydown
558500, ,keydown
558900,e,keydown
559100, ,keydown
560100,d,keydown
560200,i,keydown
560600,c,keydown
561200,e,keydown
561700,v,keydown
562000,Backspace,keydown
562700,Backspace,keydown
562900,Backspace,keydown
563100,Backspace,keydown
563200,Backspace,keydown
564600,#,keydown
564700, ,keydown
565100,o,keydown
565300,r,keydown
565400,a,keydown
565500, ,keydown
565900,s,keydown
566000,e,keydown
566200, ,keydown
568600,q,keydown
568800,u,keydown
568900,a,keydown
569000,l,keydown
569200,c,keydown
569300,h,keydown
569800,Backspace,keydown
570100,u,keydown
570300,n,keydown
570400,o,keydown
570700, ,keydown
572500,Backspace,keydown
572600,Backspace,keydown
574200,#,keydown
574400,a,keydown
574600,l,keydown
574800,t,keydown
574900,r,keydown
575000,o,keydown
575100, ,keydown
575600,n,keydown
575700,o,keydown
575900,n,keydown
576100, ,keydown
577100,l,keydown
577600,#,keydown
577800,a,keydown
578000,v,keydown
578200,e,keydown
578400,s,keydown
578500,s,keydown
578700,e,keydown
578900, ,keydown
579100,f,keydown
579300,a,keydown
579600,t,keydown
579700,t,keydown
579800,o,keydown
580000, ,keydown
580200,p,keydown
580500,o,keydown
580900,t,keydown
581100,e,keydown
581400,v,keydown
581500,o,keydown
581700, ,keydown
581800,a,keydown
582000,n,keydown
582500,c,keydown
582700,h,keydown
582800,e,keydown
583000, ,keydown
583300,c,keydown
583600,a,keydown
583700,p,keydown
583900,i,keydown
584000,e,keydown
584300,r,keydown
584500,e,keydown
584600, ,keydown
585400,m,keydown
585600,a,keydown
585800, ,keydown
585900,s,keydown
586100,u,keydown
586200, ,keydown
587400,t,keydown
587700,r,keydown
587800,e,keydown
588000,n,keydown
588200,t,keydown
588300,a,keydown
588500, ,keydown
588800,e,keydown
589100,r,keydown
589400,a,keydown
589500, ,keydown
589600,l,keydown
590100,#,keydown
590300,u,keydown
590500,n,keydown
590700,i,keydown
590800,c,keydown
590900,o,keydown
591100, ,keydown
591600,a,keydown
591800, ,keydown
591900,n,keydown
592100,o,keydown
592300,n,keydown
592400, ,keydown
592800,a,keydown
593000,v,keydown
593200,e,keydown
593300,v,keydown
594600,Backspace,keydown
595900,e,keydown
596300,Backspace,keydown
596400,r,keydown
596600, ,keydown
597100,c,keydown
597300,a,keydown
597400,p,keydown
597600,i,keydown
597700,t,keydown
597900,o,keydown
598100, ,keydown
598200,c,keydown
598300,h,keydown
598400,e,keydown
598500, ,keydown
598700,e,keydown
598900,r,keydown
599100,a,keydown
599200, ,keydown
599400,n,keydown
599500,e,keydown
600000,c,keydown
600200,e,keydown
600400,s,keydown
600600,s,keydown
600800,a,keydown
600900,r,keydown
601200,i,keydown
601300,o,keydown
601400, ,keydown
602300,f,keydown
602400,a,keydown
602600,r,keydown
602700,e,keydown
602900, ,keydown
603100,t,keydown
603300,u,keydown
603500,t,keydown
603600,t,keydown
603800,i,keydown
604000, ,keydown
604100,i,keydown
604300, ,keydown
604700,p,keydown
604900,u,keydown
605000,n,keydown
605200,t,keydown
605300,i,keydown
605500,#,keydown
605600,#,keydown
605800,#,keydown
606100, ,keydown
609700,i,keydown
609900,n,keydown
610000,s,keydown
610300,o,keydown
610600,m,keydown
610800,m,keydown
610900,a,keydown
611700,#,keydown
611800, ,keydown
612100,e,keydown
612300,s,keydown
612400,i,keydown
612600,t,keydown
612800,o,keydown
612900, ,keydown
613500,b,keydown
613700,o,keydown
613900,c,keydown
614100,c,keydown
614300,i,keydown
614400,a,keydown
614700,t,keydown
614800,o,keydown
616000,1,keydown
616500,Enter,keydown
617900,t,keydown
618100,o,keydown
618300,r,keydown
618500,n,keydown
618800,e,keydown
618900,r,keydown
619100,a,keydown
619300,#,keydown
619400, ,keydown
619600,i,keydown
619800,l,keydown
620000, ,keydown
620200,p,keydown
620200,r,keydown
620400,o,keydown
621000,s,keydown
621100,s,keydown
621300,i,keydown
621500,m,keydown
621600,o,keydown
621800, ,keydown
622000,a,keydown
622100,p,keydown
622300,p,keydown
622500,e,keydown
622800,l,keydown
622900,l,keydown
623100,o,keydown
623200, ,keydown
623400,d,keydown
623900,Backspace,keydown
624100,c,keydown
624400,o,keydown
624600,n,keydown
624700, ,keydown
624900,a,keydown
625000,n,keydown
625200,c,keydown
625200,h,keydown
625400,e,keydown
625500, ,keydown
625800,q,keydown
626100,u,keydown
626200,e,keydown
626400,s,keydown
626800,Backspace,keydown
627000,l,keydown
627200,l,keydown
627400,a,keydown
627800, ,keydown
627900,p,keydown
628100,a,keydown
628300,r,keydown
628500,t,keydown
628600,e,keydown
628800, ,keydown
629000,s,keydown
629400,v,keydown
629700,o,keydown
629900,l,keydown
630100,t,keydown
630200,a,keydown
630700,#,keydown
631700,Enter,keydown
680400,a,keydown
681200,Backspace,keydown
681900,o,keydown
682200,g,keydown
682300,g,keydown
683500,i,keydown
684400, ,keydown
684600,s,keydown
684700,o,keydown
684800,l,keydown
685100,o,keydown
685200, ,keydown
685400,u,keydown
685500,n,keydown
685700, ,keydown
685900,a,keydown
686100,l,keydown
686300,t,keydown
686600,r,keydown
687400,a,keydown
687600, ,keydown
687800,p,keydown
687900,e,keydown
688000,r,keydown
688200,s,keydown
688300,o,keydown
688400,n,keydown
688600,a,keydown
688700, ,keydown
688900,e,keydown
689400,#,keydown
689500, ,keydown
689700,s,keydown
689900,t,keydown
690000,a,keydown
690200,t,keydown
691000, ,keydown
691600,Backspace,keydown
691900,a,keydown
692100, ,keydown
692500,b,keydown
692700,o,keydown
693100,c,keydown
693200,c,keydown
693400,i,keydown
693500,a,keydown
693800,t,keydown
694300,a,keydown
694600,#,keydown
694800, ,keydown
695500,q,keydown
695700,u,keydown
695800,i,keydown
696000,n,keydown
696200,d,keydown
696300,i,keydown
696500, ,keydown
696700,i,keydown
696800,n,keydown
697000, ,keydown
697200,g,keydown
697400,e,keydown
697500,n,keydown
697700,e,keydown
697800,r,keydown
698000,e,keydown
698100, ,keydown
698400,l,keydown
698900,#,keydown
699000,e,keydown
699200,s,keydown
699400,a,keydown
699600,m,keydown
699600,e,keydown
699700, ,keydown
699900,e,keydown
700200,#,keydown
700500, ,keydown
702000,a,keydown
702200,n,keydown
702300,d,keydown
702500,a,keydown
702900,t,keydown
703100,o,keydown
703300, ,keydown
703500,b,keydown
703600,e,keydown
703700,n,keydown
703800,e,keydown
704100, ,keydown
705300,m,keydown
705500,a,keydown
705700, ,keydown
705800,s,keydown
706000,e,keydown
706200,c,keydown
706400,o,keydown
706500,n,keydown
706600,d,keydown
706700,o,keydown
706800, ,keydown
707200,g,keydown
707400,l,keydown
707500,i,keydown
707700, ,keydown
707800,s,keydown
708000,t,keydown
708200,u,keydown
708300,d,keydown
708500,e,keydown
708600,n,keydown
708700,t,keydown
708900,i,keydown
709100, ,keydown
711900,s,keydown
712200,i,keydown
712400,a,keydown
712600,m,keydown
712800,o,keydown
712800, ,keydown
713000,t,keydown
713300,r,keydown
713600,o,keydown
713900,p,keydown
714000,p,keydown
714200,o,keydown
714300, ,keydown
714400,s,keydown
714600,e,keydown
715000,v,keydown
715100,e,keydown
715300,r,keydown
715400,i,keydown
715700,#,keydown
715900, ,keydown
716100,n,keydown
716300,o,keydown
716500,n,keydown
716900, ,keydown
717100,c,keydown
717400,r,keydown
717600,e,keydown
717800,d,keydown
718000,o,keydown
718400,#,keydown
718600, ,keydown
719300,i,keydown
719500,l,keydown
719600, ,keydown
720000,p,keydown
720100,r,keydown
720300,o,keydown
720400,b,keydown
720600,l,keydown
720800,e,keydown
720900,m,keydown
721100,a,keydown
721300, ,keydown
721800,e,keydown
722400,#,keydown
722700, ,keydown
722800,c,keydown
723000,h,keydown
723200,e,keydown
723300, ,keydown
723500,l,keydown
723700,o,keydown
723900, ,keydown
724500,Backspace,keydown
724700,r,keydown
724800,o,keydown
725000, ,keydown
725300,c,keydown
725600,r,keydown
725700,e,keydown
726000,d,keydown
726900,o,keydown
727200,n,keydown
727300,o,keydown
727400, ,keydown
727600,c,keydown
727600,h,keydown
727800,e,keydown
727900, ,keydown
733700,l,keydown
734000,#,keydown
734000,#,keydown
735100,Backspace,keydown
735300,Backspace,keydown
736100,#,keydown
736200,e,keydown
736300,s,keydown
736600,a,keydown
736800,m,keydown
737900,e,keydown
738000, ,keydown
738300,s,keydown
738700,i,keydown
738900,a,keydown
739000, ,keydown
739500,s,keydown
739700,o,keydown
740000,l,keydown
740300,o,keydown
740400, ,keydown
740600,i,keydown
740800,l,keydown
740900, ,keydown
741800,l,keydown
741900,a,keydown
742100,b,keydown
742400,o,keydown
742600,r,keydown
742700,a,keydown
742900,t,keydown
743100,o,keydown
743200,r,keydown
743300,i,keydown
744100,o,keydown
744200, ,keydown
744600,m,keydown
744700,a,keydown
744800, ,keydown
747400,q,keydown
747500,u,keydown
747700,e,keydown
747900,s,keydown
748000,t,keydown
748100,o,keydown
748200, ,keydown
748400,c,keydown
748600,o,keydown
748700,r,keydown
748900,s,keydown
749000,o,keydown
749200, ,keydown
749400,e,keydown
749700,r,keydown
749900,a,keydown
750000, ,keydown
751300,6,keydown
751900, ,keydown
752100,c,keydown
752300,r,keydown
752400,e,keydown
752600,d,keydown
752800,i,keydown
753000,t,keydown
753100,i,keydown
753400, ,keydown
753400,d,keydown
753600,i,keydown
753800, ,keydown
753900,t,keydown
754200,e,keydown
754900,o,keydown
755000,r,keydown
755200,i,keydown
755300,a,keydown
755400, ,keydown
755600,e,keydown
755800, ,keydown
756800,t,keydown
757000,r,keydown
757100,e,keydown
757400, ,keydown
757700,d,keydown
757900,i,keydown
758100, ,keydown
758600,l,keydown
758900,a,keydown
759000,b,keydown
759200,o,keydown
759200,r,keydown
759500,a,keydown
759700,t,keydown
759900,o,keydown
760000,r,keydown
760100,i,keydown
760200,o,keydown
760400, ,keydown
760600,e,keydown
760700, ,keydown
761300,q,keydown
761400,u,keydown
761600,i,keydown
761800,n,keydown
762000,d,keydown
762100,i,keydown
762300, ,keydown
763300,e,keydown
763600,#,keydown
763900, ,keydown
764300,n,keydown
764400,a,keydown
764600,t,keydown
764700,u,keydown
764900,r,keydown
765000,a,keydown
765200,l,keydown
765300,e,keydown
765400, ,keydown
765600,c,keydown
765700,h,keydown
765900,e,keydown
766000, ,keydown
766400,n,keydown
766500,o,keydown
767100,i,keydown
767300, ,keydown
767800,s,keydown
768000,i,keydown
768200, ,keydown
768900,c,keydown
769100,h,keydown
769300,i,keydown
769400,e,keydown
769600,d,keydown
769700,a,keydown
770000, ,keydown
771100,a,keydown
771300,n,keydown
771400,c,keydown
771500,h,keydown
771700,e,keydown
771700, ,keydown
772000,t,keydown
772200,e,keydown
772800,o,keydown
773000,r,keydown
773100,i,keydown
773300,a,keydown
773600,#,keydown
774100, ,keydown
775800,e,keydown
776100, ,keydown
776500,s,keydown
776700,i,keydown
776900,n,keydown
777100,c,keydown
777200,e,keydown
777400,r,keydown
778000,a,keydown
778200,m,keydown
778300,e,keydown
778400,n,keydown
778500,t,keydown
778600,e,keydown
778800, ,keydown
779300,b,keydown
779400,a,keydown
779600,s,keydown
779800,t,keydown
780000,a,keydown
781800,n,keydown
782900,Backspace,keydown
783200, ,keydown
783500,u,keydown
783700,n,keydown
783800,a,keydown
783900, ,keydown
784100,d,keydown
784300,o,keydown
784400,m,keydown
784600,a,keydown
784700,n,keydown
784800,d,keydown
785000,a,keydown
785300, ,keydown
785500,p,keydown
785600,e,keydown
785800,r,keydown
785900, ,keydown
786200,c,keydown
786400,a,keydown
786700,p,keydown
786900,i,keydown
787100,e,keydown
787200,r,keydown
787400,e,keydown
787600, ,keydown
788000,s,keydown
788200,e,keydown
788400, ,keydown
788700,s,keydown
789000,a,keydown
789100,n,keydown
789200,n,keydown
789300,o,keydown
789500, ,keydown
789900,q,keydown
790000,u,keydown
790200,a,keydown
790300,l,keydown
790600,c,keydown
790800,o,keydown
790900,s,keydown
791200,a,keydown
791400, ,keydown
791700,o,keydown
792000,p,keydown
792200,p,keydown
792400,u,keydown
792600,r,keydown
792800,e,keydown
792900, ,keydown
793200,n,keydown
793300,o,keydown
793500,n,keydown
793600, ,keydown
794100,s,keydown
794400,a,keydown
794500,l,keydown
794900,Backspace,keydown
795200,n,keydown
795300,n,keydown
795500,o,keydown
795600, ,keydown
796000,n,keydown
796200,u,keydown
796400,l,keydown
796600,l,keydown
796700,a,keydown
797300,#,keydown
