timestamp,key,type
2205200,Backspace,keydown
2205200,Backspace,keydown
2205200,Backspace,keydown
2205200,Backspace,keydown
2205200,Backspace,keydown
2205200,Backspace,keydown
2205200,Backspace,keydown
2205200,Backspace,keydown
2205200,c,keydown
2205300,h,keydown
2205500,e,keydown
2205700, ,keydown
2205900,g,keydown
2206000,i,keydown
2206200,o,keydown
2206500,r,keydown
2206800,n,keydown
2207000,a,keydown
2207100,t,keydown
2207300,a,keydown
2207500, ,keydown
2208900,d,keydown
2209200,e,keydown
2209400,l,keydown
2209400, ,keydown
2209700,c,keydown
2209900,a,keydown
2210000,v,keydown
2210200,o,keydown
2210400,l,keydown
2210600,o,keydown
2211100,#,keydown
2211100, ,keydown
2211400,i,keydown
2211700,l,keydown
2211800, ,keydown
2212500,m,keydown
2212700,a,keydown
2213000,l,keydown
2213100, ,keydown
2213300,d,keydown
2213500,i,keydown
2213600, ,keydown
2213900,g,keydown
2213900,o,keydown
2214200,l,keydown
2214300,a,keydown
2214500, ,keydown
2214700,d,keydown
2214700,i,keydown
2214900, ,keydown
2215800,p,keydown
2216000,e,keydown
2216200,r,keydown
2216400,s,keydown
2216500,e,keydown
2216700,g,keydown
2217000,u,keydown
2217200,i,keydown
2217700,Backspace,keydown
2219000,Backspace,keydown
2219100,Backspace,keydown
2219800,Backspace,keydown
2219900,Backspace,keydown
2220100,Backspace,keydown
2220300,Backspace,keydown
2222200,l,keydown
2222400,e,keydown
2222800,z,keydown
2222900,i,keydown
2223000,o,keydown
2223200,n,keydown
2223400,e,keydown
2223600, ,keydown
2223800,e,keydown
2224000, ,keydown
2224300,t,keydown
2224400,e,keydown
2224600,s,keydown
2224900,i,keydown
2225000,s,keydown
2225100,t,keydown
2225200,i,keydown
2225400, ,keydown
2225500,d,keydown
2225700,a,keydown
2225900, ,keydown
2226600,b,keydown
2226800,a,keydown
2227000,d,keydown
2227200,a,keydown
2227400,r,keydown
2227400,e,keydown
2228000,#,keydown
2228200,#,keydown
2228300,#,keydown
2228600, ,keydown
2229000,m,keydown
2229200,a,keydown
2229300, ,keydown
2229800,q,keydown
2230000,u,keydown
2230100,a,keydown
2230300,n,keydown
2230400,d,keydown
2230500,o,keydown
2230800, ,keydown
2230900,a,keydown
2231100,v,keydown
2231400,r,keydown
2231500,o,keydown
2232000,#,keydown
2232200, ,keydown
2232500,u,keydown
2232600,n,keydown
2232700, ,keydown
2232900,p,keydown
2233100,o,keydown
2233500,#,keydown
2233800, ,keydown
2234000,d,keydown
2234100,i,keydown
2234200, ,keydown
2234300,t,keydown
2234500,e,keydown
2234700,m,keydown
2234800,p,keydown
2235100,o,keydown
2235200, ,keydown
2235400,p,keydown
2235600,e,keydown
2235700,r,keydown
2235800, ,keydown
2236100,r,keydown
2236200,i,keydown
2236600,p,keydown
2236800,r,keydown
2236900,e,keydown
2237200,n,keydown
2237300,d,keydown
2237600,e,keydown
2237700,r,keydown
2237900,e,keydown
2238000, ,keydown
2238100,a,keydown
2238200, ,keydown
2238500,f,keydown
2238700,a,keydown
2238800,r,keydown
2239000,e,keydown
2239000, ,keydown
2239300,l,keydown
2239400,e,keydown
2239500, ,keydown
2239700,c,keydown
2239800,o,keydown
2239800,s,keydown
2240100,e,keydown
2240200, ,keydown
2240400,c,keydown
2240500,h,keydown
2240600,e,keydown
2240800, ,keydown
2240900,m,keydown
2241200,i,keydown
2241300, ,keydown
2241600,p,keydown
2241700,i,keydown
2241900,a,keydown
2242200,c,keydown
2243500,i,keydown
2243800,o,keydown
2244000,n,keydown
2244100,o,keydown
2244900,#,keydown
2245200, ,keydown
2245900,f,keydown
2246100,o,keydown
2246300,r,keydown
2246800,s,keydown
2246900,e,keydown
2247100, ,keydown
2247300,m,keydown
2247400,a,keydown
2247600,i,keydown
2247800,#,keydown
2248000,#,keydown
2248200,#,keydown
2248400, ,keydown
2249300,s,keydown
2249500,i,keydown
2250100,#,keydown
2250300, ,keydown
2250600,f,keydown
2250700,o,keydown
2250900,r,keydown
2251100,s,keydown
2251400,e,keydown
2251600, ,keydown
2251700,n,keydown
2252000,o,keydown
2252100,n,keydown
2252200, ,keydown
2252700,s,keydown
2252800,i,keydown
2252900, ,keydown
2253300,r,keydown
2253400,i,keydown
2253500,e,keydown
2253900,s,keydown
2254100,c,keydown
2254200,e,keydown
2254600,p,keydown
2256000,Backspace,keydown
2256300, ,keydown
2256600,p,keydown
2257100,i,keydown
2257400,u,keydown
2257500,#,keydown
2257800, ,keydown
2258000,a,keydown
2258200,d,keydown
2258300, ,keydown
2258500,a,keydown
2258700,v,keydown
2258900,e,keydown
2259000,r,keydown
2259200,e,keydown
2259300, ,keydown
2259700,t,keydown
2259800,e,keydown
2259900,m,keydown
2260100,p,keydown
2260300,o,keydown
2260400, ,keydown
2260700,p,keydown
2260700,e,keydown
2260900,r,keydown
2261000, ,keydown
2261700,f,keydown
2261900,a,keydown
2262000,r,keydown
2262200,e,keydown
2262300, ,keydown
2262500,l,keydown
2262600,e,keydown
2262800, ,keydown
2263000,c,keydown
2263100,o,keydown
2263200,s,keydown
2263400,e,keydown
2263600, ,keydown
2264000,c,keydown
2264200,h,keydown
2264300,e,keydown
2264300, ,keydown
2264600,i,keydown
2264700,n,keydown
2265500,t,keydown
2265700,e,keydown
2265800,r,keydown
2266000,e,keydown
2266300,s,keydown
2266500,s,keydown
2266600,a,keydown
2266800,n,keydown
2267100,o,keydown
2267100, ,keydown
2267500,v,keydown
2267800,e,keydown
2267900,r,keydown
2268100,a,keydown
2268300,m,keydown
2268500,e,keydown
2268600,n,keydown
2268600,t,keydown
2268800,e,keydown
2269000,#,keydown
2269200, ,keydown
2272600,m,keydown
2272800,a,keydown
2272900,g,keydown
2273100,a,keydown
2273400,r,keydown
2275500,i,keydown
2277300, ,keydown
2279300,Backspace,keydown
2279500,Backspace,keydown
2279700,Backspace,keydown
2279700,Backspace,keydown
2279900,Backspace,keydown
2280100,Backspace,keydown
2280300,Backspace,keydown
2281300,c,keydown
2281500,h,keydown
2281700,i,keydown
2282300,s,keydown
2282500,s,keydown
2282800,a,keydown
2283300,#,keydown
2283500, ,keydown
2284000,c,keydown
2284200,o,keydown
2284700,m,keydown
2284800,e,keydown
2285100, ,keydown
2285500,e,keydown
2286100,#,keydown
2286400, ,keydown
2286600,d,keydown
2286800,a,keydown
2286900, ,keydown
2287200,p,keydown
2287300,r,keydown
2287400,o,keydown
2287700,f,keydown
2288800,e,keydown
2289600,s,keydown
2289900,s,keydown
2290100,o,keydown
2290400,r,keydown
2290700,i,keydown
2291000,#,keydown
2291200, ,keydown
2293500,b,keydown
2293700,e,keydown
2293800,h,keydown
2294100,#,keydown
2294300, ,keydown
2294600,c,keydown
2294900,e,keydown
2295100,r,keydown
2295600,t,keydown
2295800,o,keydown
2296100, ,keydown
2297400,s,keydown
2297700,e,keydown
2297800, ,keydown
2298100,n,keydown
2298300,o,keydown
2298400,n,keydown
2298500, ,keydown
2298800,p,keydown
2298900,a,keydown
2299100,r,keydown
2299300,t,keydown
2299500,e,keydown
2299600,c,keydown
2299800,i,keydown
2300000,p,keydown
2300200,o,keydown
2300300, ,keydown
2300600,a,keydown
2300600, ,keydown
2301500,n,keydown
2301700,e,keydown
2301900,s,keydown
2302100,s,keydown
2302300,u,keydown
2302500,n,keydown
2302600, ,keydown
2302800,c,keydown
2302800,o,keydown
2303400,n,keydown
2303700,c,keydown
2303800,o,keydown
2303900,r,keydown
2304200,s,keydown
2304400,o,keydown
2304500, ,keydown
2304800,n,keydown
2305300,o,keydown
2305500,n,keydown
2305600, ,keydown
2306300,p,keydown
2306600,o,keydown
2306700,t,keydown
2306900,r,keydown
2307200,o,keydown
2307500,#,keydown
2307700, ,keydown
2308000,m,keydown
2308200,a,keydown
2308200,i,keydown
2308400, ,keydown
2308600,s,keydown
2308800,a,keydown
2309000,p,keydown
2309100,e,keydown
2309300,r,keydown
2309800,l,keydown
2310000,o,keydown
2310300,#,keydown
2310400, ,keydown
2311100,g,keydown
2311300,u,keydown
2311500,n,keydown
2311700,e,keydown
2311900,t,keydown
2312100,t,keydown
2312200,i,keydown
2312400, ,keydown
2312800,m,keydown
2313000,i,keydown
2313200, ,keydown
2313400,r,keydown
2313500,i,keydown
2313600,m,keydown
2313900,p,keydown
2314300,r,keydown
2314500,o,keydown
2315000,v,keydown
2315800,e,keydown
2319500,r,keydown
2320300,e,keydown
2320500,r,keydown
2320800,e,keydown
2321000,b,keydown
2321100,b,keydown
2321200,e,keydown
2321500, ,keydown
2323100,s,keydown
2323200,e,keydown
2323300, ,keydown
2323500,l,keydown
2323700,o,keydown
2323900, ,keydown
2324400,s,keydown
2324700,a,keydown
2324800,p,keydown
2325000,e,keydown
2325300,s,keydown
2325500,s,keydown
2325600,e,keydown
2325900,#,keydown
2327300, ,keydown
2327900,f,keydown
2328300,a,keydown
2328400,r,keydown
2328600,e,keydown
2328900, ,keydown
2329200,s,keydown
2329500,e,keydown
2329700,m,keydown
2329900,p,keydown
2330000,r,keydown
2330200,e,keydown
2330400, ,keydown
2330500,t,keydown
2330700,u,keydown
2330900,t,keydown
2330900,t,keydown
2331100,i,keydown
2331200, ,keydown
2331500,i,keydown
2331600, ,keydown
2331800,c,keydown
2332200,o,keydown
2332300,n,keydown
2332400,c,keydown
2332600,o,keydown
2332700,r,keydown
2332900,s,keydown
2333100,i,keydown
2333800,#,keydown
2334100, ,keydown
2335300,o,keydown
2335500,g,keydown
2335700,g,keydown
2335900,i,keydown
2336000, ,keydown
2336800,c,keydown
2337000,o,keydown
2337200,m,keydown
2337300,u,keydown
2337600,n,keydown
2337700,q,keydown
2338000,u,keydown
2338100,e,keydown
2338300, ,keydown
2338600,h,keydown
2338800,o,keydown
2338900, ,keydown
2339300,v,keydown
2339400,i,keydown
2339500,s,keydown
2339700,t,keydown
2339900,o,keydown
2340100, ,keydown
2341000,i,keydown
2341200,l,keydown
2341400, ,keydown
2341600,c,keydown
2341700,u,keydown
2342000,r,keydown
2342100,r,keydown
2342300,i,keydown
2342400,c,keydown
2342600,u,keydown
2342800,l,keydown
2342900,u,keydown
2343200,m,keydown
2343400, ,keydown
2343600,d,keydown
2343800,i,keydown
2344400, ,keydown
2344800,l,keydown
2344900,i,keydown
2345200,n,keydown
2345700,Backspace,keydown
2346100,l,keydown
2346200,i,keydown
2346500,a,keydown
2346700,n,keydown
2346900,a,keydown
2348400, ,keydown
2348600,e,keydown
2349500,d,keydown
2349600, ,keydown
2349800,e,keydown
2350100,#,keydown
2350300, ,keydown
2350700,v,keydown
2350900,e,keydown
2351100,r,keydown
2351400,a,keydown
2351600,m,keydown
2351700,e,keydown
2351800,n,keydown
2351800,t,keydown
2352000,e,keydown
2352200, ,keydown
2352500,i,keydown
2352600,m,keydown
2352800,p,keydown
2352900,r,keydown
2353100,e,keydown
2353300,s,keydown
2353500,s,keydown
2353800,i,keydown
2354000,o,keydown
2354100,n,keydown
2354800,a,keydown
2355000,n,keydown
2355400,t,keydown
2355600,e,keydown
2355900,#,keydown
2356300, ,keydown
2357100,Backspace,keydown
2357600,Enter,keydown
2358500,c,keydown
2358600,o,keydown
2358700,m,keydown
2358900,u,keydown
2359200,n,keydown
2359600,q,keydown
2359900,u,keydown
2360400,e,keydown
2360600, ,keydown
2361100,r,keydown
2361300,i,keydown
2361600,b,keydown
2361800,a,keydown
2362100,d,keydown
2362300,i,keydown
2362500,s,keydown
2362700,c,keydown
2362800,o,keydown
2362900, ,keydown
2363200,i,keydown
2363400,l,keydown
2363500, ,keydown
2363600,c,keydown
2363800,o,keydown
2364000,n,keydown
2364500,c,keydown
2364600,e,keydown
2364800,t,keydown
2365000,t,keydown
2365100,o,keydown
2365300, ,keydown
2365400,c,keydown
2365600,h,keydown
2365700,e,keydown
2366400, ,keydown
2369800,q,keydown
2369900,u,keydown
2370000,e,keydown
2370200,s,keydown
2370400,t,keydown
2370500,o,keydown
2370700, ,keydown
2371100,s,keydown
2371300,t,keydown
2371500,r,keydown
2371700,u,keydown
2371900,m,keydown
2372100,e,keydown
2372100,n,keydown
2372200,t,keydown
2372400,o,keydown
2372500, ,keydown
2372700,d,keydown
2373200,o,keydown
2373300,v,keydown
2373500,r,keydown
2373700,e,keydown
2373900,b,keydown
2374000,b,keydown
2374100,e,keydown
2374300, ,keydown
2374600,e,keydown
2374800,s,keydown
2375000,s,keydown
2375100,e,keydown
2375400,r,keydown
2375800,e,keydown
2375900, ,keydown
2376300,v,keydown
2376600,e,keydown
2376700,n,keydown
2376900,d,keydown
2377300,u,keydown
2377600,t,keydown
2377700,o,keydown
2377900, ,keydown
2378000,c,keydown
2378100,o,keydown
2378400,m,keydown
2379300,e,keydown
2379500, ,keydown
2383700,p,keydown
2383800,s,keydown
2384000,i,keydown
2384100,c,keydown
2384400,o,keydown
2384500,l,keydown
2384700,o,keydown
2384900,g,keydown
2385100,o,keydown
2385300, ,keydown
2385500,o,keydown
2385600,n,keydown
2386300,m,keydown
2386600,l,keydown
2386800,i,keydown
2386900,n,keydown
2387100,e,keydown
2387600,#,keydown
2387700, ,keydown
2388100,b,keydown
2388300,a,keydown
2388600,s,keydown
2388800,t,keydown
2389000,e,keydown
2389200,r,keydown
2389400,e,keydown
2389500,b,keydown
2389700,b,keydown
2389800,e,keydown
2390000, ,keydown
2390200,c,keydown
2390400,h,keydown
2390500,e,keydown
2390600, ,keydown
2390900,o,keydown
2391300,g,keydown
2391300,n,keydown
2391500,i,keydown
2391800, ,keydown
2392300,t,keydown
2392400,a,keydown
2392600,n,keydown
2392700,t,keydown
2392900,o,keydown
2393100, ,keydown
2398100,s,keydown
2398200,u,keydown
2398400,g,keydown
2398600,g,keydown
2398900,e,keydown
2399700,s,keydown
2400400,Backspace,keydown
2400600,r,keydown
2400800,i,keydown
2401000,s,keydown
2401100,s,keydown
2401300,e,keydown
2401400, ,keydown
2401900,q,keydown
2402100,u,keydown
2402200,a,keydown
2402400,l,keydown
2402600,c,keydown
2402800,h,keydown
2402900,e,keydown
2402900, ,keydown
2403100,d,keydown
2403300,o,keydown
2403800,m,keydown
2403900,a,keydown
2404100,n,keydown
2404300,d,keydown
2404600,a,keydown
2406700, ,keydown
2406800,e,keydown
2407000, ,keydown
2407800,u,keydown
2407900,n,keydown
2408300,o,keydown
2408500, ,keydown
2408700,i,keydown
2409000,n,keydown
2409300,c,keydown
2409500,o,keydown
2409700,m,keydown
2410500,i,keydown
2410700,n,keydown
2411100,c,keydown
2411400,e,keydown
2411500,r,keydown
2411700,e,keydown
2412300,b,keydown
2412500,b,keydown
2412700,e,keydown
2412800, ,keydown
2413100,a,keydown
2413300, ,keydown
2425400,c,keydown
2425500,o,keydown
2425700,n,keydown
2425900,d,keydown
2426500,Backspace,keydown
2426600,f,keydown
2426900,i,keydown
2427200,d,keydown
2427300,a,keydown
2427500,r,keydown
2427900,s,keydown
2428100,i,keydown
2428300, ,keydown
2428600,c,keydown
2428700,o,keydown
2428800,n,keydown
2429600,Backspace,keydown
2429800,m,keydown
2430100,e,keydown
2430200, ,keydown
2432300,s,keydown
2432500,o,keydown
2432700,l,keydown
2433100,Backspace,keydown
2433300,Backspace,keydown
2434000,f,keydown
2434500,Backspace,keydown
2434700,Backspace,keydown
2435600,o,keydown
2435900,s,keydown
2436100,s,keydown
2436600,e,keydown
2436700, ,keydown
2436900,d,keydown
2437200,a,keydown
2437300,l,keydown
2437500,l,keydown
2437700,o,keydown
2437900, ,keydown
2438000,s,keydown
2438400,Backspace,keydown
2438700,p,keydown
2438800,s,keydown
2439000,i,keydown
2439200,c,keydown
2439300,o,keydown
2439600,l,keydown
2439800,o,keydown
2440100,g,keydown
2440300,o,keydown
2441400,#,keydown
2441600,#,keydown
2441700,#,keydown
2441900, ,keydown
2445200,Enter,keydown
2446100,f,keydown
2446300,o,keydown
2446500,r,keydown
2446700,s,keydown
2446900,e,keydown
2447100, ,keydown
2447400,c,keydown
2447400,i,keydown
2447600, ,keydown
2447800,s,keydown
2447800,i,keydown
2448000, ,keydown
2448200,p,keydown
2448400,o,keydown
2448700,t,keydown
2448800,r,keydown
2449000,e,keydown
2449200,b,keydown
2449300,b,keydown
2449400,e,keydown
2449500, ,keydown
2449700,f,keydown
2449900,a,keydown
2450000,r,keydown
2450200,e,keydown
2450300, ,keydown
2450400,d,keydown
2450600,e,keydown
2450800,i,keydown
2451000, ,keydown
2451100,s,keydown
2451300,o,keydown
2451400,l,keydown
2452000,d,keydown
2452100,i,keydown
2453100,1,keydown
