timestamp,key,type
28935200,Backspace,keydown
28935200,Backspace,keydown
28935300,Backspace,keydown
28935300,Backspace,keydown
28935300,Backspace,keydown
28935300,Backspace,keydown
28935300,Backspace,keydown
28935300,Backspace,keydown
28935300,#,keydown
28935600,c,keydown
28935800,i,keydown
28935900,a,keydown
28936000,o,keydown
28936100, ,keydown
28936400,#,keydown
28936800,e,keydown
28937100,s,keydown
28937200,p,keydown
28937400,e,keydown
28937500,r,keydown
28938200,i,keydown
28938400,m,keydown
28938500,e,keydown
28938600,n,keydown
28938600,t,keydown
28938900,o,keydown
28940400,#,keydown
28940800,#,keydown
28941000, ,keydown
28941300,#,keydown
28941600,c,keydown
28941800,o,keydown
28942000,m,keydown
28942100,e,keydown
28942200, ,keydown
28942900,v,keydown
28943000,a,keydown
28943200, ,keydown
28943300,l,keydown
28943500,a,keydown
28943600, ,keydown
28943900,v,keydown
28944100,i,keydown
28944200,t,keydown
28944700,a,keydown
28945000,#,keydown
28945300,#,keydown
28945600, ,keydown
28945800,#,keydown
28946100,e,keydown
28946300,#,keydown
28946500, ,keydown
28946800,v,keydown
28946800,e,keydown
28947000,r,keydown
28947100,o,keydown
28947200, ,keydown
28947300,c,keydown
28947400,h,keydown
28947600,e,keydown
28947700, ,keydown
28948600,v,keydown
28948700,o,keydown
28948900,r,keydown
28948900,t,keydown
28949000,r,keydown
28949200,e,keydown
28949400,s,keydown
28949700,t,keydown
28950100,Backspace,keydown
28950200,Backspace,keydown
28950300,Backspace,keydown
28950500,Backspace,keydown
28950600,Backspace,keydown
28951200,r,keydown
28951700,e,keydown
28951900,s,keydown
28952100,t,keydown
28952300,i,keydown
28952300, ,keydown
28952700,v,keydown
28953200,Backspace,keydown
28953700,f,keydown
28953900,i,keydown
28954100,n,keydown
28954200,i,keydown
28954400,r,keydown
28954400,e,keydown
28954500, ,keydown
28954700,a,keydown
28954800, ,keydown
28955200,#,keydown
28955700,Enter,keydown
28955900,#,keydown
28956000,l,keydown
28956500,u,keydown
28956600,g,keydown
28957100,l,keydown
28957300,i,keydown
28957400,o,keydown
28957700,#,keydown
28958100,#,keydown
28958400, ,keydown
28958500,#,keydown
28959000,c,keydown
28959200,h,keydown
28959400,i,keydown
28959500,s,keydown
28959600,s,keydown
28959700,s,keydown
28959800,a,keydown
28960300,Backspace,keydown
28960400,Backspace,keydown
28961200,a,keydown
28961400, ,keydown
28962300,Backspace,keydown
28962500,#,keydown
28962800, ,keydown
28963300,s,keydown
28963400,e,keydown
28963500, ,keydown
28963700,n,keydown
28963900,o,keydown
28964100,i,keydown
28964100, ,keydown
28964400,p,keydown
28964700,i,keydown
28964900,g,keydown
28965000,r,keydown
28965200,i,keydown
28965300, ,keydown
28965500,a,keydown
28965600,i,keydown
28965900,u,keydown
28966100,t,keydown
28966300,a,keydown
28966600,t,keydown
28966700,n,keydown
28966800,i,keydown
28967000, ,keydown
28967300,s,keydown
28967300,d,keydown
28967300,a,keydown
28967700,Backspace,keydown
28967900,Backspace,keydown
28968600,a,keydown
28968900,Backspace,keydown
28969100,Backspace,keydown
28969200,Backspace,keydown
28969400,Backspace,keydown
28969500,Backspace,keydown
28969600,Backspace,keydown
28970500,n,keydown
28970700,t,keydown
28970800,i,keydown
28970900, ,keydown
28971100,s,keydown
28971200,a,keydown
28971500,r,keydown
28972100,e,keydown
28973500,m,keydown
28973900,o,keydown
28974000, ,keydown
28974600,m,keydown
28974700,e,keydown
28974900,n,keydown
28975100,o,keydown
28975200, ,keydown
28975300,p,keydown
28975900,i,keydown
28976200,g,keydown
28976500,r,keydown
28976700,i,keydown
28976700, ,keydown
28976800,e,keydown
28977000, ,keydown
28977800,t,keydown
28977900,i,keydown
28978000, ,keydown
28978300,l,keydown
28978900,Backspace,keydown
28979800,l,keydown
28979900,a,keydown
28980400,Backspace,keydown
28980600,Backspace,keydown
28980900,Enter,keydown
28981500,l,keydown
28981600,a,keydown
28981700,s,keydown
28982000,c,keydown
28982200,i,keydown
28982200,a,keydown
28982400,m,keydown
28982700,o,keydown
28982800, ,keydown
28983300,f,keydown
28983400,i,keydown
28983600,n,keydown
28983800,i,keydown
28984000,r,keydown
28984500,e,keydown
28985200,.,keydown
28985400, ,keydown
28985600,#,keydown
28986200,Backspace,keydown
28986600,.,keydown
28986700,.,keydown
28987200, ,keydown
28987400,#,keydown
28987700,e,keydown
28988300,#,keydown
28988500, ,keydown
28988800,c,keydown
28988800,h,keydown
28989000,e,keydown
28989000, ,keydown
28989300,c,keydown
28989400,i,keydown
28989500, ,keydown
28989700,Backspace,keydown
28990000,Backspace,keydown
28990100,Backspace,keydown
28990200,Backspace,keydown
28990300,Backspace,keydown
28990300,Backspace,keydown
28990400,Backspace,keydown
28990400,Backspace,keydown
28990600,Backspace,keydown
28990600,Backspace,keydown
28990900,#,keydown
28991200,e,keydown
28991700,#,keydown
28992100, ,keydown
28992300,c,keydown
28992400,h,keydown
28992500,e,keydown
28992600, ,keydown
28993200,c,keydown
28993400,i,keydown
28993500, ,keydown
28993600,s,keydown
28993700,o,keydown
28993900,n,keydown
28994100,o,keydown
28994100, ,keydown
28994600,s,keydown
28994700,e,keydown
28994800,m,keydown
28995000,p,keydown
28995100,r,keydown
28995200,e,keydown
28995300, ,keydown
28995600,u,keydown
28995700,n,keydown
28995800, ,keydown
28995900,s,keydown
28996000,a,keydown
28996200,c,keydown
28996300,c,keydown
28996400,o,keydown
28996500, ,keydown
28996600,d,keydown
28996700,i,keydown
28996800, ,keydown
28997400,c,keydown
28997600,o,keydown
28997700,s,keydown
28998000,e,keydown
28998200, ,keydown
28998200,d,keydown
28998500,a,keydown
28998500, ,keydown
28999000,f,keydown
28999300,a,keydown
28999400,r,keydown
28999500,e,keydown
28999600, ,keydown
28999800,e,keydown
29000200,Backspace,keydown
29000400,Backspace,keydown
29000800,Enter,keydown
29000900,e,keydown
29001100, ,keydown
29001800,i,keydown
29002000,n,keydown
29002200, ,keydown
29002400,p,keydown
29002700,i,keydown
29002900,u,keydown
29003200,#,keydown
29003300, ,keydown
29003500,s,keydown
29003800,t,keydown
29004000,a,keydown
29004300, ,keydown
29005500,a,keydown
29005800,r,keydown
29005800,r,keydown
29005900,i,keydown
29006200,v,keydown
29006300,a,keydown
29006500,n,keydown
29006600,d,keydown
29007600,i,keydown
29007600, ,keydown
29007900,l,keydown
29008200,Backspace,keydown
29008200,Backspace,keydown
29008400,Backspace,keydown
29008900,o,keydown
29009000, ,keydown
29009300,l,keydown
29009500,a,keydown
29009600, ,keydown
29010100,p,keydown
29010300,i,keydown
29010500,e,keydown
29010600,n,keydown
29010800,a,keydown
29010900, ,keydown
29011100,e,keydown
29011300,s,keydown
29011700,t,keydown
29011900,a,keydown
29012000,t,keydown
29012100,e,keydown
29012300, ,keydown
29012400,c,keydown
29012600,h,keydown
29012700,e,keydown
29013200,Backspace,keydown
29013300,Backspace,keydown
29013400,Backspace,keydown
29013500,Backspace,keydown
29014000,",",keydown
29014200, ,keydown
29014300,c,keydown
29014500,h,keydown
29014500,e,keydown
29014700, ,keydown
29014800,n,keydown
29015000,o,keydown
29015300,n,keydown
29015400, ,keydown
29015500,c,keydown
29015900,o,keydown
29016400,c,keydown
29016600,i,keydown
29016900,l,keydown
29017000,i,keydown
29017300,a,keydown
29017900,Backspace,keydown
29018100,Backspace,keydown
29018100,Backspace,keydown
29018300,Backspace,keydown
29018400,Backspace,keydown
29018900,n,keydown
29019100,c,keydown
29019200,i,keydown
29019500,l,keydown
29019600,i,keydown
29019900,a,keydown
29020100, ,keydown
29020300,i,keydown
29020500,l,keydown
29020600, ,keydown
29020800,l,keydown
29020800,a,keydown
29021700,v,keydown
29021800,o,keydown
29022000,r,keydown
29022500,o,keydown
29022800,Enter,keydown
29024000,Backspace,keydown
29025100,",",keydown
29026000,Enter,keydown
29027900,n,keydown
29028100,e,keydown
29028200,p,keydown
29028400,p,keydown
29028600,u,keydown
29028700,r,keydown
29028900,e,keydown
29028900, ,keydown
29029100,q,keydown
29029200,u,keydown
29029300,e,keydown
29029500,e,keydown
29029600,l,keydown
29030100,Backspace,keydown
29030300,Backspace,keydown
29030500,e,keydown
29030700,l,keydown
29030700,l,keydown
29031000,Backspace,keydown
29031200,Backspace,keydown
29031300,Backspace,keydown
29031600,l,keydown
29031700,l,keydown
29032000,o,keydown
29032000, ,keydown
29032500,n,keydown
29032600,o,keydown
29032800,r,keydown
29033000,m,keydown
29033100,a,keydown
29033200,l,keydown
29033300,e,keydown
29033800,",",keydown
29033900, ,keydown
29034100,f,keydown
29034200,i,keydown
29034400,g,keydown
29034700,u,keydown
29035100,r,keydown
29035200,i,keydown
29035400,a,keydown
29036100,m,keydown
29036300,o,keydown
29036500,c,keydown
29036700,i,keydown
29036800, ,keydown
29037200,q,keydown
29037500,u,keydown
29037500,e,keydown
29037800,s,keydown
29038300,Backspace,keydown
29038500,l,keydown
29038600,l,keydown
29038900,o,keydown
29038900, ,keydown
29039400,e,keydown
29039900,x,keydown
29040200,t,keydown
29040200,r,keydown
29040600,a,keydown
29041000,#,keydown
29041400,#,keydown
29041700, ,keydown
29042000,#,keydown
29042300,v,keydown
29042500,o,keydown
29042600,r,keydown
29042800,r,keydown
29042900,e,keydown
29042900,i,keydown
29043100, ,keydown
29043500,e,keydown
29043600,s,keydown
29043700,s,keydown
29044000,e,keydown
29044200,r,keydown
29044300,e,keydown
29044400, ,keydown
29044500,a,keydown
29044700,l,keydown
29044900, ,keydown
29045400,Enter,keydown
29045900,m,keydown
29046000,a,keydown
29046200,r,keydown
29046400,e,keydown
29046600,",",keydown
29046700, ,keydown
29046800,a,keydown
29047000,n,keydown
29047200,c,keydown
29047300,h,keydown
29047400,e,keydown
29047500, ,keydown
29047800,s,keydown
29048000,e,keydown
29048000, ,keydown
29048300,p,keydown
29048600,o,keydown
29049100,i,keydown
29049300, ,keydown
29049500,m,keydown
29049600,i,keydown
29049700, ,keydown
29049900,s,keydown
29050100,c,keydown
29050300,o,keydown
29050500,t,keydown
29050700,t,keydown
29050800,e,keydown
29051100,r,keydown
29051600,e,keydown
29052400,i,keydown
29052500, ,keydown
29052600,c,keydown
29052700,o,keydown
29052900,m,keydown
29053000,e,keydown
29053200, ,keydown
29053600,u,keydown
29055600,n,keydown
29055800,a,keydown
29055900, ,keydown
29056300,b,keydown
29056600,i,keydown
29056700,s,keydown
29057000,t,keydown
29057100,e,keydown
29057500,c,keydown
29057700,c,keydown
29058200,a,keydown
29058300, ,keydown
29058400,a,keydown
29058700,l,keydown
29058800,l,keydown
29058800,a,keydown
29059100, ,keydown
29059500,g,keydown
29059600,r,keydown
29059800,i,keydown
29060000,g,keydown
29060100,l,keydown
29060300,i,keydown
29060400,a,keydown
29060800,Enter,keydown
29061000,e,keydown
29061200, ,keydown
29061400,a,keydown
29061600,#,keydown
29061700,l,keydown
29062000,Backspace,keydown
29062100,Backspace,keydown
29062500,l,keydown
29062700,l,keydown
29062900,o,keydown
29063000,r,keydown
29063100,a,keydown
29063200, ,keydown
29063500,v,keydown
29063500,o,keydown
29063800,r,keydown
29064000,r,keydown
29064100,e,keydown
29064300,i,keydown
29064300, ,keydown
29064900,e,keydown
29065100,s,keydown
29065200,s,keydown
29065400,e,keydown
29065600,r,keydown
29065800,e,keydown
29066100,a,keydown
29066300, ,keydown
29066700,Backspace,keydown
29066900,Backspace,keydown
29067200, ,keydown
29068100,i,keydown
29068300,n,keydown
29068400, ,keydown
29069100,u,keydown
29069500,n,keydown
29069700, ,keydown
29070100,p,keydown
29070300,o,keydown
29070300,s,keydown
29070600,t,keydown
29070700,o,keydown
29070700, ,keydown
29070900,p,keydown
29071100,i,keydown
29071300,u,keydown
29071600,#,keydown
29071800, ,keydown
29072100,f,keydown
29072400,r,keydown
29072400,e,keydown
29072800,c,keydown
29073100,Backspace,keydown
29073200,s,keydown
29073400,c,keydown
29073500,o,keydown
29074300,.,keydown
29074500,.,keydown
29074600,.,keydown
29074900, ,keydown
29075000,#,keydown
29075200,m,keydown
29075400,a,keydown
29076200,h,keydown
29076600,",",keydown
29076700, ,keydown
29076900,l,keydown
29077000,a,keydown
29077500, ,keydown
29077700,m,keydown
29078000,i,keydown
29078100,g,keydown
29078200,l,keydown
29078400,i,keydown
29078600,o,keydown
29079400,r,keydown
29080300,Enter,keydown
29080700,c,keydown
29081000,o,keydown
29081100,s,keydown
29081300,a,keydown
29081300, ,keydown
29081600,s,keydown
29081800,a,keydown
29082100,r,keydown
29082200,e,keydown
29082400,b,keydown
29082500,b,keydown
29082500,e,keydown
29082700, ,keydown
29083200,e,keydown
29083300,s,keydown
29083500,s,keydown
29083600,e,keydown
29083900,r,keydown
29083900,e,keydown
29084000, ,keydown
29084300,a,keydown
29084400,l,keydown
29084700, ,keydown
29084800,m,keydown
29084900,a,keydown
29085200,r,keydown
29085300,e,keydown
29085400, ,keydown
29085700,l,keydown
29085800,o,keydown
29086000, ,keydown
29086300,s,keydown
29086600,t,keydown
29086600,e,keydown
29086900,s,keydown
29087100,s,keydown
29087100,o,keydown
29087200, ,keydown
29087400,e,keydown
29087400, ,keydown
29088300,f,keydown
29088400,a,keydown
29088700,r,keydown
29088700,e,keydown
29088900, ,keydown
29088900,t,keydown
29089200,a,keydown
29089300,n,keydown
29089400,t,keydown
29089500,i,keydown
29089700, ,keydown
29090100,b,keydown
29090200,a,keydown
29090600,g,keydown
29090800,n,keydown
29091000,i,keydown
29091100, ,keydown
29092600,d,keydown
29092700,o,keydown
29092900,p,keydown
29093000,o,keydown
29093100, ,keydown
29093800,Backspace,keydown
29093900,Backspace,keydown
29094000,Backspace,keydown
29094200,Backspace,keydown
29094400,Backspace,keydown
29094500,a,keydown
29094700,l,keydown
29094700,k,keydown
29095100,Backspace,keydown
29095200,Backspace,keydown
29096100,l,keydown
29096500, ,keydown
29096600,m,keydown
29096800,a,keydown
29097300,t,keydown
29097400,t,keydown
29097500,i,keydown
29097700,n,keydown
29097900,o,keydown
29098200,Enter,keydown
29099000,p,keydown
29099100,r,keydown
29099200,e,keydown
29099400,s,keydown
29099600,t,keydown
29099700,o,keydown
29099700, ,keydown
29100000,e,keydown
29100000, ,keydown
29100400,a,keydown
29100700,l,keydown
29100900, ,keydown
29101200,p,keydown
29101400,o,keydown
29101600,m,keydown
29101800,e,keydown
29102100,r,keydown
29102300,i,keydown
29102500,g,keydown
29102600,g,keydown
29102700,i,keydown
29102900,o,keydown
29103000, ,keydown
29103500,t,keydown
29103900,a,keydown
29104100,r,keydown
29104300,d,keydown
29104400,i,keydown
29104700,",",keydown
29104800, ,keydown
29105200,l,keydown
29105400,e,keydown
29105500,g,keydown
29105700,g,keydown
29105900,e,keydown
29106600,n,keydown
29107000,d,keydown
29107100,o,keydown
29107200, ,keydown
29107300,e,keydown
29107500, ,keydown
29107600,d,keydown
29107800,o,keydown
29108300,r,keydown
29108600,m,keydown
29108600,e,keydown
29108800,n,keydown
29108900,d,keydown
29109100,o,keydown
29109200, ,keydown
29110300,i,keydown
29111200,l,keydown
29111300, ,keydown
29111500,r,keydown
29111600,e,keydown
29111800,s,keydown
29112000,t,keydown
29112100,o,keydown
29112100, ,keydown
29112300,d,keydown
29112400,e,keydown
29112400,l,keydown
29112600, ,keydown
29113300,Enter,keydown
29114000,t,keydown
29114100,e,keydown
29114400,m,keydown
29114600,p,keydown
29114800,o,keydown
29115500,.,keydown
29115700, ,keydown
29116000,#,keydown
29116200,m,keydown
29116300,a,keydown
29117100,g,keydown
29117400,Backspace,keydown
29118300,g,keydown
29118300,a,keydown
29118500,r,keydown
29118600,i,keydown
29118700, ,keydown
29119400,a,keydown
29119600,n,keydown
29119800,c,keydown
29119900,h,keydown
29119900,e,keydown
29120100, ,keydown
29120900,u,keydown
29121000,n,keydown
29121200,a,keydown
29121200, ,keydown
29121900,b,keydown
29122000,e,keydown
29122100,l,keydown
29122200,l,keydown
29122400,a,keydown
29122500, ,keydown
29122700,#,keydown
29123100,#,keydown
29123500,v,keydown
29123600,a,keydown
29123700,s,keydown
29123900,c,keydown
29124100,a,keydown
29124600,#,keydown
29125000,#,keydown
29125200, ,keydown
29125300,s,keydown
29125500,u,keydown
29125700,l,keydown
29125800, ,keydown
29125900,l,keydown
29126100,u,keydown
29126200,n,keydown
29126400,g,keydown
29126600,o,keydown
29126600, ,keydown
29126800,m,keydown
29126900,a,keydown
29127200,r,keydown
29127400,e,keydown
29127600, ,keydown
29128700,n,keydown
29128900,o,keydown
29129100,n,keydown
29129300, ,keydown
29129500,s,keydown
29129600,a,keydown
29129900,r,keydown
29129900,e,keydown
29130100,b,keydown
29130300,b,keydown
29130300,e,keydown
29131100,Enter,keydown
29131500,m,keydown
29131600,a,keydown
29131700,l,keydown
29131800,e,keydown
29132600,",",keydown
29132700, ,keydown
29132900,s,keydown
29133000,o,keydown
29133200,n,keydown
29133400,o,keydown
29133500, ,keydown
29133600,a,keydown
29133800,n,keydown
29133900,n,keydown
29134200,i,keydown
29134300, ,keydown
29134400,c,keydown
29134600,h,keydown
29134700,e,keydown
29134800, ,keydown
29135000,n,keydown
29135300,o,keydown
29135400,n,keydown
29135600, ,keydown
29135800,l,keydown
29135900,o,keydown
29136000, ,keydown
29136400,f,keydown
29136600,a,keydown
29136800,c,keydown
29137100,i,keydown
29137200,o,keydown
29137600,Backspace,keydown
29137700,Backspace,keydown
29137900,c,keydown
29138200,i,keydown
29138400,o,keydown
29138500, ,keydown
29139000,p,keydown
29139300,i,keydown
29139400,u,keydown
29139700,#,keydown
29140600,.,keydown
29140800,.,keydown
29140900,.,keydown
29141300, ,keydown
29141400,#,keydown
29141800,c,keydown
29142100,h,keydown
29142200,i,keydown
29142400,s,keydown
29142500,s,keydown
29142600,a,keydown
29143200,#,keydown
29143600,",",keydown
29143700, ,keydown
29143900,m,keydown
29144000,a,keydown
29144300,g,keydown
29144500,a,keydown
29144700,r,keydown
29144800,i,keydown
29144900, ,keydown
29145300,l,keydown
29145500,#,keydown
29145600,a,keydown
29145900,n,keydown
29146000,n,keydown
29146200,o,keydown
29146800,Enter,keydown
29147100,p,keydown
29147200,r,keydown
29147300,o,keydown
29147700,s,keydown
29147900,s,keydown
29148900,i,keydown
29149100,m,keydown
29149300,o,keydown
29150000,.,keydown
29150100,.,keydown
29150700,.,keydown
29151400, ,keydown
29151600,#,keydown
29151700,a,keydown
29151700, ,keydown
29152800,p,keydown
29152900,r,keydown
29152900,e,keydown
29153100,s,keydown
29153700,t,keydown
29153900,o,keydown
29154100,",",keydown
29154400,Enter,keydown
29155200,Backspace,keydown
29155800,Backspace,keydown
29156700,",",keydown
29156800, ,keydown
29157100,#,keydown
29157300,#,keydown
29157600,#,keydown
29157900,Backspace,keydown
29158100,Backspace,keydown
29158700,#,keydown
29158900,v,keydown
29159100,i,keydown
29159200,v,keydown
29159300,i,keydown
29159400,a,keydown
29159500,n,keydown
29159600,a,keydown
