timestamp,key,type
2457100,Backspace,keydown
2457100,Backspace,keydown
2457100,Backspace,keydown
2457100,Backspace,keydown
2457100,Backspace,keydown
2457100,Backspace,keydown
2457100,Backspace,keydown
2457100,Backspace,keydown
2457100,o,keydown
2457300,g,keydown
2457400,g,keydown
2457600,i,keydown
2457800, ,keydown
2459800,e,keydown
2460000,#,keydown
2460300, ,keydown
2460700,p,keydown
2460900,r,keydown
2461000,o,keydown
2461200,p,keydown
2461600,r,keydown
2461800,i,keydown
2461900,o,keydown
2462100, ,keydown
2462200,u,keydown
2462400,n,keydown
2462700,a,keydown
2462900, ,keydown
2463100,g,keydown
2463200,i,keydown
2463400,o,keydown
2463700,r,keydown
2463900,n,keydown
2464000,a,keydown
2464200,t,keydown
2464400,a,keydown
2464700,c,keydown
2464900,c,keydown
2465000,i,keydown
2465300,a,keydown
2465700,#,keydown
2466000,Enter,keydown
2467100,Backspace,keydown
2467600,Enter,keydown
2468200,h,keydown
2468400,o,keydown
2468600, ,keydown
2468700,p,keydown
2468800,r,keydown
2468900,o,keydown
2469400,v,keydown
2469500,a,keydown
2469700,t,keydown
2469800,o,keydown
2470000, ,keydown
2470200,a,keydown
2470400, ,keydown
2472300,f,keydown
2472500,a,keydown
2472600,r,keydown
2472800,e,keydown
2472900, ,keydown
2473000,i,keydown
2473200,l,keydown
2473300, ,keydown
2473600,d,keydown
2473900,u,keydown
2474400,Backspace,keydown
2475200,e,keydown
2475700,b,keydown
2476000,u,keydown
2476600,g,keydown
2477000, ,keydown
2477700,d,keydown
2478000,e,keydown
2481200,l,keydown
2481500, ,keydown
2481800,p,keydown
2481900,r,keydown
2482000,o,keydown
2482200,g,keydown
2482400,r,keydown
2482600,a,keydown
2482700,m,keydown
2483000,m,keydown
2483100,a,keydown
2483200, ,keydown
2483800,d,keydown
2484000,e,keydown
2484100,i,keydown
2484300, ,keydown
2484500,p,keydown
2484700,i,keydown
2484800,a,keydown
2484900,n,keydown
2485100,i,keydown
2485200, ,keydown
2485400,d,keydown
2485500,i,keydown
2485700, ,keydown
2485800,s,keydown
2486000,t,keydown
2486100,u,keydown
2486300,d,keydown
2486500,i,keydown
2486700,o,keydown
2486800, ,keydown
2487000,m,keydown
2487200,a,keydown
2487400, ,keydown
2487500,n,keydown
2487700,o,keydown
2487800,n,keydown
2488000, ,keydown
2488300,r,keydown
2488500,i,keydown
2488700,e,keydown
2488800,s,keydown
2489100,c,keydown
2489300,o,keydown
2489600,p,keydown
2489800,r,keydown
2489900,o,keydown
2490300,p,keydown
2490400,r,keydown
2490600,i,keydown
2490700,o,keydown
2490900, ,keydown
2491000,a,keydown
2491200, ,keydown
2491300,c,keydown
2491600,a,keydown
2491700,p,keydown
2492000,i,keydown
2492700,r,keydown
2492800,e,keydown
2493000, ,keydown
2493600,p,keydown
2493800,e,keydown
2494000,r,keydown
2494200,c,keydown
2494500,h,keydown
2494500,e,keydown
2494800,#,keydown
2495000, ,keydown
2495500,q,keydown
2495800,u,keydown
2495900,e,keydown
2496000,s,keydown
2496300,t,keydown
2496400,o,keydown
2496600, ,keydown
2496700,i,keydown
2497000,n,keydown
2497700,Backspace,keydown
2497900,Backspace,keydown
2498300,a,keydown
2498500,l,keydown
2498700,l,keydown
2498900,#,keydown
2499300,i,keydown
2499500,m,keydown
2499600,p,keydown
2499800,r,keydown
2499900,o,keydown
2500200,b,keydown
2500600,Backspace,keydown
2500700,v,keydown
2500900,v,keydown
2501200,i,keydown
2501300,s,keydown
2502000,o,keydown
2502100, ,keydown
2502200,c,keydown
2502500,o,keydown
2503000,m,keydown
2503200,i,keydown
2503500,n,keydown
2503600,c,keydown
2503900,i,keydown
2504200,a,keydown
2504400, ,keydown
2504500,d,keydown
2505000,Backspace,keydown
2505100,a,keydown
2505300,d,keydown
2505600, ,keydown
2505800,a,keydown
2506000,n,keydown
2506100,d,keydown
2506400,a,keydown
2506600,r,keydown
2506700,e,keydown
2506800, ,keydown
2507100,p,keydown
2507300,a,keydown
2507500,u,keydown
2507800,r,keydown
2508100,o,keydown
2508600,s,keydown
2509000,a,keydown
2509300,m,keydown
2509300,e,keydown
2509500,n,keydown
2510300,Backspace,keydown
2510700,t,keydown
2511100,Backspace,keydown
2511400,n,keydown
2511500,t,keydown
2511800,e,keydown
2511900, ,keydown
2512200,p,keydown
2512400,i,keydown
2512700,a,keydown
2512900,n,keydown
2513200,o,keydown
2513700,#,keydown
2514000, ,keydown
2515600,p,keydown
2515800,r,keydown
2516000,o,keydown
2516100,b,keydown
2516400,a,keydown
2516700,b,keydown
2516900,i,keydown
2517100,l,keydown
2517300,m,keydown
2517500,e,keydown
2517600,n,keydown
2517700,t,keydown
2517900,e,keydown
2518000, ,keydown
2518700,i,keydown
2518800,l,keydown
2519000, ,keydown
2519700,n,keydown
2520000,u,keydown
2520100,m,keydown
2520300,e,keydown
2520500,r,keydown
2520600,o,keydown
2520800, ,keydown
2520800,d,keydown
2521000,i,keydown
2521100, ,keydown
2521800,f,keydown
2522100,l,keydown
2522200,u,keydown
2522400,e,keydown
2522600,n,keydown
2522700,t,keydown
2522900,i,keydown
2523000, ,keydown
2523600,i,keydown
2523700,n,keydown
2523900, ,keydown
2524000,u,keydown
2524300,n,keydown
2524500,o,keydown
2524700, ,keydown
2524800,s,keydown
2525000,t,keydown
2525100,a,keydown
2525400,t,keydown
2525500,o,keydown
2525600, ,keydown
2525800,e,keydown
2526500,#,keydown
2526700, ,keydown
2526900,e,keydown
2527400,c,keydown
2527600,c,keydown
2527700,e,keydown
2527900,s,keydown
2528200,s,keydown
2528400,i,keydown
2528700,v,keydown
2529000,o,keydown
2533100, ,keydown
2533400,m,keydown
2533500,a,keydown
2533700, ,keydown
2534000,a,keydown
2534100,n,keydown
2534300,c,keydown
2534400,h,keydown
2534500,e,keydown
2534600, ,keydown
2535100,i,keydown
2535300,l,keydown
2535500, ,keydown
2535600,p,keydown
2535900,r,keydown
2536000,e,keydown
2536300,c,keydown
2536600,e,keydown
2536700,d,keydown
2537000,e,keydown
2537100,n,keydown
2537300,t,keydown
2537400,e,keydown
2537600, ,keydown
2537800,p,keydown
2538000,r,keydown
2538100,o,keydown
2538600,g,keydown
2538800,r,keydown
2539100,a,keydown
2539300,m,keydown
2539400,m,keydown
2539500,a,keydown
2539700, ,keydown
2539900,a,keydown
2540100,v,keydown
2540400,e,keydown
2540700,c,keydown
2541300,Backspace,keydown
2541500,v,keydown
2541700,a,keydown
2542000, ,keydown
2542400,q,keydown
2542700,u,keydown
2542800,e,keydown
2543100,s,keydown
2543200,t,keydown
2543400,o,keydown
2543500, ,keydown
2543900,n,keydown
2544200,u,keydown
2544300,m,keydown
2544400,e,keydown
2544600,r,keydown
2544800,o,keydown
2544900, ,keydown
2545000,d,keydown
2545200,i,keydown
2545300, ,keydown
2546000,f,keydown
2546200,l,keydown
2546400,u,keydown
2547300,e,keydown
2547400,n,keydown
2547600,t,keydown
2547800,i,keydown
2547800, ,keydown
2548000,e,keydown
2548200, ,keydown
2548800,f,keydown
2549000,u,keydown
2549100,n,keydown
2549400,z,keydown
2549600,i,keydown
2549800,o,keydown
2550000,n,keydown
2550300,a,keydown
2550700,v,keydown
2551000,a,keydown
2551000, ,keydown
2551200,e,keydown
2551500,g,keydown
2551800,r,keydown
2551900,e,keydown
2552400,g,keydown
2552500,i,keydown
2552700,a,keydown
2552800,m,keydown
2552900,e,keydown
2553100,n,keydown
2553200,t,keydown
2553300,e,keydown
2553500,#,keydown
2553800, ,keydown
2554200,s,keydown
2554500,e,keydown
2555000,n,keydown
2555600,#,keydown
2555900,Backspace,keydown
2556900,Backspace,keydown
2557400,m,keydown
2557600,b,keydown
2557800,r,keydown
2558000,a,keydown
2558200, ,keydown
2558300,c,keydown
2558500,h,keydown
2558600,e,keydown
2558700, ,keydown
2558900,a,keydown
2559100,d,keydown
2559300, ,keydown
2559400,u,keydown
2559700,n,keydown
2559900, ,keydown
2560100,c,keydown
2560300,e,keydown
2560400,r,keydown
2560500,t,keydown
2560700,o,keydown
2560900, ,keydown
2561100,p,keydown
2561200,u,keydown
2561500,n,keydown
2561600,t,keydown
2561700,o,keydown
2561900, ,keydown
2562300,r,keydown
2562500,a,keydown
2562800,p,keydown
2563200,Backspace,keydown
2563500,l,keydown
2563700,l,keydown
2563800,e,keydown
2564200,n,keydown
2564300,t,keydown
2564500,i,keydown
2564600, ,keydown
2564700,a,keydown
2565000,l,keydown
2565100,l,keydown
2565700,#,keydown
2566000,i,keydown
2566200,m,keydown
2566400,p,keydown
2566900,r,keydown
2567200,o,keydown
2567400,v,keydown
2567600,v,keydown
2567800,i,keydown
2567900,s,keydown
2568200,o,keydown
2568400,#,keydown
2568700, ,keydown
2569200,n,keydown
2569400,o,keydown
2569600,n,keydown
2569800, ,keydown
2570000,r,keydown
2570100,i,keydown
2570200,e,keydown
2570400,s,keydown
2570700,c,keydown
2570800,o,keydown
2570900, ,keydown
2571200,a,keydown
2571300, ,keydown
2571900,c,keydown
2572100,a,keydown
2572400,p,keydown
2572500,i,keydown
2572900,r,keydown
2573000,e,keydown
2573800,#,keydown
2575000,Enter,keydown
2577300,m,keydown
2577600,i,keydown
2577700, ,keydown
2577900,s,keydown
2578100,p,keydown
2578300,i,keydown
2578500,a,keydown
2578700,c,keydown
2578800,e,keydown
2578900, ,keydown
2579100,p,keydown
2579300,e,keydown
2579500,r,keydown
2580000,c,keydown
2580100,h,keydown
2580200,e,keydown
2580600,#,keydown
2580800, ,keydown
2581100,s,keydown
2581200,t,keydown
2581400,a,keydown
2581600,v,keydown
2581900,a,keydown
2582600,m,keydown
2582900,o,keydown
2583000, ,keydown
2583100,p,keydown
2583400,u,keydown
2583600,n,keydown
2583700,t,keydown
2583800,a,keydown
2584100,n,keydown
2584300,d,keydown
2584500,o,keydown
2584600, ,keydown
2585600,m,keydown
2585700,o,keydown
2586000,l,keydown
2586100,t,keydown
2586300,o,keydown
2586400, ,keydown
2587000,s,keydown
2587100,u,keydown
2587300, ,keydown
2588700,q,keydown
2588800,u,keydown
2589000,e,keydown
2589200,s,keydown
2589400,t,keydown
2589500,o,keydown
2589700, ,keydown
2589800,d,keydown
2590000,o,keydown
2590200,m,keydown
2590500,i,keydown
2590700,n,keydown
2590700,i,keydown
2590900,o,keydown
2591200, ,keydown
2591300,c,keydown
2591400,h,keydown
2591600,e,keydown
2592000,#,keydown
2592500,Backspace,keydown
2592700, ,keydown
2592900,e,keydown
2593600,#,keydown
2593900, ,keydown
2594200,i,keydown
2594300,n,keydown
2594500, ,keydown
2594800,e,keydown
2595000,f,keydown
2595200,f,keydown
2595300,e,keydown
2595500,t,keydown
2595700,t,keydown
2595800,i,keydown
2596000, ,keydown
2596300,r,keydown
2596500,e,keydown
2596700,a,keydown
2597100,l,keydown
2597400,e,keydown
2597700,#,keydown
2599100,Backspace,keydown
2600000,p,keydown
2600200,u,keydown
2600300,r,keydown
2600600,t,keydown
2600800,r,keydown
2601000,o,keydown
2601100,o,keydown
2601400,p,keydown
2602200,Backspace,keydown
2602400,Backspace,keydown
2602700,o,keydown
2603200,Backspace,keydown
2603600,p,keydown
2603900,p,keydown
2606300,#,keydown
2606800, ,keydown
2608100,o,keydown
2608200, ,keydown
2608600,s,keydown
2608800,e,keydown
2609000, ,keydown
2610400,e,keydown
2610500,#,keydown
2610700, ,keydown
2611000,c,keydown
2611100,o,keydown
2611300,s,keydown
2611500,i,keydown
2611800,#,keydown
2611900, ,keydown
2612600,p,keydown
2612800,e,keydown
2613200,s,keydown
2613500,a,keydown
2613800,n,keydown
2613900,t,keydown
2614000,e,keydown
2614400, ,keydown
2614600,l,keydown
2614700,a,keydown
2614900, ,keydown
2615000,c,keydown
2615100,o,keydown
2615300,m,keydown
2615500,p,keydown
2615700,u,keydown
2616000,t,keydown
2616200,a,keydown
2617200,z,keydown
2617400,i,keydown
2617600,o,keydown
2617700,n,keydown
2617900,e,keydown
2618100, ,keydown
2618400,p,keydown
2618900,Backspace,keydown
2619100,d,keydown
2619300,o,keydown
2619400,v,keydown
2619700,r,keydown
2620400,e,keydown
2620500,m,keydown
2620700,o,keydown
2620800, ,keydown
2621100,i,keydown
2621200,n,keydown
2621800,v,keydown
2621900,e,keydown
2622400,n,keydown
2623000,t,keydown
2623300,a,keydown
2623500,c,keydown
2624000,i,keydown
2624200, ,keydown
2624300,u,keydown
2624500,n,keydown
2624800, ,keydown
2625300,e,keydown
2625400,s,keydown
2625700,e,keydown
2625900,m,keydown
2626000,p,keydown
2626200,i,keydown
2626400,o,keydown
2626500, ,keydown
2626700,u,keydown
2626900,n,keydown
2627100, ,keydown
2627300,p,keydown
2627500,o,keydown
2628000,#,keydown
2628300, ,keydown
2628800,p,keydown
2629000,i,keydown
2629200,u,keydown
2629400,#,keydown
2629600, ,keydown
2629800,s,keydown
2630100,e,keydown
2631100,m,keydown
2631300,p,keydown
2631600,l,keydown
2631700,i,keydown
2631900,c,keydown
2632100,e,keydown
2632500,#,keydown
2632700, ,keydown
2635000,Enter,keydown
2636000,c,keydown
2636200,h,keydown
2636400,i,keydown
2636700,s,keydown
2636800,s,keydown
2637100,a,keydown
2637400, ,keydown
2637800,Backspace,keydown
2638100,#,keydown
2638500, ,keydown
2641300,s,keydown
2641400,e,keydown
2641700, ,keydown
2642000,s,keydown
2642200,i,keydown
2642300, ,keydown
2642500,r,keydown
2642600,i,keydown
2642800,e,keydown
2643000,s,keydown
2643400,c,keydown
2643600,e,keydown
2643800, ,keydown
2645600,a,keydown
2645900, ,keydown
2646100,s,keydown
2646400,e,keydown
2646500,m,keydown
2646800,p,keydown
2647000,l,keydown
2647200,i,keydown
2647400,f,keydown
2647600,i,keydown
2647800,c,keydown
2648000,a,keydown
2648200,r,keydown
2648400,l,keydown
2648600,o,keydown
2648800, ,keydown
2649000,u,keydown
2649200,n,keydown
2649400, ,keydown
2649500,p,keydown
2649700,o,keydown
2649800,c,keydown
2650000,o,keydown
2650300,#,keydown
2650600, ,keydown
2651100,c,keydown
2651300,e,keydown
2651400,r,keydown
2651600,t,keydown
2651800,o,keydown
2651900, ,keydown
2652200,e,keydown
2652500,#,keydown
2652800, ,keydown
2652900,c,keydown
2653100,h,keydown
2653200,e,keydown
2653300, ,keydown
2654600,f,keydown
2654900,a,keydown
2655000,r,keydown
2655200,e,keydown
2655400, ,keydown
2656100,d,keydown
2656300,e,keydown
2657100,b,keydown
2657700,u,keydown
2658000,g,keydown
2658200,g,keydown
2658300,i,keydown
2658500,n,keydown
2658900,g,keydown
2659100, ,keydown
2660300,s,keydown
2660400,u,keydown
2660700, ,keydown
2661100,d,keydown
2661200,i,keydown
2661400, ,keydown
2661500,u,keydown
2661800,n,keydown
2661900, ,keydown
2662100,p,keydown
2662300,r,keydown
2662500,o,keydown
2662600,g,keydown
2662900,r,keydown
2663000,a,keydown
2663200,m,keydown
2663300,m,keydown
2663500,a,keydown
2663600, ,keydown
2663900,s,keydown
2664300,c,keydown
2664600,r,keydown
2664700,i,keydown
2664900,t,keydown
2665100,t,keydown
2665200,o,keydown
2665400, ,keydown
2665500,i,keydown
2665700,n,keydown
2665800, ,keydown
2666100,p,keydown
2666200,r,keydown
2666400,o,keydown
2666700,l,keydown
2666800,o,keydown
2666900,g,keydown
2667100, ,keydown
2667300,e,keydown
2667900,#,keydown
2668100, ,keydown
2668400,v,keydown
2668600,e,keydown
2668800,r,keydown
2669000,a,keydown
2669200,m,keydown
2669400,e,keydown
2669500,n,keydown
2669700,t,keydown
2669800,e,keydown
2670000, ,keydown
2670500,a,keydown
2670700,l,keydown
2670800,l,keydown
2671500,#,keydown
2671700,u,keydown
2672100,c,keydown
2672400,i,keydown
2672800,n,keydown
2672900,a,keydown
2673200,n,keydown
2673400,t,keydown
2673600,e,keydown
2678000,Backspace,keydown
2680400,#,keydown
2680600, ,keydown
2680800,n,keydown
2680900,o,keydown
2681100,n,keydown
2681300, ,keydown
2681500,s,keydown
2681500,i,keydown
2681700, ,keydown
2681800,c,keydown
2682000,a,keydown
2682200,p,keydown
2682400,i,keydown
2682500,s,keydown
2682600,c,keydown
2682800,e,keydown
2683000, ,keydown
2683100,n,keydown
2683400,u,keydown
2683600,l,keydown
2683800,l,keydown
2684000,a,keydown
2684700,1,keydown
