timestamp,key,type
46431200,Backspace,keydown
46431200,Backspace,keydown
46431200,Backspace,keydown
46431200,Backspace,keydown
46431200,Backspace,keydown
46431200,Backspace,keydown
46431200,Backspace,keydown
46431200,Backspace,keydown
46431200,#,keydown
46432100,d,keydown
46432300,o,keydown
46432400,p,keydown
46432500,o,keydown
46432600, ,keydown
46433300,a,keydown
46433900,l,keydown
46434200,c,keydown
46434300,u,keydown
46434300,n,keydown
46434500,i,keydown
46434500, ,keydown
46434900,g,keydown
46435000,i,keydown
46435000,o,keydown
46435200,r,keydown
46435300,n,keydown
46435300,i,keydown
46435400, ,keydown
46435800,d,keydown
46435800,i,keydown
46435800, ,keydown
46436100,p,keydown
46436200,a,keydown
46436400,u,keydown
46437000,s,keydown
46437100,a,keydown
46437200, ,keydown
46438100,r,keydown
46438700,i,keydown
46439000,p,keydown
46439200,r,keydown
46439200,e,keydown
46440700,n,keydown
46440900,d,keydown
46441300,o,keydown
46441300, ,keydown
46441500,a,keydown
46441600, ,keydown
46441800,s,keydown
46441800,c,keydown
46442000,r,keydown
46442100,i,keydown
46442300,v,keydown
46442400,e,keydown
46442600,r,keydown
46442600,e,keydown
46442800, ,keydown
46443400,a,keydown
46443600,l,keydown
46444200,c,keydown
46444300,u,keydown
46444400,n,keydown
46444600,e,keydown
46444700, ,keydown
46444900,f,keydown
46444900,r,keydown
46445200,a,keydown
46445500,s,keydown
46445700,i,keydown
46446100, ,keydown
46446500,c,keydown
46446500,o,keydown
46446600,m,keydown
46446600,e,keydown
46446900,Enter,keydown
46447100,d,keydown
46447100,a,keydown
46447300, ,keydown
46447900,t,keydown
46448000,e,keydown
46448100, ,keydown
46448400,r,keydown
46448500,i,keydown
46448700,c,keydown
46448900,h,keydown
46449000,i,keydown
46449200,e,keydown
46449400,s,keydown
46449700,t,keydown
46449700,o,keydown
46450000,m,keydown
46450200,i,keydown
46451500,",",keydown
46451600, ,keydown
46452000,c,keydown
46452000,e,keydown
46452300,r,keydown
46452500,c,keydown
46452600,a,keydown
46452700,n,keydown
46452800,d,keydown
46453000,o,keydown
46453100, ,keydown
46453300,d,keydown
46453300,i,keydown
46453400, ,keydown
46454000,i,keydown
46454100,n,keydown
46454700,v,keydown
46454700,e,keydown
46454800,n,keydown
46455100,t,keydown
46455200,a,keydown
46455400,r,keydown
46455700,m,keydown
46455800,i,keydown
46455900, ,keydown
46456200,q,keydown
46456300,u,keydown
46456500,a,keydown
46456600,l,keydown
46457100,c,keydown
46457300,o,keydown
46457500,s,keydown
46457600,i,keydown
46457800,a,keydown
46457900,n,keydown
46458400,Backspace,keydown
46458600,Backspace,keydown
46458800,n,keydown
46458900,a,keydown
46459900,.,keydown
46463000, ,keydown
46463100,#,keydown
46463300,o,keydown
46463600,g,keydown
46463600,g,keydown
46463800,i,keydown
46463900, ,keydown
46464100,e,keydown
46464400,#,keydown
46464700,Enter,keydown
46465400,u,keydown
46465500,n,keydown
46465700,a,keydown
46465700, ,keydown
46465900,b,keydown
46466100,e,keydown
46466200,l,keydown
46466400,l,keydown
46466500,a,keydown
46466600, ,keydown
46466900,g,keydown
46466900,i,keydown
46467000,o,keydown
46467200,r,keydown
46467400,n,keydown
46467500,a,keydown
46467700,t,keydown
46467800,a,keydown
46467900, ,keydown
46468300,d,keydown
46468400,i,keydown
46468500, ,keydown
46468800,s,keydown
46468800,o,keydown
46469000,l,keydown
46469100,e,keydown
46469600,",",keydown
46469600, ,keydown
46470400,a,keydown
46470600,n,keydown
46470700,c,keydown
46470900,h,keydown
46471000,e,keydown
46471100, ,keydown
46471400,i,keydown
46471500,e,keydown
46471700,r,keydown
46471800,i,keydown
46471900, ,keydown
46472100,l,keydown
46472200,o,keydown
46472300, ,keydown
46472500,e,keydown
46472700,r,keydown
46472700,a,keydown
46474600,.,keydown
46476800, ,keydown
46477000,#,keydown
46477200,m,keydown
46477400,e,keydown
46477700,g,keydown
46477700,l,keydown
46477900,i,keydown
46478000,o,keydown
46478100, ,keydown
46479100,d,keydown
46479300,i,keydown
46479300, ,keydown
46479600,q,keydown
46479700,u,keydown
46479800,a,keydown
46479900,n,keydown
46480100,d,keydown
46480200,o,keydown
46480700, ,keydown
46481400,p,keydown
46481500,i,keydown
46481500,o,keydown
46481900,v,keydown
46482000,e,keydown
46482100,Enter,keydown
46482400,e,keydown
46482400, ,keydown
46483000,f,keydown
46483100,d,keydown
46484200,Backspace,keydown
46484500,Backspace,keydown
46484600,a,keydown
46485300,Backspace,keydown
46485400,f,keydown
46485500,a,keydown
46485700, ,keydown
46485900,f,keydown
46485900,r,keydown
46486000,e,keydown
46486300,d,keydown
46486400,d,keydown
46486600,o,keydown
46487800,.,keydown
46489700, ,keydown
46489800,#,keydown
46490000,a,keydown
46490000,l,keydown
46490300,m,keydown
46490400,e,keydown
46490400,n,keydown
46490600,o,keydown
46490800, ,keydown
46490900,n,keydown
46491100,o,keydown
46491200,n,keydown
46491300, ,keydown
46491600,s,keydown
46491700,i,keydown
46491800, ,keydown
46491900,d,keydown
46491900,e,keydown
46492100,v,keydown
46492200,e,keydown
46492200, ,keydown
46492500,a,keydown
46492600,n,keydown
46492700,d,keydown
46492700,a,keydown
46492900,r,keydown
46492900,e,keydown
46493000, ,keydown
46493200,i,keydown
46493300,n,keydown
46493300, ,keydown
46493700,g,keydown
46493900,i,keydown
46494000,r,keydown
46494100,o,keydown
46494200, ,keydown
46494500,c,keydown
46494500,o,keydown
46494700,n,keydown
46494800, ,keydown
46495000,l,keydown
46495400,#,keydown
46495600,o,keydown
46495800,m,keydown
46496200,b,keydown
46496400,r,keydown
46496400,e,keydown
46496800,l,keydown
46496900,l,keydown
46497100,o,keydown
46497900,.,keydown
46499000, ,keydown
46499800,#,keydown
46500000,a,keydown
46500200,n,keydown
46500300,c,keydown
46500500,h,keydown
46500600,e,keydown
46500700,Enter,keydown
46500900,s,keydown
46501100,e,keydown
46501200, ,keydown
46501500,l,keydown
46501600,a,keydown
46501600, ,keydown
46502100,p,keydown
46502300,i,keydown
46502300,o,keydown
46502600,g,keydown
46502700,g,keydown
46502900,i,keydown
46503200, ,keydown
46503600,Backspace,keydown
46503700,a,keydown
46503800, ,keydown
46504400,i,keydown
46504400,n,keydown
46504500, ,keydown
46505000,a,keydown
46505200,l,keydown
46505300,c,keydown
46505700,u,keydown
46505800,n,keydown
46505900,i,keydown
46506000, ,keydown
46506500,g,keydown
46506600,i,keydown
46506600,o,keydown
46506900,r,keydown
46507100,n,keydown
46507100,i,keydown
46507300, ,keydown
46507500,n,keydown
46507600,o,keydown
46507700,n,keydown
46507800, ,keydown
46508100,m,keydown
46508100,i,keydown
46508200, ,keydown
46508500,d,keydown
46508900,i,keydown
46508900,s,keydown
46510500,p,keydown
46510500,i,keydown
46510600,a,keydown
46510800,c,keydown
46510900,e,keydown
46511000, ,keydown
46511300,a,keydown
46511500,f,keydown
46511600,f,keydown
46511800,a,keydown
46512000,t,keydown
46512100,t,keydown
46512200,o,keydown
46513300,.,keydown
46513700, ,keydown
46515500,#,keydown
46520700,i,keydown
46520900,n,keydown
46520900, ,keydown
46521200,g,keydown
46521200,e,keydown
46521700,n,keydown
46521800,e,keydown
46522000,r,keydown
46522000,e,keydown
46522300,Enter,keydown
46523000,p,keydown
46523000,r,keydown
46523100,e,keydown
46523300,f,keydown
46523400,e,keydown
46523800,r,keydown
46523900,i,keydown
46523900,s,keydown
46524000,c,keydown
46524200,o,keydown
46524300, ,keydown
46524500,s,keydown
46524600,e,keydown
46524700, ,keydown
46524900,p,keydown
46525000,i,keydown
46525200,o,keydown
46526000,v,keydown
46526100,e,keydown
46526300, ,keydown
46526700,d,keydown
46526800,i,keydown
46526900, ,keydown
46527100,s,keydown
46527100,e,keydown
46527300,r,keydown
46527500,a,keydown
46528600,",",keydown
46528900, ,keydown
46529400,m,keydown
46529600,e,keydown
46529600,n,keydown
46529900,t,keydown
46529900,r,keydown
46529900,e,keydown
46530000, ,keydown
46530200,i,keydown
46530200,n,keydown
46530400, ,keydown
46531300,Backspace,keydown
46531500,Backspace,keydown
46531800,Backspace,keydown
46532300,q,keydown
46532500,u,keydown
46532600,a,keydown
46532800,n,keydown
46532900,d,keydown
46532900,o,keydown
46533100, ,keydown
46533200,d,keydown
46533300,e,keydown
46533500,v,keydown
46533600,o,keydown
46533600, ,keydown
46533700,a,keydown
46533900,n,keydown
46534000,d,keydown
46534100,a,keydown
46534200,r,keydown
46534300,e,keydown
46534300, ,keydown
46534500,i,keydown
46534600,n,keydown
46534600, ,keydown
46535000,g,keydown
46535100,i,keydown
46535300,r,keydown
46535400,o,keydown
46535500, ,keydown
46535800,c,keydown
46535900,o,keydown
46536100,n,keydown
46536200, ,keydown
46536400,l,keydown
46536700,#,keydown
46537000,o,keydown
46537200,m,keydown
46537400,b,keydown
46537700,r,keydown
46537700,e,keydown
46537900,l,keydown
46538000,l,keydown
46538200,o,keydown
46538300, ,keydown
46538500,e,keydown
46538600, ,keydown
46539200,a,keydown
46539300,n,keydown
46539500,c,keydown
46539600,h,keydown
46539700,e,keydown
46539900, ,keydown
46540300,l,keydown
46540400,a,keydown
46540900,Enter,keydown
46541700,b,keydown
46542000,o,keydown
46542200,r,keydown
46542600,s,keydown
46542600,a,keydown
46542700, ,keydown
46543000,d,keydown
46543200,i,keydown
46543200, ,keydown
46543400,l,keydown
46543600,a,keydown
46543900,v,keydown
46544000,o,keydown
46544100,r,keydown
46544200,o,keydown
46544800,",",keydown
46544800, ,keydown
46545100,b,keydown
46545400,e,keydown
46545500,h,keydown
46546200, ,keydown
46546400,l,keydown
46546500,a,keydown
46546500, ,keydown
46547000,c,keydown
46547100,o,keydown
46547300,s,keydown
46547400,a,keydown
46547400, ,keydown
46547700,i,keydown
46547900,n,keydown
46548700,c,keydown
46549000,o,keydown
46549200,m,keydown
46549400,i,keydown
46549400,n,keydown
46549600,c,keydown
46549800,i,keydown
46550000,a,keydown
46550000, ,keydown
46550400,a,keydown
46550500, ,keydown
46550800,d,keydown
46550900,i,keydown
46551000,v,keydown
46551100,e,keydown
46551300,n,keydown
46551400,r,keydown
46551800,Backspace,keydown
46551900,t,keydown
46552400,a,keydown
46552700,r,keydown
46552800,e,keydown
46553000, ,keydown
46553500,u,keydown
46553500,n,keydown
46553500, ,keydown
46553800,p,keydown
46553900,o,keydown
46554000,c,keydown
46554200,h,keydown
46554300,i,keydown
46554500,n,keydown
46554700,o,keydown
46555100,Enter,keydown
46555500,s,keydown
46555500,c,keydown
46555600,o,keydown
46555800,m,keydown
46555900,o,keydown
46556400,d,keydown
46556400,a,keydown
46557800,.,keydown
46558900, ,keydown
46559200,#,keydown
46560100,i,keydown
46560300,n,keydown
46560500, ,keydown
46560800,o,keydown
46560900,g,keydown
46561100,n,keydown
46561200,i,keydown
46561300, ,keydown
46561700,c,keydown
46561800,a,keydown
46562100,s,keydown
46562300,o,keydown
46563100, ,keydown
46563600,i,keydown
46563700,l,keydown
46563700, ,keydown
46564000,t,keydown
46564000,e,keydown
46564200,m,keydown
46564300,p,keydown
46564400,o,keydown
46564500, ,keydown
46567500,v,keydown
46567600,a,keydown
46567700, ,keydown
46567900,b,keydown
46568100,e,keydown
46568200,n,keydown
46568200,e,keydown
46568500, ,keydown
46569200,c,keydown
46569200,o,keydown
46569400,m,keydown
46569600,e,keydown
46569600, ,keydown
46570000,e,keydown
46570300,#,keydown
46570400, ,keydown
46571000,Backspace,keydown
46571700,",",keydown
46571800, ,keydown
46572900,i,keydown
46573100,n,keydown
46573100, ,keydown
46574700,q,keydown
46575000,u,keydown
46575000,a,keydown
46575100,n,keydown
46575300,t,keydown
46575500,o,keydown
46575700, ,keydown
46576300,n,keydown
46576400,o,keydown
46576500,n,keydown
46577000, ,keydown
46577300,s,keydown
46577500,i,keydown
46577800,Enter,keydown
46577900,p,keydown
46578100,u,keydown
46578100,i,keydown
46578200,o,keydown
46578900,Backspace,keydown
46579200,Backspace,keydown
46579700,o,keydown
46580000,#,keydown
46580200, ,keydown
46580300,c,keydown
46580400,a,keydown
46580500,m,keydown
46580700,b,keydown
46580800,i,keydown
46581000,a,keydown
46581200,r,keydown
46581300,e,keydown
46582500,",",keydown
46582800,Backspace,keydown
46583600,.,keydown
46589100, ,keydown
46589400,#,keydown
46592300,q,keydown
46592500,u,keydown
46592600,e,keydown
46592800,l,keydown
46592900,l,keydown
46593100,o,keydown
46593300, ,keydown
46593400,c,keydown
46593600,h,keydown
46593600,e,keydown
46593700, ,keydown
46594000,a,keydown
46594100, ,keydown
46594400,m,keydown
46594500,e,keydown
46594700, ,keydown
46596000,c,keydown
46596200,r,keydown
46596400,e,keydown
46596700,a,keydown
46596800, ,keydown
46597000,p,keydown
46597200,i,keydown
46597300,u,keydown
46597700,#,keydown
46597800, ,keydown
46598000,p,keydown
46598200,r,keydown
46598300,o,keydown
46598600,b,keydown
46598700,l,keydown
46598900,e,keydown
46598900,m,keydown
46599100,i,keydown
46599500, ,keydown
46599900,e,keydown
46600100,#,keydown
46600200, ,keydown
46600500,l,keydown
46601800,#,keydown
46602600,u,keydown
46603000,m,keydown
46603000,i,keydown
46603600,d,keydown
46603600,i,keydown
46603800,t,keydown
46603900,a,keydown
46604300,#,keydown
46605100,",",keydown
46605400,Enter,keydown
46605600,p,keydown
46605700,e,keydown
46605800,r,keydown
46606000,c,keydown
46606100,h,keydown
46606300,e,keydown
46607200,#,keydown
46608000, ,keydown
46608800,m,keydown
46608800,i,keydown
46609000, ,keydown
46609200,f,keydown
46609200,a,keydown
46609300, ,keydown
46609600,x,keydown
46610400,Backspace,keydown
46610600,s,keydown
46610800,e,keydown
46611300,n,keydown
46611500,t,keydown
46611700,i,keydown
46611900,r,keydown
46611900,e,keydown
46611900, ,keydown
46612100,p,keydown
46612200,i,keydown
46612500,u,keydown
46612900,#,keydown
46613000, ,keydown
46613300,f,keydown
46613300,r,keydown
46613300,e,keydown
46613700,d,keydown
46613800,d,keydown
46614000,o,keydown
46614800,",",keydown
46614900, ,keydown
46615100,o,keydown
46615300,p,keydown
46615500,p,keydown
46615700,u,keydown
46615900,r,keydown
46615900,e,keydown
46616000, ,keydown
46616100,a,keydown
46616300,n,keydown
46616400,c,keydown
46616600,h,keydown
46616700,e,keydown
46616700, ,keydown
46616900,p,keydown
46617200,i,keydown
46617300,u,keydown
46617700,#,keydown
46617800, ,keydown
46618000,c,keydown
46618200,a,keydown
46618300,l,keydown
46618500,s,keydown
46618600,o,keydown
46619200,Backspace,keydown
46619300,Backspace,keydown
46620100,d,keydown
46620100,o,keydown
46621100,.,keydown
46621300, ,keydown
46621400,#,keydown
46621600,i,keydown
46621700,l,keydown
46622200,Enter,keydown
46622400,c,keydown
46622600,l,keydown
46622800,i,keydown
46622800,m,keydown
46623000,a,keydown
46623100, ,keydown
46623300,s,keydown
46623500,e,keydown
46623700,c,keydown
46623800,c,keydown
46624000,o,keydown
46624500, ,keydown
46625000,r,keydown
46625100,e,keydown
46625300,n,keydown
46625400,d,keydown
46625400,e,keydown
46625700, ,keydown
46626100,m,keydown
46626400,e,keydown
46626400,n,keydown
46626700,o,keydown
46626700, ,keydown
46629500,s,keydown
46629700,e,keydown
46630100,n,keydown
46630400,s,keydown
46630600,i,keydown
46630800,b,keydown
46631000,i,keydown
46631100,l,keydown
46632700,e,keydown
46633200, ,keydown
46633300,a,keydown
46633500,l,keydown
46633600, ,keydown
46633900,f,keydown
46634000,r,keydown
46634000,e,keydown
46634300,d,keydown
46634500,d,keydown
46634600,o,keydown
46634700, ,keydown
46635700,e,keydown
46635800, ,keydown
46636100,a,keydown
46636200,l,keydown
46636300, ,keydown
46636800,c,keydown
46636900,a,keydown
46637100,l,keydown
46637400,d,keydown
46637600,o,keydown
46639700,",",keydown
46639900, ,keydown
46640200,s,keydown
46640300,o,keydown
46640500,l,keydown
46640700,o,keydown
46640800, ,keydown
46641300,c,keydown
46641500,h,keydown
46641600,e,keydown
46641800,Enter,keydown
46642200,s,keydown
46642300,i,keydown
46642600, ,keydown
46642900,p,keydown
46643100,r,keydown
46643200,e,keydown
46643600,n,keydown
46643700,d,keydown
46643700,e,keydown
46644100, ,keydown
46645000,p,keydown
46645200,i,keydown
46645400,u,keydown
46645800,#,keydown
46645800, ,keydown
46646300,f,keydown
46646300,r,keydown
46646300,e,keydown
46646700,q,keydown
46646800,u,keydown
46646900,e,keydown
46647100,n,keydown
46647100,t,keydown
46647300,e,keydown
46647400,m,keydown
46647600,e,keydown
46647700,n,keydown
46647800,t,keydown
46647900,e,keydown
46648000, ,keydown
46648100,l,keydown
46648300,a,keydown
46648400, ,keydown
46648600,s,keydown
46648600,c,keydown
46648700,o,keydown
46649000,s,keydown
46649200,s,keydown
46649200,a,keydown
46649600, ,keydown
46650200,e,keydown
46650400,l,keydown
46650400,e,keydown
46650600,t,keydown
46650800,t,keydown
46651000,r,keydown
46651200,i,keydown
46651300,c,keydown
46651500,a,keydown
46652900,.,keydown
