timestamp,key,type
12290600,Backspace,keydown
12290600,Backspace,keydown
12290600,Backspace,keydown
12290600,Backspace,keydown
12290600,Backspace,keydown
12290600,Backspace,keydown
12290600,Backspace,keydown
12290600,Backspace,keydown
12290600,#,keydown
12290800,#,keydown
12290900,#,keydown
12290900,#,keydown
12290900,e,keydown
12291400,d,keydown
12291600, ,keydown
12291800,e,keydown
12292100,c,keydown
12292300,c,keydown
12292400,o,keydown
12292600,m,keydown
12292800,i,keydown
12293000, ,keydown
12293400,q,keydown
12293500,u,keydown
12293700,a,keydown
12294000, ,keydown
12294500,#,keydown
12294700,#,keydown
12294800,#,keydown
12294800,#,keydown
12294900,#,keydown
12294900,#,keydown
12294900,1,keydown
12295200, ,keydown
12295900,#,keydown
12296000,#,keydown
12296100,#,keydown
12296100,#,keydown
12296200,#,keydown
12296200,#,keydown
12296200,#,keydown
12296200,#,keydown
12296200,d,keydown
12296400,o,keydown
12296600,p,keydown
12296800,o,keydown
12297000, ,keydown
12297300,t,keydown
12297500,a,keydown
12297700,n,keydown
12297900,t,keydown
12298000,o,keydown
12298200, ,keydown
12298600,t,keydown
12298800,e,keydown
12299100,m,keydown
12299200,p,keydown
12299400,o,keydown
12300400,Backspace,keydown
12300700,Backspace,keydown
12300700,Backspace,keydown
12300700,Backspace,keydown
12300700,Backspace,keydown
12300900,Backspace,keydown
12300900,Backspace,keydown
12300900,Backspace,keydown
12301000,Backspace,keydown
12301100,Backspace,keydown
12301300,Backspace,keydown
12301400,Backspace,keydown
12301600,Backspace,keydown
12301700,Backspace,keydown
12301900,Backspace,keydown
12302000,Backspace,keydown
12304600,#,keydown
12304700,i,keydown
12304900,n,keydown
12305000, ,keydown
12305200,r,keydown
12305300,e,keydown
12305500,a,keydown
12305700,l,keydown
12305900,t,keydown
12306300,#,keydown
12306500,a,keydown
12306700, ,keydown
12307300,s,keydown
12307300,o,keydown
12307500,n,keydown
12307600,o,keydown
12307800, ,keydown
12307900,i,keydown
12308300,n,keydown
12308500, ,keydown
12308600,v,keydown
12308800,a,keydown
12309100,c,keydown
12309200,a,keydown
12309600,n,keydown
12309900,z,keydown
12310200,a,keydown
12311900,#,keydown
12313600,#,keydown
12314100,s,keydown
12314300,t,keydown
12314400,u,keydown
12314600,d,keydown
12314700,i,keydown
12314900,o,keydown
12315700,#,keydown
12316000,#,keydown
12316000,#,keydown
12316000,#,keydown
12316100,#,keydown
12316100,#,keydown
12316200,#,keydown
12316400, ,keydown
12316800,h,keydown
12317000,o,keydown
12317200, ,keydown
12317400,a,keydown
12317600,p,keydown
12317700,p,keydown
12317900,e,keydown
12318000,n,keydown
12318800,c,keydown
12318900,a,keydown
12319200,Backspace,keydown
12319400,Backspace,keydown
12319600,a,keydown
12319700, ,keydown
12320400,t,keydown
12320600,e,keydown
12320900,r,keydown
12321200,m,keydown
12321400,i,keydown
12321700,n,keydown
12321700,a,keydown
12322400,t,keydown
12322400,o,keydown
12322700, ,keydown
12322900,d,keydown
12323500,i,keydown
12323900, ,keydown
12324200,s,keydown
12324400,o,keydown
12325000,s,keydown
12325100,p,keydown
12325100,s,keydown
12325400,Backspace,keydown
12325600,Backspace,keydown
12325800,t,keydown
12326000,e,keydown
12326400,n,keydown
12326500,e,keydown
12326700,r,keydown
12326900,e,keydown
12327100, ,keydown
12327200,l,keydown
12327400,a,keydown
12327500, ,keydown
12327900,p,keydown
12328000,r,keydown
12328200,o,keydown
12328400,b,keydown
12328700,e,keydown
12329000,Backspace,keydown
12329200,Backspace,keydown
12330100,v,keydown
12330300,a,keydown
12330400, ,keydown
12330800,o,keydown
12330900,r,keydown
12331100,e,keydown
12331400,a,keydown
12331700,Backspace,keydown
12331800,Backspace,keydown
12332000,a,keydown
12332300,l,keydown
12332400,e,keydown
12332600, ,keydown
12333400,p,keydown
12333500,e,keydown
12333700,r,keydown
12334000, ,keydown
12334500,o,keydown
12334800,t,keydown
12334800,t,keydown
12335000,e,keydown
12335200,n,keydown
12335300,e,keydown
12335600,r,keydown
12335600,e,keydown
12335800, ,keydown
12336100,i,keydown
12336400,l,keydown
12336600, ,keydown
12336900,#,keydown
12337100,#,keydown
12337100,#,keydown
12337100,#,keydown
12337200,#,keydown
12337200,#,keydown
12337200,d,keydown
12337400,e,keydown
12337600,l,keydown
12337700,e,keydown
12338200, ,keydown
12338400,#,keydown
12338600,#,keydown
12338700,#,keydown
12338700,#,keydown
12338700,#,keydown
12338700,#,keydown
12338800,#,keydown
12338900,#,keydown
12338900,#,keydown
12338900,#,keydown
12338900,#,keydown
12339000,#,keydown
12339000,#,keydown
12339000,#,keydown
12339100,#,keydown
12339100,8,keydown
12339800,#,keydown
12340100,#,keydown
12340100,d,keydown
12340200,i,keydown
12340500,p,keydown
12340700,l,keydown
12340900,o,keydown
12341100,m,keydown
12341200,a,keydown
12341400, ,keydown
12341700,d,keydown
12342000,e,keydown
12342200, ,keydown
12342500,#,keydown
12342700,#,keydown
12342700,w,keydown
12343100,Backspace,keydown
12343200,#,keydown
12343400,e,keydown
12343700,s,keydown
12344200,p,keydown
12344400,a,keydown
12345700,#,keydown
12346000,o,keydown
12346100,l,keydown
12346400, ,keydown
12346800,c,keydown
12346900,o,keydown
12347100,n,keydown
12347600,Backspace,keydown
12347900,m,keydown
12348100,o,keydown
12348300, ,keydown
12348700,l,keydown
12348700,e,keydown
12348900,n,keydown
12349400,g,keydown
12349400,u,keydown
12349500,a,keydown
12349700, ,keydown
12350800,e,keydown
12351700,t,keydown
12352000,r,keydown
12352100,a,keydown
12352600,Backspace,keydown
12352700,Backspace,keydown
12352900,Backspace,keydown
12354400,s,keydown
12354700,t,keydown
12354900,r,keydown
12355600,a,keydown
12356600,n,keydown
12356800,j,keydown
12357100,e,keydown
12357200,r,keydown
12357900,a,keydown
12358500,#,keydown
12358700,9,keydown
12361200,#,keydown
12361400, ,keydown
12364100,#,keydown
12364400,b,keydown
12364600,u,keydown
12364700,o,keydown
12365000,n,keydown
12366000,Backspace,keydown
12366100,Backspace,keydown
12366200,Backspace,keydown
12366500,e,keydown
12366700,n,keydown
12366900,e,keydown
12367000, ,keydown
12367800,Backspace,keydown
12368100,#,keydown
12368200, ,keydown
12368600,b,keydown
12368700,e,keydown
12368900,n,keydown
12369000,e,keydown
12369600,#,keydown
12369700,#,keydown
12369800,#,keydown
12369800,#,keydown
12369900,#,keydown
12369900,#,keydown
12369900,#,keydown
12369900,#,keydown
12370200, ,keydown
12370300,c,keydown
12370700,h,keydown
12370800,e,keydown
12371000, ,keydown
12371100,v,keydown
12371200,i,keydown
12371500, ,keydown
12371800,d,keydown
12372000,o,keydown
12372900,Backspace,keydown
12373100,Backspace,keydown
12374000,d,keydown
12374100,e,keydown
12374400,v,keydown
12374500,o,keydown
12374800, ,keydown
12375100,d,keydown
12375200,i,keydown
12375400,r,keydown
12375600,e,keydown
12376200,#,keydown
12376500,#,keydown
12376600, ,keydown
12377100,q,keydown
12377200,u,keydown
12377400,i,keydown
12377500, ,keydown
12377900,d,keydown
12378500,Backspace,keydown
12378700,a,keydown
12379000, ,keydown
12379100,#,keydown
12379300,#,keydown
12379400,#,keydown
12379400,#,keydown
12379400,#,keydown
12379400,g,keydown
12379700,r,keydown
12379700,a,keydown
12379900,n,keydown
12380100,a,keydown
12380300,d,keydown
12380400,a,keydown
12380700, ,keydown
12381000,d,keydown
12381100,o,keydown
12381500,v,keydown
12381700,e,keydown
12381900, ,keydown
12382000,m,keydown
12382200,i,keydown
12382400, ,keydown
12382900,t,keydown
12383100,r,keydown
12383200,o,keydown
12383600,v,keydown
12383800,o,keydown
12384000, ,keydown
12385000,o,keydown
12385100,r,keydown
12385400,a,keydown
12388400,#,keydown
12388600, ,keydown
12390600,e,keydown
12392000,Backspace,keydown
12392300,#,keydown
12392400,e,keydown
12392600, ,keydown
12393000,t,keydown
12393100,u,keydown
12393300,t,keydown
12393400,t,keydown
12393600,o,keydown
12393800, ,keydown
12394100,f,keydown
12394300,a,keydown
12394500,n,keydown
12395000,t,keydown
12395100,a,keydown
12395400,s,keydown
12395800,t,keydown
12395900,i,keydown
12396300,c,keydown
12396400,o,keydown
12396600, ,keydown
12397000,a,keydown
12397200, ,keydown
12397500,p,keydown
12397600,a,keydown
12397900,r,keydown
12398100,t,keydown
12398200,e,keydown
12398400, ,keydown
12398600,i,keydown
12398700,l,keydown
12399000, ,keydown
12399200,t,keydown
12399300,e,keydown
12399500,m,keydown
12399600,p,keydown
12399900,o,keydown
12400100, ,keydown
12400500,c,keydown
12400600,h,keydown
12401000,e,keydown
12401300, ,keydown
12402300,Backspace,keydown
12402500,Backspace,keydown
12402700,Backspace,keydown
12402700,Backspace,keydown
12403200,#,keydown
12403500,8,keydown
12403900,s,keydown
12404000,t,keydown
12404700,#,keydown
12404800,a,keydown
12404800, ,keydown
12405500,p,keydown
12405700,i,keydown
12406300,o,keydown
12406600,v,keydown
12406700,a,keydown
12407300,Backspace,keydown
12407400,e,keydown
12407500,n,keydown
12407800,t,keydown
12408200,Backspace,keydown
12408300,d,keydown
12408500,o,keydown
12408700, ,keydown
12409200,d,keydown
12409400,a,keydown
12409500, ,keydown
12409900,l,keydown
12410100,u,keydown
12410300,n,keydown
12410400,e,keydown
12410900,d,keydown
12411800,#,keydown
12412000,i,keydown
12412300, ,keydown
12415000,Backspace,keydown
12415300,#,keydown
12415400, ,keydown
12415800,p,keydown
12416000,e,keydown
12416100,r,keydown
12416300,o,keydown
12416500, ,keydown
12417000,a,keydown
12417600,Backspace,keydown
12418100,a,keydown
12418400,d,keydown
12418600,e,keydown
12418900,s,keydown
12419000,s,keydown
12419200,o,keydown
12419300, ,keydown
12419900,s,keydown
12419900,i,keydown
12420100, ,keydown
12420200,s,keydown
12420400,t,keydown
12421000,#,keydown
12421100,a,keydown
12421300, ,keydown
12421600,r,keydown
12421800,a,keydown
12422100,s,keydown
12422200,s,keydown
12422400,e,keydown
12422900,r,keydown
12423100,e,keydown
12424200,n,keydown
12424300,a,keydown
12424700,n,keydown
12424900,d,keydown
12425500,o,keydown
12428300,#,keydown
12428600,#,keydown
12428600,#,keydown
12428600,#,keydown
12428600,#,keydown
12428600,#,keydown
12428700,#,keydown
12428700,#,keydown
12428700,9,keydown
12429000,#,keydown
12429200,#,keydown
12429500, ,keydown
12429800,s,keydown
12430000,c,keydown
12430700,Backspace,keydown
12430900,Backspace,keydown
12441100,Backspace,keydown
12441300,Backspace,keydown
12442200,#,keydown
12442500,Enter,keydown
12443200,#,keydown
12443400,#,keydown
12443400,#,keydown
12443600,#,keydown
12443600,m,keydown
12443700,i,keydown
12443900, ,keydown
12444100,t,keydown
12444200,r,keydown
12444400,o,keydown
12444600,v,keydown
12444800,o,keydown
12444900, ,keydown
12445300,n,keydown
12445400,e,keydown
12445600,l,keydown
12445700,l,keydown
12445900,a,keydown
12446000, ,keydown
12446500,c,keydown
12446600,i,keydown
12446900,t,keydown
12447000,t,keydown
12447200,#,keydown
12447400,a,keydown
12447500, ,keydown
12448100,v,keydown
12448300,e,keydown
12448500,c,keydown
12448700,c,keydown
12448800,h,keydown
12448900,i,keydown
12449200,a,keydown
12449600, ,keydown
12450000,#,keydown
12450300,#,keydown
12450400,#,keydown
12450400,8,keydown
12451500,q,keydown
12451700,u,keydown
12451800,a,keydown
12452100,r,keydown
12452400,t,keydown
12452700,i,keydown
12452800,e,keydown
12453600,r,keydown
12453800,e,keydown
12454000, ,keydown
12454100,d,keydown
12454300,e,keydown
12454300,l,keydown
12454500,l,keydown
12455200,#,keydown
12455400, ,keydown
12455600, ,keydown
12455700,#,keydown
12455900,a,keydown
12456000,l,keydown
12456600,b,keydown
12456900,h,keydown
12457000,a,keydown
12457500,i,keydown
12458100,Backspace,keydown
12458300,Backspace,keydown
12458500,Backspace,keydown
12458900,a,keydown
12460100,h,keydown
12460400,i,keydown
12461300,z,keydown
12461600,i,keydown
12461700,n,keydown
12462800,#,keydown
12463000,#,keydown
12463000,9,keydown
12463300, ,keydown
12464100,e,keydown
12464200, ,keydown
12464500,d,keydown
12464700,a,keydown
12465000,l,keydown
12465100,l,keydown
12465300,a,keydown
12465300, ,keydown
12465800,t,keydown
12465900,e,keydown
12466300,r,keydown
12466400,r,keydown
12466500,a,keydown
12467200,z,keydown
12467300,z,keydown
12467600,a,keydown
12467700, ,keydown
12467900,d,keydown
12468000,e,keydown
12468200,l,keydown
12468300,l,keydown
12468500,a,keydown
12468500, ,keydown
12468800,s,keydown
12469000,c,keydown
12469200,u,keydown
12469600,o,keydown
12469800,l,keydown
12470100,a,keydown
12470800, ,keydown
12471100,v,keydown
12471200,e,keydown
12471600,d,keydown
12471800,o,keydown
12471900, ,keydown
12472400,l,keydown
12473200,#,keydown
12473500, ,keydown
12473600, ,keydown
12473700,#,keydown
12473900,a,keydown
12474200,l,keydown
12474700,h,keydown
12474800,a,keydown
12475300,m,keydown
12475400,b,keydown
12475800,r,keydown
12475900,a,keydown
12478900, ,keydown
12479100,d,keydown
12479200,i,keydown
12479400, ,keydown
12479600,f,keydown
12479700,r,keydown
12479900,o,keydown
12480100,m,keydown
12480400,t,keydown
12480700,Backspace,keydown
12480800,Backspace,keydown
12481100,n,keydown
12481200,t,keydown
12481500,e,keydown
12481600, ,keydown
12482700,Backspace,keydown
12482900,Backspace,keydown
12483000,Backspace,keydown
12483200,Backspace,keydown
12483600,Backspace,keydown
12483800,Backspace,keydown
12484000,Backspace,keydown
12484200,Backspace,keydown
12484400,Backspace,keydown
12484500,Backspace,keydown
12485200,Backspace,keydown
12487300,#,keydown
12487500,9,keydown
12488500,#,keydown
12497300,Enter,keydown
12498000,#,keydown
12498100,m,keydown
12498300,i,keydown
12498500, ,keydown
12500300,s,keydown
12500600,t,keydown
12501100,#,keydown
12501400,o,keydown
12501500, ,keydown
12501700,p,keydown
12502000,e,keydown
12502100,n,keydown
12502300,d,keydown
12503200,Backspace,keydown
12503500,t,keydown
12503600,e,keydown
12503900,n,keydown
12504100,d,keydown
12504400,o,keydown
12504600, ,keydown
12504700,d,keydown
12504900,i,keydown
12505100, ,keydown
12505500,n,keydown
12505800,o,keydown
12505900,n,keydown
12506100, ,keydown
12507000,a,keydown
12507300,v,keydown
12507400,e,keydown
12507600,r,keydown
12507800,e,keydown
12508200, ,keydown
12509000,f,keydown
12509100,i,keydown
12509300,s,keydown
12509400,s,keydown
12509600,a,keydown
12509900,t,keydown
12510000,o,keydown
12510200, ,keydown
12510500,l,keydown
12510600,a,keydown
12510700, ,keydown
12510900,d,keydown
12511100,a,keydown
12511200,t,keydown
12511400,a,keydown
12511500, ,keydown
12512300,d,keydown
12512500,e,keydown
12512700,l,keydown
12512800, ,keydown
12513200,v,keydown
12513400,o,keydown
12513600,l,keydown
12513800,o,keydown
12513900, ,keydown
12514100,d,keydown
12514100,i,keydown
12514400, ,keydown
12514800,r,keydown
12514900,i,keydown
12515200,t,keydown
12515400,o,keydown
12515600,r,keydown
12516000,n,keydown
12516100,o,keydown
12516400, ,keydown
12516700,u,keydown
12516800,n,keydown
12517000,a,keydown
12517000, ,keydown
12517400,s,keydown
12517600,e,keydown
12517800,t,keydown
12518000,t,keydown
12518000,i,keydown
12518200,m,keydown
12518400,a,keydown
12518500,n,keydown
12518800,a,keydown
12519000, ,keydown
12519400,p,keydown
12519600,i,keydown
12520400,#,keydown
12520800,u,keydown
12520900, ,keydown
12521200,t,keydown
12521400,a,keydown
12521400,r,keydown
12521900,d,keydown
12522000,i,keydown
12523300,#,keydown
12548400,Enter,keydown
12553500,#,keydown
12553700,#,keydown
12553800,s,keydown
12554100,a,keydown
12554200,b,keydown
12554400,a,keydown
12554600,t,keydown
12554800,o,keydown
12555000, ,keydown
12555500,p,keydown
12555700,a,keydown
12555900,r,keydown
12556400,t,keydown
12556600,o,keydown
12556800, ,keydown
12557600,e,keydown
12557800, ,keydown
12558100,m,keydown
12558200,i,keydown
12558600, ,keydown
12558800,s,keydown
12558900,t,keydown
12559100,o,keydown
12559500,#,keydown
12559900,Backspace,keydown
12560000,Backspace,keydown
12560100,Backspace,keydown
12560900,p,keydown
12561000,o,keydown
12561300,s,keydown
12561400,t,keydown
12561700,o,keydown
12561900, ,keydown
12562400,u,keydown
12562600,n,keydown
12562800, ,keydown
12563400,Backspace,keydown
12563500,Backspace,keydown
12563600,Backspace,keydown
12563900,Backspace,keydown
12563900,Backspace,keydown
12563900,Backspace,keydown
12564000,Backspace,keydown
12564000,Backspace,keydown
12564100,Backspace,keydown
12564100,Backspace,keydown
12564200,Backspace,keydown
12564400,Backspace,keydown
12564600,Backspace,keydown
12565200,Backspace,keydown
12565400,Backspace,keydown
12566800,d,keydown
12567000,a,keydown
12567100, ,keydown
12567300,#,keydown
12567600,#,keydown
12567600,#,keydown
12567600,#,keydown
12567600,#,keydown
12567700,#,keydown
12567700,#,keydown
12567700,#,keydown
12567700,g,keydown
12568000,r,keydown
12568200,a,keydown
12568300,n,keydown
12568400,a,keydown
12568700,d,keydown
12569000,a,keydown
12569200, ,keydown
12569600,e,keydown
12569700, ,keydown
12570100,v,keydown
12570200,a,keydown
12570500,d,keydown
12570600,o,keydown
12570800, ,keydown
12571300,a,keydown
12571500,l,keydown
12571700, ,keydown
12571800,m,keydown
12572000,a,keydown
12572200,r,keydown
12572500,e,keydown
12573100,Backspace,keydown
12573300,Backspace,keydown
12573300,Backspace,keydown
12573400,Backspace,keydown
12573400,Backspace,keydown
12573400,Backspace,keydown
12573400,Backspace,keydown
12573500,Backspace,keydown
12573600,Backspace,keydown
12573800,Backspace,keydown
12573900,Backspace,keydown
12574000,Backspace,keydown
12574400,s,keydown
12574600,p,keydown
12575100,o,keydown
12575800,s,keydown
12576400,t,keydown
12576500,o,keydown
12576600, ,keydown
12576900,s,keydown
12577000,u,keydown
12577300,l,keydown
12577400,l,keydown
12577600,a,keydown
12577700, ,keydown
12578000,c,keydown
12578000,o,keydown
12578200,s,keydown
12578400,t,keydown
12578600,a,keydown
12579400,#,keydown
12579600,#,keydown
12579700, ,keydown
12580100,u,keydown
12580200,n,keydown
12580400, ,keydown
12580900,p,keydown
12580900,o,keydown
12581400,Backspace,keydown
12581600,#,keydown
12581800,o,keydown
12582000, ,keydown
12582400,d,keydown
12582500,i,keydown
12582600, ,keydown
12582900,m,keydown
12583000,a,keydown
12583300,r,keydown
12583400,r,keydown
12584000,Backspace,keydown
12584100,e,keydown
12584400,#,keydown
12584700,#,keydown
12584900,#,keydown
12585200,t,keydown
12585500,e,keydown
12586200,m,keydown
12586400,p,keydown
12586600,o,keydown
12586700, ,keydown
12586900,p,keydown
12587100,e,keydown
12587100,r,keydown
12587500,m,keydown
12587500,e,keydown
12587800,t,keydown
12587900,t,keydown
12588000,e,keydown
12588200,n,keydown
12588400,d,keydown
12588500,o,keydown
12589500,#,keydown
12589600, ,keydown
12589800,#,keydown
12589900,c,keydown
12590100,i,keydown
12590200,a,keydown
12590300,o,keydown
12591100,#,keydown
12591200, ,keydown
12591400,a,keydown
12591600,l,keydown
12591600,l,keydown
12591800,a,keydown
12591900, ,keydown
12592100,p,keydown
12592200,r,keydown
12592300,o,keydown
12592500,s,keydown
12592700,s,keydown
12592800,i,keydown
12593000,m,keydown
12593100,a,keydown
12593300,#,keydown
12613700,m,keydown
12613900,i,keydown
12614300, ,keydown
