timestamp,key,type
5813600,Backspace,keydown
5813600,Backspace,keydown
5813600,Backspace,keydown
5813600,Backspace,keydown
5813600,Backspace,keydown
5813700,Backspace,keydown
5813700,Backspace,keydown
5813700,Backspace,keydown
5813700,b,keydown
5813800,u,keydown
5814000,o,keydown
5814100,n,keydown
5814300,g,keydown
5814400,i,keydown
5814400,o,keydown
5814600,r,keydown
5814700,n,keydown
5814900,o,keydown
5815100,#,keydown
5815200,#,keydown
5815500, ,keydown
5816100,o,keydown
5816200,g,keydown
5816400,g,keydown
5816500,i,keydown
5816600, ,keydown
5816700,e,keydown
5816900,s,keydown
5817000,a,keydown
5817200,m,keydown
5817300,i,keydown
5817500, ,keydown
5818300,d,keydown
5818500,i,keydown
5818600, ,keydown
5818800,s,keydown
5818900,u,keydown
5819100,s,keydown
5819400,Backspace,keydown
5819700,Backspace,keydown
5820200,i,keydown
5820300,s,keydown
5820600,t,keydown
5820600,e,keydown
5820800,m,keydown
5820900,i,keydown
5821000, ,keydown
5821200,o,keydown
5821200,p,keydown
5821400,e,keydown
5821600,r,keydown
5821800,a,keydown
5822000,t,keydown
5822100,i,keydown
5822200,v,keydown
5822300,i,keydown
5822600,.,keydown
5822800, ,keydown
5824800,#,keydown
5826300,n,keydown
5826400,u,keydown
5826800,l,keydown
5826900,l,keydown
5827000,a,keydown
5827100, ,keydown
5827300,d,keydown
5827300,i,keydown
5827400, ,keydown
5827600,p,keydown
5827700,a,keydown
5827900,r,keydown
5828000,t,keydown
5828100,i,keydown
5828300,c,keydown
5828400,o,keydown
5828500,l,keydown
5828700,a,keydown
5829300,r,keydown
5829300,e,keydown
5829400,Enter,keydown
5829500,d,keydown
5829600,a,keydown
5829800, ,keydown
5829900,s,keydown
5830100,e,keydown
5830300,g,keydown
5830300, ,keydown
5830400,a,keydown
5831200,Backspace,keydown
5831400,Backspace,keydown
5832300,n,keydown
5832500,a,keydown
5832700,l,keydown
5832800,a,keydown
5833000,r,keydown
5833100,e,keydown
5833500,",",keydown
5833700, ,keydown
5833800,s,keydown
5833800,o,keydown
5834000,l,keydown
5834200,o,keydown
5834400, ,keydown
5834500,u,keydown
5834700,n,keydown
5834800, ,keydown
5835800,t,keydown
5835800,r,keydown
5836000,e,keydown
5836100,n,keydown
5836200,t,keydown
5836300,e,keydown
5836700,Backspace,keydown
5836800,a,keydown
5837000, ,keydown
5837300,e,keydown
5837400, ,keydown
5837500,l,keydown
5837700,o,keydown
5837800,d,keydown
5838000,e,keydown
5840000, ,keydown
5840100,a,keydown
5840300,m,keydown
5841300,p,keydown
5841500,i,keydown
5841900,a,keydown
5842400,m,keydown
5842600,e,keydown
5842700,n,keydown
5842800,t,keydown
5842800,e,keydown
5842900, ,keydown
5843300,m,keydown
5843300,e,keydown
5843500,r,keydown
5843600,i,keydown
5843700,t,keydown
5843700,a,keydown
5843900,t,keydown
5844100,o,keydown
5845100,",",keydown
5845300, ,keydown
5846400,u,keydown
5846600,n,keydown
5846700, ,keydown
5846800,r,keydown
5846900,a,keydown
5847100,g,keydown
5847200,a,keydown
5847400,z,keydown
5847500,z,keydown
5847600,o,keydown
5847700,Enter,keydown
5847900,c,keydown
5848100,h,keydown
5848100,e,keydown
5848400, ,keydown
5848600,s,keydown
5848700,e,keydown
5848900, ,keydown
5849200,v,keydown
5849300,o,keydown
5849500,l,keydown
5849600,e,keydown
5849800,s,keydown
5849900,s,keydown
5850200,e,keydown
5850200, ,keydown
5850300,m,keydown
5850400,a,keydown
5850600,i,keydown
5850700, ,keydown
5850800,f,keydown
5850900,a,keydown
5851100,r,keydown
5851100,e,keydown
5851300, ,keydown
5851500,l,keydown
5851600,a,keydown
5851700, ,keydown
5852000,r,keydown
5852400,Backspace,keydown
5852500,t,keydown
5852600,e,keydown
5852800,s,keydown
5852900,i,keydown
5852900, ,keydown
5853100,c,keydown
5853200,o,keydown
5853400,n,keydown
5853500, ,keydown
5853700,m,keydown
5853800,e,keydown
5853900, ,keydown
5854000,n,keydown
5854200,o,keydown
5854400,n,keydown
5854400, ,keydown
5854700,p,keydown
5854900,o,keydown
5855000,t,keydown
5855000,r,keydown
5855200,e,keydown
5855200,i,keydown
5855400, ,keydown
5855700,c,keydown
5855800,h,keydown
5856000,e,keydown
5856000, ,keydown
5856300,e,keydown
5856500,s,keydown
5856600,s,keydown
5856800,e,keydown
5857100,r,keydown
5857200,e,keydown
5857400, ,keydown
5857700,u,keydown
5857900,l,keydown
5858100,t,keydown
5858200,r,keydown
5858600,a,keydown
5858700,-,keydown
5858900,Enter,keydown
5859100,c,keydown
5859200,o,keydown
5859400,n,keydown
5859500,t,keydown
5859800,e,keydown
5860700,n,keydown
5860800,t,keydown
5863300,a,keydown
5863400,#,keydown
5863600,#,keydown
5864900,#,keydown
5865100,#,keydown
5865400, ,keydown
5866700,#,keydown
5866900,a,keydown
5867000, ,keydown
5867100,p,keydown
5867200,a,keydown
5867400,r,keydown
5867600,t,keydown
5867600,e,keydown
5867900, ,keydown
5868200,q,keydown
5868300,u,keydown
5868300,e,keydown
5868500,s,keydown
5868600,t,keydown
5868800,o,keydown
5869000, ,keydown
5869100,u,keydown
5869200,n,keydown
5869400, ,keydown
5869600,p,keydown
5869800,a,keydown
5869900,n,keydown
5870100,i,keydown
5870300,n,keydown
5870400,o,keydown
5870500, ,keydown
5870700,m,keydown
5870700,a,keydown
5870900,n,keydown
5871000,g,keydown
5871100,i,keydown
5871200,a,keydown
5871300,t,keydown
5871400,o,keydown
5871500, ,keydown
5871700,i,keydown
5871900,n,keydown
5872100, ,keydown
5872500,f,keydown
5872600,r,keydown
5872800,e,keydown
5872900,t,keydown
5873100,t,keydown
5873300,a,keydown
5873400, ,keydown
5873600,e,keydown
5873700, ,keydown
5873800,o,keydown
5873900,r,keydown
5874100,a,keydown
5874200, ,keydown
5875000,l,keydown
5875400,#,keydown
5875400,a,keydown
5875600,t,keydown
5875700,t,keydown
5875700,e,keydown
5875900,s,keydown
5876100,a,keydown
5876300,Enter,keydown
5877700,d,keydown
5877900,i,keydown
5878000, ,keydown
5878100,u,keydown
5878300,n,keydown
5878400,a,keydown
5878500, ,keydown
5878700,r,keydown
5878700,i,keydown
5879000,u,keydown
5879100,n,keydown
5879300,i,keydown
5879500,o,keydown
5879700,n,keydown
5879900,e,keydown
5881300, ,keydown
5881500,#,keydown
5881700,#,keydown
5882000,m,keydown
5882200,a,keydown
5882400,n,keydown
5882600,n,keydown
5882800,a,keydown
5882900,g,keydown
5883000,g,keydown
5883200,i,keydown
5883400,a,keydown
5883400, ,keydown
5883800,q,keydown
5883800,u,keydown
5884000,a,keydown
5884100,n,keydown
5884300,t,keydown
5884300,e,keydown
5884400, ,keydown
5884800,r,keydown
5884900,i,keydown
5885100,u,keydown
5885300,n,keydown
5885500,i,keydown
5886100,o,keydown
5886300,n,keydown
5886400,i,keydown
5886700,#,keydown
5886900,#,keydown
5887300, ,keydown
5889200,p,keydown
5889300,e,keydown
5889400,r,keydown
5889500, ,keydown
5889600,i,keydown
5889800,l,keydown
5889900, ,keydown
5890100,s,keydown
5890100,o,keydown
5890300,l,keydown
5890500,i,keydown
5890600,t,keydown
5890700,o,keydown
5890900, ,keydown
5891000,p,keydown
5891100,r,keydown
5891200,o,keydown
5891200,g,keydown
5891400,e,keydown
5891600,t,keydown
5891700,t,keydown
5891900,o,keydown
5892700,Enter,keydown
5895600,d,keydown
5895800,a,keydown
5895900, ,keydown
5896300,m,keydown
5896400,e,keydown
5896700,t,keydown
5896800,t,keydown
5896900,e,keydown
5896900,r,keydown
5897100,e,keydown
5897200, ,keydown
5897300,i,keydown
5897500,n,keydown
5897700,s,keydown
5897700,i,keydown
5897900,e,keydown
5898000,m,keydown
5898100,e,keydown
5898300,.,keydown
5898500, ,keydown
5902800,#,keydown
5903000,i,keydown
5903200,e,keydown
5903200,r,keydown
5903400, ,keydown
5903800,Backspace,keydown
5904000,i,keydown
5904200, ,keydown
5904500,i,keydown
5904600,n,keydown
5904900,v,keydown
5905000,e,keydown
5905300,c,keydown
5905300,e,keydown
5905500, ,keydown
5905700,a,keydown
5905900,b,keydown
5906100,b,keydown
5906200,i,keydown
5906400,a,keydown
5906500,m,keydown
5906600,o,keydown
5906700, ,keydown
5906900,g,keydown
5907300,Backspace,keydown
5907400,f,keydown
5907500,s,keydown
5907500,a,keydown
5908400,Backspace,keydown
5908600,Backspace,keydown
5908700,a,keydown
5909000,t,keydown
5909000,t,keydown
5909200,o,keydown
5909400, ,keydown
5909700,u,keydown
5909900,n,keydown
5910000, ,keydown
5910100,m,keydown
5910200,e,keydown
5910400,g,keydown
5910500,a,keydown
5910700,p,keydown
5910800,a,keydown
5910900,r,keydown
5911100,t,keydown
5911200,i,keydown
5911300,t,keydown
5911500,o,keydown
5911800,n,keydown
5912000,e,keydown
5912100, ,keydown
5912200,a,keydown
5912500,Enter,keydown
5912600,#,keydown
5912900,r,keydown
5913900,s,keydown
5914200,i,keydown
5914400,k,keydown
5914500,o,keydown
5916100,#,keydown
5916300,#,keydown
5916400,#,keydown
5917000,#,keydown
5917600,i,keydown
5917900,#,keydown
5918100,#,keydown
5918300,#,keydown
5918400,#,keydown
5919200,#,keydown
5919400,#,keydown
5919600, ,keydown
5919900,n,keydown
5920200,i,keydown
5921200,Backspace,keydown
5921400,Backspace,keydown
5922000,a,keydown
5922100, ,keydown
5922300,u,keydown
5922400,n,keydown
5922600, ,keydown
5922800,c,keydown
5923000,e,keydown
5923000,r,keydown
5923200,t,keydown
5923300,o,keydown
5923400, ,keydown
5923600,p,keydown
5923800,u,keydown
5924000,n,keydown
5924100,t,keydown
5924200,o,keydown
5924300, ,keydown
5924400,a,keydown
5924500,b,keydown
5924700,b,keydown
5924900,i,keydown
5925000,a,keydown
5925100,m,keydown
5925200,o,keydown
5925300, ,keydown
5925500,s,keydown
5925900,m,keydown
5926000,e,keydown
5926200,s,keydown
5926300,s,keydown
5926500,o,keydown
5926500, ,keydown
5926700,p,keydown
5926700,e,keydown
5926800,r,keydown
5927000, ,keydown
5927200,s,keydown
5927300,f,keydown
5928300,i,keydown
5928400,n,keydown
5928600,i,keydown
5928800,m,keydown
5928900,e,keydown
5929000,n,keydown
5929200,t,keydown
5929300,o,keydown
5930800,",",keydown
5931100, ,keydown
5931500,s,keydown
5931600,t,keydown
5931700,a,keydown
5931800,v,keydown
5932000,a,keydown
5932000, ,keydown
5932700,v,keydown
5932700,i,keydown
5932900,n,keydown
5933100,c,keydown
5933300,e,keydown
5933400,n,keydown
5933400,d,keydown
5933600,o,keydown
5933900,Enter,keydown
5934400,#,keydown
5934400,m,keydown
5934600,a,keydown
5934900,t,keydown
5935000,t,keydown
5935100,e,keydown
5935200,o,keydown
5939600, ,keydown
5939900,o,keydown
5940200,",",keydown
5940300, ,keydown
5940500,m,keydown
5940700,e,keydown
5940900,g,keydown
5941000,l,keydown
5941200,i,keydown
5941300,o,keydown
5941800,",",keydown
5942000, ,keydown
5942800,s,keydown
5943000,i,keydown
5943100, ,keydown
5943300,s,keydown
5943500,a,keydown
5943700,r,keydown
5943700,e,keydown
5943900,b,keydown
5944100,b,keydown
5944100,e,keydown
5944300,r,keydown
5944500,o,keydown
5944600, ,keydown
5944700,c,keydown
5944700,o,keydown
5944900,m,keydown
5945100,b,keydown
5945200,a,keydown
5945600,t,keydown
5945800,i,keydown
5946100,Backspace,keydown
5946200,u,keydown
5946500,t,keydown
5946600,i,keydown
5946800, ,keydown
5947200,a,keydown
5947800,s,keydown
5948000,p,keydown
5948100,r,keydown
5948200,a,keydown
5948300,m,keydown
5948500,e,keydown
5948600,n,keydown
5948600,t,keydown
5948800,e,keydown
5948900, ,keydown
5949200,#,keydown
5949300,m,keydown
5949400,a,keydown
5949600,t,keydown
5949700,t,keydown
5949900,e,keydown
5949900,o,keydown
5950100, ,keydown
5950200,e,keydown
5950400, ,keydown
5950700,#,keydown
5951100,c,keydown
5951200,a,keydown
5951400,r,keydown
5951400,m,keydown
5951700,n,keydown
5951700,e,keydown
5952100,.,keydown
5952500,Enter,keydown
5953800,#,keydown
5954200,f,keydown
5954300,e,keydown
5954500,r,keydown
5954600,r,keydown
5954800,u,keydown
5955000,c,keydown
5955100,c,keydown
5955300,i,keydown
5955300,o,keydown
5955400, ,keydown
5955600,e,keydown
5955800,#,keydown
5956000, ,keydown
5956200,s,keydown
5956300,t,keydown
5956400,a,keydown
5957000,t,keydown
5957200,o,keydown
5957300, ,keydown
5957500,e,keydown
5957700,l,keydown
5957800,i,keydown
5958100,m,keydown
5958300,i,keydown
5958400,n,keydown
5958600,a,keydown
5958800,t,keydown
5959000,o,keydown
5959200, ,keydown
5961000,d,keydown
5961100,o,keydown
5961400,p,keydown
5961500,o,keydown
5961600, ,keydown
5961800,a,keydown
5961900,l,keydown
5962000,c,keydown
5962200,u,keydown
5962400,n,keydown
5962600,e,keydown
5962600, ,keydown
5962700,m,keydown
5962900,o,keydown
5963100,s,keydown
5963200,s,keydown
5963400,e,keydown
5963500, ,keydown
5964000,d,keydown
5964100,e,keydown
5964300,c,keydown
5964400,i,keydown
5964500,s,keydown
5964600,a,keydown
5964700,m,keydown
5964800,e,keydown
5965000,n,keydown
5965100,t,keydown
5965100,e,keydown
5965300, ,keydown
5965400,a,keydown
5965700,z,keydown
5965800,z,keydown
5965900,a,keydown
5966200,r,keydown
5966400,d,keydown
5966500,a,keydown
5966600,t,keydown
5966700,e,keydown
5967700,.,keydown
5967900,Enter,keydown
5968100,#,keydown
5968200,i,keydown
5968500,o,keydown
5968600, ,keydown
5968900,e,keydown
5969200,r,keydown
5969400,o,keydown
5969500, ,keydown
5969700,p,keydown
5969800,a,keydown
5969900,i,keydown
5970400,Backspace,keydown
5970600,Backspace,keydown
5970800,i,keydown
5971000,a,keydown
5971200,z,keydown
5971400,z,keydown
5971600,a,keydown
5972100,t,keydown
5972300,a,keydown
5972400, ,keydown
5972600,d,keydown
5972700,e,keydown
5972900,c,keydown
5973000,i,keydown
5973200,s,keydown
5973200,a,keydown
5973400,m,keydown
5973500,e,keydown
5973500,n,keydown
5973700,t,keydown
5973800,e,keydown
5974100, ,keydown
5974500,b,keydown
5974700,e,keydown
5974800,n,keydown
5975000,e,keydown
5975200,",",keydown
5975300, ,keydown
5975400,s,keydown
5975500,o,keydown
5975700,l,keydown
5975900,o,keydown
5976000, ,keydown
5976200,c,keydown
5976300,h,keydown
5976300,e,keydown
5976400, ,keydown
5976600,l,keydown
5976800,a,keydown
5976900, ,keydown
5977000,s,keydown
5977300,f,keydown
5977300,o,keydown
5977600,r,keydown
5977700,t,keydown
5977900,u,keydown
5978100,n,keydown
5978200,a,keydown
5978400, ,keydown
5978700,h,keydown
5978900,a,keydown
5979100, ,keydown
5979500,v,keydown
5979700,i,keydown
5980000,Backspace,keydown
5980200,o,keydown
5980300,l,keydown
5980600,u,keydown
5980700,t,keydown
5980800,o,keydown
5981300,Enter,keydown
5981600,c,keydown
5981700,h,keydown
5981800,e,keydown
5981800, ,keydown
5982000,n,keydown
5982200,o,keydown
5982400,n,keydown
5982400, ,keydown
5982600,p,keydown
5982800,o,keydown
5982900,t,keydown
5983000,e,keydown
5983400,s,keydown
5983500,i,keydown
5983800, ,keydown
5984400,s,keydown
5984500,c,keydown
5984700,a,keydown
5984900,m,keydown
5985000,b,keydown
5985100,i,keydown
5985200,a,keydown
5985400,r,keydown
5985500,e,keydown
5985500, ,keydown
5985800,c,keydown
5985900,a,keydown
5986000,r,keydown
5986300,t,keydown
5986300,e,keydown
5986400, ,keydown
5986600,p,keydown
5986700,e,keydown
5986700,r,keydown
5986800, ,keydown
5987000,a,keydown
5987100,r,keydown
5987400,m,keydown
5987400,a,keydown
5987600,t,keydown
5987700,e,keydown
5988000, ,keydown
5989300,#,keydown
5989600,#,keydown
5989900,b,keydown
5990300,Backspace,keydown
5991000,n,keydown
5991200,o,keydown
5991400,n,keydown
5991500, ,keydown
5991800,a,keydown
5991900,v,keydown
5992100,e,keydown
5992300,v,keydown
5992500,o,keydown
5992600, ,keydown
5993000,c,keydown
5993100,o,keydown
5993300,m,keydown
5993500,b,keydown
5993500,i,keydown
5993800,n,keydown
5993800,a,keydown
5994000,z,keydown
5994100,i,keydown
5994200,o,keydown
5995000,n,keydown
5995100,i,keydown
5995200, ,keydown
5995600,g,keydown
5995700,i,keydown
5995900,u,keydown
5996000,s,keydown
5996200,t,keydown
5996400,e,keydown
5997300,#,keydown
5997500,#,keydown
5997800,Enter,keydown
5998000,m,keydown
5998100,e,keydown
5998200,n,keydown
5998400,t,keydown
5998400,r,keydown
5998600,e,keydown
5998700, ,keydown
5999400,g,keydown
5999500,l,keydown
5999700,i,keydown
5999700, ,keydown
5999900,a,keydown
6000100,l,keydown
6000400,t,keydown
6000400,r,keydown
6000500,i,keydown
6000900, ,keydown
6001100,s,keydown
6001200,i,keydown
6001400,#,keydown
6001700,.,keydown
6001800, ,keydown
6002000,#,keydown
6002200,c,keydown
6002400,h,keydown
6002500,e,keydown
6002600, ,keydown
6003000,s,keydown
6003300,f,keydown
6003300,i,keydown
6003500,g,keydown
6003700,a,keydown
6003900,.,keydown
6004500, ,keydown
6005300,#,keydown
6005500,v,keydown
6005700,a,keydown
6005800,b,keydown
6005900,b,keydown
6006100,e,keydown
6006900,#,keydown
6007100,",",keydown
6007300, ,keydown
6007800,e,keydown
6008100,#,keydown
6008300, ,keydown
6008400,s,keydown
6008600,t,keydown
6008700,a,keydown
6008800,t,keydown
6009000,o,keydown
6009100, ,keydown
6009300,d,keydown
6009400,i,keydown
6009500,v,keydown
6009700,e,keydown
6009700,r,keydown
6009900,t,keydown
6010000,e,keydown
6010200,n,keydown
6010200,t,keydown
6010200,e,keydown
6011900,.,keydown
6012000, ,keydown
6012700,#,keydown
6012900,c,keydown
6013000,i,keydown
6013200,a,keydown
6013300,o,keydown
