timestamp,key,type
1029300,Backspace,keydown
1029300,Backspace,keydown
1029300,Backspace,keydown
1029300,Backspace,keydown
1029300,Backspace,keydown
1029300,Backspace,keydown
1029300,Backspace,keydown
1029300,Backspace,keydown
1029300,s,keydown
1029500,a,keydown
1029800,b,keydown
1030200,a,keydown
1030400,t,keydown
1030500,o,keydown
1030700, ,keydown
1030800,a,keydown
1030900,n,keydown
1031000,c,keydown
1031200,o,keydown
1031300,r,keydown
1031500,a,keydown
1031600, ,keydown
1031900,e,keydown
1032100,s,keydown
1032300,a,keydown
1032500,m,keydown
1032700,i,keydown
1033400,#,keydown
1033700, ,keydown
1034200,u,keydown
1034800,n,keydown
1035000,o,keydown
1035100, ,keydown
1035300,s,keydown
1035500,i,keydown
1035700, ,keydown
1036000,e,keydown
1036400,#,keydown
1036700, ,keydown
1037000,p,keydown
1037100,r,keydown
1037300,e,keydown
1037600,s,keydown
1037700,e,keydown
1037800,n,keydown
1038000,t,keydown
1038300,a,keydown
1038400,t,keydown
1038600,o,keydown
1038900, ,keydown
1044500,s,keydown
1044800,t,keydown
1045000,u,keydown
1045200,d,keydown
1045400,e,keydown
1045400,n,keydown
1045600,t,keydown
1045800,e,keydown
1046000, ,keydown
1050100,c,keydown
1050300,o,keydown
1050400,n,keydown
1050600, ,keydown
1051500,u,keydown
1051700,n,keydown
1051900, ,keydown
1052500,l,keydown
1052700,a,keydown
1052800,b,keydown
1053000,o,keydown
1053000,r,keydown
1053200,a,keydown
1053400,t,keydown
1053500,o,keydown
1053700,r,keydown
1053800,i,keydown
1054000,o,keydown
1054100, ,keydown
1054300,f,keydown
1054600,a,keydown
1056200,t,keydown
1056300,t,keydown
1056500,o,keydown
1056700, ,keydown
1057500,d,keydown
1057700,a,keydown
1057800, ,keydown
1058000,a,keydown
1058200,l,keydown
1058300,t,keydown
1058500,r,keydown
1058600,i,keydown
1059400, ,keydown
1059800,9,keydown
1060100,o,keydown
1060300, ,keydown
1060600,a,keydown
1060700,l,keydown
1061000,m,keydown
1061100,e,keydown
1061300,n,keydown
1061400,o,keydown
1061600, ,keydown
1061900,f,keydown
1062100,o,keydown
1062200,r,keydown
1062500,t,keydown
1062900,i,keydown
1063200,s,keydown
1063400,s,keydown
1063600,i,keydown
1064000,m,keydown
1064200,o,keydown
1064300, ,keydown
1064600,e,keydown
1064800,r,keydown
1065000,a,keydown
1065100, ,keydown
1065600,i,keydown
1065800,l,keydown
1065900, ,keydown
1066400,m,keydown
1066600,i,keydown
1066800,o,keydown
1066900, ,keydown
1067100,s,keydown
1067400,o,keydown
1067600,s,keydown
1067700,t,keydown
1068200,Backspace,keydown
1068600,p,keydown
1068700,e,keydown
1068900,t,keydown
1069000,t,keydown
1069300,o,keydown
1069500,0,keydown
1069800,#,keydown
1070100, ,keydown
1073500,i,keydown
1073700,n,keydown
1073800,c,keydown
1074000,o,keydown
1074200,m,keydown
1074300,e,keydown
1074400,i,keydown
1074500,n,keydown
1074600,c,keydown
1074800,i,keydown
1075000,o,keydown
1075100, ,keydown
1075300,a,keydown
1075500, ,keydown
1075600,c,keydown
1075800,h,keydown
1075900,i,keydown
1076100,e,keydown
1076300,d,keydown
1076500,e,keydown
1076600,r,keydown
1076800,e,keydown
1079400,Backspace,keydown
1080200,g,keydown
1080300,l,keydown
1080500,i,keydown
1080700, ,keydown
1081300,q,keydown
1081600,u,keydown
1081800,a,keydown
1082400,l,keydown
1082600,c,keydown
1082900,o,keydown
1082900,s,keydown
1083200,a,keydown
1083400, ,keydown
1083500,e,keydown
1083800, ,keydown
1084200,s,keydown
1084500,u,keydown
1084700,b,keydown
1084900,i,keydown
1085100,t,keydown
1085300,o,keydown
1085300, ,keydown
1085500,i,keydown
1085800,n,keydown
1085900,c,keydown
1086000,o,keydown
1086100,m,keydown
1086300,i,keydown
1087000,n,keydown
1087400,c,keydown
1087600,i,keydown
1087700,a,keydown
1088000, ,keydown
1088600,a,keydown
1088900, ,keydown
1094500,i,keydown
1094700,m,keydown
1094900,p,keydown
1095200,a,keydown
1097400,n,keydown
1097700,t,keydown
1097900,a,keydown
1098300,n,keydown
1098500,a,keydown
1098800,r,keydown
1098900,s,keydown
1099200,i,keydown
1099600,#,keydown
1099800, ,keydown
1100700,q,keydown
1100900,u,keydown
1101300,e,keydown
1101500,s,keydown
1101700,t,keydown
1101900,o,keydown
1102000, ,keydown
1102900,c,keydown
1103100,o,keydown
1103300,n,keydown
1103500,t,keydown
1103600,r,keydown
1104000,i,keydown
1104100,n,keydown
1104600,Backspace,keydown
1104800,b,keydown
1105000,u,keydown
1105300,i,keydown
1105900,v,keydown
1106100,a,keydown
1106300, ,keydown
1107800,a,keydown
1108100, ,keydown
1108400,f,keydown
1108600,a,keydown
1108800,r,keydown
1109000, ,keydown
1109300,c,keydown
1109600,r,keydown
1109700,e,keydown
1109900,s,keydown
1110100,c,keydown
1110300,e,keydown
1110500,r,keydown
1110700,e,keydown
1110800, ,keydown
1112600,i,keydown
1112900,n,keydown
1113300, ,keydown
1113600,m,keydown
1113800,e,keydown
1113900, ,keydown
1114000,i,keydown
1114300,l,keydown
1114500, ,keydown
1114700,s,keydown
1114900,o,keydown
1115000,s,keydown
1115300,p,keydown
1115500,e,keydown
1115700,t,keydown
1115900,t,keydown
1116100,o,keydown
1117000,#,keydown
1117200, ,keydown
1117700,a,keydown
1117900,l,keydown
1118100,l,keydown
1118300,a,keydown
1118500, ,keydown
1119100,f,keydown
1119200,i,keydown
1119400,n,keydown
1119500,e,keydown
1119700, ,keydown
1124300,q,keydown
1124600,u,keydown
1124900,e,keydown
1125200,s,keydown
1125400,t,keydown
1125500,o,keydown
1125600, ,keydown
1125900,s,keydown
1126100,t,keydown
1126200,u,keydown
1126700,d,keydown
1126900,e,keydown
1127000,n,keydown
1127000,t,keydown
1127300,e,keydown
1127400, ,keydown
1127800,v,keydown
1128000,i,keydown
1128200,e,keydown
1128300,n,keydown
1128400,e,keydown
1128600, ,keydown
1129000,b,keydown
1129300,o,keydown
1129600,c,keydown
1129700,c,keydown
1129900,i,keydown
1130000,a,keydown
1130300,t,keydown
1131200,o,keydown
1131400, ,keydown
1131600,p,keydown
1131800,e,keydown
1131900,r,keydown
1132000, ,keydown
1132400,Backspace,keydown
1132700,c,keydown
1132800,h,keydown
1132900,e,keydown
1133000, ,keydown
1133800,Backspace,keydown
1134200,Backspace,keydown
1135200,Backspace,keydown
1135400,Backspace,keydown
1135600,Backspace,keydown
1135800,Backspace,keydown
1135900,Backspace,keydown
1136100,Backspace,keydown
1136800,#,keydown
1137000, ,keydown
1140200,q,keydown
1140600,Backspace,keydown
1141100,p,keydown
1141400,r,keydown
1141600,e,keydown
1141700,s,keydown
1142000,e,keydown
1142200,n,keydown
1142700,t,keydown
1142900,a,keydown
1143200,r,keydown
1143700,s,keydown
1143800,i,keydown
1144000, ,keydown
1144100,c,keydown
1144200,o,keydown
1144400,n,keydown
1144600, ,keydown
1145500,c,keydown
1145600,o,keydown
1145800,d,keydown
1145900,i,keydown
1146100,c,keydown
1146300,e,keydown
1146400, ,keydown
1146600,f,keydown
1147300,a,keydown
1147400,t,keydown
1147700,t,keydown
1147900,o,keydown
1148100, ,keydown
1148500,d,keydown
1148700,a,keydown
1148900, ,keydown
1149100,a,keydown
1149200,l,keydown
1149300,t,keydown
1149500,r,keydown
1149700,i,keydown
1149900, ,keydown
1150800,m,keydown
1151000,i,keydown
1151100, ,keydown
1153100,Backspace,keydown
1153200,Backspace,keydown
1153400,Backspace,keydown
1154300,e,keydown
1154600,#,keydown
1154800, ,keydown
1155000,u,keydown
1155200,n,keydown
1155300,a,keydown
1155500, ,keydown
1155600,d,keydown
1155900,e,keydown
1156000,l,keydown
1156100,l,keydown
1156300,e,keydown
1156400, ,keydown
1156600,c,keydown
1156800,o,keydown
1156800,s,keydown
1157100,e,keydown
1157300, ,keydown
1157500,p,keydown
1157800,e,keydown
1158100,g,keydown
1158200,g,keydown
1158400,i,keydown
1158600,o,keydown
1158700,r,keydown
1158900,i,keydown
1159900, ,keydown
1160000,s,keydown
1160300,e,keydown
1160500,c,keydown
1160800,o,keydown
1161000,n,keydown
1161100,d,keydown
1161200,o,keydown
1161400, ,keydown
1161600,m,keydown
1161800,e,keydown
1162100,#,keydown
1162300, ,keydown
1162900,p,keydown
1163200,r,keydown
1163400,e,keydown
1163600,f,keydown
1163700,e,keydown
1164000,r,keydown
1164100,i,keydown
1164300,s,keydown
1164400,c,keydown
1164700,o,keydown
1164800, ,keydown
1165100,c,keydown
1165200,h,keydown
1165300,e,keydown
1165500, ,keydown
1166300,s,keydown
1166500,i,keydown
1166600, ,keydown
1166800,p,keydown
1167000,r,keydown
1167100,e,keydown
1167300,s,keydown
1167500,e,keydown
1167600,n,keydown
1167800,t,keydown
1167900,i,keydown
1168300,c,keydown
1168700,Backspace,keydown
1169000,n,keydown
1169100,o,keydown
1169300, ,keydown
1170200,c,keydown
1170400,o,keydown
1170600,n,keydown
1170700, ,keydown
1170900,c,keydown
1171100,o,keydown
1171400,d,keydown
1171500,i,keydown
1171700,c,keydown
1171800,e,keydown
1172000, ,keydown
1172200,m,keydown
1172400,a,keydown
1172600,l,keydown
1173200,f,keydown
1173300,u,keydown
1173600,n,keydown
1173800,z,keydown
1174100,i,keydown
1174300,o,keydown
1174400,n,keydown
1174600,a,keydown
1174700,n,keydown
1175200,t,keydown
1175500,e,keydown
1175700, ,keydown
1175900,e,keydown
1176000, ,keydown
1177000,s,keydown
1177200,i,keydown
1177300, ,keydown
1177500,d,keydown
1177700,e,keydown
1178100,Backspace,keydown
1178400,i,keydown
1178600,s,keydown
1178800,c,keydown
1179000,u,keydown
1179300,t,keydown
1179500,a,keydown
1179600, ,keydown
1179800,i,keydown
1180000,n,keydown
1180500,s,keydown
1180700,i,keydown
1180800,e,keydown
1181600,m,keydown
1181700,e,keydown
1182000, ,keydown
1182200,d,keydown
1182300,e,keydown
1183600,i,keydown
1183800, ,keydown
1184100,p,keydown
1184300,r,keydown
1184400,o,keydown
1184600,b,keydown
1184800,l,keydown
1184900,e,keydown
1185100,m,keydown
1185200,i,keydown
1185400, ,keydown
1185600,c,keydown
1185700,h,keydown
1185900,e,keydown
1186000, ,keydown
1186400,e,keydown
1186700,v,keydown
1186900,e,keydown
1187100,n,keydown
1187200,t,keydown
1187400,u,keydown
1187400,a,keydown
1187600,l,keydown
1187900,m,keydown
1187900,e,keydown
1188000,n,keydown
1188100,t,keydown
1188400,e,keydown
1188500, ,keydown
1188800,h,keydown
1189000,a,keydown
1189100,n,keydown
1189300,n,keydown
1189500,o,keydown
1189600, ,keydown
1189800,a,keydown
1190700,v,keydown
1190900,u,keydown
1191000,t,keydown
1191200,o,keydown
1191300, ,keydown
1191500,d,keydown
1191900,Backspace,keydown
1192200,n,keydown
1192400,e,keydown
1192600,l,keydown
1192800,l,keydown
1195400,Backspace,keydown
1196900, ,keydown
1197100,s,keydown
1197300,v,keydown
1197800,o,keydown
1198000,l,keydown
1198200,g,keydown
1198400,e,keydown
1198600,r,keydown
1198800,e,keydown
1199000, ,keydown
1199200,i,keydown
1199400,l,keydown
1199600, ,keydown
1202700,l,keydown
1202800,a,keydown
1202900,b,keydown
1203900,o,keydown
1204200,r,keydown
1204400,a,keydown
1204500,t,keydown
1204700,o,keydown
1204800,r,keydown
1205000,i,keydown
1205200,o,keydown
1205800,#,keydown
1207800,Enter,keydown
1208400,m,keydown
1208600,e,keydown
1208800,r,keydown
1209000,c,keydown
1209200,o,keydown
1209300,l,keydown
1209500,e,keydown
1209800,d,keydown
1210000,i,keydown
1210100,#,keydown
1210500, ,keydown
1210700,p,keydown
1210800,r,keydown
1211000,o,keydown
1211200,s,keydown
1211400,s,keydown
1211500,i,keydown
1211700,m,keydown
1211900,o,keydown
1212000, ,keydown
1212200,u,keydown
1212500,l,keydown
1212800,t,keydown
1213200,i,keydown
1213400,m,keydown
1213600,a,keydown
1213800, ,keydown
1214000,t,keydown
1214200,o,keydown
1214300,r,keydown
1214500,n,keydown
1214700,a,keydown
1214900,t,keydown
1215000,a,keydown
1215200, ,keydown
1215300,d,keydown
1215500,i,keydown
1215500, ,keydown
1215800,e,keydown
1216000,s,keydown
1216300,a,keydown
1216500,m,keydown
1216700,i,keydown
1217700,#,keydown
1217900, ,keydown
1218600,i,keydown
1218900,n,keydown
1219500,c,keydown
1219700,o,keydown
1219800,m,keydown
1220500,i,keydown
1220700,n,keydown
1221100,c,keydown
1221200,e,keydown
1221400,r,keydown
1221600,a,keydown
1222600,#,keydown
1223800,#,keydown
1224100, ,keydown
1224900,s,keydown
1225100,e,keydown
1225200,m,keydown
1225500,p,keydown
1225600,r,keydown
1225800,e,keydown
1226000, ,keydown
1226300,m,keydown
1226400,e,keydown
1226600,r,keydown
1226800,c,keydown
1227000,o,keydown
1227300,l,keydown
1227700,e,keydown
1227900,d,keydown
1228100,i,keydown
1228200,#,keydown
1229100,#,keydown
1229300, ,keydown
1229900,i,keydown
1232300,l,keydown
1232600, ,keydown
1233000,Backspace,keydown
1233100,Backspace,keydown
1233400,Backspace,keydown
1236400,l,keydown
1236900,#,keydown
1237100,a,keydown
1237300,l,keydown
1237500,t,keydown
1237700,r,keydown
1237800,o,keydown
1238000, ,keydown
1238100,c,keydown
1238300,o,keydown
1238400,r,keydown
1238600,s,keydown
1239100,Backspace,keydown
1240300,Backspace,keydown
1240700,i,keydown
1240900,l,keydown
1241000, ,keydown
1241300,s,keydown
1241500,e,keydown
1241700,c,keydown
1241800,o,keydown
1242000,n,keydown
1242200,d,keydown
1242300,o,keydown
1242500, ,keydown
1242600,c,keydown
1242800,o,keydown
1243000,r,keydown
1243200,s,keydown
1243500,o,keydown
1243600, ,keydown
1243800,i,keydown
1243900,n,keydown
1244100, ,keydown
1244300,c,keydown
1244400,u,keydown
1244600,i,keydown
1244700, ,keydown
1245000,i,keydown
1245200,n,keydown
1245200,s,keydown
1245400,e,keydown
1245600,g,keydown
1245800,n,keydown
1246000,o,keydown
1246100, ,keydown
1246400,q,keydown
1246600,u,keydown
1246800,e,keydown
1247000,s,keydown
1247200,t,keydown
1247800,#,keydown
1248100,a,keydown
1248300,n,keydown
1248500,n,keydown
1248700,o,keydown
1249000,#,keydown
1249200, ,keydown
1249600,u,keydown
1249700,n,keydown
1249900,a,keydown
1250100, ,keydown
1250300,b,keydown
1250600,e,keydown
1250700,l,keydown
1250900,l,keydown
1251100,a,keydown
1251200, ,keydown
1252100,f,keydown
1252200,a,keydown
1252700,t,keydown
1252900,i,keydown
1253000,c,keydown
1253200,a,keydown
1254700,#,keydown
1255000, ,keydown
1255900,s,keydown
1256000,p,keydown
1256200,e,keydown
1256400,r,keydown
1256600,i,keydown
1256700,a,keydown
1256900,m,keydown
1257100,o,keydown
1257400, ,keydown
1257500,c,keydown
1257900,h,keydown
1258100,e,keydown
1258300, ,keydown
1258500,n,keydown
1258600,o,keydown
1258800,n,keydown
1258900, ,keydown
1259200,s,keydown
1259400,i,keydown
1259600,a,keydown
1259700,m,keydown
1260100,Backspace,keydown
1260400,n,keydown
1260500,o,keydown
1260700, ,keydown
1260900,t,keydown
1261200,r,keydown
1261400,o,keydown
1261500,p,keydown
1261800,p,keydown
1262000,i,keydown
1262200, ,keydown
1262500,s,keydown
1262900,Backspace,keydown
1263200,g,keydown
1263400,l,keydown
1263500,i,keydown
1263700, ,keydown
1263900,s,keydown
1264000,t,keydown
1264100,u,keydown
1264300,d,keydown
1264600,e,keydown
1264700,n,keydown
1264800,t,keydown
1265000,e,keydown
1265800,Backspace,keydown
1266100,i,keydown
1266200, ,keydown
1266500,m,keydown
1266800,a,keydown
1266900, ,keydown
1267200,p,keydown
1267500,o,keydown
1268000,c,keydown
1268200,o,keydown
1268300, ,keydown
1268600,c,keydown
1269100,i,keydown
1269400, ,keydown
1269600,c,keydown
1269700,o,keydown
1269900,n,keydown
1270300,t,keydown
1270500,o,keydown
1271600,#,keydown
1271900, ,keydown
1273100,m,keydown
1273400,e,keydown
1273700,r,keydown
1273900,c,keydown
1274000,o,keydown
1274300,l,keydown
1274400,e,keydown
1274500,d,keydown
1274700,i,keydown
1274900,#,keydown
1275100, ,keydown
1275300,l,keydown
1275500,o,keydown
1275600, ,keydown
1275800,s,keydown
1276100,a,keydown
1276300,p,keydown
1276400,r,keydown
1276600,o,keydown
1277000,#,keydown
1277400,#,keydown
