timestamp,key,type
34768900,Backspace,keydown
34768900,Backspace,keydown
34768900,Backspace,keydown
34768900,Backspace,keydown
34768900,Backspace,keydown
34768900,Backspace,keydown
34768900,Backspace,keydown
34768900,Backspace,keydown
34768900,#,keydown
34769200,e,keydown
34769500,c,keydown
34769700,c,keydown
34769700,o,keydown
34769900,m,keydown
34770100,i,keydown
34770300, ,keydown
34770500,n,keydown
34770600,u,keydown
34770800,o,keydown
34771100,v,keydown
34771300,a,keydown
34771400,m,keydown
34771600,e,keydown
34771600,n,keydown
34771800,t,keydown
34771800,e,keydown
34772100, ,keydown
34772300,a,keydown
34772400, ,keydown
34772600,t,keydown
34772700,e,keydown
34772900,",",keydown
34774400,Backspace,keydown
34774600,.,keydown
34774900, ,keydown
34775200,#,keydown
34776500,c,keydown
34776800,o,keydown
34776800,m,keydown
34777000,e,keydown
34777100, ,keydown
34777700,v,keydown
34777700,o,keydown
34778000,l,keydown
34778000,e,keydown
34778300,v,keydown
34778400,a,keydown
34778600,s,keydown
34778800,i,keydown
34778800, ,keydown
34779100,d,keydown
34779200,i,keydown
34779300,m,keydown
34779400,o,keydown
34779600,s,keydown
34779700,t,keydown
34779900,r,keydown
34779900,a,keydown
34780200,r,keydown
34780300,e,keydown
34780400, ,keydown
34780800,s,keydown
34781000,e,keydown
34781100, ,keydown
34781300,c,keydown
34781600,#,keydown
34781800,e,keydown
34782000,#,keydown
34782100, ,keydown
34782600,u,keydown
34782600,n,keydown
34782800,a,keydown
34783000, ,keydown
34783200,c,keydown
34783300,o,keydown
34783400,s,keydown
34783500,a,keydown
34783600, ,keydown
34783800,c,keydown
34783900,h,keydown
34784100,e,keydown
34784600,Enter,keydown
34785000,h,keydown
34785100,a,keydown
34785300,i,keydown
34785300, ,keydown
34785400,d,keydown
34785600,e,keydown
34785700,c,keydown
34785900,i,keydown
34786000,s,keydown
34786000,o,keydown
34786200, ,keydown
34786500,d,keydown
34786700,i,keydown
34786800, ,keydown
34787000,n,keydown
34787100,o,keydown
34787300,n,keydown
34787400, ,keydown
34788200,s,keydown
34788400,p,keydown
34788700,r,keydown
34788800,e,keydown
34789000,c,keydown
34789100,a,keydown
34789400,r,keydown
34789400,e,keydown
34789600, ,keydown
34789700,t,keydown
34789700,e,keydown
34789900,m,keydown
34790100,p,keydown
34790200,o,keydown
34790400, ,keydown
34790700,a,keydown
34790900, ,keydown
34791200,f,keydown
34791200,a,keydown
34791500,r,keydown
34791500,e,keydown
34791800,",",keydown
34791900, ,keydown
34793800,s,keydown
34793800,a,keydown
34794000,l,keydown
34794500,t,keydown
34794500,a,keydown
34794700, ,keydown
34795000,s,keydown
34795100,u,keydown
34795300,b,keydown
34795400,i,keydown
34795600,t,keydown
34795700,o,keydown
34795900, ,keydown
34796000,s,keydown
34796100,i,keydown
34796100,u,keydown
34796200, ,keydown
34796500,q,keydown
34796600,u,keydown
34796700,a,keydown
34796800,l,keydown
34797000,c,keydown
34797200,u,keydown
34797500,n,keydown
34797600,o,keydown
34798600,Enter,keydown
34798800,c,keydown
34798900,h,keydown
34799000,e,keydown
34799100, ,keydown
34799400,t,keydown
34799500,i,keydown
34799600, ,keydown
34799800,d,keydown
34800300,Backspace,keydown
34800400,c,keydown
34800500,h,keydown
34800600,i,keydown
34800700,e,keydown
34800900,d,keydown
34801200,a,keydown
34801600,Backspace,keydown
34801700,e,keydown
34801900, ,keydown
34802600,t,keydown
34802700,i,keydown
34802700, ,keydown
34803000,f,keydown
34803000,a,keydown
34803300,r,keydown
34803700,l,keydown
34803800,a,keydown
34804800, ,keydown
34805200,e,keydown
34805400, ,keydown
34807000,Backspace,keydown
34807200,Backspace,keydown
34807400,.,keydown
34807700, ,keydown
34808200,#,keydown
34808500,f,keydown
34808800,o,keydown
34808900,s,keydown
34809100,s,keydown
34809300,e,keydown
34809300, ,keydown
34809600,u,keydown
34809700,n,keydown
34809800,a,keydown
34809900, ,keydown
34810100,c,keydown
34810300,o,keydown
34810300,s,keydown
34810400,a,keydown
34810600, ,keydown
34810700,d,keydown
34810900,i,keydown
34811000, ,keydown
34811400,v,keydown
34811600,i,keydown
34811700,t,keydown
34811900,a,keydown
34812000,l,keydown
34812200,e,keydown
34812300, ,keydown
34812400,i,keydown
34812600,m,keydown
34812700,p,keydown
34812700,o,keydown
34813000,r,keydown
34813200,t,keydown
34813400,a,keydown
34813600,n,keydown
34813800,z,keydown
34814000,a,keydown
34814100, ,keydown
34815200,Backspace,keydown
34815400,",",keydown
34815400, ,keydown
34816100,b,keydown
34816300,e,keydown
34816400,h,keydown
34816900, ,keydown
34817000,n,keydown
34817200,e,keydown
34817700,Enter,keydown
34818200,v,keydown
34818300,a,keydown
34818500,r,keydown
34818500,r,keydown
34818700,e,keydown
34818800,b,keydown
34819000,b,keydown
34819100,e,keydown
34819200, ,keydown
34819400,c,keydown
34819500,o,keydown
34819500,m,keydown
34819800,u,keydown
34819900,n,keydown
34820000,q,keydown
34820200,u,keydown
34820300,e,keydown
34820400, ,keydown
34820600,l,keydown
34820800,a,keydown
34820900, ,keydown
34821100,p,keydown
34821300,e,keydown
34821500,n,keydown
34821600,a,keydown
34822700,",",keydown
34822800, ,keydown
34823000,m,keydown
34823100,a,keydown
34823200, ,keydown
34823500,t,keydown
34823600,r,keydown
34823700,a,keydown
34823800,t,keydown
34823900,t,keydown
34824000,a,keydown
34824300,n,keydown
34824500,d,keydown
34824600,o,keydown
34824800,s,keydown
34824900,i,keydown
34825000, ,keydown
34825300,d,keydown
34825400,i,keydown
34825700,Backspace,keydown
34825900,e,keydown
34826000,l,keydown
34826200,l,keydown
34826300,a,keydown
34826400, ,keydown
34827200,d,keydown
34827400,o,keydown
34827500,m,keydown
34827600,a,keydown
34827800,n,keydown
34827900,d,keydown
34828000,a,keydown
34828100, ,keydown
34828400,d,keydown
34828500,i,keydown
34828500, ,keydown
34829100,f,keydown
34829200,i,keydown
34829300,n,keydown
34829500,a,keydown
34829600,m,keydown
34829900,Backspace,keydown
34830200,Backspace,keydown
34830900,a,keydown
34831000,n,keydown
34831300,z,keydown
34831400,i,keydown
34831600,a,keydown
34831800,m,keydown
34831900,e,keydown
34832000,n,keydown
34832100,t,keydown
34832300,e,keydown
34832600,Backspace,keydown
34832900,o,keydown
34833500,Enter,keydown
34834400,p,keydown
34834500,e,keydown
34834600,r,keydown
34834700, ,keydown
34835200,u,keydown
34835300,n,keydown
34835300, ,keydown
34835500,p,keydown
34835700,r,keydown
34835800,o,keydown
34836000,g,keydown
34836100,e,keydown
34836300,t,keydown
34836500,t,keydown
34836700,o,keydown
34836700, ,keydown
34836900,c,keydown
34837100,o,keydown
34837300,f,keydown
34837500,i,keydown
34838400,n,keydown
34838600,a,keydown
34839200,n,keydown
34839400,z,keydown
34839500,i,keydown
34840000,a,keydown
34840400,t,keydown
34841000,o,keydown
34841200, ,keydown
34842500,c,keydown
34842600,h,keydown
34842600,e,keydown
34842800, ,keydown
34842900,n,keydown
34843100,o,keydown
34843200,n,keydown
34843400, ,keydown
34843700,v,keydown
34843900,e,keydown
34844000,r,keydown
34844200,r,keydown
34844300,a,keydown
34844400,#,keydown
34844700, ,keydown
34845400,g,keydown
34845500,i,keydown
34845800,Backspace,keydown
34846000,Backspace,keydown
34846100,f,keydown
34846300,i,keydown
34846300,n,keydown
34846500,a,keydown
34846800,n,keydown
34847000,z,keydown
34847300,i,keydown
34847500,a,keydown
34847600,t,keydown
34847800,o,keydown
34848300, ,keydown
34848400,c,keydown
34848400,o,keydown
34848600,m,keydown
34848700,e,keydown
34848900, ,keydown
34849900,s,keydown
34849900,a,keydown
34850100,p,keydown
34850200,p,keydown
34850400,i,keydown
34850500,a,keydown
34850700,m,keydown
34850800,o,keydown
34851100,Enter,keydown
34851600,b,keydown
34851800,e,keydown
34851900,n,keydown
34852000,e,keydown
34852200, ,keydown
34852300,t,keydown
34852500,u,keydown
34852600,t,keydown
34852800,t,keydown
34853200,i,keydown
34853300, ,keydown
34853500,e,keydown
34853700, ,keydown
34853900,d,keydown
34854100,u,keydown
34854200,e,keydown
34855100,",",keydown
34856000, ,keydown
34856500,v,keydown
34856600,i,keydown
34856700,s,keydown
34856800,t,keydown
34857000,o,keydown
34857000, ,keydown
34857300,i,keydown
34857400, ,keydown
34857800,s,keydown
34857900,o,keydown
34858100,l,keydown
34858300,f,keydown
34858600,Backspace,keydown
34858700,d,keydown
34858800,i,keydown
34859000, ,keydown
34859600,f,keydown
34859600,i,keydown
34859800,n,keydown
34859900,i,keydown
34860100,s,keydown
34860100,d,keydown
34860300,c,keydown
34860600,Backspace,keydown
34860800,Backspace,keydown
34860900,s,keydown
34861100,c,keydown
34861200,o,keydown
34861400,n,keydown
34861700,Backspace,keydown
34861900,Backspace,keydown
34862000,Backspace,keydown
34862200,Backspace,keydown
34862300,c,keydown
34862500,o,keydown
34862600,n,keydown
34862800,o,keydown
34863000, ,keydown
34863200,s,keydown
34863400,e,keydown
34863500,m,keydown
34863600,p,keydown
34863800,r,keydown
34863900,e,keydown
34864900, ,keydown
34865300,a,keydown
34865500,l,keydown
34865600,l,keydown
34865700,e,keydown
34865700, ,keydown
34865900,s,keydown
34866000,t,keydown
34866200,e,keydown
34866400,s,keydown
34866500,s,keydown
34866900,e,keydown
34867100, ,keydown
34867400,p,keydown
34867500,e,keydown
34867600,r,keydown
34867900,s,keydown
34868000,o,keydown
34868100,n,keydown
34868300,e,keydown
34868500, ,keydown
34869200,Backspace,keydown
34874900,.,keydown
34876300,Enter,keydown
34893200,#,keydown
34893700,c,keydown
34893900,o,keydown
34894000,m,keydown
34894200,u,keydown
34894300,n,keydown
34894400,q,keydown
34894500,u,keydown
34894600,e,keydown
34895000,",",keydown
34895000, ,keydown
34895300,m,keydown
34895400,i,keydown
34895500, ,keydown
34895800,t,keydown
34896100,o,keydown
34896200,c,keydown
34896400,c,keydown
34896500,a,keydown
34896800, ,keydown
34897200,r,keydown
34897300,i,keydown
34897500,v,keydown
34897600,e,keydown
34897700,d,keydown
34897900,e,keydown
34898000,r,keydown
34898100,e,keydown
34898300, ,keydown
34898500,l,keydown
34898500,a,keydown
34898700, ,keydown
34898800,p,keydown
34899000,r,keydown
34899000,o,keydown
34899200,p,keydown
34899300,o,keydown
34899500,s,keydown
34899700,t,keydown
34899700,a,keydown
34899800, ,keydown
34900000,d,keydown
34900100,e,keydown
34900200,l,keydown
34900300,l,keydown
34900500,o,keydown
34900600, ,keydown
34900800,s,keydown
34901000,c,keydown
34901100,o,keydown
34901300,r,keydown
34901500,s,keydown
34901600,o,keydown
34901700, ,keydown
34901900,a,keydown
34902200,n,keydown
34902300,n,keydown
34902500,o,keydown
34902600, ,keydown
34903700,m,keydown
34903700,o,keydown
34904100,d,keydown
34904300,i,keydown
34904500,f,keydown
34904500,i,keydown
34904700,c,keydown
34904800,a,keydown
34905000,n,keydown
34905300,d,keydown
34905600,o,keydown
34905800,n,keydown
34906000,e,keydown
34906500,Enter,keydown
34906900,u,keydown
34907000,n,keydown
34907100, ,keydown
34907300,p,keydown
34907600,o,keydown
34907800,#,keydown
34908000, ,keydown
34908700,g,keydown
34908900,l,keydown
34908900,i,keydown
34909000, ,keydown
34909200,a,keydown
34909500,s,keydown
34909700,p,keydown
34909900,e,keydown
34910100,t,keydown
34910200,t,keydown
34910300,i,keydown
34910300, ,keydown
34910700,e,keydown
34911000,s,keydown
34911100,s,keydown
34911400,e,keydown
34911500,n,keydown
34911600,z,keydown
34911700,i,keydown
34911800,a,keydown
34912000,l,keydown
34912200,i,keydown
34912600, ,keydown
34912800,e,keydown
34912900, ,keydown
34914200,r,keydown
34914400,i,keydown
34914500,v,keydown
34914700,e,keydown
34914800,d,keydown
34915500,e,keydown
34916300,n,keydown
34916500,d,keydown
34916600,o,keydown
34916800, ,keydown
34917700,i,keydown
34918500, ,keydown
34919200,g,keydown
34919400,o,keydown
34919600,a,keydown
34919800,l,keydown
34919900,s,keydown
34920100, ,keydown
34920800,c,keydown
34921000,h,keydown
34921000,e,keydown
34921200, ,keydown
34921500,c,keydown
34921600,i,keydown
34921700, ,keydown
34921900,e,keydown
34922400,r,keydown
34922500,a,keydown
34922700,v,keydown
34922800,a,keydown
34923000,n,keydown
34923300,Backspace,keydown
34923600,m,keydown
34923700,o,keydown
34923800, ,keydown
34923900,p,keydown
34924100,o,keydown
34924300,s,keydown
34924400,t,keydown
34924600,i,keydown
34925100,Enter,keydown
34925300,l,keydown
34925400,o,keydown
34925500, ,keydown
34925600,s,keydown
34925800,c,keydown
34925900,o,keydown
34926000,r,keydown
34926200,s,keydown
34926400,o,keydown
34926600, ,keydown
34926900,a,keydown
34927200,n,keydown
34927400,n,keydown
34927500,o,keydown
34927500, ,keydown
34928300,a,keydown
34928400,g,keydown
34928500,g,keydown
34928700,i,keydown
34928800,o,keydown
34929000,r,keydown
34929100,n,keydown
34929300,a,keydown
34929600,n,keydown
34929700,d,keydown
34929900,o,keydown
34930100,l,keydown
34930300,i,keydown
34930300, ,keydown
34930500,a,keydown
34930700, ,keydown
34930900,q,keydown
34931100,u,keydown
34931200,e,keydown
34931300,l,keydown
34931500,l,keydown
34931700,i,keydown
34931700, ,keydown
34931900,c,keydown
34932100,h,keydown
34932100,e,keydown
34932200, ,keydown
34932500,p,keydown
34932700,e,keydown
34932800,n,keydown
34933000,s,keydown
34933200,i,keydown
34933200,a,keydown
34933300,m,keydown
34933500,o,keydown
34933600, ,keydown
34933800,p,keydown
34933900,o,keydown
34934200,s,keydown
34934300,s,keydown
34934500,a,keydown
34934600,n,keydown
34934600,o,keydown
34935000, ,keydown
34935300,e,keydown
34935400,s,keydown
34935600,s,keydown
34935700,e,keydown
34935900,r,keydown
34935900,e,keydown
34936200,Enter,keydown
34936900,v,keydown
34937000,i,keydown
34937100,n,keydown
34937400,c,keydown
34937500,e,keydown
34937700,n,keydown
34937800,t,keydown
34937900,i,keydown
34938000, ,keydown
34938200,q,keydown
34938400,u,keydown
34938500,e,keydown
34938600,s,keydown
34938800,t,keydown
34939100,a,keydown
34939400,Backspace,keydown
34939600,#,keydown
34939800,a,keydown
34940100,n,keydown
34940200,n,keydown
34940400,o,keydown
34940900,.,keydown
34941200, ,keydown
34941200,#,keydown
34941400,i,keydown
34941600,l,keydown
34941800, ,keydown
34941900,p,keydown
34942100,o,keydown
34942500,r,keydown
34942700,b,keydown
34943000,l,keydown
34943200,e,keydown
34943300,m,keydown
34943500,a,keydown
34944000,Backspace,keydown
34944100,Backspace,keydown
34944300,Backspace,keydown
34944500,Backspace,keydown
34944700,Backspace,keydown
34944800,Backspace,keydown
34945400,#,keydown
34945400,Backspace,keydown
34946500,Backspace,keydown
34946800,r,keydown
34946900,o,keydown
34947200,n,keydown
34947600,Backspace,keydown
34947700,b,keydown
34948000,#,keydown
34948000,l,keydown
34948000,e,keydown
34948200,m,keydown
34948300,a,keydown
34948500, ,keydown
34949100,p,keydown
34949300,r,keydown
34949500,i,keydown
34949600,n,keydown
34950000,c,keydown
34950100,i,keydown
34950300,p,keydown
34950400,a,keydown
34950500,l,keydown
34950700,e,keydown
34950900, ,keydown
34951100,q,keydown
34951200,u,keydown
34951400,e,keydown
34951600,s,keydown
34951800,t,keydown
34952100,#,keydown
34952200,a,keydown
34952600,n,keydown
34952700,n,keydown
34952800,o,keydown
34952900, ,keydown
34953200,e,keydown
34953400,#,keydown
34953500, ,keydown
34953700,i,keydown
34953900,l,keydown
34953900, ,keydown
34954200,c,keydown
34954200,o,keydown
34954600,f,keydown
34954700,i,keydown
34954800,n,keydown
34955100,n,keydown
34955500,Backspace,keydown
34955600,a,keydown
34955800,n,keydown
34956700,x,keydown
34956800,i,keydown
34957000,a,keydown
34957100,m,keydown
34957300,e,keydown
34957400,n,keydown
34957600,t,keydown
34957700,o,keydown
34959100,Enter,keydown
34959800,p,keydown
34959800,e,keydown
34960000,r,keydown
34960100, ,keydown
34960300,i,keydown
34960500,l,keydown
34960600, ,keydown
34960800,q,keydown
34960900,u,keydown
34961000,e,keydown
34961200,l,keydown
34961700,Backspace,keydown
34961800,Backspace,keydown
34962000,a,keydown
34962000,l,keydown
34962200,e,keydown
34962300, ,keydown
34964200,n,keydown
34964300,o,keydown
34964500,n,keydown
34964600, ,keydown
34964800,c,keydown
34964900,i,keydown
34965000, ,keydown
34965200,w,keydown
34965300,o,keydown
34965500,n,keydown
34965600,o,keydown
34965700, ,keydown
34966400,m,keydown
34966600,o,keydown
34966800,l,keydown
34967100,Backspace,keydown
34967300,Backspace,keydown
34967400,Backspace,keydown
34967600,Backspace,keydown
34967800,Backspace,keydown
34967900,Backspace,keydown
34968100,Backspace,keydown
34968300,Backspace,keydown
34968800,s,keydown
34968800,o,keydown
34968900,n,keydown
34969100,o,keydown
34969200, ,keydown
34969500,t,keydown
34969700,u,keydown
34969800,t,keydown
34970000,t,keydown
34970000,i,keydown
34970200, ,keydown
34970400,i,keydown
34970500, ,keydown
34970900,s,keydown
34971100,o,keydown
34971300,l,keydown
34971600,d,keydown
34971700,i,keydown
34971800, ,keydown
34972000,d,keydown
34972100,e,keydown
34972200,l,keydown
34972300,l,keydown
34972400,o,keydown
34972600, ,keydown
34972800,s,keydown
34972900,c,keydown
34973100,o,keydown
34973400,r,keydown
34973700,Backspace,keydown
34975300,r,keydown
34975500,s,keydown
34975600,o,keydown
34975800, ,keydown
34976000,a,keydown
34976100,n,keydown
34976300,n,keydown
34976400,o,keydown
34977100,",",keydown
34977100, ,keydown
34977500,v,keydown
34977700,i,keydown
34977800,s,keydown
34977900,t,keydown
34978100,o,keydown
34978100, ,keydown
34978600,c,keydown
34978800,h,keydown
34978800,e,keydown
34978900, ,keydown
34979100,i,keydown
34979200,l,keydown
34979200, ,keydown
34979600,6,keydown
34979900,0,keydown
34980100,#,keydown
34980400,#,keydown
34980500, ,keydown
34980800,e,keydown
34981000,#,keydown
34981200, ,keydown
34981400,s,keydown
34981400,d,keydown
34981500,t,keydown
34981500,a,keydown
34981600,t,keydown
34981900,o,keydown
34982000, ,keydown
34982300,t,keydown
34982400,a,keydown
34982600,g,keydown
34982800,l,keydown
34982900,i,keydown
34983100,a,keydown
34983100,t,keydown
34983300,o,keydown
34985100,Enter,keydown
34986000,e,keydown
34986200, ,keydown
34986400,r,keydown
34986500,i,keydown
34986800,d,keydown
34987000,o,keydown
34987200,t,keydown
34987200,t,keydown
34987400,o,keydown
34988100, ,keydown
34988300,a,keydown
34988500,l,keydown
34988600,l,keydown
34988800,#,keydown
34988900,o,keydown
34989100,d,keydown
34989500,Backspace,keydown
34989700,s,keydown
34989900,s,keydown
34989900,o,keydown
34990200,.,keydown
34990600, ,keydown
34991300,#,keydown
34991500,n,keydown
34991900,o,keydown
34992100,n,keydown
34992200, ,keydown
34992800,s,keydown
34992800,o,keydown
34993000, ,keydown
34993200,p,keydown
34993300,r,keydown
34993400,o,keydown
34993600,p,keydown
34993900,r,keydown
34994100,i,keydown
34994100,o,keydown
34994300, ,keydown
34994700,d,keydown
34994800,o,keydown
34995100,v,keydown
34995300,e,keydown
34995300, ,keydown
34995700,t,keydown
34995800,r,keydown
34995900,o,keydown
34996200,v,keydown
34996900,e,keydown
34997100,r,keydown
34997200,e,keydown
34997500,m,keydown
34997600,o,keydown
34997700, ,keydown
34997900,i,keydown
34998000, ,keydown
34998200,s,keydown
34998300,o,keydown
34998600,l,keydown
34998800,d,keydown
34998900,i,keydown
34999100, ,keydown
34999800,p,keydown
34999900,e,keydown
35000100,r,keydown
35000800, ,keydown
35001000,c,keydown
35001000,o,keydown
35001400,f,keydown
35001600,i,keydown
35001700,n,keydown
35001900,a,keydown
35002100,n,keydown
35002200,z,keydown
35002400,i,keydown
35002500,a,keydown
35002900,r,keydown
35002900,e,keydown
35003100,Enter,keydown
35003400,i,keydown
35003500,l,keydown
35003500, ,keydown
35003800,p,keydown
35003800,r,keydown
35003900,o,keydown
35004200,g,keydown
35004300,e,keydown
35004300,t,keydown
35004500,t,keydown
35004600,o,keydown
35004800, ,keydown
35005400,a,keydown
35005600,d,keydown
35005700, ,keydown
35006000,u,keydown
35006100,n,keydown
35006200,a,keydown
35006400, ,keydown
35006700,c,keydown
35006900,i,keydown
35007100,r,keydown
35007400,#,keydown
35007600,f,keydown
35007700,r,keydown
35007900,Backspace,keydown
35008000,Backspace,keydown
35008600,Backspace,keydown
35008700,Backspace,keydown
35008800,Backspace,keydown
35009100,Backspace,keydown
35009100,Backspace,keydown
35009300,Backspace,keydown
35009500,Backspace,keydown
35009600,Backspace,keydown
35010000,Backspace,keydown
35010400,#,keydown
35010400,Backspace,keydown
35011400,Backspace,keydown
35011800,i,keydown
35011900,n,keydown
35012000, ,keydown
35012200,m,keydown
35012300,o,keydown
35012400,d,keydown
35012600,o,keydown
35012700, ,keydown
35012900,d,keydown
35013000,a,keydown
35013100, ,keydown
35013400,o,keydown
35013600,t,keydown
35013700,t,keydown
35013800,e,keydown
35014000,n,keydown
35014000,e,keydown
35014200,r,keydown
35014300,e,keydown
35014500, ,keydown
35014700,u,keydown
35014900,n,keydown
35015100,a,keydown
35015200, ,keydown
35015900,c,keydown
35016000,i,keydown
35016200,f,keydown
35016400,r,keydown
35016500,a,keydown
35016600, ,keydown
35016700,c,keydown
35017200,h,keydown
35017900,e,keydown
35018000, ,keydown
35018200,s,keydown
35018400,i,keydown
35018400,a,keydown
35018700, ,keydown
35019000,r,keydown
35019100,t,keydown
35019200,a,keydown
35020300,Backspace,keydown
35020500,Backspace,keydown
35020600,Backspace,keydown
35021300,r,keydown
35021400,a,keydown
35021700,g,keydown
35021900,i,keydown
35021900,o,keydown
35022300,n,keydown
35022400,e,keydown
35022700,v,keydown
35022900,o,keydown
35023300,l,keydown
35023500,e,keydown
35023500, ,keydown
35023900,p,keydown
35023900,e,keydown
35024000,r,keydown
35024300,Enter,keydown
35024900,f,keydown
35025000,a,keydown
35025100,r,keydown
35025200,e,keydown
35025400, ,keydown
35025500,a,keydown
35025700,n,keydown
35025800,c,keydown
35025900,h,keydown
35026100,e,keydown
35026200, ,keydown
35026400,s,keydown
35026600,o,keydown
35026600,l,keydown
35026800,o,keydown
35027000, ,keydown
35027100,u,keydown
35027300,n,keydown
35027300, ,keydown
35027500,n,keydown
35027900,Backspace,keydown
35028200,m,keydown
35028400,i,keydown
35028400,n,keydown
35028500,i,keydown
35028700,m,keydown
35028900,p,keydown
35028900,o,keydown
35029300,Backspace,keydown
35030500, ,keydown
35030700,d,keydown
35030800,i,keydown
35030900, ,keydown
35031400,r,keydown
35031600,i,keydown
35031700,c,keydown
35031800,e,keydown
35031900,r,keydown
35032100,c,keydown
35032200,a,keydown
35032400, ,keydown
35032600,s,keydown
35032700,e,keydown
35032900,r,keydown
35033200,i,keydown
35033400,a,keydown
35033600,.,keydown
35034000, ,keydown
35034200,#,keydown
35034600,c,keydown
35034800,o,keydown
35034900,m,keydown
35035200,u,keydown
35035700,Backspace,keydown
35035800,Backspace,keydown
35035900,Backspace,keydown
35036100,Backspace,keydown
35036700,#,keydown
35037100,t,keydown
35037300,u,keydown
35037500,t,keydown
35037600,t,keydown
35037600,a,keydown
35037800,t,keydown
35038600,Backspace,keydown
35038700,v,keydown
35038900,i,keydown
35039200,a,keydown
35039800,",",keydown
35039800, ,keydown
35040800,q,keydown
35041000,u,keydown
35041100,e,keydown
35041200,s,keydown
35041500,t,keydown
35041600,o,keydown
35041800, ,keydown
35042100,n,keydown
35042200,o,keydown
35042300,n,keydown
35042400, ,keydown
35042700,e,keydown
35042900,#,keydown
35043400,Enter,keydown
35044400,l,keydown
35044700,#,keydown
35045000,u,keydown
35045100,n,keydown
35045200,i,keydown
35045400,c,keydown
35045400,o,keydown
35045500, ,keydown
35045800,p,keydown
35046000,r,keydown
35046100,o,keydown
35046300,b,keydown
35046400,l,keydown
35046500,e,keydown
35046600,m,keydown
35046800,a,keydown
35046900, ,keydown
35047100,d,keydown
35047300,i,keydown
35047300, ,keydown
35047700,q,keydown
35047900,u,keydown
35048000,e,keydown
35048100,s,keydown
35048200,t,keydown
35048400,o,keydown
35048600, ,keydown
35048900,i,keydown
35049100,n,keydown
35049100,i,keydown
35049400,z,keydown
35049500,i,keydown
35049800,o,keydown
35049900, ,keydown
35050400,d,keydown
35050500,i,keydown
35050500, ,keydown
35050900,#,keydown
35051000,a,keydown
35051300,p,keydown
35051500,r,keydown
35051600,i,keydown
35052000,l,keydown
35052200,e,keydown
35052500,.,keydown
35052600, ,keydown
35052800,#,keydown
35054100,t,keydown
35054400,r,keydown
35054500,a,keydown
35054700, ,keydown
35055100,n,keydown
35055200,e,keydown
35055500,a,keydown
35055900,n,keydown
35056000,c,keydown
35056200,h,keydown
35056300,e,keydown
35056500, ,keydown
35056800,d,keydown
35057000,u,keydown
35057100,e,keydown
35057100, ,keydown
35057300,s,keydown
35057600,e,keydown
35057800,t,keydown
35057900,t,keydown
35058100,i,keydown
35058100,m,keydown
35058300,a,keydown
35058400,n,keydown
35058600,e,keydown
35059200, ,keydown
35059400,i,keydown
35059400,n,keydown
35059600,i,keydown
35059900,z,keydown
35060100,i,keydown
35060200,a,keydown
35060400,m,keydown
35060700,Backspace,keydown
35061000,n,keydown
35061100,o,keydown
35061300, ,keydown
35062000,i,keydown
35062400,Enter,keydown
35062800,c,keydown
35062900,o,keydown
35063100,r,keydown
35063300,s,keydown
35063400,i,keydown
35063400, ,keydown
35063600,e,keydown
35063700, ,keydown
35064000,i,keydown
35064100,o,keydown
35064300, ,keydown
35064500,d,keydown
35064500,e,keydown
35064700,v,keydown
35064900,o,keydown
35065000, ,keydown
35065200,p,keydown
35065400,r,keydown
35065400,e,keydown
35065700,p,keydown
35065700,a,keydown
35066000,r,keydown
35066100,a,keydown
35066700,r,keydown
35066700,m,keydown
35066900,i,keydown
35067000, ,keydown
35067300,a,keydown
35067700,n,keydown
35067800,c,keydown
35068000,o,keydown
35068100,r,keydown
35068200,a,keydown
35068400, ,keydown
35068700,l,keydown
35068800,e,keydown
35068900, ,keydown
35069100,l,keydown
35069100,e,keydown
35069500,#,keydown
35069600,i,keydown
35069600,o,keydown
35069800,n,keydown
35070100,i,keydown
35070300, ,keydown
35070800,Backspace,keydown
35070900,Backspace,keydown
35071000,Backspace,keydown
35071200,Backspace,keydown
35071400,z,keydown
35071800,Backspace,keydown
35071900,Backspace,keydown
35072000,z,keydown
35072200,i,keydown
35072200,o,keydown
35072400,n,keydown
35073200,i,keydown
35073300, ,keydown
35073500,d,keydown
35073500,e,keydown
35073600,l,keydown
35073800, ,keydown
35074200,c,keydown
35074300,o,keydown
35074400,r,keydown
35074600,s,keydown
35074800,o,keydown
35074900, ,keydown
35075200,d,keydown
35075300,i,keydown
35075400, ,keydown
35075600,#,keydown
35075900,i,keydown
35076000,a,keydown
35076500,m,keydown
35076700,r,keydown
35076900,.,keydown
35077700,Enter,keydown
35077900,#,keydown
35078200,p,keydown
35078400,e,keydown
35078500,r,keydown
35078600, ,keydown
35078900,f,keydown
35079000,o,keydown
35079200,r,keydown
35079300,t,keydown
35079600,u,keydown
35079600,n,keydown
35080000,#,keydown
35080000,a,keydown
35080100, ,keydown
35080400,h,keydown
35080600,o,keydown
35080700, ,keydown
35082000,i,keydown
35082100,l,keydown
35082200, ,keydown
35082500,m,keydown
35082700,a,keydown
35082900,t,keydown
35083000,4,keydown
35083200,e,keydown
35083500,r,keydown
35083800,i,keydown
35084000,l,keydown
35084300,a,keydown
35084700,Backspace,keydown
35084800,Backspace,keydown
35085000,a,keydown
35085100,l,keydown
35085300,e,keydown
35085500, ,keydown
35085800,d,keydown
35086000,i,keydown
35086000, ,keydown
35086100,#,keydown
35086300,l,keydown
35086500,u,keydown
35086600,c,keydown
35086700,a,keydown
35087200,",",keydown
35087300, ,keydown
35087900,s,keydown
35088200,e,keydown
35088300,b,keydown
35088400,b,keydown
35088500,e,keydown
35088600,n,keydown
35088700,e,keydown
35088900, ,keydown
35089800,c,keydown
35089800,o,keydown
35090000,m,keydown
35090100,e,keydown
35090300, ,keydown
35090400,s,keydown
35090600,e,keydown
35090600,m,keydown
35090800,p,keydown
35090900,r,keydown
35091100,e,keydown
35091200, ,keydown
35091900,b,keydown
35092100,i,keydown
35092400,g,keydown
35092900,o,keydown
35093400,Backspace,keydown
35093500,Backspace,keydown
35093700,s,keydown
35093800,o,keydown
35094000,g,keydown
35094200,n,keydown
35094300,a,keydown
35094800,Enter,keydown
35095200,m,keydown
35095300,o,keydown
35095500,d,keydown
35095700,i,keydown
35095800,f,keydown
35096000,i,keydown
35096100,c,keydown
35096100,a,keydown
35096500,r,keydown
35096600,l,keydown
35096800,o,keydown
35096900, ,keydown
35097100,p,keydown
35097200,e,keydown
35097300,r,keydown
35097400, ,keydown
35097500,a,keydown
35097700,d,keydown
35097900,a,keydown
35098200,t,keydown
35098300,t,keydown
35098500,a,keydown
35098700,r,keydown
35098800,l,keydown
35099000,o,keydown
35099100, ,keydown
35099200,a,keydown
35099300,i,keydown
35099400, ,keydown
35099600,p,keydown
35099700,r,keydown
35099800,o,keydown
35100000,p,keydown
35101300,r,keydown
35101500,i,keydown
35101700, ,keydown
35101900,s,keydown
35102100,c,keydown
35102200,o,keydown
35102500,p,keydown
35102600,i,keydown
35102700, ,keydown
35102900,e,keydown
35103000, ,keydown
35103200,m,keydown
35103300,o,keydown
35103500,d,keydown
35103500,i,keydown
35103700, ,keydown
35103900,i,keydown
35104300,Backspace,keydown
35104600,d,keydown
35104600,i,keydown
35104700, ,keydown
35105200,s,keydown
35105300,p,keydown
35105400,i,keydown
35105600,e,keydown
35105800,g,keydown
35106000,a,keydown
35106200,z,keydown
35106300,i,keydown
35106300,o,keydown
35106600,n,keydown
35106700,e,keydown
35107500,.,keydown
35107700,Enter,keydown
35107900,#,keydown
35108100,b,keydown
35108200,e,keydown
35108400,n,keydown
35108600,e,keydown
35109400,",",keydown
35109500, ,keydown
35109700,a,keydown
35109800,n,keydown
35109900,c,keydown
35110000,h,keydown
35110200,e,keydown
35110200, ,keydown
35110500,p,keydown
35110600,e,keydown
35110700,r,keydown
35110800, ,keydown
35111000,o,keydown
35111200,g,keydown
35111400,g,keydown
35111500,i,keydown
35111600, ,keydown
35112000,h,keydown
35112100,o,keydown
35112300, ,keydown
35112700,r,keydown
35112800,i,keydown
35112900,e,keydown
35113000,m,keydown
35113200,p,keydown
35113400,i,keydown
35113600,t,keydown
35113800,o,keydown
35113900, ,keydown
35114100,l,keydown
35114200,a,keydown
35114300, ,keydown
35114500,f,keydown
35114600,o,keydown
35114700,r,keydown
35114900,m,keydown
35115100, ,keydown
35115300,e,keydown
35115400, ,keydown
35115600,q,keydown
35115700,u,keydown
35115700,i,keydown
35116000,n,keydown
35116300,d,keydown
35116300,i,keydown
35116500, ,keydown
35116700,t,keydown
35116800,i,keydown
35116900, ,keydown
35117100,s,keydown
35117200,a,keydown
35117300,l,keydown
35117500,u,keydown
35117700,t,keydown
35117800,o,keydown
35117900,",",keydown
35118300,Enter,keydown
