timestamp,key,type
2688800,Backspace,keydown
2688800,Backspace,keydown
2688800,Backspace,keydown
2688800,Backspace,keydown
2688800,Backspace,keydown
2688800,Backspace,keydown
2688800,Backspace,keydown
2688800,Backspace,keydown
2688800,o,keydown
2689000,g,keydown
2689100,g,keydown
2689300,i,keydown
2689400, ,keydown
2689800,s,keydown
2689900,o,keydown
2690100,n,keydown
2690200,o,keydown
2690400, ,keydown
2690600,r,keydown
2690700,i,keydown
2690900,u,keydown
2691100,s,keydown
2691200,c,keydown
2691300,i,keydown
2691600,t,keydown
2691700,o,keydown
2691900, ,keydown
2692000,a,keydown
2692200, ,keydown
2692500,p,keydown
2692600,r,keydown
2692700,o,keydown
2692900,d,keydown
2693100,u,keydown
2693300,r,keydown
2693500,r,keydown
2693700,e,keydown
2693800, ,keydown
2694200,n,keydown
2695200,Backspace,keydown
2695700,u,keydown
2695900,n,keydown
2696000, ,keydown
2696800,f,keydown
2696900,i,keydown
2697100,l,keydown
2697200,e,keydown
2697400, ,keydown
2697500,p,keydown
2697700,d,keydown
2697900,f,keydown
2698100, ,keydown
2698300,d,keydown
2698500,a,keydown
2698700, ,keydown
2700400,l,keydown
2700700,a,keydown
2700800,t,keydown
2701000,e,keydown
2701300,x,keydown
2701700,#,keydown
2701800, ,keydown
2702100,n,keydown
2702300,o,keydown
2702500,n,keydown
2702600, ,keydown
2703100,e,keydown
2703300,#,keydown
2703600, ,keydown
2703800,m,keydown
2703900,a,keydown
2704400,l,keydown
2704600,e,keydown
2704700, ,keydown
2704900,e,keydown
2705100, ,keydown
2705400,s,keydown
2705600,i,keydown
2706000,c,keydown
2706300,u,keydown
2706400,r,keydown
2706600,a,keydown
2706800,m,keydown
2707100,e,keydown
2707200,n,keydown
2707400,t,keydown
2707600,e,keydown
2708600, ,keydown
2709000,s,keydown
2709300,a,keydown
2709600,r,keydown
2709700,a,keydown
2710100,#,keydown
2710300, ,keydown
2711000,u,keydown
2711600,t,keydown
2711800,i,keydown
2711900,l,keydown
2712100,e,keydown
2712500,#,keydown
2712600, ,keydown
2713200,s,keydown
2713300,p,keydown
2713500,e,keydown
2713700,s,keydown
2713900,s,keydown
2714000,o,keydown
2714200, ,keydown
2714400,i,keydown
2714600,l,keydown
2715000,Backspace,keydown
2715300, ,keydown
2715600,f,keydown
2715700,i,keydown
2715900,l,keydown
2716100,e,keydown
2716100, ,keydown
2717100,p,keydown
2717200,s,keydown
2717500, ,keydown
2718300,n,keydown
2718600,o,keydown
2718700,n,keydown
2718800, ,keydown
2720200,s,keydown
2720400,o,keydown
2720600,n,keydown
2720800,o,keydown
2720900, ,keydown
2721400,f,keydown
2721600,a,keydown
2721700,c,keydown
2721900,i,keydown
2722100,l,keydown
2722800,m,keydown
2722900,e,keydown
2723100,n,keydown
2723200,t,keydown
2723400,e,keydown
2723500, ,keydown
2724300,v,keydown
2724500,i,keydown
2724700,s,keydown
2724900,u,keydown
2725300,a,keydown
2727600,Backspace,keydown
2728800,a,keydown
2729200,b,keydown
2729300,i,keydown
2729600,l,keydown
2729800,i,keydown
2730200,z,keydown
2730300,z,keydown
2730700,a,keydown
2735800,b,keydown
2736000,i,keydown
2736200,l,keydown
2736800,i,keydown
2737000, ,keydown
2737400,s,keydown
2737800,u,keydown
2738100, ,keydown
2738200,o,keydown
2738400,g,keydown
2738500,n,keydown
2738700,i,keydown
2738900, ,keydown
2739100,t,keydown
2739100,i,keydown
2739400,p,keydown
2739500,o,keydown
2739600, ,keydown
2739900,d,keydown
2739900,i,keydown
2740100, ,keydown
2740200,m,keydown
2740300,a,keydown
2740600,c,keydown
2740900,c,keydown
2741000,h,keydown
2741200,i,keydown
2741300,n,keydown
2741500,a,keydown
2741600, ,keydown
2742000,e,keydown
2742300, ,keydown
2743100,Backspace,keydown
2743200,Backspace,keydown
2743800,m,keydown
2743900,e,keydown
2744100,n,keydown
2744200,t,keydown
2744500,r,keydown
2744700,e,keydown
2744900, ,keydown
2745000,i,keydown
2745200,l,keydown
2745400, ,keydown
2745700,f,keydown
2745700,i,keydown
2745900,l,keydown
2746100,e,keydown
2746100, ,keydown
2747000,p,keydown
2747800,d,keydown
2748000,f,keydown
2748200, ,keydown
2750800,e,keydown
2751100,#,keydown
2751400, ,keydown
2751600,d,keydown
2751800,e,keydown
2751900,c,keydown
2752200,i,keydown
2752800,s,keydown
2752900,a,keydown
2753100,m,keydown
2753200,e,keydown
2753300,n,keydown
2753500,t,keydown
2753600,e,keydown
2753700, ,keydown
2755500,p,keydown
2755700,i,keydown
2755900,u,keydown
2756000,#,keydown
2756200, ,keydown
2756500,p,keydown
2756800,o,keydown
2757100,r,keydown
2757400,t,keydown
2757600,a,keydown
2757800,b,keydown
2757900,i,keydown
2758100,l,keydown
2758300,e,keydown
2758500,#,keydown
2758800, ,keydown
2759100,m,keydown
2759300,i,keydown
2759500, ,keydown
2760500,v,keydown
2761100,Backspace,keydown
2761200,f,keydown
2761400,a,keydown
2761500, ,keydown
2762000,p,keydown
2762200,i,keydown
2762300,a,keydown
2762600,c,keydown
2762800,e,keydown
2763000,r,keydown
2763100,e,keydown
2763300, ,keydown
2763800,p,keydown
2764100,o,keydown
2764400,t,keydown
2764600,e,keydown
2764700,r,keydown
2765400, ,keydown
2765800,v,keydown
2766100,e,keydown
2766200,d,keydown
2766500,e,keydown
2766600,r,keydown
2766800,e,keydown
2766900, ,keydown
2767100,c,keydown
2767200,h,keydown
2767300,e,keydown
2767500, ,keydown
2768200,p,keydown
2768300,o,keydown
2768500,s,keydown
2768600,s,keydown
2768900,o,keydown
2769100, ,keydown
2769500,p,keydown
2769800,r,keydown
2769900,o,keydown
2770200,d,keydown
2770400,u,keydown
2770600,r,keydown
2770800,l,keydown
2771000,o,keydown
2771200, ,keydown
2771300,d,keydown
2771500,i,keydown
2772000,r,keydown
2772200,e,keydown
2772900,t,keydown
2773000,t,keydown
2773200,a,keydown
2773300,m,keydown
2773400,e,keydown
2773500,n,keydown
2773700,t,keydown
2773800,e,keydown
2774000, ,keydown
2774300,d,keydown
2774500,a,keydown
2774800,l,keydown
2775200,Backspace,keydown
2775400, ,keydown
2775600,u,keydown
2776200,n,keydown
2776300, ,keydown
2777000,f,keydown
2777100,i,keydown
2777300,l,keydown
2777400,e,keydown
2777600, ,keydown
2778300,t,keydown
2778500,e,keydown
2778800,x,keydown
2779100,#,keydown
2779800,Backspace,keydown
2780000, ,keydown
2780200,e,keydown
2780500, ,keydown
2780800,p,keydown
2781000,o,keydown
2781100,s,keydown
2781200,s,keydown
2781400,o,keydown
2781600, ,keydown
2781800,i,keydown
2781900,n,keydown
2782900,s,keydown
2783100,e,keydown
2783300,r,keydown
2783600,i,keydown
2783800,r,keydown
2783900,e,keydown
2784100, ,keydown
2784200,i,keydown
2784400,n,keydown
2784500, ,keydown
2785200,e,keydown
2785900,s,keydown
2786000,s,keydown
2786400,o,keydown
2786600, ,keydown
2786900,c,keydown
2787100,o,keydown
2787400,m,keydown
2787500,m,keydown
2787700,e,keydown
2788000,n,keydown
2788100,t,keydown
2788500,i,keydown
2788700, ,keydown
2788900,s,keydown
2789400,u,keydown
2789700,l,keydown
2789800, ,keydown
2790000,d,keydown
2790200,o,keydown
2790500,c,keydown
2790700,u,keydown
2791000,m,keydown
2791100,e,keydown
2791100,n,keydown
2791300,t,keydown
2791600,o,keydown
2791900,#,keydown
2792300, ,keydown
2792700,Enter,keydown
2793400,h,keydown
2793600,o,keydown
2793900, ,keydown
2794300,u,keydown
2794500,t,keydown
2794600,i,keydown
2794900,l,keydown
2795000,i,keydown
2795100,z,keydown
2795300,z,keydown
2795600,a,keydown
2795700,t,keydown
2795900,o,keydown
2796100, ,keydown
2796400,a,keydown
2797100,Backspace,keydown
2797800,i,keydown
2797900,l,keydown
2798100, ,keydown
2798300,t,keydown
2798500,o,keydown
2798600,o,keydown
2799200,l,keydown
2799500, ,keydown
2800400,p,keydown
2800800,d,keydown
2801100,f,keydown
2801400,l,keydown
2801600,a,keydown
2801700,t,keydown
2801900,e,keydown
2802200,x,keydown
2802400, ,keydown
2802700,c,keydown
2802800,h,keydown
2802900,e,keydown
2803000, ,keydown
2803700,e,keydown
2804000,#,keydown
2804400, ,keydown
2805100,u,keydown
2805400,s,keydown
2805700,u,keydown
2805800,a,keydown
2806000,l,keydown
2806300,m,keydown
2806500,e,keydown
2806500,n,keydown
2806700,t,keydown
2806800,e,keydown
2807000, ,keydown
2807400,i,keydown
2807600,n,keydown
2807800,s,keydown
2808100,e,keydown
2808200,r,keydown
2808400,i,keydown
2808500,t,keydown
2808700,o,keydown
2808900, ,keydown
2809000,i,keydown
2809200,n,keydown
2809600,s,keydown
2809800,i,keydown
2810100,e,keydown
2810500,m,keydown
2810700,e,keydown
2810800, ,keydown
2810900,a,keydown
2811200,l,keydown
2812300, ,keydown
2812400,p,keydown
2812500,a,keydown
2812700,c,keydown
2812900,c,keydown
2813400,h,keydown
2813600,e,keydown
2814000,t,keydown
2814200,t,keydown
2814400,o,keydown
2814500, ,keydown
2814800,t,keydown
2815500,e,keydown
2815700,t,keydown
2816000,e,keydown
2816600,x,keydown
2816900, ,keydown
2820400,d,keydown
2821100,i,keydown
2821200, ,keydown
2821500,l,keydown
2821600,a,keydown
2822000,t,keydown
2822300,e,keydown
2822600,x,keydown
2822900, ,keydown
2823200,e,keydown
2823400, ,keydown
2823600,t,keydown
2823700,e,keydown
2824200,x,keydown
2824400, ,keydown
2824700,p,keydown
2824800,e,keydown
2824900,r,keydown
2825100, ,keydown
2825300,u,keydown
2825700,n,keydown
2826100,i,keydown
2826300,x,keydown
2827300,#,keydown
2828800, ,keydown
2833000,s,keydown
2833100,o,keydown
2833300,n,keydown
2833500,o,keydown
2833700, ,keydown
2835900,s,keydown
2836200,t,keydown
2836400,u,keydown
2837400,p,keydown
2837600,i,keydown
2837800,t,keydown
2837900,o,keydown
2838100, ,keydown
2838300,d,keydown
2838400,i,keydown
2838500, ,keydown
2838900,q,keydown
2839100,u,keydown
2839300,a,keydown
2839800,n,keydown
2840000,t,keydown
2840100,a,keydown
2840300, ,keydown
2840500,e,keydown
2840700, ,keydown
2842000,Backspace,keydown
2842200,Backspace,keydown
2842700,g,keydown
2842900,e,keydown
2843000,n,keydown
2843200,t,keydown
2843400,e,keydown
2843500, ,keydown
2843700,l,keydown
2843900,a,keydown
2844400,v,keydown
2844600,o,keydown
2844700,r,keydown
2844900,i,keydown
2846400, ,keydown
2846700,g,keydown
2846900,r,keydown
2847200,a,keydown
2847500,t,keydown
2847600,u,keydown
2847900,i,keydown
2848500,t,keydown
2848800,a,keydown
2848800,m,keydown
2849000,e,keydown
2849100,n,keydown
2849200,t,keydown
2849300,e,keydown
2849500, ,keydown
2849600,p,keydown
2849700,e,keydown
2849900,r,keydown
2850100, ,keydown
2850300,p,keydown
2850500,r,keydown
2850700,o,keydown
2850900,d,keydown
2851100,u,keydown
2851400,r,keydown
2851600,r,keydown
2851700,e,keydown
2851900, ,keydown
2852600,t,keydown
2852800,a,keydown
2853000,l,keydown
2853200,i,keydown
2853300, ,keydown
2855000,s,keydown
2855100,o,keydown
2855400,f,keydown
2855700,t,keydown
2856100,w,keydown
2856300,a,keydown
2856400,r,keydown
2856500,e,keydown
2856800, ,keydown
2857300,Backspace,keydown
2857900,#,keydown
2858000, ,keydown
2858200,d,keydown
2858300,e,keydown
2858500,c,keydown
2858700,i,keydown
2859000,s,keydown
2859200,a,keydown
2859300,m,keydown
2859400,e,keydown
2859500,n,keydown
2859700,t,keydown
2859900,e,keydown
2860000, ,keydown
2860300,i,keydown
2860500,n,keydown
2861200,c,keydown
2861400,r,keydown
2861600,e,keydown
2861800,d,keydown
2861900,i,keydown
2862200,b,keydown
2862400,i,keydown
2862600,l,keydown
2862700,e,keydown
2862900, ,keydown
2863100,p,keydown
2863200,e,keydown
2863300,r,keydown
2863600, ,keydown
2863700,m,keydown
2864900,Backspace,keydown
2865200,Backspace,keydown
2865500,Backspace,keydown
2865700,Backspace,keydown
2865800,Backspace,keydown
2866200,m,keydown
2866500,a,keydown
2867000,Backspace,keydown
2867200,Backspace,keydown
2867600,Backspace,keydown
2868300,#,keydown
2868400, ,keydown
2868900,m,keydown
2869000,i,keydown
2869100, ,keydown
2870100,f,keydown
2870300,a,keydown
2870500, ,keydown
2870600,v,keydown
2870800,e,keydown
2870900,n,keydown
2871200,i,keydown
2871300,r,keydown
2871500,e,keydown
2871600, ,keydown
2872200,v,keydown
2872400,o,keydown
2872600,g,keydown
2872700,l,keydown
2872900,i,keydown
2873100,a,keydown
2873300, ,keydown
2873400,d,keydown
2873600,i,keydown
2873800, ,keydown
2874400,f,keydown
2874700,a,keydown
2874800,r,keydown
2875000,e,keydown
2875100, ,keydown
2875200,a,keydown
2875400,n,keydown
2875600,c,keydown
2875800,h,keydown
2876600,#,keydown
2876800,i,keydown
2877000,o,keydown
2877200, ,keydown
2877700,q,keydown
2877900,u,keydown
2878100,a,keydown
2878700,l,keydown
2878900,c,keydown
2879100,o,keydown
2879200,s,keydown
2879400,a,keydown
2879500, ,keydown
2880000,m,keydown
2880200,a,keydown
2880300, ,keydown
2882200,i,keydown
2882500,l,keydown
2882600, ,keydown
2882700,t,keydown
2882800,e,keydown
2883000,m,keydown
2883100,p,keydown
2883300,o,keydown
2883400, ,keydown
2883500,e,keydown
2883900,#,keydown
2884100, ,keydown
2884300,s,keydown
2884400,e,keydown
2884600,m,keydown
2884900,p,keydown
2885100,r,keydown
2885200,e,keydown
2885400, ,keydown
2885500,p,keydown
2885800,o,keydown
2886700,c,keydown
2887000,o,keydown
2887300,#,keydown
2887400, ,keydown
2887900,c,keydown
2888100,o,keydown
2888300,m,keydown
2888500,u,keydown
2888800,n,keydown
2889000,z,keydown
2889500,Backspace,keydown
2889700,q,keydown
2889900,u,keydown
2890100,e,keydown
2890300, ,keydown
2890600,h,keydown
2890800,o,keydown
2890900, ,keydown
2891000,s,keydown
2891300,c,keydown
2891500,r,keydown
2891700,i,keydown
2891800,t,keydown
2892000,t,keydown
2892000,o,keydown
2892200, ,keydown
2892400,a,keydown
2892800,l,keydown
2893000,c,keydown
2893100,u,keydown
2893400,n,keydown
2893500,i,keydown
2893700, ,keydown
2893900,p,keydown
2894100,i,keydown
2894300,c,keydown
2894500,c,keydown
2894600,o,keydown
2894900,l,keydown
2895000,i,keydown
2895200, ,keydown
2895600,h,keydown
2895800,a,keydown
2896300,o,keydown
2897200,Backspace,keydown
2897600,Backspace,keydown
2898300,o,keydown
2898700,w,keydown
2899300,m,keydown
2899500,t,keydown
2899600,o,keydown
2899700, ,keydown
2899900,c,keydown
2900000,h,keydown
2900100,e,keydown
2900300, ,keydown
2901000,s,keydown
2901200,p,keydown
2901400,e,keydown
2901500,r,keydown
2901700,o,keydown
2901800, ,keydown
2902500,r,keydown
2902600,i,keydown
2902800,s,keydown
2903000,u,keydown
2903200,l,keydown
2903300,t,keydown
2903500,e,keydown
2903700,r,keydown
2903900,a,keydown
2904200,n,keydown
2904300,n,keydown
2904500,o,keydown
2904600, ,keydown
2904900,u,keydown
2905100,t,keydown
2905300,i,keydown
2905500,l,keydown
2905700,i,keydown
2905900, ,keydown
2906500,a,keydown
2906700, ,keydown
2907200,q,keydown
2907400,u,keydown
2907600,a,keydown
2907800,l,keydown
2907900,c,keydown
2908100,h,keydown
2908600,Backspace,keydown
2908800,u,keydown
2909100,n,keydown
2909300,o,keydown
2909500,#,keydown
2910000, ,keydown
2910300,a,keydown
2910500,l,keydown
2911200,m,keydown
2911300,e,keydown
2911500,n,keydown
2911700,o,keydown
2911900, ,keydown
2912000,a,keydown
2912200, ,keydown
2912700,m,keydown
2912900,e,keydown
2913000, ,keydown
2913300,l,keydown
2913500,o,keydown
2913700, ,keydown
2914000,s,keydown
2914200,a,keydown
2914400,r,keydown
2914700,a,keydown
2914800,b,keydown
2915300,Backspace,keydown
2915500,n,keydown
2915600,n,keydown
2915900,o,keydown
2916100, ,keydown
2916600,v,keydown
2916800,i,keydown
2916900,s,keydown
2917000,t,keydown
2917200,o,keydown
2917300, ,keydown
2917600,l,keydown
2917900,a,keydown
2918500, ,keydown
2918700,s,keydown
2918900,c,keydown
2919000,a,keydown
2919500,r,keydown
2919700,s,keydown
2919900,a,keydown
2920000, ,keydown
2920100,m,keydown
2920200,e,keydown
2920600,m,keydown
2920900,o,keydown
2921000,r,keydown
2921200,i,keydown
2921300,a,keydown
2921500, ,keydown
2921600,c,keydown
2921700,h,keydown
2921900,e,keydown
2921900, ,keydown
2922200,o,keydown
2922800,Backspace,keydown
2923000,h,keydown
2923100,o,keydown
2923400,#,keydown
2923600,#,keydown
2923700,#,keydown
