timestamp,key,type
5054600,Backspace,keydown
5054600,Backspace,keydown
5054600,Backspace,keydown
5054600,Backspace,keydown
5054600,Backspace,keydown
5054600,Backspace,keydown
5054600,Backspace,keydown
5054600,Backspace,keydown
5054600,e,keydown
5054800,b,keydown
5055700,Backspace,keydown
5055900,b,keydown
5056600,b,keydown
5056900,e,keydown
5057400,n,keydown
5057500,e,keydown
5057600, ,keydown
5057800,o,keydown
5057900,g,keydown
5058100,g,keydown
5058100,i,keydown
5058300, ,keydown
5058500,n,keydown
5058600,o,keydown
5058800,n,keydown
5058900, ,keydown
5059100,s,keydown
5059100,o,keydown
5059300, ,keydown
5059400,p,keydown
5059700,r,keydown
5059900,o,keydown
5060100,p,keydown
5060200,r,keydown
5060300,i,keydown
5060300,o,keydown
5060500, ,keydown
5060700,c,keydown
5060900,h,keydown
5061000,e,keydown
5061200, ,keydown
5061200,c,keydown
5061400,o,keydown
5061500,s,keydown
5061500,a,keydown
5061700, ,keydown
5062000,r,keydown
5062100,a,keydown
5062200,c,keydown
5062400,c,keydown
5062500,o,keydown
5062700,n,keydown
5062800,t,keydown
5062900,a,keydown
5063000,r,keydown
5063200,t,keydown
5063400,i,keydown
5063600,.,keydown
5064100, ,keydown
5069100,#,keydown
5069200,f,keydown
5069400,u,keydown
5069600,o,keydown
5069800,r,keydown
5069800,i,keydown
5070000, ,keydown
5070100,p,keydown
5070400,i,keydown
5070400,o,keydown
5070700,v,keydown
5070900,e,keydown
5071000,",",keydown
5072700, ,keydown
5073000,d,keydown
5073000,e,keydown
5073200,n,keydown
5073300,t,keydown
5073400,r,keydown
5073500,o,keydown
5073600,Enter,keydown
5074500,f,keydown
5074600,a,keydown
5074700, ,keydown
5074800,u,keydown
5075000,n,keydown
5075100, ,keydown
5075200,c,keydown
5075200,a,keydown
5075400,l,keydown
5075500,d,keydown
5075600,o,keydown
5075700, ,keydown
5076200,b,keydown
5076400,o,keydown
5076600,i,keydown
5076800,a,keydown
5077300,.,keydown
5077500, ,keydown
5077600,#,keydown
5077700,s,keydown
5077900,t,keydown
5078000,o,keydown
5078200, ,keydown
5078400,a,keydown
5078500,s,keydown
5078600,p,keydown
5078700,e,keydown
5079000,t,keydown
5079100,t,keydown
5079300,a,keydown
5079400,n,keydown
5079500,d,keydown
5080700,o,keydown
5080900, ,keydown
5081100,a,keydown
5081200,l,keydown
5081500,c,keydown
5081600,u,keydown
5081800,n,keydown
5082000,i,keydown
5082200, ,keydown
5082200,s,keydown
5082600,t,keydown
5082600,u,keydown
5082700,d,keydown
5082800,e,keydown
5082900,n,keydown
5083000,t,keydown
5083100,i,keydown
5083200, ,keydown
5083300,c,keydown
5083500,h,keydown
5083600,e,keydown
5083700, ,keydown
5084300,d,keydown
5084400,i,keydown
5084600,s,keydown
5084600,c,keydown
5085300,u,keydown
5085500,t,keydown
5085600,e,keydown
5085800,r,keydown
5085900,a,keydown
5086100,n,keydown
5086200,n,keydown
5086300,o,keydown
5086700,Enter,keydown
5087100,i,keydown
5087300,l,keydown
5087400, ,keydown
5087600,l,keydown
5087800,a,keydown
5087900,b,keydown
5088000,o,keydown
5088200,r,keydown
5088400,a,keydown
5088600,t,keydown
5088800,o,keydown
5089000,r,keydown
5089100,i,keydown
5089200,o,keydown
5089400, ,keydown
5089500,d,keydown
5089600,i,keydown
5089700, ,keydown
5089900,s,keydown
5090000,i,keydown
5090200,s,keydown
5090300,t,keydown
5090500,e,keydown
5090500,m,keydown
5090700,i,keydown
5090800, ,keydown
5090900,o,keydown
5091100,p,keydown
5091200,e,keydown
5091300,r,keydown
5091400,a,keydown
5091500,t,keydown
5091700,i,keydown
5091800,v,keydown
5091900,i,keydown
5092200,.,keydown
5092400, ,keydown
5093300,#,keydown
5094200,p,keydown
5094500,o,keydown
5094700,i,keydown
5094900, ,keydown
5095200,d,keydown
5095300,o,keydown
5095300,v,keydown
5095500,r,keydown
5095600,o,keydown
5095900,#,keydown
5096100, ,keydown
5096400,f,keydown
5096500,a,keydown
5096600,r,keydown
5096700,e,keydown
5096900, ,keydown
5100900,d,keydown
5101600,u,keydown
5101600,e,keydown
5101800, ,keydown
5101900,c,keydown
5102100,h,keydown
5102200,i,keydown
5102300,a,keydown
5102400,c,keydown
5102600,c,keydown
5102700,h,keydown
5102800,i,keydown
5102800,e,keydown
5102900,r,keydown
5102900,e,keydown
5103400,Enter,keydown
5103900,c,keydown
5104000,o,keydown
5104200,n,keydown
5104400, ,keydown
5104800,#,keydown
5104900,f,keydown
5105100,r,keydown
5105200,a,keydown
5105300,n,keydown
5105400,c,keydown
5105500,e,keydown
5105700,s,keydown
5105900,c,keydown
5105900,o,keydown
5106100, ,keydown
5106300,p,keydown
5106300,e,keydown
5106400,r,keydown
5106500, ,keydown
5106700,l,keydown
5106700,a,keydown
5106800, ,keydown
5107000,q,keydown
5107200,u,keydown
5107300,e,keydown
5107400,s,keydown
5107600,t,keydown
5108000,i,keydown
5108000,o,keydown
5108200,n,keydown
5108400,e,keydown
5108500, ,keydown
5109200,d,keydown
5109400,e,keydown
5109400,l,keydown
5109600,l,keydown
5109700,e,keydown
5109800, ,keydown
5109900,v,keydown
5110000,o,keydown
5110200,t,keydown
5110200,a,keydown
5110500,z,keydown
5110600,i,keydown
5110600,o,keydown
5110800,n,keydown
5111000,i,keydown
5111100, ,keydown
5111200,e,keydown
5111300,l,keydown
5111500,e,keydown
5111600,t,keydown
5111800,t,keydown
5111900,r,keydown
5112000,o,keydown
5112200,n,keydown
5112300,i,keydown
5112500,c,keydown
5112600,h,keydown
5112700,e,keydown
5112900,.,keydown
5113500, ,keydown
5114600,#,keydown
5115000,q,keydown
5115300,u,keydown
5115400,e,keydown
5115600,l,keydown
5115900,Enter,keydown
5116000,c,keydown
5116200,h,keydown
5116300,e,keydown
5116400, ,keydown
5116700,v,keydown
5116800,o,keydown
5116900,r,keydown
5117000,r,keydown
5117100,e,keydown
5117300,i,keydown
5117500, ,keydown
5117600,p,keydown
5117900,o,keydown
5117900,t,keydown
5118200,e,keydown
5118200,r,keydown
5118400, ,keydown
5118500,c,keydown
5118600,o,keydown
5118800,n,keydown
5118900,t,keydown
5119100,i,keydown
5119200,n,keydown
5119300,u,keydown
5119400,a,keydown
5119700,r,keydown
5119700,e,keydown
5119900, ,keydown
5120100,o,keydown
5120400,g,keydown
5120500,g,keydown
5120700,i,keydown
5121000,",",keydown
5121200, ,keydown
5121600,i,keydown
5121800,n,keydown
5121900,v,keydown
5122000,e,keydown
5122300,c,keydown
5122400,e,keydown
5122600,",",keydown
5122600, ,keydown
5122900,e,keydown
5123200,#,keydown
5123300, ,keydown
5123700,i,keydown
5123900,l,keydown
5124000, ,keydown
5124300,s,keydown
5124300,u,keydown
5124500,p,keydown
5124600,e,keydown
5124700,r,keydown
5124900,v,keydown
5124900,i,keydown
5125100,s,keydown
5125300,o,keydown
5125400,r,keydown
5125500,e,keydown
5126100, ,keydown
5126400,p,keydown
5126500,e,keydown
5126500,r,keydown
5126700, ,keydown
5126800,i,keydown
5127000,l,keydown
5127100,Enter,keydown
5127300,m,keydown
5127500,i,keydown
5127600,o,keydown
5127800, ,keydown
5128000,r,keydown
5128100,o,keydown
5128200,b,keydown
5128400,o,keydown
5128600,t,keydown
5128600,t,keydown
5129000,i,keydown
5129300,n,keydown
5129400,o,keydown
5131200,#,keydown
5131300,#,keydown
5131500, ,keydown
5131700,u,keydown
5131900,n,keydown
5132100, ,keydown
5132200,s,keydown
5132300,o,keydown
5132600,f,keydown
5132800,t,keydown
5133000,w,keydown
5133100,a,keydown
5133700,r,keydown
5133900,i,keydown
5134200,n,keydown
5134500,o,keydown
5134700, ,keydown
5135000,c,keydown
5135100,h,keydown
5135200,e,keydown
5135400, ,keydown
5135500,c,keydown
5135600,o,keydown
5135700,n,keydown
5135900,s,keydown
5136000,e,keydown
5136200,n,keydown
5136200,t,keydown
5136400,e,keydown
5136600, ,keydown
5136700,d,keydown
5136800,i,keydown
5137000, ,keydown
5138100,t,keydown
5138200,e,keydown
5138300,l,keydown
5138300,e,keydown
5138600,g,keydown
5138800,u,keydown
5138800,i,keydown
5139000,d,keydown
5139100,a,keydown
5139300,r,keydown
5139400,e,keydown
5139500, ,keydown
5139700,i,keydown
5139900,l,keydown
5140500, ,keydown
5140800,p,keydown
5141000,i,keydown
5141100,c,keydown
5141200,c,keydown
5141300,o,keydown
5141400,l,keydown
5141600,o,keydown
5141900,Enter,keydown
5142400,#,keydown
5142500,k,keydown
5142800,h,keydown
5142900,e,keydown
5143100,p,keydown
5143200,e,keydown
5143300,r,keydown
5143400,a,keydown
5143600, ,keydown
5143900,n,keydown
5144100,e,keydown
5144300,l,keydown
5144500,l,keydown
5144600,a,keydown
5144800, ,keydown
5145400,r,keydown
5145400,a,keydown
5145700,c,keydown
5145900,c,keydown
5145900,o,keydown
5146100,l,keydown
5146300,t,keydown
5146300,a,keydown
5146500, ,keydown
5146600,d,keydown
5146800,i,keydown
5146900, ,keydown
5147000,d,keydown
5147100,a,keydown
5147300,t,keydown
5147400,i,keydown
5147600, ,keydown
5147700,r,keydown
5147700,e,keydown
5147900,l,keydown
5148000,a,keydown
5148200,t,keydown
5148300,i,keydown
5148400,v,keydown
5148500,i,keydown
5148600, ,keydown
5148700,a,keydown
5148800,d,keydown
5149000, ,keydown
5149000,a,keydown
5149200,m,keydown
5149500,b,keydown
5149500,i,keydown
5149600,e,keydown
5149800,n,keydown
5149900,t,keydown
5150000,i,keydown
5151300, ,keydown
5152900,#,keydown
5153100,#,keydown
5153300,m,keydown
5153500,a,keydown
5153500,i,keydown
5153700, ,keydown
5153800,v,keydown
5153900,i,keydown
5154000,s,keydown
5154300,t,keydown
5154300,i,keydown
5154500,#,keydown
5154700,#,keydown
5155600,.,keydown
5156600,Enter,keydown
5157600,#,keydown
5157900,i,keydown
5158200, ,keydown
5158400,d,keydown
5158500,a,keydown
5158700,t,keydown
5158700,i,keydown
5158800, ,keydown
5158900,r,keydown
5159000,a,keydown
5159200,c,keydown
5159300,c,keydown
5159500,o,keydown
5159700,l,keydown
5159700,t,keydown
5159900,i,keydown
5160000, ,keydown
5160700,v,keydown
5160800,e,keydown
5160800,n,keydown
5161000,g,keydown
5161100,o,keydown
5161300,n,keydown
5161400,o,keydown
5161600, ,keydown
5161700,p,keydown
5161900,o,keydown
5162100,i,keydown
5162200, ,keydown
5162300,d,keydown
5162400,a,keydown
5162600,t,keydown
5162600,i,keydown
5162800, ,keydown
5162900,i,keydown
5163200,n,keydown
5163300, ,keydown
5163400,p,keydown
5163600,a,keydown
5163700,s,keydown
5163900,t,keydown
5164100,o,keydown
5164200, ,keydown
5164200,a,keydown
5164300,d,keydown
5164500, ,keydown
5164700,u,keydown
5164900,n,keydown
5165000,a,keydown
5165100, ,keydown
5165300,r,keydown
5165400,e,keydown
5165600,t,keydown
5165700,e,keydown
5165800, ,keydown
5166000,n,keydown
5166100,e,keydown
5166200,u,keydown
5166300,r,keydown
5166300,a,keydown
5166500,l,keydown
5166600,e,keydown
5167500,",",keydown
5167500, ,keydown
5167700,c,keydown
5167700,h,keydown
5167900,e,keydown
5168100,Enter,keydown
5170600,a,keydown
5170800,c,keydown
5171000,q,keydown
5171000,u,keydown
5171100,i,keydown
5171300,s,keydown
5171400,i,keydown
5171700,s,keydown
5171800,c,keydown
5172000,e,keydown
5172100, ,keydown
5172200,l,keydown
5172300,a,keydown
5172400, ,keydown
5172600,t,keydown
5172800,o,keydown
5172900,p,keydown
5173100,o,keydown
5173300,l,keydown
5173500,o,keydown
5173700,g,keydown
5173800,i,keydown
5174700,a,keydown
5174800, ,keydown
5175200,d,keydown
5175200,e,keydown
5175400,l,keydown
5175500,l,keydown
5175800,#,keydown
5175800,a,keydown
5176000,m,keydown
5176200,b,keydown
5176300,i,keydown
5176400,e,keydown
5176500,n,keydown
5176600,t,keydown
5176600,e,keydown
5176900,.,keydown
5177000, ,keydown
5178100,#,keydown
5178400,p,keydown
5178600,u,keydown
5178800,r,keydown
5179000,t,keydown
5179100,r,keydown
5179200,o,keydown
5179400,p,keydown
5179500,p,keydown
5179700,o,keydown
5179800, ,keydown
5180000,l,keydown
5180100,a,keydown
5180200, ,keydown
5180400,m,keydown
5180500,i,keydown
5180700,a,keydown
5180700, ,keydown
5180900,t,keydown
5180900,e,keydown
5181100,s,keydown
5181200,i,keydown
5181300,s,keydown
5181500,t,keydown
5181700,a,keydown
5182300, ,keydown
5182600,h,keydown
5182800,a,keydown
5183000,Enter,keydown
5183100,s,keydown
5183400,v,keydown
5183400,u,keydown
5183400,i,keydown
5184400,Backspace,keydown
5184600,Backspace,keydown
5185100,i,keydown
5185400,l,keydown
5185500,u,keydown
5185700,p,keydown
5185900,p,keydown
5186000,a,keydown
5186200,t,keydown
5186200,o,keydown
5186400, ,keydown
5186600,u,keydown
5186800,n,keydown
5187000, ,keydown
5187300,s,keydown
5187500,o,keydown
5187600,f,keydown
5187800,t,keydown
5187900,a,keydown
5188300,Backspace,keydown
5188400,w,keydown
5188600,a,keydown
5188700,r,keydown
5188800,e,keydown
5189100, ,keydown
5190000,s,keydown
5190100,i,keydown
5190200,f,keydown
5190400,f,keydown
5190500,a,keydown
5190700,t,keydown
5190800,t,keydown
5191600,o,keydown
5191700, ,keydown
5192000,c,keydown
5192200,u,keydown
5192300,s,keydown
5192500,t,keydown
5192700,o,keydown
5192800,m,keydown
5193000,i,keydown
5193200,z,keydown
5193300,z,keydown
5193400,a,keydown
5193700,t,keydown
5193800,o,keydown
5193900, ,keydown
5194600,s,keydown
5194700,u,keydown
5194900, ,keydown
5195000,d,keydown
5195100,i,keydown
5195200, ,keydown
5195300,u,keydown
5195500,n,keydown
5195700,a,keydown
5195700, ,keydown
5196000,s,keydown
5196200,p,keydown
5196300,e,keydown
5196500,c,keydown
5196600,i,keydown
5196700,f,keydown
5196900,i,keydown
5196900,c,keydown
5197000,a,keydown
5197200, ,keydown
5197400,m,keydown
5197500,a,keydown
5197700,p,keydown
5197800,p,keydown
5197900,a,keydown
5198400,Enter,keydown
5198600,#,keydown
5198800,#,keydown
5199100,s,keydown
5199300,n,keydown
5199500,o,keydown
5199900,r,keydown
5200100,t,keydown
5200100,#,keydown
5200300,#,keydown
5200600,.,keydown
5200700, ,keydown
5200800,#,keydown
5200900,a,keydown
5201000, ,keydown
5201200,c,keydown
5201300,h,keydown
5201400,e,keydown
5201400, ,keydown
5201500,m,keydown
5201700,i,keydown
5201900, ,keydown
5202200,s,keydown
5202400,e,keydown
5202500,r,keydown
5202800,v,keydown
5202800,e,keydown
5203000,#,keydown
5203100,#,keydown
5203400, ,keydown
5204500,#,keydown
5204700,p,keydown
5204900,o,keydown
5205100,s,keydown
5205200,s,keydown
5205300,o,keydown
5205500, ,keydown
5205600,a,keydown
5205600,n,keydown
5205800,c,keydown
5205900,h,keydown
5206000,e,keydown
5206000, ,keydown
5206500,b,keydown
5206600,u,keydown
5206800,t,keydown
5206900,t,keydown
5207100,a,keydown
5207200,r,keydown
5207300,l,keydown
5207500,o,keydown
5207600, ,keydown
5207700,p,keydown
5207800,e,keydown
5207900,r,keydown
5208000, ,keydown
5208600,q,keydown
5208800,u,keydown
5208900,e,keydown
5209000,#,keydown
5209200, ,keydown
5209200,c,keydown
5210100,Backspace,keydown
5210200,Backspace,keydown
5210400,Backspace,keydown
5211000,l,keydown
5211100, ,keydown
5211300,c,keydown
5211400,h,keydown
5211500,e,keydown
5211600, ,keydown
5211700,m,keydown
5211900,i,keydown
5212100, ,keydown
5212900,Enter,keydown
5213800,r,keydown
5213900,i,keydown
5214000,g,keydown
5214100,u,keydown
5214200,a,keydown
5214300,r,keydown
5214600,d,keydown
5214600,a,keydown
5214700,.,keydown
5214900, ,keydown
5217300,#,keydown
5217900,e,keydown
5218100,h,keydown
5218400,",",keydown
5218500, ,keydown
5218700,#,keydown
5218800,s,keydown
5219000,i,keydown
5219200,g,keydown
5219300,n,keydown
5219400,o,keydown
5219500,r,keydown
5219600,e,keydown
5219700,",",keydown
5219900, ,keydown
5220100,q,keydown
5220300,u,keydown
5220400,a,keydown
5220500,n,keydown
5220700,t,keydown
5220800,a,keydown
5220900, ,keydown
5221100,p,keydown
5221200,a,keydown
5221400,z,keydown
5221500,i,keydown
5221600,e,keydown
5221700,n,keydown
5221900,z,keydown
5222000,a,keydown
5222100, ,keydown
5222300,c,keydown
5222400,i,keydown
5222600, ,keydown
5222900,v,keydown
5223000,u,keydown
5223200,o,keydown
5223500,l,keydown
5223600,e,keydown
5225300,.,keydown
5225500, ,keydown
5225700,#,keydown
5225900,c,keydown
5226000,i,keydown
5226100,a,keydown
5226300,o,keydown
5226500, ,keydown
5226800,c,keydown
5226900,i,keydown
5227000,a,keydown
5227100,o,keydown
5227700,",",keydown
5227900, ,keydown
5228000,#,keydown
5228200,c,keydown
5228300,r,keydown
5228400,i,keydown
5228500,s,keydown
