timestamp,key,type
1281500,Backspace,keydown
1281500,Backspace,keydown
1281500,Backspace,keydown
1281500,Backspace,keydown
1281500,Backspace,keydown
1281500,Backspace,keydown
1281500,Backspace,keydown
1281500,Backspace,keydown
1281500,w,keydown
1281600,i,keydown
1281900,n,keydown
1282000,d,keydown
1282100,o,keydown
1282600,w,keydown
1282900,s,keydown
1283500, ,keydown
1283900,w,keydown
1284000,i,keydown
1284100,n,keydown
1284400,d,keydown
1284500,o,keydown
1284800,w,keydown
1285000,s,keydown
1285200, ,keydown
1285600,w,keydown
1285900,i,keydown
1286000,n,keydown
1286300,d,keydown
1286400,o,keydown
1286700,w,keydown
1286900,s,keydown
1287100, ,keydown
1287300,c,keydown
1287400,h,keydown
1287600,e,keydown
1287600, ,keydown
1287900,d,keydown
1288100,i,keydown
1288300,s,keydown
1288400,p,keydown
1288600,e,keydown
1288800,r,keydown
1289000,a,keydown
1289900,z,keydown
1290000,i,keydown
1290200,o,keydown
1290400,n,keydown
1290900,e,keydown
1291700,#,keydown
1291900, ,keydown
1292700,q,keydown
1292900,u,keydown
1293100,e,keydown
1293200,s,keydown
1293400,t,keydown
1293600,i,keydown
1293800, ,keydown
1293900,d,keydown
1294000,i,keydown
1294200,s,keydown
1294600,g,keydown
1294800,r,keydown
1295000,a,keydown
1295200,z,keydown
1295400,i,keydown
1295600,a,keydown
1295800,t,keydown
1296000,i,keydown
1296200, ,keydown
1297600,h,keydown
1297800,a,keydown
1297900,n,keydown
1298100,n,keydown
1298200,o,keydown
1298400, ,keydown
1301800,f,keydown
1302000,a,keydown
1302200,t,keydown
1302300,t,keydown
1302500,o,keydown
1302600, ,keydown
1302800,i,keydown
1303100,n,keydown
1303200,s,keydown
1303500,t,keydown
1303700,a,keydown
1303900,l,keydown
1304000,l,keydown
1304200,a,keydown
1304800,r,keydown
1304900,e,keydown
1305000, ,keydown
1305200,s,keydown
1305500,u,keydown
1305800,i,keydown
1306000, ,keydown
1306300,p,keydown
1306500,o,keydown
1306800,r,keydown
1307000,t,keydown
1307200,a,keydown
1307300,t,keydown
1307400,i,keydown
1307600,l,keydown
1308200,i,keydown
1308300, ,keydown
1308400,d,keydown
1309200,e,keydown
1309400,l,keydown
1309600,l,keydown
1310100,#,keydown
1310700,i,keydown
1310900,b,keydown
1311200,m,keydown
1311300, ,keydown
1311900,i,keydown
1312000,l,keydown
1312200, ,keydown
1312500,s,keydown
1312600,i,keydown
1312800,s,keydown
1313000,t,keydown
1313200,e,keydown
1313300,m,keydown
1313500,a,keydown
1313600, ,keydown
1314300,o,keydown
1314400,p,keydown
1314600,e,keydown
1314700,r,keydown
1314900,a,keydown
1315600,t,keydown
1315700,i,keydown
1315900,v,keydown
1316100,o,keydown
1316200, ,keydown
1316500,u,keydown
1317000,Backspace,keydown
1318500,i,keydown
1318600,n,keydown
1318800, ,keydown
1319400,m,keydown
1319600,o,keydown
1319800,d,keydown
1319900,o,keydown
1320200, ,keydown
1320400,c,keydown
1320600,h,keydown
1320600,e,keydown
1320800, ,keydown
1322500,s,keydown
1322900,Backspace,keydown
1323000,f,keydown
1323200,o,keydown
1323300,s,keydown
1323500,s,keydown
1323700,e,keydown
1323800, ,keydown
1324000,s,keydown
1324200,p,keydown
1324300,a,keydown
1324600,r,keydown
1324900,s,keydown
1325100,o,keydown
1325200, ,keydown
1325400,u,keydown
1325600,n,keydown
1325700, ,keydown
1326000,p,keydown
1326200,o,keydown
1326700,c,keydown
1326900,o,keydown
1327200, ,keydown
1327300,a,keydown
1327600,l,keydown
1327700,l,keydown
1327800,a,keydown
1328000, ,keydown
1328600,v,keydown
1328900,o,keydown
1329100,l,keydown
1329100,t,keydown
1329300,a,keydown
1329500, ,keydown
1329900,Backspace,keydown
1330100,Backspace,keydown
1330200,Backspace,keydown
1330400,Backspace,keydown
1330500,Backspace,keydown
1330600,Backspace,keydown
1331800, ,keydown
1332300,Backspace,keydown
1332600,o,keydown
1332800, ,keydown
1333200,p,keydown
1333300,e,keydown
1333500,r,keydown
1333500, ,keydown
1333800,t,keydown
1333800,u,keydown
1334000,t,keydown
1334200,t,keydown
1334300,o,keydown
1334500, ,keydown
1334800,i,keydown
1334900,l,keydown
1335000, ,keydown
1335200,d,keydown
1335300,i,keydown
1335500,s,keydown
1335900,c,keydown
1336700,o,keydown
1336900, ,keydown
1337300,c,keydown
1337400,o,keydown
1337700,s,keydown
1337900,i,keydown
1338200,#,keydown
1338400, ,keydown
1338800,Backspace,keydown
1339000,Backspace,keydown
1339300,Backspace,keydown
1340000,i,keydown
1340200,c,keydown
1340300,h,keydown
1340500,e,keydown
1340800,#,keydown
1341000, ,keydown
1341600,s,keydown
1341800,e,keydown
1342000, ,keydown
1342200,u,keydown
1342500,n,keydown
1342700,o,keydown
1342900, ,keydown
1343200,v,keydown
1343400,u,keydown
1343500,o,keydown
1343700,l,keydown
1343900,e,keydown
1344200, ,keydown
1344300,p,keydown
1344500,a,keydown
1345100,r,keydown
1345300,t,keydown
1345600,i,keydown
1345900,z,keydown
1346100,i,keydown
1346300,o,keydown
1346600,n,keydown
1346800,a,keydown
1347000,r,keydown
1347100,l,keydown
1347400,o,keydown
1347600, ,keydown
1348200,p,keydown
1348300,e,keydown
1348500,r,keydown
1348500, ,keydown
1348700,i,keydown
1348900,n,keydown
1349000,s,keydown
1349200,t,keydown
1349400,a,keydown
1349500,l,keydown
1349700,l,keydown
1349800,a,keydown
1350000,r,keydown
1350300,c,keydown
1350500,i,keydown
1350600, ,keydown
1351300,a,keydown
1351400,l,keydown
1351600,t,keydown
1351800,r,keydown
1351900,i,keydown
1352200, ,keydown
1352400,s,keydown
1352600,i,keydown
1352700,s,keydown
1352900,t,keydown
1353100,e,keydown
1353400,m,keydown
1353600,i,keydown
1353700, ,keydown
1353900,d,keydown
1354000,e,keydown
1354600,v,keydown
1354700,e,keydown
1354900, ,keydown
1355100,f,keydown
1355300,a,keydown
1355500,t,keydown
1355700,i,keydown
1355800,c,keydown
1356000,a,keydown
1356100,r,keydown
1356300,e,keydown
1356400, ,keydown
1356600,n,keydown
1356700,o,keydown
1356900,n,keydown
1357100, ,keydown
1357500,p,keydown
1357800,o,keydown
1358400,c,keydown
1359000,o,keydown
1359200, ,keydown
1360000,i,keydown
1360200,n,keydown
1360600, ,keydown
1361100,q,keydown
1361300,u,keydown
1361300,a,keydown
1361500,n,keydown
1361800,t,keydown
1361900,o,keydown
1362100, ,keydown
1362300,n,keydown
1362500,o,keydown
1362600,n,keydown
1362900, ,keydown
1363200,p,keydown
1363400,u,keydown
1363600,o,keydown
1363900,#,keydown
1364000, ,keydown
1365400,p,keydown
1365500,a,keydown
1365700,r,keydown
1365900,t,keydown
1366100,i,keydown
1366800,Backspace,keydown
1367100,Backspace,keydown
1367300,Backspace,keydown
1368100,Backspace,keydown
1368300,Backspace,keydown
1368400,Backspace,keydown
1370800,s,keydown
1371000,e,keydown
1371300, ,keydown
1371600,p,keydown
1371700,a,keydown
1371900,r,keydown
1372000,t,keydown
1372200,i,keydown
1372600,z,keydown
1372700,i,keydown
1372800,o,keydown
1373000,n,keydown
1373200,i,keydown
1373400, ,keydown
1373600,d,keydown
1373700,i,keydown
1374000,Backspace,keydown
1374200,Backspace,keydown
1374400,t,keydown
1374500,i,keydown
1374700, ,keydown
1374900,p,keydown
1375100,e,keydown
1375200,r,keydown
1375700,d,keydown
1375800,i,keydown
1376000, ,keydown
1377700,i,keydown
1377800, ,keydown
1378100,d,keydown
1378400,a,keydown
1378600,t,keydown
1378800,i,keydown
1378900, ,keydown
1379100,d,keydown
1379400,e,keydown
1379600,l,keydown
1379700, ,keydown
1380100,s,keydown
1380300,i,keydown
1380400,s,keydown
1380600,t,keydown
1380800,e,keydown
1380900,m,keydown
1381100,a,keydown
1381800,#,keydown
1382000, ,keydown
1382900,f,keydown
1383100,o,keydown
1383300,s,keydown
1383400,s,keydown
1383600,e,keydown
1383800, ,keydown
1383900,p,keydown
1384100,e,keydown
1384300,r,keydown
1384500, ,keydown
1385000,m,keydown
1385100,e,keydown
1385200, ,keydown
1386000,n,keydown
1386200,o,keydown
1386300,n,keydown
1386500, ,keydown
1386700,s,keydown
1387000,a,keydown
1387200,r,keydown
1387300,e,keydown
1387500,b,keydown
1387700,b,keydown
1387800,e,keydown
1388000, ,keydown
1388200,u,keydown
1388400,n,keydown
1388600, ,keydown
1388800,p,keydown
1389200,r,keydown
1389300,o,keydown
1389600,b,keydown
1389800,l,keydown
1389900,e,keydown
1390100,m,keydown
1390200,a,keydown
1390700,#,keydown
1390800, ,keydown
1391000,n,keydown
1391200,o,keydown
1391300,n,keydown
1391500, ,keydown
1391700,l,keydown
1391900,o,keydown
1392000, ,keydown
1392200,i,keydown
1392400,n,keydown
1392500,s,keydown
1392700,t,keydown
1392800,a,keydown
1393000,l,keydown
1393100,l,keydown
1393300,o,keydown
1393500, ,keydown
1393600,p,keydown
1393800,e,keydown
1394000,r,keydown
1394200, ,keydown
1394600,n,keydown
1394800,i,keydown
1395000,e,keydown
1395100,n,keydown
1395300,t,keydown
1395400,e,keydown
1395600, ,keydown
1396000,e,keydown
1396100, ,keydown
1396400,h,keydown
1396500,o,keydown
1396700, ,keydown
1396900,r,keydown
1397100,i,keydown
1397200,s,keydown
1397400,o,keydown
1397600,l,keydown
1397700,t,keydown
1397800,o,keydown
1398000, ,keydown
1398100,i,keydown
1398400,l,keydown
1398500, ,keydown
1398600,p,keydown
1398800,r,keydown
1398900,o,keydown
1399200,b,keydown
1399300,l,keydown
1399500,e,keydown
1399800,m,keydown
1400100,a,keydown
1400700,#,keydown
1410100,p,keydown
1410300,u,keydown
1410400,r,keydown
1410600,t,keydown
1411100,o,keydown
1411400,p,keydown
1411500,p,keydown
1411600,o,keydown
1411800, ,keydown
1412000,i,keydown
1412200,l,keydown
1412300, ,keydown
1413200,c,keydown
1413300,o,keydown
1413400,m,keydown
1413600,p,keydown
1413800,u,keydown
1414000,t,keydown
1414100,e,keydown
1414300,r,keydown
1414400, ,keydown
1414500,n,keydown
1414700,o,keydown
1414800,n,keydown
1415000, ,keydown
1415300,e,keydown
1415700,#,keydown
1415800, ,keydown
1416100,p,keydown
1416200,e,keydown
1416300,r,keydown
1416500, ,keydown
1416600,m,keydown
1416800,e,keydown
1416900, ,keydown
1417200,e,keydown
1417300, ,keydown
1417700,q,keydown
1417900,u,keydown
1418100,i,keydown
1418300,n,keydown
1418500,d,keydown
1418600,i,keydown
1418800, ,keydown
1419200,n,keydown
1419400,o,keydown
1419500,n,keydown
1419700, ,keydown
1420300,p,keydown
1420500,o,keydown
1420800,s,keydown
1421000,s,keydown
1421100,o,keydown
1421200, ,keydown
1421600,o,keydown
1421900,b,keydown
1421900,b,keydown
1422100,l,keydown
1422300,i,keydown
1422500,c,keydown
1422900,Backspace,keydown
1423000,g,keydown
1423200,a,keydown
1423400,r,keydown
1423500,e,keydown
1423800, ,keydown
1424100,l,keydown
1424200,a,keydown
1424700, ,keydown
1425100,g,keydown
1425400,e,keydown
1425500,n,keydown
1425500,t,keydown
1425700,e,keydown
1425800, ,keydown
1426200,a,keydown
1426400, ,keydown
1426600,n,keydown
1426800,o,keydown
1427000,n,keydown
1427100, ,keydown
1427400,u,keydown
1427600,t,keydown
1427700,i,keydown
1427900,l,keydown
1428100,i,keydown
1428300,z,keydown
1428500,z,keydown
1428700,a,keydown
1428900,r,keydown
1429600,e,keydown
1429800, ,keydown
1430200,w,keydown
1430500,i,keydown
1430600,n,keydown
1430800,d,keydown
1431000,o,keydown
1431300,w,keydown
1431600,s,keydown
1432200,#,keydown
1432300, ,keydown
1432600,t,keydown
1432700,i,keydown
1432900, ,keydown
1433100,p,keydown
1433300,a,keydown
1433400,r,keydown
1433500,e,keydown
1433900,#,keydown
1434700,Enter,keydown
1436700,c,keydown
1436800,o,keydown
1437000,m,keydown
1437300,u,keydown
1437500,n,keydown
1437700,q,keydown
1437900,u,keydown
1438100,e,keydown
1438300, ,keydown
1439700,i,keydown
1439900,l,keydown
1440000, ,keydown
1440200,p,keydown
1440500,o,keydown
1440700,r,keydown
1440900,t,keydown
1441000,a,keydown
1441200,t,keydown
1441300,i,keydown
1441500,l,keydown
1441600,e,keydown
1441700, ,keydown
1441900,d,keydown
1442100,i,keydown
1442200, ,keydown
1442900,v,keydown
1443100,i,keydown
1443300,v,keydown
1443500,i,keydown
1443800,a,keydown
1443900,n,keydown
1444100,a,keydown
1444200, ,keydown
1444400,e,keydown
1444900,#,keydown
1445400, ,keydown
1445700,u,keydown
1446000,n,keydown
1446100, ,keydown
1446300,p,keydown
1446700,Backspace,keydown
1447000,b,keydown
1447100,e,keydown
1447200,l,keydown
1447400, ,keydown
1447600,c,keydown
1447700,o,keydown
1447900,m,keydown
1448100,p,keydown
1448300,u,keydown
1448500,t,keydown
1448600,e,keydown
1448800,r,keydown
1450400,#,keydown
1450600, ,keydown
1454600,v,keydown
1454900,e,keydown
1455100,l,keydown
1455200,o,keydown
1455600,c,keydown
1455700,e,keydown
1455900, ,keydown
1456100,e,keydown
1456200, ,keydown
1458500,c,keydown
1458600,o,keydown
1458800,n,keydown
1459000, ,keydown
1459200,u,keydown
1459300,n,keydown
1459600,a,keydown
1459700, ,keydown
1460100,m,keydown
1460200,a,keydown
1460400,t,keydown
1460600,r,keydown
1460800,i,keydown
1460900,c,keydown
1461100,e,keydown
1461400, ,keydown
1461700,a,keydown
1462000,t,keydown
1462300,t,keydown
1462700,i,keydown
1462900,v,keydown
1463000,a,keydown
1463200, ,keydown
1463700,v,keydown
1463800,e,keydown
1464000,r,keydown
1464200,a,keydown
1464300,m,keydown
1464400,e,keydown
1464600,n,keydown
1464700,t,keydown
1464800,e,keydown
1465000, ,keydown
1465400,b,keydown
1465500,e,keydown
1465600,l,keydown
1465800,l,keydown
1466300,a,keydown
1466500,#,keydown
1466700, ,keydown
1467500,s,keydown
1467700,o,keydown
1467900,n,keydown
1468000,o,keydown
1468200, ,keydown
1468300,i,keydown
1468500,n,keydown
1468600, ,keydown
1468800,e,keydown
1469000,f,keydown
1469200,f,keydown
1469300,e,keydown
1469500,t,keydown
1469600,t,keydown
1469800,i,keydown
1470100, ,keydown
1470300,u,keydown
1470500,n,keydown
1470600, ,keydown
1470800,p,keydown
1471100,o,keydown
1471400,#,keydown
1471600, ,keydown
1471800,i,keydown
1472000,n,keydown
1472200,v,keydown
1472400,i,keydown
1472600,d,keydown
1472800,i,keydown
1473100,o,keydown
1473500,s,keydown
1473700,o,keydown
1474500,#,keydown
1474700, ,keydown
1477900,Backspace,keydown
1478000,Backspace,keydown
1479300,#,keydown
1479400, ,keydown
1479900,i,keydown
1480000,l,keydown
1480200, ,keydown
1480400,p,keydown
1480600,r,keydown
1480700,o,keydown
1480900,b,keydown
1481100,l,keydown
1481200,e,keydown
1481300,m,keydown
1481500,a,keydown
1481600, ,keydown
1481900,e,keydown
1482400,#,keydown
1482600, ,keydown
1482700,c,keydown
1482900,h,keydown
1482900,e,keydown
1483100, ,keydown
1483300,u,keydown
1483500,n,keydown
1483700,o,keydown
1483800, ,keydown
1484000,c,keydown
1484100,o,keydown
1484200,m,keydown
1484500,p,keydown
1484700,r,keydown
1484900,a,keydown
1485000, ,keydown
1485600,u,keydown
1485800,n,keydown
1486000, ,keydown
1486300,c,keydown
1486400,o,keydown
1486600,m,keydown
1486800,p,keydown
1487000,u,keydown
1487500,t,keydown
1487700,e,keydown
1487800,r,keydown
1488000, ,keydown
1488200,e,keydown
1488400, ,keydown
1488700,l,keydown
1488800,a,keydown
1488900, ,keydown
1489100,s,keydown
1489400,e,keydown
1489500,t,keydown
1489700,t,keydown
1489800,i,keydown
1490000,m,keydown
1490100,a,keydown
1490200,n,keydown
1490500,a,keydown
1490600, ,keydown
1490700,d,keydown
1491000,o,keydown
1491800,p,keydown
1492000,o,keydown
1492100, ,keydown
1492400,n,keydown
1492600,e,keydown
1492800, ,keydown
1493100,v,keydown
1493400,e,keydown
1493600,d,keydown
1493800,e,keydown
1493900, ,keydown
1494100,s,keydown
1494400,u,keydown
1494600,b,keydown
1494800,i,keydown
1495000,t,keydown
1495100,o,keydown
1495300, ,keydown
1495500,u,keydown
1495700,n,keydown
1495900,o,keydown
1496100, ,keydown
1496300,c,keydown
1496500,h,keydown
1496600,e,keydown
1496700, ,keydown
1496900,f,keydown
1497100,o,keydown
1497300,r,keydown
1497500,s,keydown
1497600,e,keydown
1497800, ,keydown
1498000,a,keydown
1498300,v,keydown
1498600,r,keydown
1498800,e,keydown
1498900,b,keydown
1499000,b,keydown
1499200,e,keydown
1499300, ,keydown
1499900,p,keydown
1500000,r,keydown
1500100,e,keydown
1500400,f,keydown
1500500,e,keydown
1500700,t,keydown
1501100,Backspace,keydown
1501200,r,keydown
1501400,i,keydown
1501500,t,keydown
1501600,o,keydown
1502100,#,keydown
1502100, ,keydown
1502900,m,keydown
1503100,e,keydown
1503300,g,keydown
1503500,l,keydown
1503700,i,keydown
1503900,o,keydown
1504000, ,keydown
1504200,a,keydown
1504300,l,keydown
1504400,l,keydown
1504600,o,keydown
1504700,r,keydown
1504900,a,keydown
1505000, ,keydown
1505100,n,keydown
1505300,o,keydown
1505500,n,keydown
1505600, ,keydown
1506300,g,keydown
1506400,u,keydown
1506500,a,keydown
1506700,r,keydown
1506900,d,keydown
1507100,a,keydown
1507200,r,keydown
1507300,e,keydown
1507800,#,keydown
