timestamp,key,type
3137100,Backspace,keydown
3137100,Backspace,keydown
3137100,Backspace,keydown
3137100,Backspace,keydown
3137100,Backspace,keydown
3137100,Backspace,keydown
3137100,Backspace,keydown
3137100,Backspace,keydown
3137100,o,keydown
3137300,g,keydown
3137400,g,keydown
3137700,i,keydown
3137800, ,keydown
3138100,h,keydown
3138200,o,keydown
3138300, ,keydown
3139800,i,keydown
3140000,n,keydown
3140200,v,keydown
3140300,i,keydown
3140400,a,keydown
3140700,t,keydown
3140800,o,keydown
3140900, ,keydown
3141100,u,keydown
3141200,n,keydown
3141400,a,keydown
3141600, ,keydown
3142000,m,keydown
3142100,a,keydown
3142300,i,keydown
3142400,l,keydown
3142500, ,keydown
3142900,a,keydown
3144000,g,keydown
3144100,l,keydown
3144200,i,keydown
3144300, ,keydown
3144600,s,keydown
3144800,t,keydown
3145200,u,keydown
3145300,d,keydown
3145600,e,keydown
3145700,n,keydown
3145800,t,keydown
3146000,i,keydown
3146100, ,keydown
3146400,d,keydown
3147200,Backspace,keydown
3147600,c,keydown
3147700,h,keydown
3147800,e,keydown
3147900, ,keydown
3148000,l,keydown
3148200,a,keydown
3148400,v,keydown
3148600,o,keydown
3148700,r,keydown
3149400,a,keydown
3149800,n,keydown
3150000,o,keydown
3150100, ,keydown
3150500,p,keydown
3150600,e,keydown
3150800,r,keydown
3150900, ,keydown
3151000,l,keydown
3151100,a,keydown
3151300, ,keydown
3151500,c,keydown
3151500,o,keydown
3151800,m,keydown
3152000,m,keydown
3152100,i,keydown
3152300,s,keydown
3152500,s,keydown
3152600,i,keydown
3152900,o,keydown
3153000,n,keydown
3153100,e,keydown
3153300, ,keydown
3153600,w,keydown
3153700,e,keydown
3153900,b,keydown
3154200, ,keydown
3155300,d,keydown
3155500,e,keydown
3156300,l,keydown
3156300,l,keydown
3156500,a,keydown
3156700, ,keydown
3156900,d,keydown
3157100,i,keydown
3157400,d,keydown
3157600,a,keydown
3157800,t,keydown
3157900,t,keydown
3158100,i,keydown
3158300,c,keydown
3158500,a,keydown
3158600, ,keydown
3158800,p,keydown
3158900,e,keydown
3159000,r,keydown
3159100, ,keydown
3159300,i,keydown
3159600,n,keydown
3160100,v,keydown
3160200,i,keydown
3160400,t,keydown
3160700,a,keydown
3160800,r,keydown
3161000,l,keydown
3161200,i,keydown
3161400, ,keydown
3161600,a,keydown
3161800, ,keydown
3163400,p,keydown
3163600,r,keydown
3163800,e,keydown
3164100,p,keydown
3164200,a,keydown
3164500,r,keydown
3164700,a,keydown
3164900,r,keydown
3165200,e,keydown
3165200, ,keydown
3165500,q,keydown
3165700,u,keydown
3166500,a,keydown
3166700,l,keydown
3166900,c,keydown
3167000,h,keydown
3167200,e,keydown
3167300, ,keydown
3167500,p,keydown
3167700,a,keydown
3167800,g,keydown
3168100,i,keydown
3168300,n,keydown
3168800,e,keydown
3169100,t,keydown
3169300,t,keydown
3169400,a,keydown
3174100, ,keydown
3174500,d,keydown
3174600,i,keydown
3174800, ,keydown
3174900,i,keydown
3175000,n,keydown
3175300,f,keydown
3175600,o,keydown
3176200,r,keydown
3176300,m,keydown
3176400,a,keydown
3176700,z,keydown
3176900,i,keydown
3177100,o,keydown
3177300,n,keydown
3177500,e,keydown
3177900, ,keydown
3178100,p,keydown
3178200,e,keydown
3178400,r,keydown
3178500, ,keydown
3178800,c,keydown
3179000,h,keydown
3179100,e,keydown
3179600,Backspace,keydown
3179900,i,keydown
3180000, ,keydown
3181000,v,keydown
3181200,u,keydown
3181400,o,keydown
3181500,l,keydown
3181700,e,keydown
3181800, ,keydown
3182000,i,keydown
3182200,s,keydown
3182400,c,keydown
3182700,r,keydown
3183200,i,keydown
3183300,v,keydown
3183500,e,keydown
3183700,r,keydown
3183900,s,keydown
3184000,i,keydown
3184200, ,keydown
3184300,a,keydown
3185700,l,keydown
3185900, ,keydown
3186100,n,keydown
3186300,o,keydown
3186400,s,keydown
3186600,t,keydown
3186700,r,keydown
3186900,o,keydown
3187100, ,keydown
3187200,c,keydown
3187400,o,keydown
3187500,r,keydown
3187700,s,keydown
3187800,o,keydown
3188000, ,keydown
3188100,d,keydown
3188200,i,keydown
3188300, ,keydown
3188600,l,keydown
3188700,a,keydown
3188800,u,keydown
3189200,r,keydown
3189300,e,keydown
3189600,a,keydown
3190000,#,keydown
3190100, ,keydown
3191200,c,keydown
3191700,r,keydown
3191800,e,keydown
3192000,d,keydown
3192200,o,keydown
3192300, ,keydown
3192400,c,keydown
3192600,h,keydown
3192700,e,keydown
3192800, ,keydown
3193000,s,keydown
3193100,i,keydown
3193300,a,keydown
3193500, ,keydown
3193600,u,keydown
3193900,n,keydown
3194000, ,keydown
3194200,l,keydown
3194400,a,keydown
3194500,v,keydown
3194600,o,keydown
3194800,r,keydown
3195000,o,keydown
3195200, ,keydown
3195600,m,keydown
3195800,o,keydown
3196000,l,keydown
3196100,t,keydown
3196200,o,keydown
3196400, ,keydown
3196700,u,keydown
3196900,r,keydown
3197200,g,keydown
3197300,e,keydown
3197500,n,keydown
3197600,t,keydown
3197900,e,keydown
3197900, ,keydown
3198200,d,keydown
3198700,a,keydown
3198700, ,keydown
3199100,f,keydown
3199300,a,keydown
3199500,r,keydown
3199700,e,keydown
3199900, ,keydown
3200100,p,keydown
3200300,e,keydown
3200400,r,keydown
3200600, ,keydown
3200800,e,keydown
3201100,v,keydown
3201300,i,keydown
3201500,t,keydown
3201800,a,keydown
3201900,r,keydown
3202100,e,keydown
3202200, ,keydown
3206500,d,keydown
3206600,i,keydown
3206800, ,keydown
3207000,d,keydown
3207200,o,keydown
3207400,v,keydown
3207600,e,keydown
3207700,r,keydown
3208200, ,keydown
3208700,r,keydown
3208900,i,keydown
3209000,s,keydown
3209100,p,keydown
3209400,o,keydown
3209500,n,keydown
3209700,d,keydown
3209800,e,keydown
3210000,r,keydown
3210100,e,keydown
3210400, ,keydown
3210800,a,keydown
3211100, ,keydown
3211100,d,keydown
3211400,e,keydown
3211900,c,keydown
3212100,i,keydown
3212300,n,keydown
3212600,e,keydown
3212700, ,keydown
3212900,e,keydown
3213000, ,keydown
3213300,d,keydown
3213700,e,keydown
3214000,c,keydown
3214100,i,keydown
3214500,n,keydown
3214600,e,keydown
3214800, ,keydown
3215000,d,keydown
3215100,i,keydown
3215200, ,keydown
3215700,e,keydown
3215900,m,keydown
3216000,a,keydown
3216200,i,keydown
3216300,l,keydown
3216500, ,keydown
3217100,c,keydown
3217200,h,keydown
3217300,e,keydown
3217400, ,keydown
3218400,c,keydown
3218600,h,keydown
3218700,i,keydown
3218800,e,keydown
3219100,d,keydown
3219300,e,keydown
3219400,r,keydown
3219700,a,keydown
3219800,n,keydown
3220000,n,keydown
3220200,o,keydown
3220300, ,keydown
3221200,q,keydown
3221300,u,keydown
3221500,e,keydown
3221800,s,keydown
3221900,t,keydown
3222000,o,keydown
3222100, ,keydown
3222400,t,keydown
3222500,i,keydown
3222700,p,keydown
3223000,o,keydown
3223100, ,keydown
3223500,d,keydown
3223800,i,keydown
3223900, ,keydown
3224100,i,keydown
3224200,n,keydown
3224500,f,keydown
3224600,o,keydown
3224900,r,keydown
3225300,m,keydown
3225500,a,keydown
3225700,z,keydown
3225900,i,keydown
3226000,o,keydown
3226200,n,keydown
3227000,i,keydown
3227100,#,keydown
3227400, ,keydown
3233700,Enter,keydown
3234600,s,keydown
3234900,p,keydown
3235000,e,keydown
3235200,r,keydown
3235400,i,keydown
3235400,a,keydown
3235600,m,keydown
3235800,o,keydown
3236000, ,keydown
3236700,c,keydown
3236700,h,keydown
3236900,e,keydown
3237000, ,keydown
3237200,s,keydown
3237400,i,keydown
3237500, ,keydown
3237700,p,keydown
3237800,o,keydown
3238000,s,keydown
3238100,s,keydown
3238600,a,keydown
3238700, ,keydown
3239600,f,keydown
3239700,a,keydown
3240000,r,keydown
3240100,e,keydown
3240300, ,keydown
3241000,q,keydown
3241200,u,keydown
3241300,e,keydown
3241500,s,keydown
3241700,t,keydown
3241900,e,keydown
3242100, ,keydown
3242300,m,keydown
3242500,o,keydown
3242700,d,keydown
3242800,i,keydown
3243000,f,keydown
3243200,i,keydown
3243600,c,keydown
3243700,h,keydown
3243800,e,keydown
3243900, ,keydown
3244200,a,keydown
3244300,l,keydown
3244500, ,keydown
3244600,p,keydown
3244800,i,keydown
3245000,u,keydown
3245300,#,keydown
3245600, ,keydown
3245700,p,keydown
3245900,r,keydown
3246100,e,keydown
3246300,s,keydown
3246400,t,keydown
3246600,o,keydown
3246800,#,keydown
3247800, ,keydown
3248000,a,keydown
3248300,l,keydown
3248400,t,keydown
3248800,r,keydown
3249100,o,keydown
3249300, ,keydown
3249400,p,keydown
3249600,r,keydown
3249700,o,keydown
3250100,b,keydown
3250300,l,keydown
3250400,e,keydown
3250500,m,keydown
3250700,a,keydown
3250700, ,keydown
3250900,s,keydown
3251100,o,keydown
3251300,n,keydown
3251500,o,keydown
3251700, ,keydown
3252000,l,keydown
3252200,e,keydown
3252400, ,keydown
3252600,l,keydown
3252800,a,keydown
3253000,u,keydown
3253200,r,keydown
3253400,e,keydown
3253600,e,keydown
3253900, ,keydown
3254000,s,keydown
3254200,p,keydown
3254400,e,keydown
3254700,c,keydown
3254800,i,keydown
3255100,a,keydown
3255200,l,keydown
3255400,i,keydown
3255500,s,keydown
3255800,t,keydown
3255900,i,keydown
3256100,c,keydown
3256200,h,keydown
3256400,e,keydown
3257200,#,keydown
3257500, ,keydown
3258200,c,keydown
3258700,o,keydown
3258800,s,keydown
3259000,a,keydown
3259200, ,keydown
3260100,d,keydown
3260300,e,keydown
3260500,v,keydown
3260800,o,keydown
3260900, ,keydown
3261100,f,keydown
3261400,a,keydown
3261500,r,keydown
3261600,e,keydown
3262300,#,keydown
3262600, ,keydown
3263300,c,keydown
3263400,h,keydown
3264300,Backspace,keydown
3264500,r,keydown
3264600,e,keydown
3264900,d,keydown
3264900,o,keydown
3265100, ,keydown
3265200,c,keydown
3265300,h,keydown
3265500,e,keydown
3265600, ,keydown
3265800,s,keydown
3266100,a,keydown
3266300,r,keydown
3266400,e,keydown
3266600,b,keydown
3266700,b,keydown
3266900,e,keydown
3267000, ,keydown
3267200,o,keydown
3267400,p,keydown
3267600,p,keydown
3268000,o,keydown
3268200,r,keydown
3268400,t,keydown
3268600,u,keydown
3268800,n,keydown
3269000,o,keydown
3269100, ,keydown
3269200,c,keydown
3269400,h,keydown
3269500,e,keydown
3269700, ,keydown
3270000,v,keydown
3270200,e,keydown
3270400,n,keydown
3270600,i,keydown
3270800,s,keydown
3270900,s,keydown
3271200,e,keydown
3271300,r,keydown
3271500,o,keydown
3271700, ,keydown
3272400,m,keydown
3272500,e,keydown
3272700,s,keydown
3272900,s,keydown
3273100,e,keydown
3273200, ,keydown
3273700,s,keydown
3273800,u,keydown
3274000, ,keydown
3274300,w,keydown
3274600,e,keydown
3274800,b,keydown
3275000, ,keydown
3275300,d,keydown
3275400,e,keydown
3275600,l,keydown
3275800,l,keydown
3275900,e,keydown
3276000, ,keydown
3276500,i,keydown
3276600,n,keydown
3276800,f,keydown
3277000,o,keydown
3277100,r,keydown
3277300,m,keydown
3277400,a,keydown
3277700,z,keydown
3277900,i,keydown
3278100,o,keydown
3278200,n,keydown
3278400,i,keydown
3278500, ,keydown
3278700,s,keydown
3278900,u,keydown
3286300,i,keydown
3286400, ,keydown
3286600,c,keydown
3286700,o,keydown
3286900,n,keydown
3287000,t,keydown
3287200,e,keydown
3287400,n,keydown
3287600,u,keydown
3287800,t,keydown
3287900,i,keydown
3288900, ,keydown
3289100,d,keydown
3289200,i,keydown
3289400, ,keydown
3289900,q,keydown
3290000,u,keydown
3290100,e,keydown
3290300,s,keydown
3290500,t,keydown
3290700,e,keydown
3290700, ,keydown
3290900,l,keydown
3291000,a,keydown
3291200,u,keydown
3291500,r,keydown
3291600,e,keydown
3291800,e,keydown
3292300, ,keydown
3292500,e,keydown
3292700, ,keydown
3293900,Backspace,keydown
3294000,Backspace,keydown
3294400,d,keydown
3294500,i,keydown
3294600, ,keydown
3294900,m,keydown
3295200,o,keydown
3295800,d,keydown
3296000,o,keydown
3296100, ,keydown
3296300,c,keydown
3296400,h,keydown
3296500,e,keydown
3296700, ,keydown
3297300,g,keydown
3297400,l,keydown
3297600,i,keydown
3297700, ,keydown
3297900,s,keydown
3298200,t,keydown
3298400,u,keydown
3298600,d,keydown
3298700,e,keydown
3298900,n,keydown
3299000,t,keydown
3299300,i,keydown
3299700, ,keydown
3299900,p,keydown
3300100,o,keydown
3300400,s,keydown
3300500,s,keydown
3300700,a,keydown
3300900,n,keydown
3301100,o,keydown
3301200, ,keydown
3301900,s,keydown
3302200,c,keydown
3302500,e,keydown
3302800,g,keydown
3303000,l,keydown
3303100,i,keydown
3303200,e,keydown
3303400,r,keydown
3303600,e,keydown
3303700, ,keydown
3304000,i,keydown
3304600,n,keydown
3304700, ,keydown
3304900,m,keydown
3305100,o,keydown
3305100,d,keydown
3305300,o,keydown
3305400, ,keydown
3305600,c,keydown
3305700,o,keydown
3305900,n,keydown
3306100,s,keydown
3306300,a,keydown
3307000,p,keydown
3307200,e,keydown
3307500,v,keydown
3307600,o,keydown
3307900,l,keydown
3308000,e,keydown
3308100, ,keydown
3308400,c,keydown
3308600,o,keydown
3309000,s,keydown
3309100,a,keydown
3309200, ,keydown
3310000,f,keydown
3310100,a,keydown
3310300,r,keydown
3310400,e,keydown
3310500, ,keydown
3311100,i,keydown
3311200,l,keydown
3311500, ,keydown
3312000,p,keydown
3312200,r,keydown
3312400,o,keydown
3312700,s,keydown
3312800,s,keydown
3313000,i,keydown
3313100,m,keydown
3313300,o,keydown
3313400, ,keydown
3313700,a,keydown
3313800,n,keydown
3313900,n,keydown
3314100,o,keydown
3314300,#,keydown
3314600, ,keydown
3316200,c,keydown
3316400,r,keydown
3316600,e,keydown
3316900,d,keydown
3317000,o,keydown
3317000, ,keydown
3317200,c,keydown
3317300,h,keydown
3317500,e,keydown
3317600, ,keydown
3317700,o,keydown
3317900,r,keydown
3318100,a,keydown
3318300, ,keydown
3318700,i,keydown
3318800,n,keydown
3319000,v,keydown
3319200,i,keydown
3319500,e,keydown
3321500,r,keydown
3321700,o,keydown
3322300,#,keydown
3322500, ,keydown
3322700,u,keydown
3322800,n,keydown
3323000,a,keydown
3323100, ,keydown
3323200,m,keydown
3323400,a,keydown
3323500,i,keydown
3323800,l,keydown
3323800, ,keydown
3324100,p,keydown
3324300,e,keydown
3324500,r,keydown
3324600, ,keydown
3324900,c,keydown
3325100,h,keydown
3325300,i,keydown
3325400,e,keydown
3325600,d,keydown
3325900,e,keydown
3326000,r,keydown
3326100,e,keydown
3326400, ,keydown
3326600,q,keydown
3326800,u,keydown
3326900,e,keydown
3327100,s,keydown
3327300,t,keydown
3327400,o,keydown
3327600, ,keydown
3327800,t,keydown
3327900,i,keydown
3328100,p,keydown
3328400,o,keydown
3328500, ,keydown
3328700,d,keydown
3329900,Backspace,keydown
3330800,Backspace,keydown
3331000,Backspace,keydown
3331100,Backspace,keydown
3331300,Backspace,keydown
3331700,Backspace,keydown
3332100,c,keydown
3332200,h,keydown
3332400,e,keydown
3332400, ,keydown
3332700,q,keydown
3332900,u,keydown
3333100,e,keydown
3333400,s,keydown
3333900,t,keydown
3334000,o,keydown
3334200, ,keydown
3334500,t,keydown
3334700,i,keydown
3335000,p,keydown
3335200,o,keydown
3335500, ,keydown
3335600,d,keydown
3335700,i,keydown
3335800, ,keydown
3336000,i,keydown
3336100,n,keydown
3336600,f,keydown
3336800,o,keydown
3337100,r,keydown
3337100,m,keydown
3337300,a,keydown
3337500,z,keydown
3337700,i,keydown
3337900,o,keydown
3338100,n,keydown
3338900,e,keydown
3339200, ,keydown
3339600,d,keydown
3340000,Backspace,keydown
3340300,m,keydown
3340600,i,keydown
3340700, ,keydown
3340900,v,keydown
3341100,e,keydown
3341200,n,keydown
3341400,g,keydown
3341600,a,keydown
3341800, ,keydown
3341900,i,keydown
3342100,n,keydown
3342300,v,keydown
3342400,i,keydown
3342600,a,keydown
3342800,t,keydown
3342900,o,keydown
3343100, ,keydown
3343600,q,keydown
3343900,u,keydown
3345000,Backspace,keydown
3345700,Backspace,keydown
3346100,p,keydown
3346400,r,keydown
3346500,i,keydown
3346700,m,keydown
3346800,a,keydown
3346900, ,keydown
3347200,p,keydown
3347400,o,keydown
3347600,s,keydown
3347700,s,keydown
3347900,i,keydown
3348000,b,keydown
3348200,i,keydown
3348400,l,keydown
3348700,e,keydown
3348900,#,keydown
