timestamp,key,type
33815600,Backspace,keydown
33815600,Backspace,keydown
33815600,Backspace,keydown
33815600,Backspace,keydown
33815600,Backspace,keydown
33815600,Backspace,keydown
33815600,Backspace,keydown
33815600,Backspace,keydown
33815600,#,keydown
33815700,e,keydown
33816000,c,keydown
33816200,c,keydown
33816400,o,keydown
33816700,c,keydown
33816800,i,keydown
33817200, ,keydown
33817600,q,keydown
33817700,u,keydown
33817800,i,keydown
33817900, ,keydown
33818100,a,keydown
33818200,n,keydown
33818300,c,keydown
33818500,h,keydown
33818600,e,keydown
33818700, ,keydown
33818900,o,keydown
33819100,g,keydown
33819300,g,keydown
33819400,i,keydown
33819600, ,keydown
33819900,a,keydown
33820100, ,keydown
33820300,f,keydown
33820400,a,keydown
33820700,r,keydown
33820700,e,keydown
33820900, ,keydown
33821100,i,keydown
33821200,l,keydown
33821300, ,keydown
33821500,n,keydown
33821700,o,keydown
33821800,s,keydown
33822000,t,keydown
33822000,r,keydown
33822300,o,keydown
33822400, ,keydown
33822500,c,keydown
33822700,o,keydown
33822700,m,keydown
33822900,p,keydown
33823000,i,keydown
33823200,t,keydown
33823300,i,keydown
33823500,n,keydown
33823600,o,keydown
33824100, ,keydown
33824400,p,keydown
33824600,r,keydown
33824600,i,keydown
33824700,m,keydown
33824900,a,keydown
33825100, ,keydown
33825300,d,keydown
33825300,e,keydown
33825400,l,keydown
33825600,l,keydown
33825700,e,keydown
33825800, ,keydown
33826200,v,keydown
33826300,a,keydown
33826600,c,keydown
33826700,a,keydown
33826900,n,keydown
33827100,z,keydown
33827400,e,keydown
33827500, ,keydown
33827600,d,keydown
33827700,i,keydown
33827800, ,keydown
33828000,n,keydown
33828000,a,keydown
33828300,t,keydown
33828300,a,keydown
33828500,l,keydown
33828600,e,keydown
33829000,Backspace,keydown
33829200,Backspace,keydown
33829300,Backspace,keydown
33829500,Backspace,keydown
33829600,Backspace,keydown
33829800,Backspace,keydown
33830800,#,keydown
33831000,p,keydown
33831100,a,keydown
33831300,s,keydown
33831600,q,keydown
33831800,u,keydown
33832200,a,keydown
33832600,.,keydown
33833000,Enter,keydown
33833200,#,keydown
33833600,a,keydown
33833800, ,keydown
33834000,p,keydown
33834100,r,keydown
33834300,o,keydown
33834400,p,keydown
33834700,o,keydown
33835000,s,keydown
33835100,i,keydown
33835300,t,keydown
33835400,o,keydown
33835400, ,keydown
33835700,f,keydown
33836100,Backspace,keydown
33836300,d,keydown
33836400,i,keydown
33836500, ,keydown
33836900,v,keydown
33837000,a,keydown
33837200,c,keydown
33837400,a,keydown
33837500,b,keydown
33837600,n,keydown
33838200,Backspace,keydown
33839000,Backspace,keydown
33839300,n,keydown
33839500,z,keydown
33839700,e,keydown
33839800, ,keydown
33839900,d,keydown
33840100,i,keydown
33840200, ,keydown
33840500,#,keydown
33840700,p,keydown
33840900,a,keydown
33841100,s,keydown
33841200,q,keydown
33841400,u,keydown
33841600,a,keydown
33842000,",",keydown
33842100, ,keydown
33842300,c,keydown
33842400,h,keydown
33842500,e,keydown
33842600, ,keydown
33842800,f,keydown
33842900,a,keydown
33843000,t,keydown
33843000,e,keydown
33843200, ,keydown
33843400,a,keydown
33843400, ,keydown
33843700,#,keydown
33843800,p,keydown
33844000,a,keydown
33844100,s,keydown
33844300,q,keydown
33845000,u,keydown
33845100,a,keydown
33845900, ,keydown
33845900,#,keydown
33846100,#,keydown
33846300, ,keydown
33848400,c,keydown
33848600,o,keydown
33848700,m,keydown
33848800,e,keydown
33849000, ,keydown
33849400,t,keydown
33849500,u,keydown
33849600,t,keydown
33849800,t,keydown
33850000,i,keydown
33850200, ,keydown
33850800,g,keydown
33850800,l,keydown
33851000,i,keydown
33851000, ,keydown
33851200,a,keydown
33851500,n,keydown
33851600,n,keydown
33851700,i,keydown
33852400,Enter,keydown
33852700,a,keydown
33852900, ,keydown
33853700,p,keydown
33854200,a,keydown
33854500,s,keydown
33854800,q,keydown
33855000,u,keydown
33855200,e,keydown
33855400,t,keydown
33855500,t,keydown
33855600,a,keydown
33855800, ,keydown
33856000,s,keydown
33856200,i,keydown
33856600, ,keydown
33856800,f,keydown
33857000,a,keydown
33857100, ,keydown
33857300,l,keydown
33857400,a,keydown
33857600, ,keydown
33857800,s,keydown
33857800,o,keydown
33858000,l,keydown
33858100,i,keydown
33858400,t,keydown
33858400,a,keydown
33858600, ,keydown
33858800,g,keydown
33859000,r,keydown
33859100,i,keydown
33859300,g,keydown
33859400,l,keydown
33859500,i,keydown
33859700,a,keydown
33859800,t,keydown
33859900,a,keydown
33860000, ,keydown
33860200,c,keydown
33860300,o,keydown
33860500,n,keydown
33860500, ,keydown
33860800,g,keydown
33860900,l,keydown
33861000,i,keydown
33861200, ,keydown
33861300,a,keydown
33861400,m,keydown
33861500,i,keydown
33861700,c,keydown
33861800,i,keydown
33862000, ,keydown
33862100,i,keydown
33862300,n,keydown
33862300, ,keydown
33862500,c,keydown
33862600,a,keydown
33862700,m,keydown
33862900,p,keydown
33863100,a,keydown
33863300,n,keydown
33863600,Backspace,keydown
33863900,g,keydown
33864100,n,keydown
33864100,a,keydown
33864900, ,keydown
33865100,d,keydown
33865200,a,keydown
33865300, ,keydown
33865500,m,keydown
33865500,e,keydown
33865800,.,keydown
33866100,Enter,keydown
33866700,#,keydown
33868800,#,keydown
33869000,s,keydown
33869200,p,keydown
33869300,e,keydown
33869600,r,keydown
33869700,i,keydown
33869900,a,keydown
33870200,m,keydown
33870300,o,keydown
33870400, ,keydown
33871300,i,keydown
33871500,l,keydown
33871500, ,keydown
33871700,t,keydown
33871800,e,keydown
33871900,m,keydown
33872100,p,keydown
33872100,o,keydown
33872300, ,keydown
33872600,s,keydown
33872700,i,keydown
33872800,a,keydown
33873000, ,keydown
33873100,c,keydown
33873200,l,keydown
33873300,e,keydown
33873500,m,keydown
33873600,e,keydown
33873700,n,keydown
33873700,t,keydown
33873900,e,keydown
33874100, ,keydown
33874400,e,keydown
33874600, ,keydown
33875100,c,keydown
33875200,i,keydown
33875400, ,keydown
33875500,s,keydown
33875600,i,keydown
33875700,a,keydown
33875800, ,keydown
33876100,u,keydown
33876200,n,keydown
33876400,a,keydown
33876500, ,keydown
33877100,g,keydown
33877300,r,keydown
33877400,a,keydown
33877700,n,keydown
33877800, ,keydown
33878000,b,keydown
33878100,e,keydown
33878200,l,keydown
33878400,l,keydown
33878600, ,keydown
33880000,Backspace,keydown
33880100,a,keydown
33880500, ,keydown
33880800,g,keydown
33880900,i,keydown
33881000,o,keydown
33881100,r,keydown
33881300,n,keydown
33881400,a,keydown
33881500,t,keydown
33881700,a,keydown
33882000, ,keydown
33882300,c,keydown
33882500,o,keydown
33882600,s,keydown
33882800,i,keydown
33882900,#,keydown
33883200, ,keydown
33883300,p,keydown
33883400,o,keydown
33883600,s,keydown
33883700,s,keydown
33883800,i,keydown
33884000,a,keydown
33884000,m,keydown
33884100,o,keydown
33884400,Enter,keydown
33885300,m,keydown
33885300,a,keydown
33885500,n,keydown
33885700,g,keydown
33886100,i,keydown
33886200,r,keydown
33886400,a,keydown
33886800,Backspace,keydown
33886900,Backspace,keydown
33887000,a,keydown
33887200,r,keydown
33887300,e,keydown
33887500, ,keydown
33887700,a,keydown
33887900,#,keydown
33887900,l,keydown
33888100,l,keydown
33888300,#,keydown
33888400,a,keydown
33888700,p,keydown
33889200,Backspace,keydown
33889400,Backspace,keydown
33889500,Backspace,keydown
33889600,Backspace,keydown
33889800,Backspace,keydown
33889900,Backspace,keydown
33890900,l,keydown
33891000,l,keydown
33891300,#,keydown
33891500,#,keydown
33892200,Backspace,keydown
33893100,#,keydown
33893300,a,keydown
33893500,p,keydown
33893800,e,keydown
33894000,r,keydown
33894100,t,keydown
33894200,o,keydown
33895900, ,keydown
33896100,n,keydown
33896300,e,keydown
33896400,l,keydown
33896500, ,keydown
33897400,g,keydown
33897700,i,keydown
33897900,a,keydown
33898000,r,keydown
33898200,d,keydown
33898500,i,keydown
33898600,n,keydown
33898800,o,keydown
33899100, ,keydown
33899300,d,keydown
33899400,i,keydown
33899500, ,keydown
33899700,c,keydown
33899800,a,keydown
33899900,s,keydown
33900100,a,keydown
33900500,.,keydown
33901100, ,keydown
33901400,#,keydown
33901700,s,keydown
33902000,e,keydown
33902100, ,keydown
33903200,f,keydown
33903400,a,keydown
33903500, ,keydown
33903700,b,keydown
33903900,r,keydown
33904000,i,keydown
33904000,u,keydown
33904200,t,keydown
33904600,Backspace,keydown
33904800,Backspace,keydown
33905500,Backspace,keydown
33905800,u,keydown
33905900,t,keydown
33906100,t,keydown
33906200,o,keydown
33906300, ,keydown
33906500,o,keydown
33906800, ,keydown
33907000,f,keydown
33907100,r,keydown
33907200,e,keydown
33907500,d,keydown
33907700,d,keydown
33907800,o,keydown
33908500,",",keydown
33908900,Enter,keydown
33909200,p,keydown
33909300,o,keydown
33909500,c,keydown
33909600,o,keydown
33909800, ,keydown
33910100,i,keydown
33910200,m,keydown
33910300,p,keydown
33910500,o,keydown
33910800,r,keydown
33911000,t,keydown
33911100,a,keydown
33911700,",",keydown
33911800, ,keydown
33912000,m,keydown
33912100,a,keydown
33912300,n,keydown
33912500,g,keydown
33912700,e,keydown
33913000,r,keydown
33913100,e,keydown
33913200,m,keydown
33913700,o,keydown
33913900, ,keydown
33914500,n,keydown
33914700,e,keydown
33915200,Backspace,keydown
33915400,Backspace,keydown
33915400,a,keydown
33915600,l,keydown
33915700, ,keydown
33916000,c,keydown
33916100,o,keydown
33916300,p,keydown
33916400,e,keydown
33916600,r,keydown
33916700,t,keydown
33916900,o,keydown
33917000, ,keydown
33917300,n,keydown
33917500,e,keydown
33917600,l,keydown
33917700, ,keydown
33918100,g,keydown
33918100,a,keydown
33918300,r,keydown
33918400,a,keydown
33918500,g,keydown
33918700,e,keydown
33919100,.,keydown
33919300, ,keydown
33919500,#,keydown
33919600,v,keydown
33919900,e,keydown
33919900,n,keydown
33920000,i,keydown
33920300,t,keydown
33920500,e,keydown
33920700, ,keydown
33921400,v,keydown
33921500,e,keydown
33921800,s,keydown
33922000,t,keydown
33922100,i,keydown
33922300,t,keydown
33922400,i,keydown
33922700, ,keydown
33923100,d,keydown
33923200,a,keydown
33923700,Enter,keydown
33924200,l,keydown
33924300,a,keydown
33924500,v,keydown
33924700,o,keydown
33925000,r,keydown
33925100,a,keydown
33925500,t,keydown
33925700,o,keydown
33925900,r,keydown
33926000,i,keydown
33926100, ,keydown
33926500,d,keydown
33926500,e,keydown
33926600,i,keydown
33926800, ,keydown
33927200,c,keydown
33927300,a,keydown
33927500,m,keydown
33927600,p,keydown
33927800,i,keydown
33928100,",",keydown
33928200, ,keydown
33928300,p,keydown
33928400,e,keydown
33928600,r,keydown
33928700,c,keydown
33928900,h,keydown
33928900,e,keydown
33929000,#,keydown
33929200, ,keydown
33929400,p,keydown
33929600,e,keydown
33929700,r,keydown
33929800, ,keydown
33930000,o,keydown
33930200,t,keydown
33930400,t,keydown
33930500,e,keydown
33930700,n,keydown
33930700,e,keydown
33931000,t,keydown
33931500,Backspace,keydown
33931700,r,keydown
33931800,e,keydown
33931900, ,keydown
33932700,i,keydown
33932700,l,keydown
33932800, ,keydown
33933100,p,keydown
33933100,i,keydown
33933300,a,keydown
33933400,t,keydown
33933600,t,keydown
33933700,o,keydown
33933900, ,keydown
33935000,d,keydown
33935200,i,keydown
33935200, ,keydown
33935500,c,keydown
33935600,i,keydown
33935800,b,keydown
33936000,o,keydown
33936300, ,keydown
33936800,d,keydown
33936800,o,keydown
33937100,v,keydown
33937200,r,keydown
33937300,e,keydown
33937400,t,keydown
33937600,e,keydown
33937800, ,keydown
33938700,Enter,keydown
33943100,f,keydown
33943200,a,keydown
33943300,r,keydown
33943300,e,keydown
33943600, ,keydown
33943700,a,keydown
33943800,l,keydown
33944000,c,keydown
33944100,u,keydown
33944200,n,keydown
33944400,i,keydown
33944500, ,keydown
33944800,l,keydown
33944900,a,keydown
33945100,v,keydown
33945300,o,keydown
33945400,r,keydown
33945500,e,keydown
33945700,t,keydown
33945900,t,keydown
33946000,i,keydown
33946600,",",keydown
33946700, ,keydown
33946900,c,keydown
33947000,o,keydown
33947100,m,keydown
33947200,e,keydown
33947500, ,keydown
33947600,s,keydown
33947800,i,keydown
33947900,s,keydown
33948000,t,keydown
33948100,e,keydown
33948300,m,keydown
33948400,a,keydown
33948700,r,keydown
33948800,e,keydown
33949000, ,keydown
33949800,e,keydown
33949900, ,keydown
33950400,m,keydown
33950600,e,keydown
33950700,t,keydown
33950900,t,keydown
33950900,e,keydown
33951000,r,keydown
33951200,e,keydown
33951300, ,keydown
33951500,i,keydown
33951600,n,keydown
33951700, ,keydown
33951900,o,keydown
33952000,r,keydown
33952400,d,keydown
33952500,i,keydown
33952700,n,keydown
33952800,e,keydown
33953000, ,keydown
33953400,p,keydown
33953400,o,keydown
33953500,a,keydown
33953700,r,keydown
33953800,t,keydown
33954000,e,keydown
33954200, ,keydown
33954600,d,keydown
33954600,e,keydown
33954800,l,keydown
33955300,Enter,keydown
33955700,c,keydown
33955800,a,keydown
33955900,s,keydown
33956100,i,keydown
33956300,n,keydown
33956400,o,keydown
33956600, ,keydown
33956800,c,keydown
33957100,h,keydown
33957200,e,keydown
33957300, ,keydown
33958100,c,keydown
33958500,#,keydown
33958700,e,keydown
33958800,#,keydown
33959000, ,keydown
33968700,i,keydown
33969000,n,keydown
33969000, ,keydown
33970000,c,keydown
33970100,a,keydown
33970300,m,keydown
33970600,p,keydown
33970700,a,keydown
33970900,g,keydown
33971100,n,keydown
33971300,a,keydown
33971400,.,keydown
33972300, ,keydown
33973600,#,keydown
33974900,d,keydown
33975100,i,keydown
33975300,r,keydown
33975300,e,keydown
33975600,i,keydown
33975700, ,keydown
33976000,c,keydown
33976100,h,keydown
33976200,e,keydown
33976500, ,keydown
33978100,l,keydown
33978300,#,keydown
33978500,a,keydown
33978700,p,keydown
33978700,p,keydown
33979000,u,keydown
33979500,n,keydown
33979600,a,keydown
33979900,t,keydown
33980300,a,keydown
33981000,Backspace,keydown
33981100,Backspace,keydown
33981500,Backspace,keydown
33982200,y,keydown
33982700,Backspace,keydown
33982900,t,keydown
33983000,a,keydown
33983200,m,keydown
33983300,e,keydown
33983400,n,keydown
33983600,t,keydown
33983700,o,keydown
33983800, ,keydown
33984100,p,keydown
33984200,o,keydown
33984500,t,keydown
33984500,r,keydown
33984700,e,keydown
33985100,b,keydown
33985300,b,keydown
33985400,e,keydown
33985500, ,keydown
33985800,s,keydown
33986100,Backspace,keydown
33986300,e,keydown
33986500,s,keydown
33986600,s,keydown
33986800,e,keydown
33986900,r,keydown
33987000,e,keydown
33988000,Enter,keydown
33988300,a,keydown
33990800,l,keydown
33990900,l,keydown
33991000,a,keydown
33991200, ,keydown
33991500,c,keydown
33991500,a,keydown
33991600,s,keydown
33991800,a,keydown
33992000, ,keydown
33992900,v,keydown
33993000,e,keydown
33993100,r,keydown
33993300,o,keydown
33993700,Backspace,keydown
33993900,s,keydown
33994400,o,keydown
33994800, ,keydown
33995200,l,keydown
33995400,e,keydown
33995500, ,keydown
33995600,1,keydown
33995900,1,keydown
33997000,#,keydown
33997200,#,keydown
33997500,0,keydown
33997600,0,keydown
33997800, ,keydown
33998100,i,keydown
33998900,n,keydown
33998900, ,keydown
33999100,m,keydown
33999200,o,keydown
33999400,d,keydown
33999500,o,keydown
33999500, ,keydown
33999900,d,keydown
33999900,a,keydown
34000000, ,keydown
34000300,a,keydown
34000500,v,keydown
34000600,e,keydown
34000700,r,keydown
34000900,e,keydown
34001000, ,keydown
34001300,i,keydown
34001500,l,keydown
34001600, ,keydown
34001800,t,keydown
34001800,e,keydown
34002000,m,keydown
34002000,p,keydown
34002200,o,keydown
34002300, ,keydown
34002500,p,keydown
34002600,e,keydown
34002600,r,keydown
34002800, ,keydown
34003000,s,keydown
34003400,Backspace,keydown
34003600,a,keydown
34003800,c,keydown
34003900,c,keydown
34004000,e,keydown
34004300,n,keydown
34004500,d,keydown
34004600,e,keydown
34004800,r,keydown
34004900,e,keydown
34005100, ,keydown
34005200,i,keydown
34005400,l,keydown
34005400, ,keydown
34005700,f,keydown
34005700,u,keydown
34005900,o,keydown
34006000,c,keydown
34006200,o,keydown
34006500, ,keydown
34007400,Enter,keydown
34007800,e,keydown
34008300, ,keydown
34008500,p,keydown
34008500,#,keydown
34008600,r,keydown
34008700,e,keydown
34008800,p,keydown
34008900,a,keydown
34009200,r,keydown
34009400,a,keydown
34009700,r,keydown
34009800,e,keydown
34010000, ,keydown
34010400,i,keydown
34010600,l,keydown
34010600, ,keydown
34010900,c,keydown
34011400,i,keydown
34011500,b,keydown
34011700,o,keydown
34012000,.,keydown
34012300, ,keydown
34012700,#,keydown
34013600,c,keydown
34014000,o,keydown
34014200,m,keydown
34014300,e,keydown
34014400, ,keydown
34014600,s,keydown
34014800,e,keydown
34014900,m,keydown
34015000,p,keydown
34015200,r,keydown
34015200,e,keydown
34015600,",",keydown
34015700, ,keydown
34016200,n,keydown
34016400,o,keydown
34016500,n,keydown
34016700, ,keydown
34017100,v,keydown
34017200,i,keydown
34017300, ,keydown
34017500,a,keydown
34017800,s,keydown
34017900,p,keydown
34018100,e,keydown
34018200,t,keydown
34018300,t,keydown
34018500,a,keydown
34018600,n,keydown
34019100,Backspace,keydown
34019200,t,keydown
34019300,e,keydown
34019500, ,keydown
34019900,u,keydown
34020100,n,keydown
34020200, ,keydown
34020700,g,keydown
34020900,r,keydown
34021100,a,keydown
34021200,n,keydown
34021500, ,keydown
34021700,p,keydown
34022200,r,keydown
34022400,a,keydown
34022700,n,keydown
34022800,z,keydown
34023000,o,keydown
34023300,",",keydown
34023500, ,keydown
34023600,m,keydown
34023800,a,keydown
34024700, ,keydown
34024800,s,keydown
34024900,o,keydown
34025100,l,keydown
34025300,o,keydown
34025500,Enter,keydown
34026000,v,keydown
34026100,e,keydown
34026200,r,keydown
34026400,d,keydown
34026700,u,keydown
34026900,r,keydown
34026900,e,keydown
34027000, ,keydown
34027200,a,keydown
34027300,l,keydown
34027500,l,keydown
34027600,a,keydown
34027600, ,keydown
34027900,g,keydown
34028200,r,keydown
34028400,i,keydown
34028600,g,keydown
34028800,l,keydown
34028800,i,keydown
34029000,a,keydown
34029800,",",keydown
34029900, ,keydown
34030300,o,keydown
34030400, ,keydown
34030600,i,keydown
34030800,n,keydown
34030800, ,keydown
34031100,i,keydown
34031300,n,keydown
34031500,s,keydown
34031600,a,keydown
34031800,l,keydown
34031900,a,keydown
34032100,t,keydown
34032200,a,keydown
34032700,",",keydown
34032900, ,keydown
34033300,e,keydown
34033500, ,keydown
34034100,Backspace,keydown
34034300,Backspace,keydown
34034500,s,keydown
34034600,p,keydown
34035000,i,keydown
34035100,e,keydown
34035400,d,keydown
34035600,i,keydown
34035700,n,keydown
34035800,i,keydown
34036400, ,keydown
34037900,p,keydown
34037900,e,keydown
34038000,r,keydown
34038200, ,keydown
34038500,t,keydown
34038700,u,keydown
34038700,t,keydown
34038900,t,keydown
34039000,i,keydown
34039100, ,keydown
34039200,i,keydown
34039300, ,keydown
34039700,g,keydown
34039800,u,keydown
34040000,s,keydown
34040200,t,keydown
34040300,i,keydown
34040600, ,keydown
34040800,e,keydown
34041500,Enter,keydown
34042100,b,keydown
34042300,i,keydown
34042400,s,keydown
34042600,t,keydown
34042700,e,keydown
34042900,c,keydown
34043100,c,keydown
34043200,a,keydown
34043500,z,keydown
34043600,z,keydown
34043800,e,keydown
34044000, ,keydown
34044200,c,keydown
34044600,Backspace,keydown
34044800,d,keydown
34044800,i,keydown
34044900, ,keydown
34045200,c,keydown
34045300,a,keydown
34045500,r,keydown
34045600,n,keydown
34045800,e,keydown
34045900, ,keydown
34046100,a,keydown
34046300,l,keydown
34046300,l,keydown
34046500,a,keydown
34046700, ,keydown
34046900,g,keydown
34047000,r,keydown
34047300,i,keydown
34047600,g,keydown
34047700,l,keydown
34047800,i,keydown
34048000,a,keydown
34049500,.,keydown
34049800, ,keydown
34050000,#,keydown
34050200,i,keydown
34050300,n,keydown
34050300, ,keydown
34050600,r,keydown
34050800,e,keydown
34051000,a,keydown
34051100,l,keydown
34051300,t,keydown
34051400,a,keydown
34051600,#,keydown
34051900,",",keydown
34052100, ,keydown
34054100,u,keydown
34054200,s,keydown
34054400,e,keydown
34054500,r,keydown
34054700,e,keydown
34055200,m,keydown
34055500,k,keydown
34055600,o,keydown
34056100,Backspace,keydown
34056300,Backspace,keydown
34056600,o,keydown
34056800, ,keydown
34057400,l,keydown
34057500,a,keydown
34057600, ,keydown
34057700,p,keydown
34057900,i,keydown
34058100,e,keydown
34058400,t,keydown
34058500,r,keydown
34058700,a,keydown
34058900, ,keydown
34059100,e,keydown
34059200, ,keydown
34059300,n,keydown
34059500,o,keydown
34059600,n,keydown
34059700, ,keydown
34059900,l,keydown
34060000,a,keydown
34060100, ,keydown
34060300,g,keydown
34060500,r,keydown
34060600,i,keydown
34060800,g,keydown
34061000,l,keydown
34061100,i,keydown
34061100,a,keydown
34061600,Enter,keydown
34062300,p,keydown
34062400,e,keydown
34062500,r,keydown
34062800,c,keydown
34062900,h,keydown
34062900,e,keydown
34063100,#,keydown
34063300, ,keydown
34063700,s,keydown
34063900,e,keydown
34064100,c,keydown
34064300,o,keydown
34064700,n,keydown
34065000,d,keydown
34065200,o,keydown
34065300, ,keydown
34065500,m,keydown
34065500,e,keydown
34065700, ,keydown
34065800,l,keydown
34066000,a,keydown
34066100, ,keydown
34066300,c,keydown
34066800,a,keydown
34067100,r,keydown
34067300,n,keydown
34067500,e,keydown
34067800, ,keydown
34068400,v,keydown
34068600,i,keydown
34068800,e,keydown
34068900,n,keydown
34069000,e,keydown
34069100, ,keydown
34069600,p,keydown
34069800,i,keydown
34070000,u,keydown
34070200,#,keydown
34070400, ,keydown
34070900,s,keydown
34070900,a,keydown
34071000,p,keydown
34071100,o,keydown
34071400,r,keydown
34071700,i,keydown
34072000,t,keydown
34072000,a,keydown
34072500,.,keydown
34073500,Backspace,keydown
34073700,Backspace,keydown
34074500,a,keydown
34074700, ,keydown
34074900,s,keydown
34075000,u,keydown
34075200,l,keydown
34075400,l,keydown
34075500,a,keydown
34075600, ,keydown
34075800,p,keydown
34076000,i,keydown
34076200,e,keydown
34076400,t,keydown
34076500,r,keydown
34076600,a,keydown
34077500,.,keydown
34078300, ,keydown
34078600,#,keydown
34078700,i,keydown
34078900,n,keydown
34079100,f,keydown
34079300,i,keydown
34079400,n,keydown
34079600,e,keydown
34079900,",",keydown
34080100,Enter,keydown
34080300,p,keydown
34080400,e,keydown
34080500,r,keydown
34080600, ,keydown
34080800,t,keydown
34080800,a,keydown
34081200,p,keydown
34081400,p,keydown
34081500,a,keydown
34081600,r,keydown
34081800,e,keydown
34081900, ,keydown
34082200,o,keydown
34082500,g,keydown
34082600,n,keydown
34082800,i,keydown
34083000, ,keydown
34083400,b,keydown
34083700,u,keydown
34083900,c,keydown
34084000,o,keydown
34084100, ,keydown
34084800,r,keydown
34085200,e,keydown
34085400,s,keydown
34085600,i,keydown
34085800,d,keydown
34085900,u,keydown
34086100,o,keydown
34086400,",",keydown
34086700, ,keydown
34088400,f,keydown
34088500,a,keydown
34088600,c,keydown
34088800,v,keydown
34089600,i,keydown
34089800,a,keydown
34089900,m,keydown
34090100,o,keydown
34090500,Backspace,keydown
34090700,Backspace,keydown
34090800,Backspace,keydown
34091100,Backspace,keydown
34091700,Backspace,keydown
34091900,c,keydown
34092000,i,keydown
34092200,a,keydown
34092300,m,keydown
34092400,o,keydown
34092500, ,keydown
34092700,l,keydown
34092800,a,keydown
34093000, ,keydown
34093500,s,keydown
34093800,c,keydown
34094100,a,keydown
34094600,m,keydown
34094800,o,keydown
34094900,r,keydown
34095100,z,keydown
34095200,a,keydown
34095400, ,keydown
34096100,a,keydown
34096100,f,keydown
34096300,f,keydown
34096500,u,keydown
34096700,m,keydown
34097100,i,keydown
34097300,c,keydown
34097400,a,keydown
34097500,t,keydown
34097500,a,keydown
34097700, ,keydown
34098700,a,keydown
34099100,Backspace,keydown
34099200,s,keydown
34099300,u,keydown
34099500,l,keydown
34099700,l,keydown
34099800,a,keydown
34100300,Enter,keydown
34100600,p,keydown
34100700,i,keydown
34100900,a,keydown
34101100,s,keydown
34101300,t,keydown
34101300,r,keydown
34101600,a,keydown
34102000,.,keydown
34103000, ,keydown
34103700,#,keydown
34104000,b,keydown
34104200,e,keydown
34104300,n,keydown
34104500,e,keydown
34104800,",",keydown
34104900, ,keydown
34105000,s,keydown
34105100,p,keydown
34105300,e,keydown
34105500,r,keydown
34105600,o,keydown
34105800, ,keydown
34105900,c,keydown
34106000,h,keydown
34106100,e,keydown
34106200, ,keydown
34106600,a,keydown
34106700,n,keydown
34106800,c,keydown
34106900,h,keydown
34107100,e,keydown
34107200, ,keydown
34107600,p,keydown
34107700,e,keydown
34107800,r,keydown
34107900, ,keydown
34108100,o,keydown
34108400,g,keydown
34108500,g,keydown
34108600,i,keydown
34108700, ,keydown
34109200,q,keydown
34109300,u,keydown
34109500,e,keydown
34109600,s,keydown
34109800,t,keydown
34110000,i,keydown
34110000,o,keydown
34110100, ,keydown
34110400,Backspace,keydown
34111000,Backspace,keydown
34111400,Backspace,keydown
34111700,o,keydown
34111800, ,keydown
34112200,s,keydown
34112400,i,keydown
34112500,a,keydown
34112700, ,keydown
34112800,s,keydown
34113100,i,keydown
34113100,u,keydown
34113200,f,keydown
34113400,f,keydown
34113500,i,keydown
34113700,c,keydown
34113700,i,keydown
34113900,e,keydown
34114200,n,keydown
34114300,t,keydown
34114300,e,keydown
34114500, ,keydown
34114600,a,keydown
34114700,l,keydown
34114800, ,keydown
34115000,t,keydown
34115200,u,keydown
34115300,o,keydown
34116300, ,keydown
34116700,Backspace,keydown
34116800,Enter,keydown
34117100,e,keydown
34117200,p,keydown
34117600,Backspace,keydown
34117900,s,keydown
34118600,p,keydown
34119000,e,keydown
34119300,r,keydown
34119500,i,keydown
34119700,m,keydown
34119800,e,keydown
34120000,n,keydown
34120100,t,keydown
34120200,o,keydown
34120700,",",keydown
34121000, ,keydown
34121400,e,keydown
34122400,Backspace,keydown
34122600,c,keydown
34122800,i,keydown
34122900, ,keydown
34123200,r,keydown
34123400,i,keydown
34123600,v,keydown
34123700,e,keydown
34123900,d,keydown
34124000,i,keydown
34124200,a,keydown
34124200,m,keydown
34124300,o,keydown
34124400, ,keydown
34124700,l,keydown
34124900,a,keydown
34124900, ,keydown
34125200,p,keydown
34125200,#,keydown
34125400,r,keydown
34125800,Backspace,keydown
34126100,Backspace,keydown
34126300,Backspace,keydown
34127000,p,keydown
34127400,r,keydown
34127600,o,keydown
34127900,s,keydown
34128000,s,keydown
34128100,i,keydown
34128300,m,keydown
34128400,a,keydown
34128600, ,keydown
34129200,v,keydown
34129200,o,keydown
34129400,l,keydown
34129700,t,keydown
34129900,a,keydown
34130200,.,keydown
34130700, ,keydown
34130900,#,keydown
34131000,c,keydown
34131200,i,keydown
34131300,a,keydown
34131500,o,keydown
34131600, ,keydown
34131800,m,keydown
34132300,Backspace,keydown
34132300,#,keydown
34132500,m,keydown
34132700,a,keydown
34132900,r,keydown
34133000,c,keydown
34133200,o,keydown
