timestamp,key,type
47462600,Backspace,keydown
47462600,Backspace,keydown
47462600,Backspace,keydown
47462600,Backspace,keydown
47462600,Backspace,keydown
47462600,Backspace,keydown
47462600,Backspace,keydown
47462600,Backspace,keydown
47462700,#,keydown
47463000,e,keydown
47463200,c,keydown
47463400,c,keydown
47463600,o,keydown
47463800,m,keydown
47463800,i,keydown
47464000, ,keydown
47464200,q,keydown
47464500,u,keydown
47464700,a,keydown
47464700, ,keydown
47465200,p,keydown
47465200,e,keydown
47465400,r,keydown
47465400, ,keydown
47466200,",",keydown
47466300, ,keydown
47466600,f,keydown
47466700,o,keydown
47466800,r,keydown
47467000,s,keydown
47467100,e,keydown
47467200, ,keydown
47467800,",",keydown
47468000, ,keydown
47468100,l,keydown
47468900,#,keydown
47469300,u,keydown
47469600,l,keydown
47469600,t,keydown
47469800,i,keydown
47469800,m,keydown
47470100,a,keydown
47470100, ,keydown
47470300,s,keydown
47470300,c,keydown
47470600,r,keydown
47470700,i,keydown
47470900,t,keydown
47471200,t,keydown
47471400,u,keydown
47471500,t,keydown
47471700,a,keydown
47472300,Backspace,keydown
47472400,Backspace,keydown
47472500,r,keydown
47472600,a,keydown
47472900, ,keydown
47473500,d,keydown
47473600,e,keydown
47474300,l,keydown
47474400,l,keydown
47474600,a,keydown
47474700, ,keydown
47475100,m,keydown
47475300,a,keydown
47475600,i,keydown
47475900,Backspace,keydown
47476100,Backspace,keydown
47476400,i,keydown
47476400,a,keydown
47476600, ,keydown
47476900,i,keydown
47477100,n,keydown
47477200,v,keydown
47477500,e,keydown
47477700,n,keydown
47478000,z,keydown
47478000,i,keydown
47478100,o,keydown
47478300,n,keydown
47478400,e,keydown
47479200,Enter,keydown
47479600,q,keydown
47479700,u,keydown
47479800,i,keydown
47480400,Backspace,keydown
47481000,o,keydown
47481200,t,keydown
47481200,i,keydown
47481700,d,keydown
47481700,i,keydown
47481900,a,keydown
47481900,n,keydown
47482000,a,keydown
47482800,.,keydown
47483000, ,keydown
47483200,#,keydown
47483500,s,keydown
47483500,o,keydown
47483600,n,keydown
47483800,o,keydown
47483900, ,keydown
47484000,a,keydown
47484100,p,keydown
47484300,p,keydown
47484500,e,keydown
47484600,n,keydown
47484800,a,keydown
47484900, ,keydown
47485300,t,keydown
47485400,o,keydown
47485600,r,keydown
47485900,n,keydown
47486000,a,keydown
47486100,t,keydown
47486300,o,keydown
47486300, ,keydown
47486600,d,keydown
47486600,a,keydown
47486600, ,keydown
47486900,p,keydown
47486900,r,keydown
47487000,a,keydown
47487300,n,keydown
47487400,z,keydown
47487500,o,keydown
47487800,",",keydown
47487900, ,keydown
47488000,p,keydown
47488100,e,keydown
47488300,r,keydown
47488300, ,keydown
47488700,c,keydown
47489300,u,keydown
47489300,i,keydown
47489400, ,keydown
47490100,n,keydown
47490200,o,keydown
47490300,n,keydown
47490400, ,keydown
47490700,s,keydown
47490800,o,keydown
47490800, ,keydown
47491000,c,keydown
47491100,h,keydown
47491200,e,keydown
47492000,Enter,keydown
47492200,c,keydown
47492600,o,keydown
47492800,s,keydown
47492900,a,keydown
47493000, ,keydown
47493300,t,keydown
47493400,i,keydown
47493600, ,keydown
47493700,s,keydown
47493700,c,keydown
47494000,r,keydown
47494000,i,keydown
47494100,o,keydown
47494200,v,keydown
47494300,e,keydown
47495100,Backspace,keydown
47495300,Backspace,keydown
47495500,Backspace,keydown
47496100,v,keydown
47496100,e,keydown
47496200,r,keydown
47496500,o,keydown
47496800,#,keydown
47497300,",",keydown
47497300, ,keydown
47497600,s,keydown
47497600,e,keydown
47497700, ,keydown
47498000,s,keydown
47498100,a,keydown
47498300,r,keydown
47498400,a,keydown
47498800,#,keydown
47498800, ,keydown
47499400,u,keydown
47499500,t,keydown
47499500,i,keydown
47499800,l,keydown
47499800,e,keydown
47500500,",",keydown
47500900, ,keydown
47501500,m,keydown
47501600,a,keydown
47501700, ,keydown
47501900,f,keydown
47502000,o,keydown
47502300,r,keydown
47502500,s,keydown
47502600,e,keydown
47502900,",",keydown
47502900, ,keydown
47503100,u,keydown
47503300,n,keydown
47503400, ,keydown
47503800,g,keydown
47504200,i,keydown
47504300,o,keydown
47504500,r,keydown
47504700,n,keydown
47504800,o,keydown
47504900, ,keydown
47505200,t,keydown
47505300,i,keydown
47505400, ,keydown
47505900,s,keydown
47505900,c,keydown
47506200,r,keydown
47506300,i,keydown
47506300,v,keydown
47506400,e,keydown
47506600,r,keydown
47507000,o,keydown
47507600,Enter,keydown
47508700,q,keydown
47508900,u,keydown
47509100,a,keydown
47509200,l,keydown
47509400,c,keydown
47509400,o,keydown
47509500,s,keydown
47509700,a,keydown
47509700, ,keydown
47509900,a,keydown
47510100,n,keydown
47510200,c,keydown
47510300,h,keydown
47510400,e,keydown
47510500, ,keydown
47510600,i,keydown
47510600,n,keydown
47510800, ,keydown
47511000,i,keydown
47511000,n,keydown
47511300,g,keydown
47511400,l,keydown
47511600,e,keydown
47511800,s,keydown
47511800,e,keydown
47512400,.,keydown
47513900, ,keydown
47514400,#,keydown
47515000,t,keydown
47515300,r,keydown
47515500,a,keydown
47515700, ,keydown
47516000,p,keydown
47516100,o,keydown
47516400,c,keydown
47516400,o,keydown
47516500, ,keydown
47516700,d,keydown
47516700,e,keydown
47517300,v,keydown
47517300,o,keydown
47517400, ,keydown
47517700,a,keydown
47517800,n,keydown
47517900,d,keydown
47518000,a,keydown
47518100,r,keydown
47518300,e,keydown
47518600, ,keydown
47518600,a,keydown
47518800, ,keydown
47519100,f,keydown
47519200,a,keydown
47519300,r,keydown
47519400,e,keydown
47519400, ,keydown
47519800,l,keydown
47519900,e,keydown
47520200,z,keydown
47520200,i,keydown
47520400,o,keydown
47520400,n,keydown
47520600,e,keydown
47523200,.,keydown
47527700,Enter,keydown
47527800,#,keydown
47528100,s,keydown
47528400,t,keydown
47528500,a,keydown
47528600,m,keydown
47528800,a,keydown
47528900,t,keydown
47529100,t,keydown
47529200,i,keydown
47529300,n,keydown
47529400,a,keydown
47529600, ,keydown
47529600,m,keydown
47529700,i,keydown
47529700, ,keydown
47530000,s,keydown
47530100,o,keydown
47530300,n,keydown
47530400,o,keydown
47530500, ,keydown
47530700,a,keydown
47530800,l,keydown
47531100,z,keydown
47531200,a,keydown
47531500,t,keydown
47531500,o,keydown
47531600, ,keydown
47531900,p,keydown
47532000,r,keydown
47532000,e,keydown
47532300,s,keydown
47532600,t,keydown
47532800,o,keydown
47533800,.,keydown
47534000, ,keydown
47534400,#,keydown
47534700,h,keydown
47535000,o,keydown
47535100, ,keydown
47535300,u,keydown
47535300,n,keydown
47535400, ,keydown
47535700,s,keydown
47535800,o,keydown
47536100,n,keydown
47536200,n,keydown
47536400,o,keydown
47536700, ,keydown
47537200,e,keydown
47537400,l,keydown
47537500,e,keydown
47538000,v,keydown
47538100,a,keydown
47538300,t,keydown
47538400,o,keydown
47538800,",",keydown
47538900, ,keydown
47539100,s,keydown
47539300,u,keydown
47539600,b,keydown
47539800,i,keydown
47540000,t,keydown
47540000,o,keydown
47540100, ,keydown
47540500,d,keydown
47540600,o,keydown
47540800,p,keydown
47540800,o,keydown
47541200,Enter,keydown
47541700,p,keydown
47541900,r,keydown
47542000,a,keydown
47542100,n,keydown
47542400,z,keydown
47542500,o,keydown
47542800,",",keydown
47542900, ,keydown
47543000,a,keydown
47543200,n,keydown
47543400,c,keydown
47543500,h,keydown
47543500,e,keydown
47543600, ,keydown
47543800,p,keydown
47544000,e,keydown
47544000,r,keydown
47544300,c,keydown
47544300,h,keydown
47544400,e,keydown
47545100,#,keydown
47545200, ,keydown
47545400,n,keydown
47545500,o,keydown
47545600,n,keydown
47545800, ,keydown
47545900,h,keydown
47546100,o,keydown
47546200, ,keydown
47546400,p,keydown
47546400,r,keydown
47546500,e,keydown
47546700,s,keydown
47546700,o,keydown
47547000, ,keydown
47547200,i,keydown
47547300,l,keydown
47547500, ,keydown
47548000,c,keydown
47548000,a,keydown
47548800,f,keydown
47548800,f,keydown
47549000,e,keydown
47549500,#,keydown
47549800,.,keydown
47550000, ,keydown
47551100,#,keydown
47551200,c,keydown
47551400,h,keydown
47551600,i,keydown
47551800,s,keydown
47552000,s,keydown
47552000,a,keydown
47552600,#,keydown
47552600, ,keydown
47553000,s,keydown
47553200,e,keydown
47553400, ,keydown
47554200,i,keydown
47554500, ,keydown
47554700,m,keydown
47554700,i,keydown
47554900,e,keydown
47555100,i,keydown
47555400, ,keydown
47557100,p,keydown
47557400,u,keydown
47557500,n,keydown
47557700,t,keydown
47557700,e,keydown
47558000,g,keydown
47558100,g,keydown
47558200,i,keydown
47558500,Enter,keydown
47559500,c,keydown
47559700,o,keydown
47559800,n,keydown
47560000,s,keydown
47560200,e,keydown
47560300,n,keydown
47560700,t,keydown
47560900,o,keydown
47561000,n,keydown
47561100,o,keydown
47561300, ,keydown
47561500,d,keydown
47561500,i,keydown
47561700,r,keydown
47561900,i,keydown
47562000,c,keydown
47562100,o,keydown
47562300,n,keydown
47562400,o,keydown
47562600,s,keydown
47562600,c,keydown
47562800,e,keydown
47562900,r,keydown
47563100,m,keydown
47563200,i,keydown
47563700,.,keydown
47563900, ,keydown
47563900,#,keydown
47564200,c,keydown
47564300,e,keydown
47564400,r,keydown
47564600,t,keydown
47564800,o,keydown
47564900, ,keydown
47565000,c,keydown
47565200,h,keydown
47565300,e,keydown
47565400, ,keydown
47565800,l,keydown
47566000,#,keydown
47566300,i,keydown
47566400,d,keydown
47566600,e,keydown
47566800,a,keydown
47567000, ,keydown
47567400,d,keydown
47567500,i,keydown
47567700, ,keydown
47567800,s,keydown
47567800,c,keydown
47568100,r,keydown
47568200,i,keydown
47569200,v,keydown
47569200,e,keydown
47569500,r,keydown
47569500,e,keydown
47569600, ,keydown
47570000,c,keydown
47570000,o,keydown
47570000,n,keydown
47570200, ,keydown
47570300,u,keydown
47570400,n,keydown
47570500,a,keydown
47570700, ,keydown
47570800,c,keydown
47570800,o,keydown
47571200,Backspace,keydown
47571300,Backspace,keydown
47571400,s,keydown
47571600,o,keydown
47571800,l,keydown
47572100,a,keydown
47572200,Enter,keydown
47573100,m,keydown
47573200,a,keydown
47573200,n,keydown
47573300,o,keydown
47573500, ,keydown
47573600,e,keydown
47573800,r,keydown
47573900,a,keydown
47574000, ,keydown
47574300,b,keydown
47574300,e,keydown
47574600,l,keydown
47574700,l,keydown
47575000,a,keydown
47575800,",",keydown
47576000, ,keydown
47576800,c,keydown
47577000,o,keydown
47577100,m,keydown
47577200,u,keydown
47577500,n,keydown
47578100,q,keydown
47578400,u,keydown
47578500,e,keydown
47578600, ,keydown
47580500,t,keydown
47580700,i,keydown
47580800, ,keydown
47582300,f,keydown
47582500,a,keydown
47582600,r,keydown
47582700,o,keydown
47583000,#,keydown
47583300, ,keydown
47583400,a,keydown
47583600,n,keydown
47583700,c,keydown
47583900,h,keydown
47584000,e,keydown
47584000, ,keydown
47584600,u,keydown
47584600,n,keydown
47584700, ,keydown
47585100,s,keydown
47585200,o,keydown
47585400,l,keydown
47585600,o,keydown
47585700, ,keydown
47586000,c,keydown
47586100,a,keydown
47586500,m,keydown
47586700,p,keydown
47586800,i,keydown
47586900,o,keydown
47587000,n,keydown
47587200,e,keydown
47587300, ,keydown
47587400,i,keydown
47587500,n,keydown
47587600, ,keydown
47587900,i,keydown
47587900,n,keydown
47588100,g,keydown
47588300,l,keydown
47588400,e,keydown
47588600,s,keydown
47588600,e,keydown
47589100,",",keydown
47589200, ,keydown
47589400,o,keydown
47589500, ,keydown
47589700,i,keydown
47589800,n,keydown
47589900, ,keydown
47590200,g,keydown
47590300,f,keydown
47590400,r,keydown
47590800,Backspace,keydown
47591100,Backspace,keydown
47591100,f,keydown
47591200,r,keydown
47591800,Backspace,keydown
47591900,Backspace,keydown
47592000,Backspace,keydown
47592400,Backspace,keydown
47592700,Enter,keydown
47593300,f,keydown
47593300,r,keydown
47593600,a,keydown
47594000,n,keydown
47594100,c,keydown
47594300,e,keydown
47594500,s,keydown
47594700,e,keydown
47594900,",",keydown
47594900, ,keydown
47595200,m,keydown
47595400,a,keydown
47595400, ,keydown
47595500,q,keydown
47595700,u,keydown
47596200,e,keydown
47596300,l,keydown
47596400,l,keydown
47596500,a,keydown
47596600, ,keydown
47596800,l,keydown
47596900,i,keydown
47597300,n,keydown
47597500,g,keydown
47597600,u,keydown
47597800,a,keydown
47597800, ,keydown
47598000,n,keydown
47598100,o,keydown
47598200,n,keydown
47598300, ,keydown
47598600,l,keydown
47598600,a,keydown
47598800, ,keydown
47599200,c,keydown
47599200,o,keydown
47599400,n,keydown
47599500,o,keydown
47599600,s,keydown
47599800,c,keydown
47599900,o,keydown
47600200,",",keydown
47600200, ,keydown
47600300,p,keydown
47600500,e,keydown
47600600,r,keydown
47600700, ,keydown
47601500,c,keydown
47601500,v,keydown
47601500,u,keydown
47601500,i,keydown
47601700, ,keydown
47602200,n,keydown
47602300,o,keydown
47602400,n,keydown
47602400, ,keydown
47603200,s,keydown
47603300,a,keydown
47603400,p,keydown
47603500,r,keydown
47603600,e,keydown
47603800,i,keydown
47604000,Enter,keydown
47604300,p,keydown
47604300,r,keydown
47604400,o,keydown
47605100,r,keydown
47605100,p,keydown
47605200,i,keydown
47605400,o,keydown
47605400, ,keydown
47606000,d,keydown
47606100,a,keydown
47606200, ,keydown
47606500,c,keydown
47606600,h,keydown
47606700,e,keydown
47606900, ,keydown
47607100,p,keydown
47607200,a,keydown
47607300,r,keydown
47607700,t,keydown
47607700,e,keydown
47607800, ,keydown
47608000,c,keydown
47608100,o,keydown
47608300,m,keydown
47608500,i,keydown
47608500,n,keydown
47609100,c,keydown
47609200,i,keydown
47609300,a,keydown
47609500,r,keydown
47609600,e,keydown
47610600,",",keydown
47610700, ,keydown
47611000,e,keydown
47611200, ,keydown
47611400,p,keydown
47611500,o,keydown
47611800,t,keydown
47611900,r,keydown
47611900,e,keydown
47612000, ,keydown
47612200,s,keydown
47612200,o,keydown
47612400,l,keydown
47612600,o,keydown
47612700, ,keydown
47612800,c,keydown
47613000,o,keydown
47613100,p,keydown
47613300,i,keydown
47613400,a,keydown
47613500,r,keydown
47613600,e,keydown
47613700,Enter,keydown
47614400,q,keydown
47614600,u,keydown
47614600,a,keydown
47614800,l,keydown
47614900,c,keydown
47615100,o,keydown
47615200,s,keydown
47615300,a,keydown
47615300, ,keydown
47615600,d,keydown
47615700,i,keydown
47615800, ,keydown
47616100,g,keydown
47616300,i,keydown
47616400,a,keydown
47616700,#,keydown
47616700, ,keydown
47616900,s,keydown
47617000,c,keydown
47617200,r,keydown
47617400,i,keydown
47617500,t,keydown
47617700,t,keydown
47617800,o,keydown
47618700,.,keydown
47618800, ,keydown
47619100,#,keydown
47619400,p,keydown
47619600,r,keydown
47619600,o,keydown
47619900,b,keydown
47620000,a,keydown
47620100,b,keydown
47620300,i,keydown
47620300,l,keydown
47620600,m,keydown
47620700,e,keydown
47620800,n,keydown
47620900,t,keydown
47621300,e,keydown
47621600,",",keydown
47621600, ,keydown
47621900,q,keydown
47622100,u,keydown
47622200,e,keydown
47622500,s,keydown
47622700,t,keydown
47622800,a,keydown
47623100, ,keydown
47623500,e,keydown
47623600,#,keydown
47623800, ,keydown
47624200,l,keydown
47624300,#,keydown
47624500,u,keydown
47624800,m,keydown
47624800,t,keydown
47625000,i,keydown
47625400,a,keydown
47625400,#,keydown
47626000,Backspace,keydown
47626100,Backspace,keydown
47626300,Backspace,keydown
47626600,Backspace,keydown
47627400,l,keydown
47627800,t,keydown
47627900,i,keydown
47627900,m,keydown
47628100,a,keydown
47628300, ,keydown
47628400,r,keydown
47628500,i,keydown
47628800,g,keydown
47629000,a,keydown
47629500,Enter,keydown
47630900,c,keydown
47631100,h,keydown
47631200,e,keydown
47631200, ,keydown
47631400,s,keydown
47631600,t,keydown
47631800,o,keydown
47631800, ,keydown
47632000,s,keydown
47632000,c,keydown
47632200,r,keydown
47632400,i,keydown
47632600,v,keydown
47632700,e,keydown
47632900,n,keydown
47633400,d,keydown
47633600,o,keydown
47634000,.,keydown
47634100, ,keydown
47634300,#,keydown
47634500,a,keydown
47634700, ,keydown
47634900,p,keydown
47635000,r,keydown
47635000,e,keydown
47635200,s,keydown
47635300,t,keydown
47635500,o,keydown
47635800,.,keydown
47636000,.,keydown
47636100,.,keydown
47636200,.,keydown
