timestamp,key,type
20326700,Backspace,keydown
20326700,Backspace,keydown
20326700,Backspace,keydown
20326700,Backspace,keydown
20326700,Backspace,keydown
20326700,Backspace,keydown
20326700,Backspace,keydown
20326700,Backspace,keydown
20326700,#,keydown
20327000,l,keydown
20327600,a,keydown
20327700, ,keydown
20327800,m,keydown
20328000,o,keydown
20328200,d,keydown
20328300,e,keydown
20328500,l,keydown
20328600,l,keydown
20418800,a,keydown
20419000,z,keydown
20419100,i,keydown
20419200,o,keydown
20419400,n,keydown
20419500,e,keydown
20419700, ,keydown
20419800,s,keydown
20420100,v,keydown
20420300,o,keydown
20420500,l,keydown
20420600,g,keydown
20420900,e,keydown
20421100, ,keydown
20421300,u,keydown
20421400,n,keydown
20421600, ,keydown
20421900,r,keydown
20422100,u,keydown
20422300,i,keydown
20422800,Backspace,keydown
20423000,o,keydown
20423400,l,keydown
20423500,o,keydown
20423700, ,keydown
20423900,i,keydown
20424100,m,keydown
20424300,p,keydown
20424600,o,keydown
20424800,r,keydown
20425000,t,keydown
20425200,a,keydown
20425400,n,keydown
20425500,t,keydown
20425700,e,keydown
20425800, ,keydown
20426000,n,keydown
20426200,e,keydown
20426300,l,keydown
20426500,l,keydown
20426600,a,keydown
20426700, ,keydown
20427000,v,keydown
20427100,a,keydown
20427400,l,keydown
20427500,i,keydown
20427800,s,keydown
20428200,Backspace,keydown
20428700,d,keydown
20518800,a,keydown
20519200,z,keydown
20519400,i,keydown
20519500,o,keydown
20519600,n,keydown
20519800,e,keydown
20520300, ,keydown
20521200,d,keydown
20521300,i,keydown
20521400, ,keydown
20521600,Enter,keydown
20522100,u,keydown
20522300,n,keydown
20522500, ,keydown
20522800,s,keydown
20522900,i,keydown
20523100,s,keydown
20523300,t,keydown
20523400,e,keydown
20523700,m,keydown
20523800,a,keydown
20523900, ,keydown
20524200,s,keydown
20524400,o,keydown
20524600,p,keydown
20524800,r,keydown
20525000,a,keydown
20525400,t,keydown
20525500,t,keydown
20525600,u,keydown
20525900,t,keydown
20526000,t,keydown
20526200,o,keydown
20526400, ,keydown
20526700,n,keydown
20526900,e,keydown
20527100,l,keydown
20527300,l,keydown
20527500,e,keydown
20527600, ,keydown
20527900,p,keydown
20528000,r,keydown
20528100,o,keydown
20618700,Backspace,keydown
20619100,i,keydown
20619300,m,keydown
20619500,e,keydown
20619800, ,keydown
20620000,f,keydown
20620500,a,keydown
20620900,d,keydown
20621000,i,keydown
20621400,Backspace,keydown
20621600,Backspace,keydown
20621700,s,keydown
20621900,i,keydown
20622800, ,keydown
20623100,d,keydown
20623100,i,keydown
20623300, ,keydown
20623400,s,keydown
20624000,v,keydown
20624200,i,keydown
20624400,l,keydown
20624500,u,keydown
20624700,t,keydown
20625200,Backspace,keydown
20625500,p,keydown
20625700,p,keydown
20625800,o,keydown
20626100, ,keydown
20626300,d,keydown
20626500,e,keydown
20626600,l,keydown
20626700, ,keydown
20627000,s,keydown
20627300,o,keydown
20627900,f,keydown
20628200,t,keydown
20628600,e,keydown
20719100,Backspace,keydown
20719400,w,keydown
20719600,a,keydown
20719800,r,keydown
20720200,e,keydown
20727500,",",keydown
20727700,Enter,keydown
20728000,i,keydown
20728300,.,keydown
20728500,e,keydown
20728600,.,keydown
20818900,",",keydown
20819100, ,keydown
20819500,n,keydown
20819600,e,keydown
20819800,l,keydown
20819900,l,keydown
20820100,a,keydown
20820200, ,keydown
20820600,f,keydown
20820700,a,keydown
20821100,s,keydown
20821300,e,keydown
20821500, ,keydown
20823400,d,keydown
20823500,i,keydown
20823600, ,keydown
20823800,f,keydown
20824000,o,keydown
20824200,r,keydown
20824600,m,keydown
20824800,u,keydown
20825000,l,keydown
20825300,a,keydown
20825700,z,keydown
20825700,i,keydown
20825900,o,keydown
20826000,n,keydown
20826300,e,keydown
20826500, ,keydown
20827000,d,keydown
20827200,e,keydown
20827400,l,keydown
20827600, ,keydown
20827700,p,keydown
20827900,r,keydown
20828000,o,keydown
20828300,b,keydown
20828500,l,keydown
20828700,e,keydown
20919100,m,keydown
20919300,a,keydown
20919400, ,keydown
20920200,e,keydown
20920200, ,keydown
20920400,d,keydown
20920500,i,keydown
20920600, ,keydown
20921000,r,keydown
20921200,a,keydown
20921400,c,keydown
20921500,c,keydown
20921700,o,keydown
20922000,l,keydown
20922100,t,keydown
20922300,a,keydown
20922400, ,keydown
20922700,d,keydown
20922800,e,keydown
20922900,i,keydown
20923200,Enter,keydown
20923600,r,keydown
20923800,e,keydown
20924400,q,keydown
20924500,u,keydown
20924600,i,keydown
20924900,s,keydown
20925000,i,keydown
20925700,t,keydown
20925900,i,keydown
20927000, ,keydown
20927100,e,keydown
20927200, ,keydown
20927400,n,keydown
20927600,e,keydown
20927700,l,keydown
20927800,l,keydown
20928100,a,keydown
20928100, ,keydown
20928400,f,keydown
20928600,a,keydown
21018800,s,keydown
21019000,e,keydown
21019400, ,keydown
21019500,d,keydown
21019600,i,keydown
21019900, ,keydown
21020200,p,keydown
21020300,r,keydown
21020500,o,keydown
21021300,g,keydown
21021600,e,keydown
21022100,t,keydown
21022200,t,keydown
21022200,o,keydown
21022700,",",keydown
21022800, ,keydown
21023100,d,keydown
21023200,a,keydown
21023400,l,keydown
21023500, ,keydown
21023600,m,keydown
21024000,o,keydown
21024600,m,keydown
21024900,e,keydown
21025000,n,keydown
21025100,t,keydown
21025600,o,keydown
21025700, ,keydown
21026100,c,keydown
21026100,h,keydown
21026400,e,keydown
21026700, ,keydown
21027100,Backspace,keydown
21027800,",",keydown
21027900, ,keydown
21028100,p,keydown
21028200,r,keydown
21028400,i,keydown
21028600,m,keydown
21118800,a,keydown
21118900, ,keydown
21119100,d,keydown
21119300,e,keydown
21119300,l,keydown
21119500,l,keydown
21119900,#,keydown
21120500,Enter,keydown
21121000,i,keydown
21121200,m,keydown
21121400,p,keydown
21121500,l,keydown
21121700,e,keydown
21121900,m,keydown
21122000,e,keydown
21122100,n,keydown
21122300,t,keydown
21122400,a,keydown
21123000,z,keydown
21123100,i,keydown
21123200,o,keydown
21123400,n,keydown
21123500,e,keydown
21125600,",",keydown
21125700, ,keydown
21126000,m,keydown
21126100,i,keydown
21126300,s,keydown
21126400,u,keydown
21126600,r,keydown
21126800,a,keydown
21127000,z,keydown
21127100,i,keydown
21127300,o,keydown
21127400,n,keydown
21127500,e,keydown
21127700,i,keydown
21128200,Backspace,keydown
21128600,Backspace,keydown
21218900,i,keydown
21219100, ,keydown
21219500,s,keydown
21219600,u,keydown
21219800,l,keydown
21219900, ,keydown
21220300,s,keydown
21220400,i,keydown
21220500,s,keydown
21220700,t,keydown
21220800,e,keydown
21221000,m,keydown
21221400,a,keydown
21221600, ,keydown
21221800,f,keydown
21222000,i,keydown
21222300,n,keydown
21222400,a,keydown
21222500,l,keydown
21222700,e,keydown
21223600, ,keydown
21224200,Backspace,keydown
21224600,",",keydown
21224900, ,keydown
21225300,o,keydown
21225400, ,keydown
21226100,s,keydown
21226300,u,keydown
21226800, ,keydown
21227300,d,keydown
21227300,i,keydown
21227500, ,keydown
21227700,u,keydown
21227900,n,keydown
21228200, ,keydown
21228600,s,keydown
21228700,u,keydown
21318900,o,keydown
21319200,Enter,keydown
21319700,p,keydown
21319900,r,keydown
21320200,o,keydown
21320500,t,keydown
21320600,o,keydown
21321300,t,keydown
21321300,i,keydown
21321800,p,keydown
21322000,o,keydown
21323800,",",keydown
21324000, ,keydown
21324200,n,keydown
21324300,o,keydown
21324400,n,keydown
21324600, ,keydown
21324700,s,keydown
21324800,o,keydown
21325000,m,keydown
21325600,#,keydown
21325800,n,keydown
21326000,o,keydown
21326400, ,keydown
21327300,Backspace,keydown
21327400,Backspace,keydown
21327600,Backspace,keydown
21327800,Backspace,keydown
21328000,Backspace,keydown
21328500,n,keydown
21328600,o,keydown
21418800,n,keydown
21418900, ,keydown
21419100,a,keydown
21419300,n,keydown
21419600,Backspace,keydown
21419800,Backspace,keydown
21419900,Backspace,keydown
21420100,Backspace,keydown
21420600, ,keydown
21421100,a,keydown
21421300,n,keydown
21421600,c,keydown
21421600,o,keydown
21421900,r,keydown
21422200,a,keydown
21422300, ,keydown
21422600,d,keydown
21422600,i,keydown
21422800,s,keydown
21422800,p,keydown
21423100,o,keydown
21423400,n,keydown
21423600,e,keydown
21423700,n,keydown
21424200,Backspace,keydown
21424300,Backspace,keydown
21424600,i,keydown
21424900,n,keydown
21425300,Backspace,keydown
21425600,b,keydown
21425700,i,keydown
21426000,l,keydown
21426100,i,keydown
21427100,.,keydown
21427200,Enter,keydown
21427600,#,keydown
21427900,e,keydown
21428200,s,keydown
21428300,s,keydown
21428500,a,keydown
21428700, ,keydown
21518900,p,keydown
21519100,e,keydown
21519200,r,keydown
21519700,m,keydown
21519800,e,keydown
21520100,t,keydown
21520200,t,keydown
21520400,e,keydown
21521200, ,keydown
21521500,d,keydown
21521600,i,keydown
21521700, ,keydown
21521900,r,keydown
21522000,i,keydown
21522300,l,keydown
21522500,e,keydown
21522800,v,keydown
21523100,a,keydown
21523300,r,keydown
21523500,e,keydown
21523700, ,keydown
21523800,e,keydown
21524100,r,keydown
21524300,r,keydown
21524300,o,keydown
21524600,r,keydown
21525100,i,keydown
21525400, ,keydown
21525900,n,keydown
21526100,e,keydown
21526300,l,keydown
21526400,l,keydown
21526600,e,keydown
21526700, ,keydown
21527000,s,keydown
21527200,p,keydown
21527400,e,keydown
21527600,c,keydown
21527700,i,keydown
21527900,f,keydown
21528000,i,keydown
21528300,c,keydown
21528600,h,keydown
21618800,e,keydown
21619200, ,keydown
21619800,e,keydown
21619900, ,keydown
21620800,Backspace,keydown
21621200,#,keydown
21621600,o,keydown
21621700, ,keydown
21622000,n,keydown
21622700,Backspace,keydown
21623100,l,keydown
21623300,e,keydown
21623500, ,keydown
21623900,a,keydown
21624100,m,keydown
21624200,p,keydown
21624900,Backspace,keydown
21625300,b,keydown
21625400,i,keydown
21625800,g,keydown
21625800,u,keydown
21626000,i,keydown
21626300,t,keydown
21626600,a,keydown
21626900,#,keydown
21627100,Enter,keydown
21718900,p,keydown
21719200,r,keydown
21719400,e,keydown
21719600,s,keydown
21719800,e,keydown
21720200,n,keydown
21720400,t,keydown
21720800,i,keydown
21725800,n,keydown
21726300,Backspace,keydown
21726500, ,keydown
21726800,n,keydown
21727200,e,keydown
21727400,l,keydown
21727500,l,keydown
21727700,a,keydown
21728300, ,keydown
21818900,d,keydown
21819100,e,keydown
21819300,s,keydown
21819500,c,keydown
21820000,r,keydown
21820200,i,keydown
21820700,z,keydown
21820800,i,keydown
21821000,o,keydown
21821000,n,keydown
21821300,e,keydown
21821400, ,keydown
21821600,d,keydown
21821700,e,keydown
21821900,i,keydown
21822000, ,keydown
21822200,r,keydown
21822400,e,keydown
21822700,q,keydown
21822900,u,keydown
21823000,i,keydown
21823300,s,keydown
21823400,i,keydown
21823800,t,keydown
21823900,i,keydown
21825300, ,keydown
21825400,c,keydown
21825600,h,keydown
21825600,e,keydown
21825800, ,keydown
21826300,Backspace,keydown
21826800,",",keydown
21827000, ,keydown
21827100,s,keydown
21827300,e,keydown
21827400, ,keydown
21827600,n,keydown
21827800,o,keydown
21827900,n,keydown
21828000, ,keydown
21828300,s,keydown
21828500,o,keydown
21919000,Backspace,keydown
21919100,c,keydown
21919300,o,keydown
21919700,p,keydown
21919900,e,keydown
21920000,r,keydown
21920400,t,keydown
21920600,i,keydown
21920700, ,keydown
21921700,e,keydown
21921900,Enter,keydown
21922200,c,keydown
21922400,o,keydown
21922600,r,keydown
21922800,r,keydown
21923000,e,keydown
21923300,t,keydown
21923500,t,keydown
21923500,i,keydown
21924400, ,keydown
21925900,a,keydown
21926200,l,keydown
21926400,l,keydown
21927500,#,keydown
21927800,i,keydown
21928000,n,keydown
21928100,i,keydown
21928300,z,keydown
21928400,i,keydown
21928600,o,keydown
22019100,",",keydown
22020000, ,keydown
22020300,p,keydown
22020400,r,keydown
22020600,o,keydown
22021000,Backspace,keydown
22021100,Backspace,keydown
22021700,o,keydown
22021900,t,keydown
22022100,r,keydown
22022200,e,keydown
22022400,b,keydown
22022500,b,keydown
22022700,e,keydown
22023000,r,keydown
22023200,o,keydown
22023500, ,keydown
22024200,d,keydown
22024400,a,keydown
22024500,r,keydown
22024800,Backspace,keydown
22025000,Backspace,keydown
22025200,r,keydown
22025400,a,keydown
22025700,s,keydown
22025800,t,keydown
22026000,i,keydown
22026400,c,keydown
22026600,a,keydown
22026800,m,keydown
22026900,e,keydown
22027100,n,keydown
22027100,t,keydown
22027500,e,keydown
22028200, ,keydown
22028700,a,keydown
22118900,u,keydown
22119200,m,keydown
22119400,e,keydown
22119600,n,keydown
22119700,t,keydown
22119900,a,keydown
22120100,r,keydown
22120300,e,keydown
22120600, ,keydown
22120800,i,keydown
22121000,l,keydown
22121100, ,keydown
22121300,s,keydown
22121400,o,keydown
22122000,Backspace,keydown
22122100,Backspace,keydown
22122600,c,keydown
22122800,o,keydown
22122900,s,keydown
22123100,t,keydown
22123300,o,keydown
22124000,Enter,keydown
22124500,d,keydown
22124700,e,keydown
22124700,l,keydown
22125000, ,keydown
22125200,p,keydown
22125400,r,keydown
22125600,o,keydown
22125900,d,keydown
22126200,o,keydown
22126400,t,keydown
22126500,t,keydown
22126700,o,keydown
22127000, ,keydown
22127300,f,keydown
22127300,i,keydown
22127700,n,keydown
22127800,a,keydown
22127900,l,keydown
22128200,e,keydown
22219200,.,keydown
22226100,Enter,keydown
22227200,#,keydown
22227500,f,keydown
22227600,l,keydown
22228000,Backspace,keydown
22228200,#,keydown
22228300,Backspace,keydown
22228700,#,keydown
22318900,g,keydown
22319000,l,keydown
22319400,i,keydown
22319600, ,keydown
22319800,a,keydown
22319900,p,keydown
22320100,p,keydown
22320200,r,keydown
22320300,o,keydown
22320700,c,keydown
22320900,c,keydown
22321000,i,keydown
22321300, ,keydown
22321700,b,keydown
22321900,a,keydown
22322200,s,keydown
22322600,Backspace,keydown
22323000,s,keydown
22323200,a,keydown
22323500,t,keydown
22323600,i,keydown
22323800, ,keydown
22324300,s,keydown
22324500,u,keydown
22324700,l,keydown
22324800,l,keydown
22324900,a,keydown
22325000, ,keydown
22325200,m,keydown
22325400,o,keydown
22325700,d,keydown
22325800,e,keydown
22326000,l,keydown
22326100,l,keydown
22326300,a,keydown
22326500,z,keydown
22326700,i,keydown
22326700,o,keydown
22326800,n,keydown
22327100,e,keydown
22328300, ,keydown
22328500,n,keydown
22328600,o,keydown
22328800,n,keydown
22418900, ,keydown
22419000,f,keydown
22419200,o,keydown
22419300,r,keydown
22419800,m,keydown
22420000,i,keydown
22420400,Backspace,keydown
22420600,Backspace,keydown
22420800,n,keydown
22420900,i,keydown
22421300,s,keydown
22421400,c,keydown
22421500,o,keydown
22421900,n,keydown
22422100,o,keydown
22422200, ,keydown
22422700,s,keydown
22422900,o,keydown
22423000,l,keydown
22423200,u,keydown
22423500,z,keydown
22423600,i,keydown
22423600,o,keydown
22423900,n,keydown
22424000,i,keydown
22424500,Enter,keydown
22424900,u,keydown
22425600,n,keydown
22425700,i,keydown
22425900,c,keydown
22425900,h,keydown
22426200,e,keydown
22519100, ,keydown
22519300,p,keydown
22519700,o,keydown
22520000,i,keydown
22520300,c,keydown
22520400,h,keydown
22520600,e,keydown
22521000,#,keydown
22521100, ,keydown
22521300,s,keydown
22521400,p,keydown
22521600,e,keydown
22522000,s,keydown
22522100,s,keydown
22522500,o,keydown
22522900, ,keydown
22523200,s,keydown
22523600,o,keydown
22523700,n,keydown
22523900,o,keydown
22524000, ,keydown
22524300,n,keydown
22524400,e,keydown
22524900,c,keydown
22525000,e,keydown
22525400,s,keydown
22525500,s,keydown
22525700,a,keydown
22525900,r,keydown
22526000,i,keydown
22527300, ,keydown
22527600,d,keydown
22527900,i,keydown
22528300,v,keydown
22528500,e,keydown
22528600,r,keydown
22618900,s,keydown
22619000,i,keydown
22619100, ,keydown
22619400,m,keydown
22619500,o,keydown
22619700,d,keydown
22619900,e,keydown
22620000,l,keydown
22620100,l,keydown
22620300,i,keydown
22620500, ,keydown
22620900,p,keydown
22621400,Backspace,keydown
22621500,d,keydown
22621800,e,keydown
22621900,l,keydown
22622100, ,keydown
22622400,s,keydown
22622400,i,keydown
22622600,s,keydown
22622700,t,keydown
22622900,e,keydown
22623000,m,keydown
22623200,a,keydown
22623500,Enter,keydown
22624900,p,keydown
22625100,e,keydown
22625200,r,keydown
22625400, ,keydown
22626200,v,keydown
22626300,a,keydown
22626400,l,keydown
22626500,i,keydown
22626800,d,keydown
22627000,a,keydown
22627200,r,keydown
22627400,e,keydown
22719700, ,keydown
22719900,d,keydown
22720000,i,keydown
22720700,v,keydown
22720900,e,keydown
22721000,r,keydown
22721300,s,keydown
22721300,i,keydown
22721600, ,keydown
22721800,t,keydown
22721900,i,keydown
22722200,p,keydown
22723100,i,keydown
22723300, ,keydown
22723400,d,keydown
22723500,i,keydown
22723900, ,keydown
22724200,p,keydown
22724300,r,keydown
22724400,o,keydown
22725500,p,keydown
22725600,r,keydown
22725800,i,keydown
22725900,e,keydown
22726200,t,keydown
22726300,a,keydown
22726500,#,keydown
22726700, ,keydown
22726900,d,keydown
22727100,e,keydown
22727200,l,keydown
22727300,l,keydown
22727700,o,keydown
22727900, ,keydown
22728000,s,keydown
22728200,t,keydown
22728400,e,keydown
22728700,s,keydown
22728700,s,keydown
22818900,o,keydown
22820900,.,keydown
22821000,Enter,keydown
22821200,#,keydown
22821600,a,keydown
22821700,u,keydown
22821900,e,keydown
22822200,s,keydown
22822200,t,keydown
22822300,o,keydown
22822500, ,keydown
22822700,e,keydown
22823200,#,keydown
22823300, ,keydown
22823600,v,keydown
22823800,e,keydown
22823900,r,keydown
22920100,Backspace,keydown
22920600,Backspace,keydown
22920600,Backspace,keydown
22920600,Backspace,keydown
22920600,Backspace,keydown
22920700,Backspace,keydown
22920800,Backspace,keydown
22920800,Backspace,keydown
22920800,Backspace,keydown
22920800,Backspace,keydown
22920900,Backspace,keydown
22921200,Backspace,keydown
22921400,Backspace,keydown
22922000,#,keydown
22922200,q,keydown
22922300,u,keydown
22922500,e,keydown
22922700,s,keydown
22922900,t,keydown
22922900,o,keydown
22923100, ,keydown
22923300,e,keydown
22923600,#,keydown
22923800, ,keydown
22924000,v,keydown
22924200,e,keydown
22924300,r,keydown
22924600,o,keydown
22926000,",",keydown
22926200, ,keydown
22926300,i,keydown
22926500,n,keydown
22926600, ,keydown
22927100,p,keydown
22927400,a,keydown
22927600,r,keydown
22927800,t,keydown
22927900,i,keydown
22928200,c,keydown
22928200,o,keydown
22928500,l,keydown
22928700,a,keydown
22928900,r,keydown
23019100, ,keydown
23019300,m,keydown
23019400,o,keydown
23019600,d,keydown
23019800,o,keydown
23020300,",",keydown
23021400, ,keydown
23021700,n,keydown
23021900,e,keydown
23022000,l,keydown
23022200, ,keydown
23022500,c,keydown
23022600,a,keydown
23022800,s,keydown
23023000,o,keydown
23023200, ,keydown
23023300,d,keydown
23024000,e,keydown
23024800,Backspace,keydown
23025000,i,keydown
23025300, ,keydown
23025400,q,keydown
23025600,u,keydown
23025800,e,keydown
23026300,i,keydown
23026500, ,keydown
23026700,s,keydown
23026800,i,keydown
23027000,s,keydown
23027200,t,keydown
23027300,e,keydown
23028000,m,keydown
23028100,i,keydown
23028400, ,keydown
23028500,n,keydown
23028700,e,keydown
23118900,l,keydown
23119600,Backspace,keydown
23119900,i,keydown
23120100,Enter,keydown
23120600,q,keydown
23120600,#,keydown
23121100,u,keydown
23121600,Backspace,keydown
23121800,Backspace,keydown
23121900,Backspace,keydown
23123400,Enter,keydown
23124400,Backspace,keydown
23124800,q,keydown
23125000,u,keydown
23125200,a,keydown
23125400,l,keydown
23125500,i,keydown
23127400, ,keydown
23127700,l,keydown
23127800,a,keydown
23127900, ,keydown
23128100,m,keydown
23128200,a,keydown
23128400,n,keydown
23128600,c,keydown
23128800,a,keydown
23219000,n,keydown
23219500,z,keydown
23220200,a,keydown
23220500, ,keydown
23220700,d,keydown
23220900,i,keydown
23221000, ,keydown
23221200,u,keydown
23221300,n,keydown
23221500,a,keydown
23221700, ,keydown
23222100,c,keydown
23222200,o,keydown
23222300,m,keydown
23222500,p,keydown
23223100,l,keydown
23223300,e,keydown
23223700,t,keydown
23223800,a,keydown
23224200, ,keydown
23224400,f,keydown
23224600,u,keydown
23224800,n,keydown
23225100,z,keydown
23225200,i,keydown
23225200,o,keydown
23225400,n,keydown
23225900,a,keydown
23226100,l,keydown
23226200,i,keydown
23226600,t,keydown
23226900,a,keydown
23227000,#,keydown
23228600, ,keydown
23228800,p,keydown
23319200,u,keydown
23319400,o,keydown
23319800,#,keydown
23320000, ,keydown
23320300,c,keydown
23320500,a,keydown
23320600,u,keydown
23321700,s,keydown
23322000,a,keydown
23322100,r,keydown
23322300,e,keydown
23323300, ,keydown
23323500,i,keydown
23323700,n,keydown
23323900,g,keydown
23324100,e,keydown
23324300,n,keydown
23324500,t,keydown
23324600,i,keydown
23325000,Enter,keydown
23325500,d,keydown
23325600,a,keydown
23326100,n,keydown
23326200,n,keydown
23326800,i,keydown
23326900, ,keydown
23327100,e,keydown
23327300,c,keydown
23327500,o,keydown
23327700,n,keydown
23327900,o,keydown
23328400,m,keydown
23328500,i,keydown
23328900,c,keydown
23419300,i,keydown
23420600, ,keydown
23420700,s,keydown
23420900,e,keydown
23421000, ,keydown
23421200,n,keydown
23421300,o,keydown
23421500,n,keydown
23421600, ,keydown
23422100,Backspace,keydown
23422500,",",keydown
23422800, ,keydown
23423000,a,keydown
23423300,d,keydown
23423400,d,keydown
23423600,i,keydown
23423800,r,keydown
23423900,i,keydown
23424200,t,keydown
23424400,t,keydown
23424500,u,keydown
23424800,r,keydown
23424900,a,keydown
23426700,",",keydown
23426900, ,keydown
23427000,m,keydown
23427200,e,keydown
23427300,t,keydown
23427500,t,keydown
23427700,e,keydown
23427800,r,keydown
23427900, ,keydown
23428400,Backspace,keydown
23428600,e,keydown
23428800, ,keydown
23518900,i,keydown
23519100,n,keydown
23519300, ,keydown
23519500,p,keydown
23519600,e,keydown
23519800,r,keydown
23520000,i,keydown
23520600,c,keydown
23520800,o,keydown
23521200,l,keydown
23521400,o,keydown
23521600, ,keydown
23522000,v,keydown
23522100,i,keydown
23522300,t,keydown
23522500,e,keydown
23522700,Enter,keydown
23523100,u,keydown
23523800,m,keydown
23524000,a,keydown
23524200,n,keydown
23524300,e,keydown
23526100, ,keydown
23526300,#,keydown
23526500,#,keydown
23526700,c,keydown
23526900,o,keydown
23527000,m,keydown
23527100,e,keydown
23527300,.,keydown
23527800,Backspace,keydown
23528100,",",keydown
23528200, ,keydown
23528500,a,keydown
23528800,Backspace,keydown
23619000,a,keydown
23619300,d,keydown
23619400, ,keydown
23619500,e,keydown
23619800,s,keydown
23620200,.,keydown
23620600, ,keydown
23621500,Backspace,keydown
23621900,",",keydown
23622000, ,keydown
23622100,i,keydown
23622300, ,keydown
23622500,s,keydown
23622600,i,keydown
23622900,s,keydown
23623100,t,keydown
23623200,e,keydown
23623300,m,keydown
23623600,i,keydown
23624000, ,keydown
23624200,d,keydown
23624200,i,keydown
23624400, ,keydown
23624700,a,keydown
23624800,u,keydown
23625000,t,keydown
23625200,o,keydown
23625400,m,keydown
23625700,a,keydown
23626000,z,keydown
23626000,i,keydown
23626100,o,keydown
23626400,n,keydown
23626700,e,keydown
23626800, ,keydown
23627100,u,keydown
23627200,t,keydown
23627500,i,keydown
23627900,l,keydown
23628100,i,keydown
23628200,z,keydown
23628400,z,keydown
23628600,a,keydown
23719000,t,keydown
23719200,i,keydown
23719300, ,keydown
23719500,p,keydown
23719600,e,keydown
23719800,r,keydown
23719900, ,keydown
23720000,i,keydown
23720100,l,keydown
23720500,Enter,keydown
23720700,c,keydown
23720900,o,keydown
23721200,n,keydown
23721400,t,keydown
23721600,r,keydown
23721700,o,keydown
23722000,l,keydown
23722100,l,keydown
23722300,o,keydown
23819000, ,keydown
23819700,d,keydown
23819800,e,keydown
23819900,i,keydown
23820000, ,keydown
23820200,p,keydown
23820300,r,keydown
23820400,o,keydown
23821400,c,keydown
23821600,e,keydown
23821900,s,keydown
23822000,s,keydown
23822100,i,keydown
23822500, ,keydown
23822600,i,keydown
23822800,n,keydown
23823100,d,keydown
23823700,u,keydown
23824100,s,keydown
23824300,t,keydown
23824700,r,keydown
23825000,i,keydown
23825300,a,keydown
23825500,l,keydown
23825700,i,keydown
23827600,",",keydown
23827700, ,keydown
23827800,d,keydown
23828000,e,keydown
23828100,l,keydown
23828200, ,keydown
23828900,t,keydown
23919000,r,keydown
23919200,a,keydown
23919600,f,keydown
23919700,f,keydown
23919800,i,keydown
23920000,c,keydown
23920200,o,keydown
23920400, ,keydown
23920600,a,keydown
23921000,e,keydown
23921200,r,keydown
23921400,e,keydown
23921700,o,keydown
23922900, ,keydown
23923100,e,keydown
23923200, ,keydown
23923400,f,keydown
23923600,e,keydown
23923900,r,keydown
23924000,r,keydown
23924100,o,keydown
23924500,v,keydown
23924600,i,keydown
23924800,a,keydown
23925100,r,keydown
23925400,i,keydown
23925500,o,keydown
23926100,#,keydown
23926200,#,keydown
23928100,.,keydown
