timestamp,key,type
4217400,Backspace,keydown
4217400,Backspace,keydown
4217400,Backspace,keydown
4217400,Backspace,keydown
4217400,Backspace,keydown
4217400,Backspace,keydown
4217400,Backspace,keydown
4217400,Backspace,keydown
4217400,i,keydown
4217500,e,keydown
4217600,r,keydown
4217700,i,keydown
4217900, ,keydown
4218100,s,keydown
4218200,e,keydown
4218400,r,keydown
4218500,a,keydown
4218700, ,keydown
4220900,i,keydown
4221100,n,keydown
4221200, ,keydown
4221400,t,keydown
4221400,e,keydown
4221500,l,keydown
4221600,e,keydown
4221900,v,keydown
4222100,i,keydown
4222200,s,keydown
4222300,i,keydown
4222400,o,keydown
4222500,n,keydown
4222700,e,keydown
4222800, ,keydown
4222900,h,keydown
4223600,v,keydown
4223700,i,keydown
4225000,Backspace,keydown
4225300,Backspace,keydown
4225400,Backspace,keydown
4226200,h,keydown
4226400,o,keydown
4226600, ,keydown
4226800,v,keydown
4226900,i,keydown
4227100,s,keydown
4227200,t,keydown
4227400,o,keydown
4227500, ,keydown
4227600,i,keydown
4227900,l,keydown
4228000, ,keydown
4228600,f,keydown
4228600,i,keydown
4228900,l,keydown
4229400,m,keydown
4229600, ,keydown
4229900,#,keydown
4230000,l,keydown
4230200,a,keydown
4230400,d,keydown
4230500,y,keydown
4230700, ,keydown
4230900,#,keydown
4230900,h,keydown
4231200,a,keydown
4231500,w,keydown
4231600,k,keydown
4233000,#,keydown
4233300,#,keydown
4233400, ,keydown
4234300,#,keydown
4234500,e,keydown
4234900,#,keydown
4235000, ,keydown
4235300,i,keydown
4235500,l,keydown
4235700, ,keydown
4235800,m,keydown
4235900,i,keydown
4236200,o,keydown
4236900,Enter,keydown
4237400,f,keydown
4237500,i,keydown
4237700,l,keydown
4237900,m,keydown
4238000, ,keydown
4238200,p,keydown
4238300,r,keydown
4238300,e,keydown
4238400,f,keydown
4238500,e,keydown
4238700,r,keydown
4238700,i,keydown
4238800,s,keydown
4239100,t,keydown
4239200,o,keydown
4239500,.,keydown
4239700, ,keydown
4240300,#,keydown
4240600,u,keydown
4240800,n,keydown
4240900,a,keydown
4241200, ,keydown
4241400,s,keydown
4241500,t,keydown
4241600,o,keydown
4241800,r,keydown
4241900,i,keydown
4242000,a,keydown
4242200, ,keydown
4242900,b,keydown
4243000,e,keydown
4243100,l,keydown
4243300,l,keydown
4243500,i,keydown
4243600,s,keydown
4243700,s,keydown
4243800,i,keydown
4244100,m,keydown
4244400,a,keydown
4249000,",",keydown
4249100, ,keydown
4249600,d,keydown
4249800,o,keydown
4249900,v,keydown
4250100,e,keydown
4250200, ,keydown
4250500,c,keydown
4250600,i,keydown
4250700, ,keydown
4251200,s,keydown
4251200,o,keydown
4251400,n,keydown
4251600,o,keydown
4251900, ,keydown
4252100,u,keydown
4252400,n,keydown
4252500, ,keydown
4252900,c,keydown
4253100,p,keydown
4253800,Backspace,keydown
4254000,a,keydown
4254600,p,keydown
4254700,t,keydown
4255100,Backspace,keydown
4256000,i,keydown
4256100,t,keydown
4256300,a,keydown
4257000,n,keydown
4257100,o,keydown
4257300,Enter,keydown
4257500,d,keydown
4257700,e,keydown
4257700,l,keydown
4257800,l,keydown
4258000,a,keydown
4258100, ,keydown
4258200,g,keydown
4258300,u,keydown
4258500,a,keydown
4258600,r,keydown
4258800,d,keydown
4259100,i,keydown
4259200,a,keydown
4259400,",",keydown
4259600, ,keydown
4259800,#,keydown
4260000,n,keydown
4260200,a,keydown
4260600,v,keydown
4260700,a,keydown
4260900,r,keydown
4261000,r,keydown
4261100,e,keydown
4261300,",",keydown
4261400, ,keydown
4263000,e,keydown
4263200, ,keydown
4263600,Backspace,keydown
4264000,Backspace,keydown
4264400,#,keydown
4264700,r,keydown
4265000,i,keydown
4265600,Backspace,keydown
4265800,u,keydown
4265800,t,keydown
4266400,g,keydown
4266600,e,keydown
4267800,r,keydown
4268000, ,keydown
4268200,#,keydown
4268200,h,keydown
4268400,a,keydown
4268500,u,keydown
4268700,e,keydown
4268900,r,keydown
4269500,",",keydown
4269600, ,keydown
4270000,e,keydown
4270200, ,keydown
4270500,u,keydown
4271100,Backspace,keydown
4271400,l,keydown
4271500,a,keydown
4271500, ,keydown
4271800,b,keydown
4271900,e,keydown
4272100,l,keydown
4272200,l,keydown
4272400,i,keydown
4272400,s,keydown
4272500,s,keydown
4272600,i,keydown
4272900,m,keydown
4273000,a,keydown
4273200, ,keydown
4273400,#,keydown
4273800,i,keydown
4274000,s,keydown
4274200,a,keydown
4274800,b,keydown
4275900,e,keydown
4276100,a,keydown
4276300,u,keydown
4277500,",",keydown
4277700,Enter,keydown
4278200,#,keydown
4278300,m,keydown
4278700,i,keydown
4278900,c,keydown
4279000,h,keydown
4279100,e,keydown
4279300,l,keydown
4279400,l,keydown
4279600,e,keydown
4279700, ,keydown
4279800,#,keydown
4280000,p,keydown
4280100,f,keydown
4280300,e,keydown
4280400,i,keydown
4280600,f,keydown
4280800,f,keydown
4280900,e,keydown
4280900,r,keydown
4282400,",",keydown
4282600, ,keydown
4284500,i,keydown
4284800,n,keydown
4284900,n,keydown
4285000,a,keydown
4285200,m,keydown
4285300,o,keydown
4285500,r,keydown
4285500,a,keydown
4285800,t,keydown
4285800,i,keydown
4286100,s,keydown
4286200,s,keydown
4286400,i,keydown
4286600,m,keydown
4286700,i,keydown
4288300, ,keydown
4288400,e,keydown
4288500, ,keydown
4288700,s,keydown
4288800,e,keydown
4288900,m,keydown
4289100,p,keydown
4289100,r,keydown
4289300,e,keydown
4289400, ,keydown
4289500,u,keydown
4289700,n,keydown
4289800,i,keydown
4290100,t,keydown
4290200,i,keydown
4290300, ,keydown
4290500,m,keydown
4290600,a,keydown
4290700, ,keydown
4290900,s,keydown
4291100,e,keydown
4291200,m,keydown
4291300,b,keydown
4291800,Backspace,keydown
4292000,p,keydown
4292000,r,keydown
4292200,e,keydown
4292900, ,keydown
4293100,d,keydown
4293200,i,keydown
4293300,v,keydown
4293400,i,keydown
4293600,s,keydown
4293700,i,keydown
4293800,Enter,keydown
4294000,a,keydown
4294200, ,keydown
4294400,c,keydown
4294500,a,keydown
4294700,u,keydown
4294800,s,keydown
4294900,a,keydown
4295000, ,keydown
4295100,d,keydown
4295200,e,keydown
4295400,l,keydown
4295500,l,keydown
4295500,a,keydown
4295700, ,keydown
4295800,m,keydown
4295800,a,keydown
4296100,l,keydown
4296200,e,keydown
4296400,d,keydown
4296500,i,keydown
4296700,z,keydown
4296800,i,keydown
4296900,o,keydown
4297000,n,keydown
4297200,e,keydown
4297300, ,keydown
4297900,d,keydown
4298100,i,keydown
4298200, ,keydown
4298400,u,keydown
4298600,n,keydown
4298700, ,keydown
4299000,v,keydown
4299100,e,keydown
4299400,s,keydown
4299500,c,keydown
4299600,o,keydown
4300100,v,keydown
4300100,o,keydown
4300200, ,keydown
4300500,c,keydown
4300700,o,keydown
4300800,r,keydown
4300900,r,keydown
4301100,o,keydown
4301200,t,keydown
4301300,t,keydown
4301500,o,keydown
4302000,.,keydown
4302300, ,keydown
4302600,#,keydown
4302800,l,keydown
4303000,u,keydown
4303100,i,keydown
4303200, ,keydown
4303400,d,keydown
4303500,i,keydown
4303600, ,keydown
4303800,g,keydown
4303900,i,keydown
4304000,o,keydown
4304100,r,keydown
4304200,n,keydown
4304400,o,keydown
4304600, ,keydown
4304800,e,keydown
4305400,#,keydown
4306000,Enter,keydown
4306500,u,keydown
4306700,o,keydown
4306900,m,keydown
4307000,o,keydown
4307200, ,keydown
4307300,e,keydown
4307500, ,keydown
4307600,l,keydown
4307800,e,keydown
4308000,i,keydown
4308200, ,keydown
4309300,i,keydown
4309400,n,keydown
4309600,v,keydown
4309700,e,keydown
4309900,c,keydown
4309900,e,keydown
4310100, ,keydown
4310300,e,keydown
4310500,#,keydown
4310700, ,keydown
4310900,f,keydown
4310900,a,keydown
4311000,l,keydown
4311200,c,keydown
4311200,o,keydown
4311500,",",keydown
4311600, ,keydown
4311800,l,keydown
4312000,a,keydown
4313000,Backspace,keydown
4313100,e,keydown
4313500,i,keydown
4313800, ,keydown
4314100,d,keydown
4314200,i,keydown
4314300, ,keydown
4314500,n,keydown
4314600,o,keydown
4314700,t,keydown
4314900,t,keydown
4315000,e,keydown
4315100, ,keydown
4315300,e,keydown
4315600,#,keydown
4315700, ,keydown
4315800,d,keydown
4315900,o,keydown
4316100,n,keydown
4316200,n,keydown
4316400,a,keydown
4316600, ,keydown
4317700,e,keydown
4317800, ,keydown
4318200,l,keydown
4318400,u,keydown
4318500,i,keydown
4318700, ,keydown
4319400,l,keydown
4319600,u,keydown
4319800,p,keydown
4319900,o,keydown
4320200,.,keydown
4320400, ,keydown
4321800,#,keydown
4322000,t,keydown
4322100,u,keydown
4322200,t,keydown
4322300,t,keydown
4322400,o,keydown
4322700,Enter,keydown
4323200,p,keydown
4323300,e,keydown
4323300,r,keydown
4323500,o,keydown
4323700,#,keydown
4323900, ,keydown
4324100,s,keydown
4324200,i,keydown
4324300, ,keydown
4324700,r,keydown
4324800,i,keydown
4325100,s,keydown
4325300,o,keydown
4325500,l,keydown
4325700,v,keydown
4325900,e,keydown
4326000, ,keydown
4326300,a,keydown
4326300, ,keydown
4326500,p,keydown
4326600,a,keydown
4326700,r,keydown
4326900,t,keydown
4327100,i,keydown
4327200,r,keydown
4327300,e,keydown
4327400, ,keydown
4328100,d,keydown
4328100,a,keydown
4328200,l,keydown
4328400,l,keydown
4328800,#,keydown
4328900,i,keydown
4329100,n,keydown
4329200,c,keydown
4329300,o,keydown
4329500,n,keydown
4329600,t,keydown
4329600,r,keydown
4329800,o,keydown
4329900, ,keydown
4330100,d,keydown
4330400,Backspace,keydown
4330700,f,keydown
4330800,r,keydown
4331000,a,keydown
4331200, ,keydown
4331500,#,keydown
4331700,n,keydown
4331900,a,keydown
4332100,v,keydown
4332100,a,keydown
4332200,r,keydown
4332400,r,keydown
4332500,e,keydown
4332700, ,keydown
4332700,e,keydown
4332900, ,keydown
4339400,u,keydown
4339600,n,keydown
4339700, ,keydown
4340100,g,keydown
4340100,i,keydown
4340300,o,keydown
4340500,v,keydown
4340600,a,keydown
4340700,n,keydown
4340800,e,keydown
4341500,Enter,keydown
4341700,l,keydown
4341900,a,keydown
4342100,c,keydown
4342400,Backspace,keydown
4342600,d,keydown
4342800,r,keydown
4342900,o,keydown
4343900,",",keydown
4344100, ,keydown
4344300,d,keydown
4344400,e,keydown
4344600,t,keydown
4344700,t,keydown
4345000,o,keydown
4345300, ,keydown
4347600,Backspace,keydown
4347800,Backspace,keydown
4348000,Backspace,keydown
4348200,Backspace,keydown
4348300,Backspace,keydown
4348400,Backspace,keydown
4351300,#,keydown
4351500,p,keydown
4351800,h,keydown
4351900,i,keydown
4352100,l,keydown
4352400,i,keydown
4352600,p,keydown
4352700,p,keydown
4353000,e,keydown
4354400,",",keydown
4354600, ,keydown
4355100,s,keydown
4355400,c,keydown
4355500,a,keydown
4355700,p,keydown
4355800,p,keydown
4355900,a,keydown
4356200,t,keydown
4356200,o,keydown
4356300, ,keydown
4356500,d,keydown
4356600,a,keydown
4356600,l,keydown
4356800,l,keydown
4357000,e,keydown
4357000, ,keydown
4357100,p,keydown
4357300,r,keydown
4357400,i,keydown
4357900,g,keydown
4358000,i,keydown
4358000,o,keydown
4358200,n,keydown
4358400,i,keydown
4358500, ,keydown
4358700,d,keydown
4358700,e,keydown
4358900,l,keydown
4359000,l,keydown
4359200,a,keydown
4359300, ,keydown
4359700,c,keydown
4359800,i,keydown
4360000,t,keydown
4360100,t,keydown
4360200,a,keydown
4360600,#,keydown
4360700, ,keydown
4361200,i,keydown
4361300,n,keydown
4361500, ,keydown
4361600,c,keydown
4361700,u,keydown
4361800,i,keydown
4362000, ,keydown
4362100,v,keydown
4362300,i,keydown
4362300,v,keydown
4362600,e,keydown
4362800,Enter,keydown
4363200,i,keydown
4363400,l,keydown
4363600, ,keydown
4363600,v,keydown
4363800,e,keydown
4364000,s,keydown
4364100,c,keydown
4364200,o,keydown
4364400,v,keydown
4364500,o,keydown
4364700,.,keydown
4365000, ,keydown
4366300,#,keydown
4366900,i,keydown
4367000, ,keydown
4367500,t,keydown
4367600,r,keydown
4367800,e,keydown
4368400,",",keydown
4368500, ,keydown
4368700,c,keydown
4368800,o,keydown
4369000,n,keydown
4369100, ,keydown
4369400,l,keydown
4369700,#,keydown
4369900,a,keydown
4370000,i,keydown
4370200,u,keydown
4370300,t,keydown
4370400,o,keydown
4370600, ,keydown
4370700,d,keydown
4370700,i,keydown
4370900, ,keydown
4371200,u,keydown
4371400,n,keydown
4372100,Backspace,keydown
4372400,Backspace,keydown
4372500,Backspace,keydown
4372600,Backspace,keydown
4373200,e,keydown
4373300,l,keydown
4373500, ,keydown
4373600,c,keydown
4373800,o,keydown
4373900,n,keydown
4374100,f,keydown
4374100,e,keydown
4374300,s,keydown
4374500,s,keydown
4374600,o,keydown
4374700,r,keydown
4374800,e,keydown
4374900, ,keydown
4375000,a,keydown
4375100, ,keydown
4375300,c,keydown
4375400,a,keydown
4375600,u,keydown
4375700,s,keydown
4375900,a,keydown
4376000, ,keydown
4376200,d,keydown
4376400,e,keydown
4376600,l,keydown
4376700, ,keydown
4376700,c,keydown
4376900,u,keydown
4376900,i,keydown
4377200, ,keydown
4377500,t,keydown
4377700,r,keydown
4377800,a,keydown
4377900,d,keydown
4378100,i,keydown
4378300,m,keydown
4378300,e,keydown
4378500,n,keydown
4378600,t,keydown
4378700,o,keydown
4379200,Enter,keydown
4379600,i,keydown
4379700, ,keydown
4380300,d,keydown
4380400,u,keydown
4380500,e,keydown
4380600, ,keydown
4380700,i,keydown
4381000,n,keydown
4381200,n,keydown
4381300,a,keydown
4381400,m,keydown
4381500,o,keydown
4381600,r,keydown
4381800,a,keydown
4382100,t,keydown
4382300,i,keydown
4382500, ,keydown
4382800,s,keydown
4382800,o,keydown
4383000,n,keydown
4383200,o,keydown
4383300, ,keydown
4383500,a,keydown
4383900,Backspace,keydown
4384000,s,keydown
4384200,t,keydown
4384300,a,keydown
4384400,t,keydown
4384500,i,keydown
4384700, ,keydown
4385300,c,keydown
4385300,o,keydown
4385600,n,keydown
4385600,d,keydown
4385700,a,keydown
4385800,n,keydown
4385900,n,keydown
4386000,a,keydown
4386300,t,keydown
4386300,i,keydown
4386400, ,keydown
4387600,d,keydown
4387700,a,keydown
4387900,l,keydown
4388000, ,keydown
4388200,m,keydown
4388300,a,keydown
4388500,l,keydown
4388600,e,keydown
4388800,f,keydown
4389000,i,keydown
4389100,c,keydown
4389300,i,keydown
4389400,i,keydown
4389400,o,keydown
4390300,Backspace,keydown
4390500,Backspace,keydown
4391100,o,keydown
4391300,",",keydown
4391500, ,keydown
4393100,t,keydown
4393200,a,keydown
4393300,l,keydown
4393500,e,keydown
4393600, ,keydown
4393700,#,keydown
4393900,i,keydown
4394200,m,keydown
4394300,p,keydown
4394400,e,keydown
4394500,r,keydown
4394600,i,keydown
4395000,u,keydown
4395100,s,keydown
4395600,Enter,keydown
4396700,r,keydown
4396800,i,keydown
4397000,u,keydown
4397100,s,keydown
4397200,c,keydown
4397600,i,keydown
4397800,r,keydown
4397900,a,keydown
4398000,n,keydown
4398200,n,keydown
4398400,o,keydown
4398600, ,keydown
4399100,a,keydown
4399200, ,keydown
4399400,r,keydown
4399500,o,keydown
4399600,m,keydown
4399800,p,keydown
4400000,e,keydown
4400100,r,keydown
4400100,e,keydown
4400300, ,keydown
4400500,l,keydown
4400800,#,keydown
4400900,i,keydown
4401200,n,keydown
4401300,c,keydown
4401400,a,keydown
4401500,n,keydown
4401700,t,keydown
4401800,e,keydown
4402000,s,keydown
4402100,i,keydown
4402200,m,keydown
4402400,o,keydown
4402600, ,keydown
4402700,i,keydown
4403000,n,keydown
4403100, ,keydown
4403600,u,keydown
4404000,n,keydown
4404200, ,keydown
4404400,g,keydown
4404500,i,keydown
4404500,o,keydown
4404600,r,keydown
4404800,n,keydown
4405000,o,keydown
4405100, ,keydown
4405300,d,keydown
4405600,#,keydown
4405600,e,keydown
4405800,c,keydown
4405900,l,keydown
4406100,i,keydown
4406300,s,keydown
4406400,s,keydown
4406400,i,keydown
4407500,",",keydown
4407900, ,keydown
4408200,g,keydown
4408200,i,keydown
4408300,o,keydown
4408500,r,keydown
4408600,n,keydown
4408700,o,keydown
4409200,Enter,keydown
4409500,a,keydown
4409700, ,keydown
4410600,Backspace,keydown
4410800,Backspace,keydown
4411200,s,keydown
4411300,e,keydown
4411500,n,keydown
4411600,z,keydown
4411800,a,keydown
4412100, ,keydown
4412400,n,keydown
4412600,o,keydown
4412700,t,keydown
4412900,t,keydown
4413100,e,keydown
4413200, ,keydown
4413400,e,keydown
4413500, ,keydown
4413700,n,keydown
4414000,o,keydown
4414200,t,keydown
4414300,t,keydown
4414500,e,keydown
4414700, ,keydown
4414800,s,keydown
4415000,e,keydown
4415000,n,keydown
4415200,z,keydown
4415300,a,keydown
4415500, ,keydown
4415600,g,keydown
4415800,i,keydown
4415800,o,keydown
4416000,r,keydown
4416100,n,keydown
4416300,o,keydown
4416400,.,keydown
4416700, ,keydown
4418800,#,keydown
4419100,r,keydown
4419200,o,keydown
4419500,m,keydown
4419500,a,keydown
4419700,n,keydown
4419900,t,keydown
4419900,i,keydown
4420000,c,keydown
4420200,o,keydown
4420500,",",keydown
4420500, ,keydown
4420800,p,keydown
4420900,r,keydown
4421000,o,keydown
4421200,n,keydown
4421300,d,keydown
4422700,Backspace,keydown
4422900,Backspace,keydown
4423400,f,keydown
4423500,o,keydown
4423700,n,keydown
4423800,d,keydown
4423900,o,keydown
4424000,",",keydown
4424200, ,keydown
4424400,i,keydown
4424600,n,keydown
4424700,t,keydown
4424700,e,keydown
4424900,n,keydown
4425100,s,keydown
4425200,o,keydown
4426300,.,keydown
