timestamp,key,type
30441800,Backspace,keydown
30441800,Backspace,keydown
30441800,Backspace,keydown
30441800,Backspace,keydown
30441800,Backspace,keydown
30441800,Backspace,keydown
30441800,Backspace,keydown
30441800,Backspace,keydown
30441800,e,keydown
30442000,c,keydown
30442100,c,keydown
30442300,o,keydown
30442400,m,keydown
30442600,i,keydown
30442700, ,keydown
30443100,#,keydown
30443300,u,keydown
30443700,Backspace,keydown
30443800,Backspace,keydown
30444700,q,keydown
30444900,u,keydown
30445000,i,keydown
30445000, ,keydown
30445200,a,keydown
30445300, ,keydown
30445700,d,keydown
30446200,Backspace,keydown
30446200,f,keydown
30446300,a,keydown
30446500,r,keydown
30446700,e,keydown
30446700, ,keydown
30447500,l,keydown
30447800,#,keydown
30448000,e,keydown
30448200,s,keydown
30448400,p,keydown
30448400,e,keydown
30448600,r,keydown
30448800,i,keydown
30449100,m,keydown
30449300,e,keydown
30449400,n,keydown
30449600,t,keydown
30449600,i,keydown
30449600,o,keydown
30450100,Backspace,keydown
30450100,Backspace,keydown
30450600,o,keydown
30450700,",",keydown
30450900, ,keydown
30451400,o,keydown
30451600, ,keydown
30451700,m,keydown
30451800,e,keydown
30452100,g,keydown
30452300,l,keydown
30452400,i,keydown
30452500,o,keydown
30452900,",",keydown
30453100, ,keydown
30453200,i,keydown
30453500,l,keydown
30453500, ,keydown
30453700,c,keydown
30453900,a,keydown
30453900,m,keydown
30454500,p,keydown
30454600,i,keydown
30454800,n,keydown
30455100,o,keydown
30455400,Backspace,keydown
30455600,Backspace,keydown
30456200,o,keydown
30456400,n,keydown
30456500,e,keydown
30456700, ,keydown
30456800,p,keydown
30456800,e,keydown
30457000,r,keydown
30457200, ,keydown
30457700,l,keydown
30458100,#,keydown
30458400,e,keydown
30459100,s,keydown
30459300,p,keydown
30459300,e,keydown
30459500,r,keydown
30459600,i,keydown
30459800,m,keydown
30459900,e,keydown
30460000,n,keydown
30460100,t,keydown
30460300,o,keydown
30461400,#,keydown
30461700,#,keydown
30462700,Enter,keydown
30464000,#,keydown
30464300,s,keydown
30464500,o,keydown
30464600,n,keydown
30464800,o,keydown
30464900, ,keydown
30465100,Backspace,keydown
30465300,Backspace,keydown
30465400,Backspace,keydown
30465500,Backspace,keydown
30466100,o,keydown
30466300,n,keydown
30466400,o,keydown
30466500, ,keydown
30466700,p,keydown
30466800,r,keydown
30466900,o,keydown
30467200,p,keydown
30467400,r,keydown
30468000,i,keydown
30468200,o,keydown
30468200, ,keydown
30468500,t,keydown
30468600,e,keydown
30468800,r,keydown
30469100,r,keydown
30469300,r,keydown
30469600,Backspace,keydown
30470100,i,keydown
30470300,b,keydown
30470400,i,keydown
30470600,l,keydown
30470700,e,keydown
30470900, ,keydown
30471000,a,keydown
30471100,d,keydown
30471200, ,keydown
30471400,e,keydown
30471600,s,keydown
30471700,s,keydown
30471900,e,keydown
30472100,r,keydown
30472100,e,keydown
30472200, ,keydown
30472500,l,keydown
30473000,#,keydown
30473300,u,keydown
30473500,l,keydown
30473500,#,keydown
30473700,i,keydown
30474200,Backspace,keydown
30474300,Backspace,keydown
30474500,t,keydown
30475000,i,keydown
30475200,m,keydown
30475300,a,keydown
30475400, ,keydown
30475600,a,keydown
30475600, ,keydown
30476100,f,keydown
30476200,i,keydown
30476400,n,keydown
30476600,i,keydown
30476800,r,keydown
30476800,e,keydown
30476900, ,keydown
30478300,d,keydown
30478500,o,keydown
30478600,p,keydown
30478700,o,keydown
30478800, ,keydown
30479000,e,keydown
30479100,s,keydown
30479300,s,keydown
30479500,e,keydown
30479700,r,keydown
30479800,e,keydown
30480000, ,keydown
30480100,s,keydown
30480700,t,keydown
30480700,a,keydown
30480800,t,keydown
30481100,Enter,keydown
30482200,Backspace,keydown
30482200,Backspace,keydown
30482900,Backspace,keydown
30483700,a,keydown
30484000,t,keydown
30484100,a,keydown
30484400, ,keydown
30484500,l,keydown
30484700,a,keydown
30485200,Enter,keydown
30485900,p,keydown
30486100,r,keydown
30486200,o,keydown
30486900,i,keydown
30487100,Backspace,keydown
30487300,Backspace,keydown
30487600,i,keydown
30487700,m,keydown
30487800,a,keydown
30488000, ,keydown
30488100,a,keydown
30488300, ,keydown
30488700,c,keydown
30488700,v,keydown
30488800,o,keydown
30489200,Backspace,keydown
30489400,Backspace,keydown
30489800,o,keydown
30490000,m,keydown
30490200,i,keydown
30490400,n,keydown
30490500,i,keydown
30490700,c,keydown
30491000,r,keydown
30491500,Backspace,keydown
30491600,Backspace,keydown
30492500,Backspace,keydown
30492600,c,keydown
30493200,i,keydown
30493300,a,keydown
30493500,r,keydown
30493600,e,keydown
30497300,Backspace,keydown
30497600,#,keydown
30498100,e,keydown
30501600,.,keydown
30502000, ,keydown
30502100,#,keydown
30502900,m,keydown
30503100,a,keydown
30503100, ,keydown
30503900,c,keydown
30504100,h,keydown
30504600,Backspace,keydown
30505100,o,keydown
30505300,s,keydown
30505500,a,keydown
30505600, ,keydown
30506000,t,keydown
30506200,i,keydown
30506200, ,keydown
30506300,s,keydown
30506400,c,keydown
30506700,r,keydown
30506800,i,keydown
30507000,v,keydown
30507200,o,keydown
30507400,n,keydown
30507700,o,keydown
30507800, ,keydown
30508600,g,keydown
30508600,l,keydown
30508900,i,keydown
30508900, ,keydown
30509100,a,keydown
30509200,l,keydown
30509200,t,keydown
30509300,r,keydown
30509500,i,keydown
30509900,#,keydown
30510400,#,keydown
30510700, ,keydown
30510900,#,keydown
30511100,c,keydown
30511300,h,keydown
30511500,i,keydown
30511800,c,keydown
30511900,c,keydown
30512300,a,keydown
30512500,Backspace,keydown
30512500,Backspace,keydown
30512600,Backspace,keydown
30512900,Backspace,keydown
30513100,Backspace,keydown
30513200,Backspace,keydown
30525300,#,keydown
30525600,f,keydown
30525800,o,keydown
30525900,r,keydown
30526200,s,keydown
30526400,e,keydown
30526500, ,keydown
30526800,a,keydown
30526900, ,keydown
30527400,t,keydown
30527500,e,keydown
30527500, ,keydown
30527800,n,keydown
30528000,o,keydown
30528100,n,keydown
30528200, ,keydown
30529300,Enter,keydown
30529800,i,keydown
30530100,n,keydown
30530100,t,keydown
30530200,e,keydown
30530200,r,keydown
30530400,e,keydown
30530700,s,keydown
30530800,s,keydown
30530900,a,keydown
30531300, ,keydown
30531500,i,keydown
30531700,l,keydown
30531800, ,keydown
30531900,c,keydown
30532100,o,keydown
30532300,n,keydown
30532500,t,keydown
30532700,e,keydown
30533000,n,keydown
30533200,u,keydown
30533400,t,keydown
30533500,o,keydown
30534000,",",keydown
30534300, ,keydown
30535200,c,keydown
30535400,o,keydown
30535600,m,keydown
30535600,e,keydown
30535800, ,keydown
30536200,b,keydown
30536700,Backspace,keydown
30536700,Backspace,keydown
30537300, ,keydown
30538300,s,keydown
30539200,Backspace,keydown
30539500,Backspace,keydown
30539600,Backspace,keydown
30539800,Backspace,keydown
30539900,Backspace,keydown
30539900,Backspace,keydown
30540200,a,keydown
30540300,n,keydown
30540500,c,keydown
30540600,h,keydown
30541100,Backspace,keydown
30541100,Backspace,keydown
30541200,Backspace,keydown
30542600,n,keydown
30542800,z,keydown
30542900,i,keydown
30543100,",",keydown
30543300, ,keydown
30543400,s,keydown
30543500,e,keydown
30543800,n,keydown
30544200,z,keydown
30544400,a,keydown
30544500, ,keydown
30544600,i,keydown
30544800,l,keydown
30544900, ,keydown
30545100,f,keydown
30545200,o,keydown
30545300,r,keydown
30545700,s,keydown
30545900,e,keydown
30546800,",",keydown
30546900, ,keydown
30547100,m,keydown
30547200,a,keydown
30547300, ,keydown
30557000,a,keydown
30557100, ,keydown
30557500,v,keydown
30557700,o,keydown
30557900,l,keydown
30558100,t,keydown
30558100,e,keydown
30558700, ,keydown
30559300,i,keydown
30559500,l,keydown
30559600,Enter,keydown
30560000,p,keydown
30560100,r,keydown
30560200,o,keydown
30560500,b,keydown
30560700,l,keydown
30560800,e,keydown
30561000,m,keydown
30561400,a,keydown
30561400, ,keydown
30561800,p,keydown
30561800,e,keydown
30561800,r,keydown
30561900, ,keydown
30562200,s,keydown
30562400,c,keydown
30562800,r,keydown
30562900,i,keydown
30563500,v,keydown
30563800,e,keydown
30563900,r,keydown
30564100,e,keydown
30564100, ,keydown
30564600,q,keydown
30564700,u,keydown
30564700,a,keydown
30564900,l,keydown
30565000,s,keydown
30565200,i,keydown
30565200,a,keydown
30566000,s,keydown
30566200,i,keydown
30566500, ,keydown
30566600,c,keydown
30566700,o,keydown
30566800,s,keydown
30567000,a,keydown
30567100, ,keydown
30567500,e,keydown
30567800,#,keydown
30567900, ,keydown
30568100,i,keydown
30568300,l,keydown
30568400, ,keydown
30568600,p,keydown
30568600,a,keydown
30568900,n,keydown
30569000,i,keydown
30569200,c,keydown
30569200,o,keydown
30569300, ,keydown
30569800,f,keydown
30570400,Backspace,keydown
30570800,#,keydown
30571100,#,keydown
30571500,d,keydown
30571600,a,keydown
30571700, ,keydown
30571900,f,keydown
30572300,o,keydown
30572500,l,keydown
30572700,Backspace,keydown
30573300,g,keydown
30573400,l,keydown
30573600,i,keydown
30573700,o,keydown
30573800, ,keydown
30574500,b,keydown
30574700,i,keydown
30575100,a,keydown
30575200,n,keydown
30575600,c,keydown
30575800,o,keydown
30576300,#,keydown
30576600,#,keydown
30577500,",",keydown
30577600,Enter,keydown
30578400,c,keydown
30578600,h,keydown
30578700,e,keydown
30578800, ,keydown
30579000,m,keydown
30579100,i,keydown
30579200, ,keydown
30579400,p,keydown
30579400,r,keydown
30579500,e,keydown
30579700,n,keydown
30579800,d,keydown
30579900,e,keydown
30580100, ,keydown
30580200,s,keydown
30580400,e,keydown
30580600,m,keydown
30581000,p,keydown
30581100,r,keydown
30581100,e,keydown
30581300, ,keydown
30581700,q,keydown
30581800,u,keydown
30582000,a,keydown
30582000,n,keydown
30582200,d,keydown
30582300,o,keydown
30582500, ,keydown
30582700,d,keydown
30582900,e,keydown
30583100,v,keydown
30583200,o,keydown
30583300, ,keydown
30583500,i,keydown
30583600,n,keydown
30583800,v,keydown
30584100,Backspace,keydown
30584300,c,keydown
30584400,o,keydown
30584600,m,keydown
30585100,i,keydown
30585200,n,keydown
30585500,c,keydown
30585700,i,keydown
30585800,a,keydown
30586000,r,keydown
30586000,t,keydown
30586000,e,keydown
30586200, ,keydown
30586500,Backspace,keydown
30586600,Backspace,keydown
30586700,Backspace,keydown
30586900,e,keydown
30587200, ,keydown
30587300,a,keydown
30587300, ,keydown
30588000,s,keydown
30588100,c,keydown
30588200,r,keydown
30588300,i,keydown
30588600,v,keydown
30588700,e,keydown
30588800,r,keydown
30588900,e,keydown
30588900, ,keydown
30589400,q,keydown
30589600,u,keydown
30589700,a,keydown
30589800,l,keydown
30590100,c,keydown
30590200,o,keydown
30590300,s,keydown
30590500,a,keydown
30590600, ,keydown
30591300,d,keydown
30591500,a,keydown
30591500, ,keydown
30592700,Enter,keydown
30592900,z,keydown
30593000,e,keydown
30593100,r,keydown
30593400,o,keydown
30593800,.,keydown
30593900,.,keydown
30594100,.,keydown
30594900, ,keydown
30595000,#,keydown
30595900,f,keydown
30596200,o,keydown
30596300,r,keydown
30596600,s,keydown
30596700,e,keydown
30597000, ,keydown
30597400,a,keydown
30597500,v,keydown
30597700,r,keydown
30597900,e,keydown
30598000,i,keydown
30598100, ,keydown
30598300,d,keydown
30598400,o,keydown
30598800,v,keydown
30599000,u,keydown
30599100,t,keydown
30599300,i,keydown
30599600,Backspace,keydown
30600000,o,keydown
30600100, ,keydown
30600200,i,keydown
30600500,n,keydown
30601000,v,keydown
30601200,e,keydown
30601300,n,keydown
30601400,t,keydown
30601700,a,keydown
30601900,r,keydown
30602000,e,keydown
30602100, ,keydown
30602700,u,keydown
30602800,n,keydown
30603000,a,keydown
30603200, ,keydown
30604600,s,keydown
30604800,t,keydown
30605000,o,keydown
30605100,r,keydown
30605300,i,keydown
30605400,a,keydown
30605600, ,keydown
30605700,a,keydown
30605800, ,keydown
30606400,p,keydown
30606600,u,keydown
30606800,n,keydown
30606900,t,keydown
30607100,a,keydown
30607300,t,keydown
30607500,w,keydown
30607500,e,keydown
30607900,Backspace,keydown
30608100,Backspace,keydown
30608200,e,keydown
30608800,",",keydown
30608900, ,keydown
30609000,d,keydown
30609200,a,keydown
30610500, ,keydown
30610700,s,keydown
30610800,p,keydown
30610900,e,keydown
30611900,d,keydown
30612100,i,keydown
30612200,r,keydown
30612700,t,keydown
30612900,i,keydown
30613600,Enter,keydown
30614200,u,keydown
30614400,n,keydown
30614500, ,keydown
30614600,g,keydown
30614800,i,keydown
30615000,o,keydown
30615200,r,keydown
30615300,n,keydown
30615400,o,keydown
30615800, ,keydown
30616000,s,keydown
30616100,i,keydown
30616300, ,keydown
30616400,e,keydown
30616700, ,keydown
30616900,n,keydown
30617300,Backspace,keydown
30617600,u,keydown
30617800,n,keydown
30618000,o,keydown
30618100, ,keydown
30618500,n,keydown
30618800,o,keydown
30619000,",",keydown
30619300, ,keydown
30619400,m,keydown
30619600,z,keydown
30620000,Backspace,keydown
30620100,Backspace,keydown
30620700,c,keydown
30620800,o,keydown
30621000,n,keydown
30621100, ,keydown
30621400,u,keydown
30621800,n,keydown
30621900, ,keydown
30622000,b,keydown
30622200,e,keydown
30622400,l,keydown
30622500, ,keydown
30622700,f,keydown
30622800,i,keydown
30622900,n,keydown
30623100,a,keydown
30623200,l,keydown
30623300,e,keydown
30623400, ,keydown
30623600,a,keydown
30623600, ,keydown
30624100,s,keydown
30624300,o,keydown
30624500,p,keydown
30624900,Backspace,keydown
30624900,r,keydown
30625700,p,keydown
30625800,r,keydown
30625800,e,keydown
30626100,s,keydown
30626300,a,keydown
30696300,",",keydown
30696400, ,keydown
30696700,c,keydown
30696800,h,keydown
30697000,e,keydown
30697000, ,keydown
30697200,m,keydown
30697300,a,keydown
30697800,g,keydown
30698100,a,keydown
30698300,r,keydown
30698400,i,keydown
30698700,Enter,keydown
30699100,e,keydown
30699400,r,keydown
30699500,a,keydown
30699600, ,keydown
30699900,a,keydown
30699900,n,keydown
30700100,c,keydown
30700200,h,keydown
30700400,e,keydown
30700600, ,keydown
30701300,p,keydown
30701600,i,keydown
30701800,u,keydown
30702000,#,keydown
30702300, ,keydown
30702400,d,keydown
30702500,i,keydown
30702800,v,keydown
30702800,e,keydown
30702900,r,keydown
30703100,t,keydown
30703200,e,keydown
30703400,n,keydown
30703500,t,keydown
30703500,e,keydown
30703800, ,keydown
30704200,d,keydown
30704300,i,keydown
30704400, ,keydown
30704500,q,keydown
30704700,u,keydown
30704900,e,keydown
30705000,s,keydown
30705200,t,keydown
30705400,i,keydown
30705500, ,keydown
30706400,p,keydown
30706500,e,keydown
30707000,a,keydown
30707500,Backspace,keydown
30708400,z,keydown
30708500,z,keydown
30708800,e,keydown
30709100,t,keydown
30709200,t,keydown
30709400,u,keydown
30709600,n,keydown
30709600,b,keydown
30709900,Backspace,keydown
30710000,Backspace,keydown
30710100,Backspace,keydown
30710600,i,keydown
30710700,n,keydown
30710900,i,keydown
30711000, ,keydown
30711200,s,keydown
30711300,c,keydown
30711500,r,keydown
30711600,i,keydown
30711800,t,keydown
30711900,t,keydown
30712000,i,keydown
30712100, ,keydown
30712300,a,keydown
30712800, ,keydown
30713200,c,keydown
30713300,a,keydown
30713400,s,keydown
30713600,o,keydown
30714200,.,keydown
30714600,Enter,keydown
30714800,#,keydown
30715000,m,keydown
30715200,a,keydown
30715400, ,keydown
30715500,t,keydown
30715700,u,keydown
30715700, ,keydown
30716000,l,keydown
30716100,i,keydown
30716200, ,keydown
30716400,l,keydown
30716600,e,keydown
30716800,g,keydown
30716900,g,keydown
30717000,i,keydown
30722600,#,keydown
30722800,#,keydown
30723100, ,keydown
30723300,#,keydown
30723500,s,keydown
30723700,e,keydown
30724100,",",keydown
30724300, ,keydown
30724600,s,keydown
30724600,i,keydown
30724700, ,keydown
30725800,Backspace,keydown
30726200,",",keydown
30726400, ,keydown
30726500,l,keydown
30726700,i,keydown
30726900, ,keydown
30727000,t,keydown
30727200,r,keydown
30727300,o,keydown
30727700,v,keydown
30727900,i,keydown
30728000, ,keydown
30728500,d,keydown
30728600,i,keydown
30728800,v,keydown
30729000,e,keydown
30729100,r,keydown
30729300,t,keydown
30729400,e,keydown
30729600,n,keydown
30729700,t,keydown
30730400,i,keydown
30730500,#,keydown
30730900,#,keydown
30731000, ,keydown
30731200,#,keydown
30731300,c,keydown
30731700,#,keydown
30731800,e,keydown
30732100,#,keydown
30732200, ,keydown
30732600,q,keydown
30732700,u,keydown
30732900,a,keydown
30733000,l,keydown
30733100,c,keydown
30733300,u,keydown
30733500,n,keydown
30733700,o,keydown
30733800, ,keydown
30734000,c,keydown
30734200,h,keydown
30734300,e,keydown
30734400, ,keydown
30734800,h,keydown
30734900,a,keydown
30735000, ,keydown
30735500,Enter,keydown
30735900,s,keydown
30736000,c,keydown
30736200,r,keydown
30736300,i,keydown
30736400,t,keydown
30736600,t,keydown
30736600,o,keydown
30736700, ,keydown
30737000,c,keydown
30737100,o,keydown
30737600,s,keydown
30737700,e,keydown
30737800, ,keydown
30738100,s,keydown
30738200,e,keydown
30738300,n,keydown
30738500,s,keydown
30738600,a,keydown
30738900,t,keydown
30738900,e,keydown
30739400,#,keydown
30739800,#,keydown
30740100, ,keydown
30741200,#,keydown
30741600,s,keydown
30741900,p,keydown
30742000,e,keydown
30742000,r,keydown
30742400,o,keydown
30742700, ,keydown
30742900,d,keydown
30743000,i,keydown
30743200, ,keydown
30743200,s,keydown
30743700,Backspace,keydown
30743800,Backspace,keydown
30744000,Backspace,keydown
30744100,Backspace,keydown
30744700,s,keydown
30745000,Backspace,keydown
30745100,d,keydown
30745300,i,keydown
30745300, ,keydown
30745700,s,keydown
30745900,i,keydown
30746100,",",keydown
30746300, ,keydown
30746400,m,keydown
30746500,a,keydown
30746600, ,keydown
30747200,f,keydown
30747300,o,keydown
30747400,r,keydown
30747800,s,keydown
30748000,e,keydown
30748000, ,keydown
30748200,n,keydown
30748500,o,keydown
30748700,n,keydown
30748900, ,keydown
30749200,i,keydown
30749400,n,keydown
30750100,Backspace,keydown
30750300,m,keydown
30750500,p,keydown
30750700,o,keydown
30750900,t,keydown
30751300,Backspace,keydown
30751500,r,keydown
30751600,t,keydown
30751900,a,keydown
30752600,n,keydown
30753000,Backspace,keydown
30753200,a,keydown
30753800,Backspace,keydown
30754800,.,keydown
30755000, ,keydown
30755600,#,keydown
30756600,a,keydown
30756900,s,keydown
30757100,p,keydown
30757300,e,keydown
30758400,t,keydown
30758500,t,keydown
30758500,o,keydown
30759500,Enter,keydown
30759900,i,keydown
30760000, ,keydown
30760100,d,keydown
30760300,u,keydown
30760500,e,keydown
30760700, ,keydown
30761000,e,keydown
30761100,s,keydown
30761200,p,keydown
30761400,e,keydown
30761600,r,keydown
30761700,i,keydown
30761900,m,keydown
30761900,e,keydown
30762100,n,keydown
30762100,t,keydown
30762300,i,keydown
30762400, ,keydown
30762600,d,keydown
30762800,i,keydown
30762900, ,keydown
30763300,l,keydown
30763600,u,keydown
30763700,n,keydown
30763900,e,keydown
30764000,d,keydown
30764100,i,keydown
30764800,#,keydown
30765700,Backspace,keydown
30766300,#,keydown
30766700,.,keydown
30766800, ,keydown
30766900,#,keydown
30767200,c,keydown
30767500,i,keydown
30767500,a,keydown
30767600,o,keydown
30768200,.,keydown
