timestamp,key,type
38000100,Backspace,keydown
38000100,Backspace,keydown
38000100,Backspace,keydown
38000100,Backspace,keydown
38000100,Backspace,keydown
38000100,Backspace,keydown
38000100,Backspace,keydown
38000100,Backspace,keydown
38000100,f,keydown
38000400,r,keydown
38003700,a,keydown
38003900,s,keydown
38004100,e,keydown
38004300, ,keydown
38004400,d,keydown
38004900,i,keydown
38005100, ,keydown
38005400,s,keydown
38005500,e,keydown
38005900,n,keydown
38006300,s,keydown
38006700,o,keydown
38006900, ,keydown
38007200,c,keydown
38007500,o,keydown
38007700,m,keydown
38008000,p,keydown
38008300,i,keydown
38008700,u,keydown
38009300,t,keydown
38009600,o,keydown
38010200,.,keydown
38010500, ,keydown
38011300,c,keydown
38011500,h,keydown
38011900,e,keydown
38012000, ,keydown
38012200,c,keydown
38012600,o,keydown
38013000,s,keydown
38013200,a,keydown
38013400, ,keydown
38013600,a,keydown
38014100,c,keydown
38014300,c,keydown
38014600,i,keydown
38014900,d,keydown
38015100,e,keydown
38015500,n,keydown
38015800,t,keydown
38016200,i,keydown
38016300, ,keydown
38016600,e,keydown
38017200,#,keydown
38017500, ,keydown
38017800,u,keydown
38018100,n,keydown
38018400,a,keydown
38018500, ,keydown
38018800,f,keydown
38019100,r,keydown
38019200,a,keydown
38019500,s,keydown
38019700,e,keydown
38019700,w,keydown
38021000,Backspace,keydown
38021300, ,keydown
38021900,d,keydown
38022200,i,keydown
38022400, ,keydown
38022700,s,keydown
38022800,e,keydown
38023700,n,keydown
38024100,s,keydown
38024700,o,keydown
38026400,Enter,keydown
38027400,c,keydown
38027700,o,keydown
38028000,m,keydown
38028200,p,keydown
38028500,i,keydown
38028800,t,keydown
38029500,o,keydown
38030400,#,keydown
38030600, ,keydown
38031000,a,keydown
38031600,n,keydown
38031900,z,keydown
38032300,i,keydown
38032700,",",keydown
38033000, ,keydown
38033200,c,keydown
38033400,h,keydown
38033700,e,keydown
38033800, ,keydown
38034000,c,keydown
38034400,o,keydown
38035100,s,keydown
38035300,a,keydown
38035400, ,keydown
38035600,a,keydown
38036100,c,keydown
38036100,c,keydown
38036700,i,keydown
38037100,d,keydown
38037200,e,keydown
38037600,n,keydown
38037900,t,keydown
38038200,i,keydown
38038400, ,keydown
38038600,e,keydown
38039100,#,keydown
38039300, ,keydown
38039600,u,keydown
38039800,n,keydown
38040200,a,keydown
38040300, ,keydown
38040600,f,keydown
38040800,r,keydown
38041200,a,keydown
38041300,s,keydown
38041400,e,keydown
38042500,#,keydown
38043200,Backspace,keydown
38043400,Backspace,keydown
38044700,Backspace,keydown
38044900,Backspace,keydown
38045000,Backspace,keydown
38045200,Backspace,keydown
38046000,#,keydown
38046400,f,keydown
38046500,r,keydown
38046800,a,keydown
38047000,s,keydown
38047100,e,keydown
38047200, ,keydown
38047500,d,keydown
38047900,i,keydown
38048000, ,keydown
38048200,s,keydown
38048400,e,keydown
38049100,b,keydown
38049400,Backspace,keydown
38049700,n,keydown
38050000,s,keydown
38050500,o,keydown
38050900,#,keydown
38051300,.,keydown
38051500, ,keydown
38053900,Backspace,keydown
38054400,Backspace,keydown
38056300,#,keydown
38056500, ,keydown
38056900,q,keydown
38057500,u,keydown
38057700,a,keydown
38057900,l,keydown
38058300,e,keydown
38059400, ,keydown
38060200,s,keydown
38060400,e,keydown
38062600,Backspace,keydown
38062800,Backspace,keydown
38063600,Enter,keydown
38065100,d,keydown
38065600,Backspace,keydown
38066000,s,keydown
38066200,e,keydown
38067000,n,keydown
38067400,s,keydown
38067700,o,keydown
38067900, ,keydown
38068000,p,keydown
38068400,o,keydown
38068600,u,keydown
38069100,Backspace,keydown
38069200,i,keydown
38070700,i,keydown
38071300,#,keydown
38071600, ,keydown
38071900,q,keydown
38072500,u,keydown
38072800,e,keydown
38073400,l,keydown
38075200,l,keydown
38075300,o,keydown
38075500, ,keydown
38075800,c,keydown
38076200,o,keydown
38076600,m,keydown
38077000,u,keydown
38077400,n,keydown
38077700,r,keydown
38078100,Backspace,keydown
38078500,e,keydown
38079100,#,keydown
38079200, ,keydown
38079800,i,keydown
38079900,l,keydown
38080100, ,keydown
38080400,s,keydown
38080600,e,keydown
38080900,s,keydown
38081200,t,keydown
38081600,p,keydown
38081900,Backspace,keydown
38082100,o,keydown
38083800,#,keydown
38084100, ,keydown
38084800,q,keydown
38085400,u,keydown
38085600,e,keydown
38086100,l,keydown
38086300,l,keydown
38086400,o,keydown
38086500, ,keydown
38086800,d,keydown
38087100,i,keydown
38087300, ,keydown
38087400,m,keydown
38087700,a,keydown
38088000,r,keydown
38088200,c,keydown
38088700,i,keydown
38088900,a,keydown
38089900,#,keydown
38102000,Backspace,keydown
38102600,q,keydown
38106200, ,keydown
38107800,q,keydown
38108200,u,keydown
38108500,a,keydown
38108900,l,keydown
38109400,e,keydown
38109500, ,keydown
38110000,m,keydown
38110400,a,keydown
38110800,r,keydown
38110900,c,keydown
38111600,i,keydown
38111900,a,keydown
38113500,Enter,keydown
38114600,p,keydown
38114800,o,keydown
38115100,i,keydown
38120300,#,keydown
38120600, ,keydown
38120800,m,keydown
38121100,i,keydown
38121300,l,keydown
38121400,i,keydown
38121700,t,keydown
38122000,a,keydown
38122300,r,keydown
38122400,e,keydown
38123100,",",keydown
38123300, ,keydown
38123600,a,keydown
38124100,n,keydown
38124400,d,keydown
38124700,a,keydown
38125100,t,keydown
38125300,a,keydown
38125500, ,keydown
38125600,a,keydown
38125800, ,keydown
38126300,m,keydown
38126600,a,keydown
38127000,l,keydown
38127300,e,keydown
38127900,",",keydown
38128100, ,keydown
38128800,#,keydown
38129800,m,keydown
38130000,a,keydown
38130300,r,keydown
38130500,c,keydown
38130900,i,keydown
38131200,a,keydown
38131700,#,keydown
38134700, ,keydown
38135600,l,keydown
38135800,#,keydown
38136300,a,keydown
38136800,m,keydown
38137100,i,keydown
38137300,n,keydown
38137800,Backspace,keydown
38138700,c,keydown
38139000,a,keydown
38139100, ,keydown
38227800,Backspace,keydown
38232600,d,keydown
38232900,i,keydown
38233100, ,keydown
38233400,n,keydown
38233600,o,keydown
38233800,n,keydown
38234000, ,keydown
38234300,p,keydown
38235000,m,keydown
38235300,i,keydown
38235600, ,keydown
38236100,Backspace,keydown
38236300,Backspace,keydown
38236400,Backspace,keydown
38236500,Backspace,keydown
38237100,m,keydown
38237300,i,keydown
38237500, ,keydown
38237800,r,keydown
38238200,i,keydown
38238500,c,keydown
38238800,i,keydown
38238900,o,keydown
38239400,Backspace,keydown
38239600,o,keydown
38240000,d,keydown
38240600,o,keydown
38240800, ,keydown
38240800,p,keydown
38241100,i,keydown
38241300,u,keydown
38241800,#,keydown
38242500,Enter,keydown
38243200,c,keydown
38243500,h,keydown
38243900,i,keydown
38244300,.,keydown
38245000,.,keydown
38245100,.,keydown
38246000, ,keydown
38246600,m,keydown
38246900,a,keydown
38247000, ,keydown
38247300,q,keydown
38247700,u,keydown
38248200,a,keydown
38248600,n,keydown
38249000,t,keydown
38249100,e,keydown
38249400, ,keydown
38249500,d,keydown
38249700,a,keydown
38250100,n,keydown
38250400,n,keydown
38250700,a,keydown
38250900,t,keydown
38251200,i,keydown
38251600,s,keydown
38251700,s,keydown
38252200,i,keydown
38252600,m,keydown
38252900,e,keydown
38253000, ,keydown
38253300,r,keydown
38253700,i,keydown
38253900,g,keydown
38254100,h,keydown
38254400,e,keydown
38254500, ,keydown
38255300,h,keydown
38255500,a,keydown
38255800, ,keydown
38255800,q,keydown
38256300,u,keydown
38256600,e,keydown
38256800,s,keydown
38257100,t,keydown
38257300,a,keydown
38257500, ,keydown
38257800,s,keydown
38257900,t,keydown
38258100,r,keydown
38258400,a,keydown
38258800,m,keydown
38259100,a,keydown
38259400,l,keydown
38259700,e,keydown
38260100,d,keydown
38260300,e,keydown
38260500,t,keydown
38260600,t,keydown
38260800,a,keydown
38261000, ,keydown
38261300,f,keydown
38261800,i,keydown
38262100,n,keydown
38262300,e,keydown
38262600,c,keydown
38264900,Backspace,keydown
38265100,Backspace,keydown
38265200,Backspace,keydown
38265400,Backspace,keydown
38265500,Backspace,keydown
38265800,Enter,keydown
38266900,f,keydown
38267300,i,keydown
38267600,n,keydown
38267800,e,keydown
38268100,s,keydown
38268400,t,keydown
38268600,r,keydown
38268900,a,keydown
38269300,.,keydown
38269500, ,keydown
38269800,e,keydown
38269900, ,keydown
38270000,c,keydown
38270500,o,keydown
38270700,m,keydown
38271000,e,keydown
38271100, ,keydown
38271400,a,keydown
38271700,c,keydown
38271800,c,keydown
38272100,i,keydown
38272500,d,keydown
38272700,e,keydown
38273100,n,keydown
38273300,t,keydown
38273500,e,keydown
38273800, ,keydown
38274900,h,keydown
38275200,o,keydown
38275300, ,keydown
38275600,f,keydown
38275900,a,keydown
38276200,t,keydown
38276300,t,keydown
38276700,o,keydown
38276900, ,keydown
38278600,Backspace,keydown
38278800,Backspace,keydown
38278900,Backspace,keydown
38279700,Backspace,keydown
38279900,Backspace,keydown
38280000,Backspace,keydown
38280700,i,keydown
38280900, ,keydown
38281300,h,keydown
38281600,o,keydown
38281700, ,keydown
38282000,f,keydown
38282200,a,keydown
38282700,t,keydown
38282800,t,keydown
38283100,o,keydown
38283300, ,keydown
38283700,a,keydown
38283800, ,keydown
38312200,l,keydown
38312600,a,keydown
38313400,c,keydown
38313900,i,keydown
38314600,Backspace,keydown
38314800,Backspace,keydown
38315700,s,keydown
38315900,c,keydown
38316300,i,keydown
38316500,a,keydown
38317000,r,keydown
38317500,m,keydown
38317700,i,keydown
38317900, ,keydown
38317900,i,keydown
38318100,n,keydown
38318400,c,keydown
38319400,a,keydown
38319500,s,keydown
38319800,t,keydown
38320000,r,keydown
38320200,a,keydown
38320400,r,keydown
38320600,e,keydown
38320800, ,keydown
38321200,Enter,keydown
38322000,u,keydown
38322100,n,keydown
38323000,#,keydown
38323200,a,keydown
38323600,l,keydown
38323900,t,keydown
38324100,r,keydown
38324400,a,keydown
38324500, ,keydown
38324900,v,keydown
38325200,o,keydown
38325300,l,keydown
38325700,t,keydown
38326000,a,keydown
38326500,.,keydown
38326700,.,keydown
38326800,.,keydown
38327100, ,keydown
38327600,n,keydown
38327800,o,keydown
38328100,n,keydown
38328200, ,keydown
38328300,m,keydown
38328500,i,keydown
38328600, ,keydown
38328900,e,keydown
38329000,r,keydown
38329200,a,keydown
38329400, ,keydown
38329700,b,keydown
38330000,a,keydown
38330100,s,keydown
38330500,t,keydown
38330700,a,keydown
38331000,t,keydown
38331400,a,keydown
38331700, ,keydown
38332900,l,keydown
38333200,a,keydown
38333500, ,keydown
38333600,d,keydown
38333800,a,keydown
38334400,n,keydown
38334700,n,keydown
38335200,a,keydown
38335700,t,keydown
38336000,i,keydown
38336300,s,keydown
38336800,m,keydown
38337200,a,keydown
38337400, ,keydown
38337500,e,keydown
38337700,s,keydown
38338100,p,keydown
38338500,e,keydown
38338600,r,keydown
38338900,i,keydown
38339300,a,keydown
38339700,n,keydown
38340000,z,keydown
38340300,a,keydown
38340700,Enter,keydown
38341300,m,keydown
38341600,a,keydown
38342100,n,keydown
38342500,z,keydown
38342800,i,keydown
38343300,Backspace,keydown
38343500,o,keydown
38343800,n,keydown
38346800,i,keydown
38347200,a,keydown
38347700,n,keydown
38348000,a,keydown
38348400,.,keydown
38348600, ,keydown
38349000,e,keydown
38349100, ,keydown
38349500,p,keydown
38349700,o,keydown
38349900,i,keydown
38350100, ,keydown
38350700,q,keydown
38351300,u,keydown
38351500,e,keydown
38352000,l,keydown
38352200,l,keydown
38352300,o,keydown
38352500, ,keydown
38352800,c,keydown
38353000,h,keydown
38353300,e,keydown
38353300,w,keydown
38353400, ,keydown
38354600,Backspace,keydown
38354900,Backspace,keydown
38355400, ,keydown
38355800,h,keydown
38356100,o,keydown
38356200, ,keydown
38356600,s,keydown
38356900,c,keydown
38357400,r,keydown
38357800,i,keydown
38358100,t,keydown
38358300,t,keydown
38358500,o,keydown
38358700, ,keydown
38359000,e,keydown
38359300,#,keydown
38359500, ,keydown
38360200,#,keydown
38360600,n,keydown
38360800,o,keydown
38361100,n,keydown
38361200, ,keydown
38361400,t,keydown
38361600,r,keydown
38362000,o,keydown
38362200,p,keydown
38362300,p,keydown
38362600,o,keydown
38362700, ,keydown
38363400,p,keydown
38363700,e,keydown
38363800,r,keydown
38364000,s,keydown
38364500,o,keydown
38364900,n,keydown
38365200,a,keydown
38365500,l,keydown
38365900,e,keydown
38366400,#,keydown
38366800,#,keydown
38367700,Enter,keydown
38368200,c,keydown
38368800,h,keydown
38369800,e,keydown
38369900, ,keydown
38370100,c,keydown
38370400,i,keydown
38370900,Backspace,keydown
38371900,o,keydown
38372400,s,keydown
38372500,a,keydown
38372700, ,keydown
38373000,v,keydown
38373500,u,keydown
38373700,o,keydown
38373900,l,keydown
38374300, ,keydown
38374600,d,keydown
38375000,i,keydown
38375600,r,keydown
38375700,e,keydown
38376300, ,keydown
38377100,n,keydown
38377300,o,keydown
38377600,n,keydown
38377700, ,keydown
38379300,Backspace,keydown
38379500,Backspace,keydown
38379600,Backspace,keydown
38379800,Backspace,keydown
38380300,#,keydown
38381000,n,keydown
38381200,o,keydown
38381500,n,keydown
38381700, ,keydown
38381900,t,keydown
38382100,r,keydown
38382500,o,keydown
38382700,p,keydown
38382900,p,keydown
38383000,o,keydown
38383200, ,keydown
38383800,p,keydown
38384200,e,keydown
38384400,r,keydown
38384500,s,keydown
38385300,o,keydown
38385500,b,keydown
38386000,Backspace,keydown
38386300,n,keydown
38386500,a,keydown
38386800,l,keydown
38387100,e,keydown
38387700,#,keydown
38388300,.,keydown
38389000, ,keydown
38389700,e,keydown
38389900, ,keydown
38390300,q,keydown
38390900,u,keydown
38391300,i,keydown
38391600, ,keydown
38392100,m,keydown
38392500,Backspace,keydown
38392800,p,keydown
38393000,o,keydown
38394000,t,keydown
38394300,r,keydown
38394400,e,keydown
38394800,i,keydown
38395000, ,keydown
38395400,a,keydown
38395900,t,keydown
38396100,t,keydown
38396400,a,keydown
38396900,n,keydown
38397300,Backspace,keydown
38397600,c,keydown
38397700,c,keydown
38398000,a,keydown
38398300,r,keydown
38398400,e,keydown
38398600, ,keydown
38398800,c,keydown
38399200,p,keydown
38399200,o,keydown
38400700,Backspace,keydown
38400800,Backspace,keydown
38401000,Backspace,keydown
38401500,Enter,keydown
38402200,c,keydown
38402500,o,keydown
38402700,n,keydown
38403000, ,keydown
38403100,l,keydown
38403500,a,keydown
38403700, ,keydown
38403900,t,keydown
38404100,t,keydown
38404400,e,keydown
38404800,m,keydown
38405100,p,keydown
38405500,e,keydown
38405800,s,keydown
38406100,t,keydown
38406300,a,keydown
38406500, ,keydown
38406900,d,keydown
38407300,i,keydown
38407500, ,keydown
38407700,c,keydown
38407900,e,keydown
38408100,r,keydown
38408300,v,keydown
38408600,e,keydown
38409100,l,keydown
38409200,l,keydown
38409400,i,keydown
38409700, ,keydown
38410000,s,keydown
38410700,u,keydown
38411100,l,keydown
38411200, ,keydown
38411500,p,keydown
38411900,e,keydown
38412000,r,keydown
38412300,s,keydown
38412700,o,keydown
38413200,n,keydown
38413500,a,keydown
38413800,l,keydown
38414400,e,keydown
38415400,",",keydown
38415700, ,keydown
38416200,Backspace,keydown
38416300,Backspace,keydown
38417300,.,keydown
38417500, ,keydown
38418000,q,keydown
38418500,u,keydown
38418800,a,keydown
38419100,l,keydown
38419700,e,keydown
38419900, ,keydown
38420200,p,keydown
38420600,r,keydown
38422400,Backspace,keydown
38423100,e,keydown
38423300,r,keydown
38423500,s,keydown
38423900,o,keydown
38424600,n,keydown
38424900,a,keydown
38425200,l,keydown
38425500,e,keydown
38425900,",",keydown
38426100, ,keydown
38426400,p,keydown
38426600,o,keydown
38426700,i,keydown
38427000, ,keydown
38427200,d,keydown
38427400,e,keydown
38428000,l,keydown
38428200, ,keydown
38428500,Enter,keydown
38429200,d,keydown
38429600,i,keydown
38430100,p,keydown
38430500,a,keydown
38430800,r,keydown
38431000,t,keydown
38431400,i,keydown
38431700,m,keydown
38432000,e,keydown
38432400,n,keydown
38432700,t,keydown
38433200,o,keydown
38433600,#,keydown
38433900, ,keydown
38434400,d,keydown
38434700,i,keydown
38434900, ,keydown
38435200,q,keydown
38435600,y,keydown
38436100,Backspace,keydown
38436300,u,keydown
38436500,a,keydown
38436900,l,keydown
38437200,e,keydown
38437300, ,keydown
38437800,#,keydown
38438200,q,keydown
38438600,u,keydown
38439600,i,keydown
38439800, ,keydown
38440000,o,keydown
38440100, ,keydown
38440500,a,keydown
38441100,Backspace,keydown
38441600,a,keydown
38441900,d,keydown
38442100, ,keydown
38442200,a,keydown
38442600,l,keydown
38442900,e,keydown
38443200,s,keydown
38443300,s,keydown
38443500,a,keydown
38444000,n,keydown
38444300,d,keydown
38444600,r,keydown
38445000,i,keydown
38445300,a,keydown
38445800,#,keydown
38450700,",",keydown
38451000, ,keydown
38451500,d,keydown
38452000,i,keydown
38452100, ,keydown
38452600,e,keydown
38453200,n,keydown
38453400,t,keydown
38453700,r,keydown
38453700,e,keydown
38454000,a,keydown
38454700,m,keydown
38455000,b,keydown
38455400,i,keydown
38457100,#,keydown
38457300, ,keydown
38458100,Enter,keydown
38460400,e,keydown
38460600, ,keydown
38461000,g,keydown
38461500,l,keydown
38461700,i,keydown
38462000, ,keydown
38462600,e,keydown
38462900,r,keydown
38463100,r,keydown
38463400,o,keydown
38463700,r,keydown
38464100,i,keydown
38464100,o,keydown
38465200,Backspace,keydown
38465500, ,keydown
38466000,d,keydown
38467200,i,keydown
38467300, ,keydown
38467800,o,keydown
38468100,r,keydown
38468300,t,keydown
38468700,o,keydown
38469100,g,keydown
38469200,r,keydown
38469500,a,keydown
38469800,d,keydown
38470200,Backspace,keydown
38470500,f,keydown
38470700,i,keydown
38471000,a,keydown
38472000,#,keydown
38472300, ,keydown
38472400,m,keydown
38472800,i,keydown
38473200,c,keydown
38473400,a,keydown
38473600, ,keydown
38473900,t,keydown
38474400,o,keydown
38474600,r,keydown
38475300,n,keydown
38475600,o,keydown
38475700, ,keydown
38475900,i,keydown
38476000,n,keydown
38476500,d,keydown
38477000,i,keydown
38477500,e,keydown
38477700,t,keydown
38477800,r,keydown
38478200,o,keydown
38478500, ,keydown
38478800,a,keydown
38478900, ,keydown
38479200,c,keydown
38479600,o,keydown
38480200,r,keydown
38480400,r,keydown
38480500,e,keydown
38480800,g,keydown
38481000,g,keydown
38481200,e,keydown
38481500,r,keydown
38481900,l,keydown
38482100,i,keydown
38483800,.,keydown
38484700, ,keydown
38489700,Backspace,keydown
38490500,.,keydown
38490700,.,keydown
