timestamp,key,type
7705100,Backspace,keydown
7705100,Backspace,keydown
7705100,Backspace,keydown
7705100,Backspace,keydown
7705100,Backspace,keydown
7705100,Backspace,keydown
7705100,Backspace,keydown
7705100,Backspace,keydown
7705100,#,keydown
7705400,b,keydown
7705700,u,keydown
7705900,o,keydown
7706000,n,keydown
7706200,g,keydown
7706300,i,keydown
7706500,o,keydown
7706600,r,keydown
7706800,n,keydown
7707000,o,keydown
7707500,",",keydown
7707600, ,keydown
7707900,e,keydown
7708300,c,keydown
7708400,c,keydown
7708900,c,keydown
7709300,i,keydown
7709700,Backspace,keydown
7709800,Backspace,keydown
7710200,o,keydown
7710800,c,keydown
7710800,i,keydown
7711000, ,keydown
7711400,q,keydown
7711600,u,keydown
7711800,i,keydown
7712300, ,keydown
7712500,d,keydown
7712600,o,keydown
7713000,p,keydown
7713200,o,keydown
7713500, ,keydown
7713600,l,keydown
7713700,e,keydown
7713900, ,keydown
7714300,f,keydown
7714700,Backspace,keydown
7714900,v,keydown
7715100,a,keydown
7715400,c,keydown
7715600,a,keydown
7715900,n,keydown
7717000,z,keydown
7717200,e,keydown
7717600, ,keydown
7718000,p,keydown
7718100,a,keydown
7718600,s,keydown
7718900,c,keydown
7719300,Backspace,keydown
7720000,q,keydown
7720200,u,keydown
7720500,a,keydown
7720700,l,keydown
7721100,i,keydown
7721400, ,keydown
7721700,d,keydown
7721900,i,keydown
7722100, ,keydown
7722300,n,keydown
7722900,u,keydown
7723100,o,keydown
7723500,v,keydown
7723700,o,keydown
7723900, ,keydown
7724100,a,keydown
7724200,l,keydown
7724400, ,keydown
7724900,t,keydown
7725600,Backspace,keydown
7725900,l,keydown
7726000,a,keydown
7726500,v,keydown
7726700,o,keydown
7726800,r,keydown
7727500,o,keydown
7730900,.,keydown
7734200,Enter,keydown
7740600,#,keydown
7769300,#,keydown
7769400,i,keydown
7769500,n,keydown
7769700, ,keydown
7770200,r,keydown
7770400,e,keydown
7770600,a,keydown
7770900,l,keydown
7771300,t,keydown
7771400,a,keydown
7771700,#,keydown
7772000, ,keydown
7773500,s,keydown
7773500,i,keydown
7773700, ,keydown
7774000,t,keydown
7774200,r,keydown
7774400,a,keydown
7774600,t,keydown
7774900,t,keydown
7775200,a,keydown
7775300, ,keydown
7775600,s,keydown
7775700,o,keydown
7776200,l,keydown
7776400,o,keydown
7776600, ,keydown
7777300,d,keydown
7777400,i,keydown
7777600, ,keydown
7777800,u,keydown
7778100,n,keydown
7778300, ,keydown
7778600,g,keydown
7778900,i,keydown
7779200,o,keydown
7779700,r,keydown
7779900,n,keydown
7780100,o,keydown
7780300, ,keydown
7780500,d,keydown
7780600,i,keydown
7780700, ,keydown
7781000,v,keydown
7781200,a,keydown
7781400,c,keydown
7781700,a,keydown
7782100,n,keydown
7782700,c,keydown
7783100,Backspace,keydown
7784300,z,keydown
7784600,a,keydown
7787100, ,keydown
7787300,p,keydown
7787500,e,keydown
7787600,r,keydown
7787800, ,keydown
7788400,Backspace,keydown
7789100,Backspace,keydown
7789300,Backspace,keydown
7789400,Backspace,keydown
7789600,Backspace,keydown
7789800,Backspace,keydown
7790600,a,keydown
7793700,",",keydown
7793900, ,keydown
7794000,c,keydown
7794100,o,keydown
7794400,m,keydown
7794500,u,keydown
7794700,n,keydown
7795000,q,keydown
7795100,u,keydown
7795200,e,keydown
7795400, ,keydown
7795500,s,keydown
7795700,i,keydown
7796000,a,keydown
7796400,Enter,keydown
7797000,m,keydown
7797200,e,keydown
7797500,g,keydown
7797500,i,keydown
7797700,o,keydown
7798400,Backspace,keydown
7798800,i,keydown
7799000,o,keydown
7799500, ,keydown
7799700,c,keydown
7799800,h,keydown
7800000,e,keydown
7800100, ,keydown
7800700,n,keydown
7800900,i,keydown
7801100,e,keydown
7801400,n,keydown
7801500,t,keydown
7801900,e,keydown
7803000, ,keydown
7803100,#,keydown
7803300,#,keydown
7803600,Enter,keydown
7804500,#,keydown
7804800,c,keydown
7805100,h,keydown
7805200,e,keydown
7805300, ,keydown
7805800,c,keydown
7805900,o,keydown
7806100,s,keydown
7806300,a,keydown
7806500, ,keydown
7806900,h,keydown
7807000,o,keydown
7807200, ,keydown
7807600,f,keydown
7807800,a,keydown
7808100,t,keydown
7808300,t,keydown
7808300,o,keydown
7809100,#,keydown
7809300,#,keydown
7809500, ,keydown
7809800,#,keydown
7810100,n,keydown
7810200,u,keydown
7810500,l,keydown
7810600,l,keydown
7810700,a,keydown
7810900, ,keydown
7811000,d,keydown
7811100,i,keydown
7811200, ,keydown
7811700,p,keydown
7811900,a,keydown
7812000,r,keydown
7812200,t,keydown
7812300,i,keydown
7812700,c,keydown
7812800,u,keydown
7813300,Backspace,keydown
7813700,o,keydown
7813800,l,keydown
7814000,a,keydown
7814100,r,keydown
7814400,e,keydown
7814700, ,keydown
7815000,m,keydown
7815100,e,keydown
7815600,Backspace,keydown
7815700,Backspace,keydown
7815900,Backspace,keydown
7816600,",",keydown
7816800, ,keydown
7816900,m,keydown
7817000,e,keydown
7817200, ,keydown
7817400,n,keydown
7817600,e,keydown
7817700, ,keydown
7829100,s,keydown
7829200,o,keydown
7829300,n,keydown
7829500,o,keydown
7829600, ,keydown
7830400,t,keydown
7830700,o,keydown
7831100,r,keydown
7831300,m,keydown
7831300,a,keydown
7831800,Backspace,keydown
7832000,Backspace,keydown
7832200,n,keydown
7832400,a,keydown
7832700,t,keydown
7832900,a,keydown
7833100, ,keydown
7833500,a,keydown
7833700,Enter,keydown
7834100,#,keydown
7834200,c,keydown
7834300,u,keydown
7834700,n,keydown
7834900,e,keydown
7835100,o,keydown
7835300, ,keydown
7835400,a,keydown
7835600, ,keydown
7835800,c,keydown
7836000,a,keydown
7836300,s,keydown
7836500,a,keydown
7836700, ,keydown
7836900,m,keydown
7837100,i,keydown
7837500,a,keydown
7838200, ,keydown
7838600,#,keydown
7838700,#,keydown
7838900,p,keydown
7839000,e,keydown
7839200,r,keydown
7839300, ,keydown
7839400,l,keydown
7839600,a,keydown
7839700, ,keydown
7840400,p,keydown
7840800,r,keydown
7841000,e,keydown
7841400,c,keydown
7841500,i,keydown
7841800,s,keydown
7841800,i,keydown
7842000,o,keydown
7842200,n,keydown
7842300,e,keydown
7842500, ,keydown
7842900,#,keydown
7843200,s,keydown
7843600,.,keydown
7844400,#,keydown
7844500,b,keydown
7844700,e,keydown
7845000,n,keydown
7845100,i,keydown
7845500,g,keydown
7846100,n,keydown
7846300,o,keydown
7846600, ,keydown
7846900,u,keydown
7847300,n,keydown
7847800,Backspace,keydown
7847900,Backspace,keydown
7848100,Backspace,keydown
7849500,#,keydown
7850000,#,keydown
7850000,#,keydown
7850000,#,keydown
7850000,#,keydown
7850100,#,keydown
7850100,#,keydown
7850200,#,keydown
7850300,#,keydown
7850300,#,keydown
7851200,#,keydown
7851600,a,keydown
7852000, ,keydown
7852300,#,keydown
7852800,#,keydown
7852800,#,keydown
7852900,#,keydown
7852900,#,keydown
7852900,#,keydown
7852900,#,keydown
7853000,#,keydown
7853100,#,keydown
7853100,#,keydown
7853100,#,keydown
7854500,",",keydown
7854700, ,keydown
7854900,u,keydown
7855100,n,keydown
7855200,a,keydown
7855400, ,keydown
7855800,f,keydown
7856000,r,keydown
7856200,a,keydown
7856500,z,keydown
7856600,i,keydown
7856800,o,keydown
7857000,n,keydown
7857000,e,keydown
7857700, ,keydown
7858000,d,keydown
7858100,i,keydown
7859700,Enter,keydown
7860200,c,keydown
7860300,a,keydown
7860600,m,keydown
7860800,p,keydown
7861000,a,keydown
7862300,g,keydown
7862300,n,keydown
7862800,i,keydown
7863100,a,keydown
7863700, ,keydown
7864800,c,keydown
7864900,h,keydown
7865100,e,keydown
7865100, ,keydown
7865300,d,keydown
7865400,i,keydown
7865800,s,keydown
7865900,t,keydown
7866000,a,keydown
7866200, ,keydown
7866300,a,keydown
7866900,Backspace,keydown
7867000,c,keydown
7867200,i,keydown
7867300,r,keydown
7867800,c,keydown
7868000,a,keydown
7868100, ,keydown
7869100,7,keydown
7870000,#,keydown
7870400,8,keydown
7870700, ,keydown
7871400,#,keydown
7871600,k,keydown
7871800,m,keydown
7872200, ,keydown
7872400,d,keydown
7872600,a,keydown
7872800, ,keydown
7873000,#,keydown
7873100,c,keydown
7873300,u,keydown
7873500,n,keydown
7873700,e,keydown
7873800,o,keydown
7874100,#,keydown
7874600,#,keydown
7875000,.,keydown
7879500,Enter,keydown
7895800,Backspace,keydown
7896500,Backspace,keydown
7896900,",",keydown
7897100, ,keydown
7897200,m,keydown
7897400,i,keydown
7897700, ,keydown
7897900,s,keydown
7897900,o,keydown
7898100,n,keydown
7898200,o,keydown
7898800, ,keydown
7899000,r,keydown
7899100,i,keydown
7900000,f,keydown
7900100,o,keydown
7900500,c,keydown
7900700,i,keydown
7901100,l,keydown
7901300,l,keydown
7901500,a,keydown
7901800,t,keydown
7901900,a,keydown
7902200,Enter,keydown
7902600,c,keydown
7902600,o,keydown
7902700,n,keydown
7903000, ,keydown
7903400,i,keydown
7903500, ,keydown
7903800,m,keydown
7904000,a,keydown
7904200,n,keydown
7904500,i,keydown
7904800,c,keydown
7905000,a,keydown
7905400,r,keydown
7905600,e,keydown
7905900,t,keydown
7906100,t,keydown
7906200,i,keydown
7906300, ,keydown
7906800,f,keydown
7906900,a,keydown
7907100,t,keydown
7907300,t,keydown
7907500,i,keydown
7907600, ,keydown
7907900,d,keydown
7908100,a,keydown
7908300, ,keydown
7908600,m,keydown
7908800,i,keydown
7908900,a,keydown
7909100, ,keydown
7909500,m,keydown
7909700,a,keydown
7910000,d,keydown
7910200,r,keydown
7910500,e,keydown
7910800, ,keydown
7913100,Backspace,keydown
7913700, ,keydown
7914700,e,keydown
7916200,d,keydown
7916300, ,keydown
7916500,h,keydown
7916600,o,keydown
7916800, ,keydown
7917200,p,keydown
7917700,a,keydown
7918100,Backspace,keydown
7918400,o,keydown
7918500,r,keydown
7918800,t,keydown
7919000,a,keydown
7919200,t,keydown
7919300,o,keydown
7919500, ,keydown
7919700,a,keydown
7919800, ,keydown
7920500,s,keydown
7920700,p,keydown
7920800,e,keydown
7921600,Backspace,keydown
7921800,a,keydown
7922000,s,keydown
7922100,s,keydown
7922400,o,keydown
7922700, ,keydown
7922900,i,keydown
7923100,l,keydown
7923400, ,keydown
7924100,m,keydown
7924200,i,keydown
7924300,o,keydown
7924800, ,keydown
7925100,Enter,keydown
7925700,c,keydown
7925900,a,keydown
7926500,g,keydown
7926500,n,keydown
7926800,o,keydown
7927000,r,keydown
7927500,Backspace,keydown
7927800,n,keydown
7928100,e,keydown
7928300, ,keydown
7928900,#,keydown
7929000,e,keydown
7929400,r,keydown
7929500,o,keydown
7929600,s,keydown
7931200, ,keydown
7931500,p,keydown
7931600,e,keydown
7931700,r,keydown
7931800, ,keydown
7932000,i,keydown
7932400, ,keydown
7932800,p,keydown
7932900,r,keydown
7933300,a,keydown
7933600,t,keydown
7933700,i,keydown
7940800,.,keydown
7969100,Enter,keydown
8025700,#,keydown
8025800,#,keydown
8026000,#,keydown
8026100,#,keydown
8027000,#,keydown
8027900,#,keydown
8028300,#,keydown
8028700,#,keydown
8028800,#,keydown
8028800,#,keydown
8030000,Backspace,keydown
8031100,Backspace,keydown
8031400,l,keydown
8033000,Backspace,keydown
8033700,g,keydown
8033900,l,keydown
8034900,#,keydown
8036300,#,keydown
8037500,#,keydown
8038600,#,keydown
8039000,#,keydown
8039500,#,keydown
8040700,#,keydown
8041000,n,keydown
8041200,a,keydown
8041500,t,keydown
8041700,u,keydown
8041800,r,keydown
8041900,a,keydown
8042100,l,keydown
8042600,m,keydown
8042800,e,keydown
8042900,n,keydown
8043100,t,keydown
8043300,e,keydown
8043600, ,keydown
8043800,m,keydown
8044000,o,keydown
8044400,Backspace,keydown
8044700,u,keydown
8044700,i,keydown
8045100,Backspace,keydown
8045200,Backspace,keydown
8045800,i,keydown
8045900, ,keydown
8046100,s,keydown
8046300,o,keydown
8046500,n,keydown
8046600,o,keydown
8046800, ,keydown
8047100,p,keydown
8047300,o,keydown
8047600,r,keydown
8047800,t,keydown
8048000,a,keydown
8048300,t,keydown
8048700,a,keydown
8048900, ,keydown
8049100,i,keydown
8049400, ,keydown
8049800,l,keydown
8050200,i,keydown
8050500,b,keydown
8050900,r,keydown
8051100,i,keydown
8051400, ,keydown
8051700,d,keydown
8051900,a,keydown
8052200, ,keydown
8052300,s,keydown
8052600,t,keydown
8052700,u,keydown
8053100,d,keydown
8053300,i,keydown
8053400,a,keydown
8053700,r,keydown
8053900,e,keydown
8054200, ,keydown
8054400,c,keydown
8054500,o,keydown
8054700,n,keydown
8054900, ,keydown
8055200,",",keydown
8055200,m,keydown
8055600,Backspace,keydown
8055900,Backspace,keydown
8056400,m,keydown
8056500,e,keydown
8057500,",",keydown
8057700, ,keydown
8057800,t,keydown
8058000,a,keydown
8058100,n,keydown
8058300,t,keydown
8059000,Backspace,keydown
8059100,Backspace,keydown
8059200,Backspace,keydown
8059700,Backspace,keydown
8060100,Backspace,keydown
8060500, ,keydown
8060800,e,keydown
8061000, ,keydown
8062000,c,keydown
8062100,o,keydown
8062300,m,keydown
8062400,e,keydown
8062800,Enter,keydown
8063400,s,keydown
8063700,e,keydown
8063900,m,keydown
8064400,p,keydown
8064600,r,keydown
8064800,e,keydown
8065000, ,keydown
8066700,h,keydown
8067100,a,keydown
8067300,n,keydown
8067500,n,keydown
8067700,o,keydown
8067900, ,keydown
8068200,c,keydown
8068300,o,keydown
8068900,Backspace,keydown
8069100,Backspace,keydown
8069400,s,keydown
8069500,o,keydown
8069800,n,keydown
8070200,Backspace,keydown
8070400,Backspace,keydown
8070600,Backspace,keydown
8071000,Backspace,keydown
8071500,Backspace,keydown
8071500,Backspace,keydown
8071700,Backspace,keydown
8071700,Backspace,keydown
8071700,Backspace,keydown
8071700,Backspace,keydown
8071700,Backspace,keydown
8071800,Backspace,keydown
8071800,Backspace,keydown
8072300,Backspace,keydown
8072500,Backspace,keydown
8072700,Backspace,keydown
8072900,Backspace,keydown
8073300,Backspace,keydown
8073600,Backspace,keydown
8073800,Backspace,keydown
8074000,Backspace,keydown
8074200,Backspace,keydown
8074300,Backspace,keydown
8074500,Backspace,keydown
8074900,Backspace,keydown
8075300, ,keydown
8075600,p,keydown
8075700,e,keydown
8075900,r,keydown
8077600,Backspace,keydown
8077900,Backspace,keydown
8078100,Backspace,keydown
8078300,Backspace,keydown
8079400, ,keydown
8080000,c,keydown
8080100,o,keydown
8080300,m,keydown
8080400,e,keydown
8080500, ,keydown
8080700,s,keydown
8081000,e,keydown
8081100,m,keydown
8081200,p,keydown
8081400,r,keydown
8081500,e,keydown
8081700,Enter,keydown
8083400,p,keydown
8083600,e,keydown
8083800,r,keydown
8084000, ,keydown
8086700,f,keydown
8086900,a,keydown
8087400,r,keydown
8090500, ,keydown
8091000,r,keydown
8091100,e,keydown
8091400,s,keydown
8091500,p,keydown
8091800,i,keydown
8092100,r,keydown
8092200,a,keydown
8092600,r,keydown
8092700,e,keydown
8092900, ,keydown
8094400,l,keydown
8094700,o,keydown
8095000,r,keydown
8095100,o,keydown
8095300, ,keydown
8095800,a,keydown
8096500,r,keydown
8096600,i,keydown
8096800,a,keydown
8097700, ,keydown
8098800,n,keydown
8099000,u,keydown
8099200,o,keydown
8099400,v,keydown
8099700,a,keydown
8100000,Backspace,keydown
8100100,Backspace,keydown
8100300,Backspace,keydown
8100400,Backspace,keydown
8100600,Backspace,keydown
8101000,Backspace,keydown
8101100,Backspace,keydown
8101100,Backspace,keydown
8101100,Backspace,keydown
8101100,Backspace,keydown
8101200,Backspace,keydown
8101300,Backspace,keydown
8102100,o,keydown
8102300, ,keydown
8102500,#,keydown
8102600,#,keydown
8103000,a,keydown
8103300,r,keydown
8103400,i,keydown
8103500,a,keydown
8104400, ,keydown
8104800,n,keydown
8104900,u,keydown
8105200,o,keydown
8105300,v,keydown
8105500,a,keydown
8105800,#,keydown
8105900,#,keydown
8106100, ,keydown
8106600,e,keydown
8107000, ,keydown
8107100,p,keydown
8107800,e,keydown
8107900,r,keydown
8108100, ,keydown
8108400,m,keydown
8108500,e,keydown
8108900,t,keydown
8109100,t,keydown
8109300,e,keydown
8109500,r,keydown
8110000,m,keydown
8110200,i,keydown
8110500, ,keydown
8110800,a,keydown
8111000, ,keydown
8111200,p,keydown
8111500,o,keydown
8111700,s,keydown
8112000,t,keydown
8112000,o,keydown
8112200, ,keydown
8112400,l,keydown
8112500,a,keydown
8112700, ,keydown
8113500,Backspace,keydown
8113900,Backspace,keydown
8113900,Backspace,keydown
8114000,Backspace,keydown
8114000,Backspace,keydown
8114000,Backspace,keydown
8114000,Backspace,keydown
8114100,Backspace,keydown
8114200,Backspace,keydown
8114200,Backspace,keydown
8114200,Backspace,keydown
8114200,Backspace,keydown
8114300,Backspace,keydown
8114300,Backspace,keydown
8114300,Backspace,keydown
8114400,Backspace,keydown
8114500,Backspace,keydown
8114500,Backspace,keydown
8114500,Backspace,keydown
8114500,Backspace,keydown
8114500,Backspace,keydown
8114600,Backspace,keydown
8114900,Backspace,keydown
8115000,Backspace,keydown
8115200,Backspace,keydown
8115500,Backspace,keydown
8116600,#,keydown
8117000,#,keydown
8117400,#,keydown
8117400,#,keydown
8117400,#,keydown
8117500,#,keydown
8117600,#,keydown
8117600,#,keydown
8117600,#,keydown
8117600,#,keydown
8117700,#,keydown
8117800,#,keydown
8117800,#,keydown
8117800,#,keydown
8117800,#,keydown
8117900,#,keydown
8117900,#,keydown
8118000,#,keydown
8118000,#,keydown
8118100,#,keydown
8119600,",",keydown
8120000,Enter,keydown
8121100,#,keydown
8121900,Backspace,keydown
8122400,#,keydown
8122900,Backspace,keydown
8123200, ,keydown
8123600,#,keydown
8124000,#,keydown
8124000,#,keydown
8124000,#,keydown
8124100,#,keydown
8124200,#,keydown
8124200,#,keydown
8124200,#,keydown
8124200,#,keydown
8124300,#,keydown
8124300,#,keydown
8124300,#,keydown
8124400,#,keydown
8125100,#,keydown
8125600,#,keydown
8126000,#,keydown
8126000,#,keydown
8126000,#,keydown
8126100,#,keydown
8126700,#,keydown
8126700,#,keydown
8126700,#,keydown
8126700,#,keydown
8126800,#,keydown
8126900,#,keydown
8126900,#,keydown
8126900,#,keydown
8127000,#,keydown
8127000,#,keydown
8127000,#,keydown
8127000,#,keydown
8127000,#,keydown
8127100,#,keydown
8127100,#,keydown
8127100,#,keydown
8127200,#,keydown
8127300,#,keydown
8127300,#,keydown
8127300,#,keydown
8127300,#,keydown
8127300,#,keydown
8127400,#,keydown
8127500,#,keydown
8130600,#,keydown
8131000,#,keydown
8131100,#,keydown
8131100,#,keydown
8131100,#,keydown
8131200,#,keydown
8131200,#,keydown
8131300,#,keydown
8131400,#,keydown
8131400,#,keydown
8131400,#,keydown
8131400,#,keydown
8131500,#,keydown
8131500,#,keydown
8131500,#,keydown
8131600,#,keydown
8131700,#,keydown
8131700,#,keydown
8131700,#,keydown
8131700,#,keydown
8131800,#,keydown
8131800,#,keydown
8131800,#,keydown
8131800,#,keydown
8131900,#,keydown
8131900,#,keydown
8131900,#,keydown
8132000,#,keydown
8132000,#,keydown
8132100,#,keydown
8132100,#,keydown
8132100,#,keydown
8132200,#,keydown
8132200,#,keydown
8132300,#,keydown
8132600,#,keydown
8133900,",",keydown
8134600,#,keydown
8135000,#,keydown
8135000,#,keydown
8135000,#,keydown
8135000,#,keydown
8135100,#,keydown
8135200,#,keydown
8135200,#,keydown
8135300,#,keydown
8135300,#,keydown
8135300,#,keydown
8135400,#,keydown
8135400,#,keydown
8135400,#,keydown
8135400,#,keydown
8135500,#,keydown
8135600,#,keydown
8135600,#,keydown
8135600,#,keydown
8135600,#,keydown
8135700,#,keydown
8135700,#,keydown
8135700,#,keydown
8135700,#,keydown
8135800,#,keydown
8135800,#,keydown
8135800,#,keydown
8135900,#,keydown
8136000,#,keydown
8136000,#,keydown
8136100,#,keydown
8136100,#,keydown
8136100,#,keydown
8136100,#,keydown
8136200,#,keydown
8136200,#,keydown
8137300, ,keydown
8139400,c,keydown
8139400,h,keydown
8140100,Backspace,keydown
8140300,Backspace,keydown
8140700,n,keydown
8140900,o,keydown
8141100,n,keydown
8141400, ,keydown
8141600,s,keydown
8141600,i,keydown
8141800, ,keydown
8142100,m,keydown
8142700,Backspace,keydown
8142900,s,keydown
8143100,a,keydown
8143200, ,keydown
8143400,m,keydown
8143600,a,keydown
8143900,i,keydown
8144400,Enter,keydown
8144600,c,keydown
8144700,h,keydown
8145100,e,keydown
8145400, ,keydown
8145900,m,keydown
8146000,i,keydown
8146200, ,keydown
8146500,i,keydown
8146700,s,keydown
8146800,p,keydown
8147500,i,keydown
8147900,r,keydown
8147900,i,keydown
8148300,n,keydown
8148400,o,keydown
8148600, ,keydown
8148900,d,keydown
8149000,i,keydown
8149100, ,keydown
8150000,p,keydown
8150100,i,keydown
8150400,u,keydown
8150600,#,keydown
8150900, ,keydown
8151100,a,keydown
8151400,l,keydown
8151600, ,keydown
8151900,r,keydown
8151900,i,keydown
8152200,e,keydown
8152300,n,keydown
8152500,t,keydown
8152700,r,keydown
8152900,o,keydown
8153900,.,keydown
8154300,Enter,keydown
8156200,#,keydown
8156400,c,keydown
8156600,i,keydown
8156700,a,keydown
8156800,o,keydown
8157400, ,keydown
8157600,a,keydown
8157700,l,keydown
8157800,l,keydown
8158000,a,keydown
8158200, ,keydown
8158500,p,keydown
8158700,r,keydown
8158800,o,keydown
8159100,s,keydown
8159400,s,keydown
8159400,i,keydown
8159600,m,keydown
8159700,a,keydown
8161100,.,keydown
8183300,Backspace,keydown
