timestamp,key,type
35122300,Backspace,keydown
35122300,Backspace,keydown
35122300,Backspace,keydown
35122300,Backspace,keydown
35122300,Backspace,keydown
35122300,Backspace,keydown
35122300,Backspace,keydown
35122300,Backspace,keydown
35122300,#,keydown
35123300,o,keydown
35123500,k,keydown
35123900,.,keydown
35124300, ,keydown
35124400,#,keydown
35124700,e,keydown
35124900,c,keydown
35125000,c,keydown
35125200,o,keydown
35125300, ,keydown
35125500,f,keydown
35125700,i,keydown
35125800,n,keydown
35126000,a,keydown
35126000,l,keydown
35126300,m,keydown
35126500,e,keydown
35126700,n,keydown
35126800,t,keydown
35126800,e,keydown
35127000, ,keydown
35127200,c,keydown
35127300,h,keydown
35127400,e,keydown
35127500, ,keydown
35129100,h,keydown
35129300,o,keydown
35129400, ,keydown
35129800,t,keydown
35129800,r,keydown
35129900,o,keydown
35130200,v,keydown
35130300,a,keydown
35130400,t,keydown
35130700,o,keydown
35130800, ,keydown
35131200,i,keydown
35131400,l,keydown
35131500, ,keydown
35131700,t,keydown
35131800,e,keydown
35131800,m,keydown
35132000,p,keydown
35132100,o,keydown
35132300, ,keydown
35132500,p,keydown
35132600,e,keydown
35132700,r,keydown
35132800, ,keydown
35133100,s,keydown
35133300,c,keydown
35133500,r,keydown
35133600,i,keydown
35133700,v,keydown
35133800,e,keydown
35134000,r,keydown
35134200,t,keydown
35134400,i,keydown
35134600, ,keydown
35135100,i,keydown
35135100,l,keydown
35135200, ,keydown
35135400,m,keydown
35135600,i,keydown
35135700,o,keydown
35135700, ,keydown
35136100,c,keydown
35136100,o,keydown
35136200,m,keydown
35136400,p,keydown
35136500,i,keydown
35136800,t,keydown
35136900,i,keydown
35137000,n,keydown
35137100,o,keydown
35137400,Enter,keydown
35137800,d,keydown
35137900,e,keydown
35138000,l,keydown
35138100,l,keydown
35138200,a,keydown
35138300, ,keydown
35138600,g,keydown
35138700,i,keydown
35138800,o,keydown
35138900,r,keydown
35139100,n,keydown
35139200,a,keydown
35139300,t,keydown
35139400,a,keydown
35139600, ,keydown
35140100,d,keydown
35140200,i,keydown
35140200, ,keydown
35141300,g,keydown
35141500,i,keydown
35141500,o,keydown
35141800,v,keydown
35141900,e,keydown
35142100,d,keydown
35142200,i,keydown
35142500,#,keydown
35142700, ,keydown
35143400,4,keydown
35143700, ,keydown
35143800,a,keydown
35144000,p,keydown
35144200,r,keydown
35144300,i,keydown
35144500,l,keydown
35144600,e,keydown
35144800, ,keydown
35145400,2,keydown
35145600,0,keydown
35145700,0,keydown
35145800,2,keydown
35146200,.,keydown
35146700, ,keydown
35147000,#,keydown
35147700,p,keydown
35148000,e,keydown
35148200,n,keydown
35148300,s,keydown
35148500,o,keydown
35148500, ,keydown
35148700,c,keydown
35148800,h,keydown
35149000,e,keydown
35149000, ,keydown
35149200,s,keydown
35149400,e,keydown
35149500, ,keydown
35149800,s,keydown
35149900,c,keydown
35150200,r,keydown
35150300,i,keydown
35150600,v,keydown
35150800,o,keydown
35150900, ,keydown
35151200,a,keydown
35151400,n,keydown
35151500,c,keydown
35151700,h,keydown
35151700,e,keydown
35151900, ,keydown
35152000,q,keydown
35152300,u,keydown
35152300,a,keydown
35152400,l,keydown
35152600,c,keydown
35152700,h,keydown
35152900,e,keydown
35153000, ,keydown
35153200,n,keydown
35153300,u,keydown
35153500,m,keydown
35153500,e,keydown
35153700,r,keydown
35153800,o,keydown
35154400,Enter,keydown
35155200,o,keydown
35155300,l,keydown
35155700,t,keydown
35155900,r,keydown
35155900,e,keydown
35156100, ,keydown
35156200,a,keydown
35156400,l,keydown
35156500,l,keydown
35156600,e,keydown
35156800, ,keydown
35157000,s,keydown
35157100,o,keydown
35157300,l,keydown
35157400,i,keydown
35157500,t,keydown
35157700,e,keydown
35157900, ,keydown
35158100,l,keydown
35158200,e,keydown
35158300,t,keydown
35158500,t,keydown
35158500,e,keydown
35158700,r,keydown
35158800,e,keydown
35158800, ,keydown
35159000,d,keydown
35159100,e,keydown
35159200,l,keydown
35159300,l,keydown
35159500,#,keydown
35159500,#,keydown
35159600,a,keydown
35160800,Backspace,keydown
35161400,Backspace,keydown
35161700,a,keydown
35162300,l,keydown
35162500,f,keydown
35162600,a,keydown
35162900,b,keydown
35163000,e,keydown
35163300,t,keydown
35163400,o,keydown
35163600, ,keydown
35163800,p,keydown
35163800,e,keydown
35163900,r,keydown
35164100, ,keydown
35164300,t,keydown
35164300,e,keydown
35164500, ,keydown
35165000,v,keydown
35165000,a,keydown
35165200,d,keydown
35165300,a,keydown
35165500, ,keydown
35166100,b,keydown
35166100,e,keydown
35166300,n,keydown
35166400,e,keydown
35166500, ,keydown
35166700,l,keydown
35166900,o,keydown
35167000, ,keydown
35167100,s,keydown
35167200,t,keydown
35167300,e,keydown
35167600,s,keydown
35167700,s,keydown
35167800,o,keydown
35168100,",",keydown
35168700,Enter,keydown
35169000,a,keydown
35169400,n,keydown
35169700,z,keydown
35169900,i,keydown
35170000, ,keydown
35170300,s,keydown
35170400,i,keydown
35170500,a,keydown
35170700, ,keydown
35171000,d,keydown
35171400,Backspace,keydown
35171600,a,keydown
35171800,d,keydown
35172300,d,keydown
35172500,i,keydown
35172900,r,keydown
35173400,t,keydown
35174000,#,keydown
35174000,Backspace,keydown
35174200,i,keydown
35174400,t,keydown
35174600,t,keydown
35174600,u,keydown
35176100,r,keydown
35176300,a,keydown
35176300, ,keydown
35176600,m,keydown
35176700,e,keydown
35176900,g,keydown
35177100,l,keydown
35177300,i,keydown
35177300,o,keydown
35177800,.,keydown
35178000, ,keydown
35178300,#,keydown
35178600,o,keydown
35178800, ,keydown
35179000,n,keydown
35179200,o,keydown
35179400, ,keydown
35179600,#,keydown
35179700,#,keydown
35180500, ,keydown
35181400,#,keydown
35181800,c,keydown
35182100,o,keydown
35182200,m,keydown
35182300,u,keydown
35182400,q,keydown
35182600,n,keydown
35182800,e,keydown
35183800,",",keydown
35184000, ,keydown
35185500,Backspace,keydown
35185700,Backspace,keydown
35185800,Backspace,keydown
35186800,Backspace,keydown
35187000,Backspace,keydown
35187800,n,keydown
35187800,m,keydown
35188000,q,keydown
35188100,u,keydown
35188300,e,keydown
35189100,",",keydown
35189600, ,keydown
35189900,e,keydown
35190100,s,keydown
35190200,s,keydown
35190400,e,keydown
35190500,n,keydown
35190700,d,keydown
35190800,o,keydown
35190800, ,keydown
35191200,g,keydown
35191300,i,keydown
35191300,o,keydown
35191600,v,keydown
35191700,e,keydown
35191900,d,keydown
35192000,i,keydown
35192800,#,keydown
35193000, ,keydown
35193400,q,keydown
35193500,u,keydown
35193600,e,keydown
35193800,s,keydown
35193900,t,keydown
35194000,a,keydown
35194100, ,keydown
35194200,s,keydown
35194400,e,keydown
35194500,r,keydown
35194700,a,keydown
35195300,Enter,keydown
35195700,c,keydown
35195900,#,keydown
35195900,#,keydown
35196100,e,keydown
35196300,#,keydown
35196600, ,keydown
35197800,l,keydown
35197900,a,keydown
35198000, ,keydown
35198100,p,keydown
35198300,a,keydown
35198400,r,keydown
35198500,t,keydown
35198800,i,keydown
35198900,t,keydown
35199100,a,keydown
35199600, ,keydown
35199900,d,keydown
35200100,i,keydown
35200200, ,keydown
35200400,c,keydown
35200500,a,keydown
35200700,l,keydown
35200900,c,keydown
35200900,e,keydown
35201200,t,keydown
35201400,t,keydown
35201500,o,keydown
35201800,#,keydown
35202000,#,keydown
35202200, ,keydown
35202400,s,keydown
35202500,i,keydown
35202600,a,keydown
35202700,m,keydown
35202900,o,keydown
35202900, ,keydown
35203100,i,keydown
35203200, ,keydown
35203400,s,keydown
35203600,o,keydown
35203700,l,keydown
35203900,o,keydown
35204400,#,keydown
35205000,Backspace,keydown
35205200,i,keydown
35205700,t,keydown
35206000,o,keydown
35206400,Backspace,keydown
35206600,i,keydown
35206800, ,keydown
35207500,c,keydown
35207700,i,keydown
35207900,n,keydown
35209000,q,keydown
35209100,u,keydown
35209200,e,keydown
35211100,",",keydown
35211200, ,keydown
35212000,Backspace,keydown
35212200,Backspace,keydown
35212400, ,keydown
35212600,i,keydown
35212700,n,keydown
35212800, ,keydown
35213400,c,keydown
35213500,a,keydown
35213700,m,keydown
35213800,p,keydown
35214000,o,keydown
35214300, ,keydown
35214600,e,keydown
35214800, ,keydown
35215300,g,keydown
35215400,i,keydown
35215500,o,keydown
35215700,c,keydown
35215900,h,keydown
35215900,i,keydown
35216000,a,keydown
35216200,m,keydown
35216400,o,keydown
35216600,Enter,keydown
35216900,c,keydown
35216900,o,keydown
35217100,n,keydown
35217200,t,keydown
35217400,r,keydown
35217500,o,keydown
35217500, ,keydown
35217800,u,keydown
35217900,n,keydown
35218100,a,keydown
35218200, ,keydown
35218600,s,keydown
35219100,q,keydown
35219500,u,keydown
35219600,a,keydown
35220000,d,keydown
35220000,r,keydown
35220300,a,keydown
35220500, ,keydown
35220600,a,keydown
35221000,b,keydown
35221100,b,keydown
35221100,a,keydown
35221500,s,keydown
35221700,t,keydown
35221700,a,keydown
35222000,n,keydown
35222100,z,keydown
35222300,a,keydown
35222300, ,keydown
35222700,t,keydown
35222800,o,keydown
35222900,s,keydown
35223100,t,keydown
35223200,a,keydown
35223700,m,keydown
35224000, ,keydown
35224300,Backspace,keydown
35224600,Backspace,keydown
35225100,",",keydown
35225200, ,keydown
35225300,m,keydown
35225700,a,keydown
35225900, ,keydown
35226400,o,keydown
35226600,b,keydown
35227100,Backspace,keydown
35227300,v,keydown
35227400,v,keydown
35227500,i,keydown
35227600,a,keydown
35227800,m,keydown
35227900,e,keydown
35228000,n,keydown
35228200,t,keydown
35228200,e,keydown
35228400, ,keydown
35228600,n,keydown
35228800,o,keydown
35228900,n,keydown
35229000, ,keydown
35229600,t,keydown
35229700,o,keydown
35229900,s,keydown
35230200,a,keydown
35230700,Backspace,keydown
35231000,t,keydown
35231000,a,keydown
35231200, ,keydown
35232100,c,keydown
35232100,o,keydown
35232200,m,keydown
35232400,e,keydown
35232600, ,keydown
35232700,n,keydown
35233000,o,keydown
35233200,i,keydown
35233600,.,keydown
35233800,Enter,keydown
35233900,#,keydown
35234100,s,keydown
35234300,i,keydown
35234400,a,keydown
35234500,m,keydown
35234500,o,keydown
35234800, ,keydown
35237000,Backspace,keydown
35237100,Backspace,keydown
35237300,Backspace,keydown
35237400,Backspace,keydown
35237700,Backspace,keydown
35237900,Backspace,keydown
35238100,#,keydown
35238300,l,keydown
35238400,a,keydown
35238600, ,keydown
35238700,f,keydown
35238900,o,keydown
35239000,r,keydown
35239000,m,keydown
35239200,a,keydown
35239400,z,keydown
35239400,i,keydown
35239500,o,keydown
35239700,n,keydown
35239800,e,keydown
35240000, ,keydown
35240300,s,keydown
35240500,c,keydown
35240600,h,keydown
35240800,i,keydown
35240900,e,keydown
35241100,r,keydown
35241200,a,keydown
35241300,t,keydown
35241500,a,keydown
35241600, ,keydown
35241900,q,keydown
35242100,u,keydown
35242100,e,keydown
35242300,s,keydown
35242400,t,keydown
35242400,a,keydown
35242700, ,keydown
35242900,s,keydown
35243200,e,keydown
35243300,r,keydown
35243400,a,keydown
35243600, ,keydown
35243800,e,keydown
35244000,#,keydown
35244200, ,keydown
35244800,l,keydown
35244900,a,keydown
35245000, ,keydown
35245200,s,keydown
35245400,e,keydown
35245500,g,keydown
35245600,u,keydown
35245700,e,keydown
35245800,n,keydown
35246000,t,keydown
35246000,e,keydown
35246300,#,keydown
35246400,#,keydown
35246500, ,keydown
35246600,#,keydown
35246900,l,keydown
35247300,Backspace,keydown
35247500,#,keydown
35247500,m,keydown
35247800,a,keydown
35247900,r,keydown
35248000,c,keydown
35248100,o,keydown
35248400, ,keydown
35248500,#,keydown
35248600,l,keydown
35248800,o,keydown
35249000,c,keydown
35249000,a,keydown
35249300,t,keydown
35249500,e,keydown
35249700,l,keydown
35249700,l,keydown
35250000,i,keydown
35250000, ,keydown
35250200,i,keydown
35250300,n,keydown
35250300, ,keydown
35250700,p,keydown
35251300,o,keydown
35251500,r,keydown
35251600,t,keydown
35251800,a,keydown
35252300,",",keydown
35252400, ,keydown
35253100,c,keydown
35253200,h,keydown
35253400,e,keydown
35253600,Enter,keydown
35253800,e,keydown
35254100,#,keydown
35254200, ,keydown
35254400,l,keydown
35254800,#,keydown
35255100,u,keydown
35255200,n,keydown
35255300,i,keydown
35255500,c,keydown
35255500,a,keydown
35255700, ,keydown
35256000,c,keydown
35256200,o,keydown
35256300,s,keydown
35256500,a,keydown
35256600, ,keydown
35256900,c,keydown
35257000,h,keydown
35257000,e,keydown
35257100, ,keydown
35257300,s,keydown
35257500,a,keydown
35257600, ,keydown
35257800,f,keydown
35257900,a,keydown
35257900,r,keydown
35258100,e,keydown
35258300, ,keydown
35259600,d,keydown
35259700,e,keydown
35260000,c,keydown
35260100,e,keydown
35260400,n,keydown
35260600,e,keydown
35260700,t,keydown
35260900,e,keydown
35261000,m,keydown
35261500,n,keydown
35261800,Backspace,keydown
35262000,e,keydown
35262100,n,keydown
35262300,t,keydown
35262300,e,keydown
35262800,.,keydown
35263900, ,keydown
35264700,#,keydown
35265400,m,keydown
35265600,a,keydown
35265700,r,keydown
35265800,c,keydown
35266000,o,keydown
35266200, ,keydown
35266400,#,keydown
35266500,b,keydown
35266700,o,keydown
35266900,t,keydown
35267000,t,keydown
35267200,a,keydown
35268000, ,keydown
35268500,l,keydown
35268700,i,keydown
35268900,b,keydown
35269100,e,keydown
35269200,r,keydown
35269400,o,keydown
35269600, ,keydown
35271300,d,keydown
35271400,i,keydown
35271500, ,keydown
35271900,g,keydown
35272100,i,keydown
35272100,o,keydown
35272400,s,keydown
35272500,t,keydown
35272600,r,keydown
35272700,a,keydown
35272800,r,keydown
35273100,e,keydown
35273400,Enter,keydown
35273600,a,keydown
35273800, ,keydown
35274900,t,keydown
35275000,u,keydown
35275100,t,keydown
35275200,t,keydown
35275400,o,keydown
35275400, ,keydown
35275700,c,keydown
35275900,a,keydown
35275900,m,keydown
35276100,p,keydown
35276300,o,keydown
35277700, ,keydown
35277900,c,keydown
35277900,o,keydown
35278000,m,keydown
35278200,e,keydown
35278300, ,keydown
35278500,d,keydown
35278600,e,keydown
35278800,s,keydown
35279000,i,keydown
35279400,d,keydown
35279600,e,keydown
35279800,r,keydown
35280400,a,keydown
35280600, ,keydown
35280900,e,keydown
35281100, ,keydown
35281300,c,keydown
35281400,o,keydown
35281500,m,keydown
35281700,e,keydown
35281800, ,keydown
35282700,l,keydown
35283300,Backspace,keydown
35283800,k,keydown
35283800,l,keydown
35283900,a,keydown
35284000, ,keydown
35284300,Backspace,keydown
35284500,Backspace,keydown
35284700,Backspace,keydown
35284800,Backspace,keydown
35284900,l,keydown
35285100,a,keydown
35285200, ,keydown
35285400,s,keydown
35285600,i,keydown
35286100,y,keydown
35286500,Backspace,keydown
35286700,t,keydown
35286800,u,keydown
35286900,a,keydown
35287100,z,keydown
35287300,i,keydown
35287400,o,keydown
35287500,n,keydown
35287600,e,keydown
35287800, ,keydown
35288000,d,keydown
35288200,i,keydown
35288300, ,keydown
35288800,g,keydown
35288900,i,keydown
35289000,o,keydown
35289200,c,keydown
35289300,o,keydown
35289400, ,keydown
35289700,d,keydown
35290000,Backspace,keydown
35290100,r,keydown
35290300,i,keydown
35290500,c,keydown
35290600,h,keydown
35290600,i,keydown
35290700,e,keydown
35290900,d,keydown
35291000,e,keydown
35293000,",",keydown
35293400,Enter,keydown
35293600,m,keydown
35293700,a,keydown
35293800, ,keydown
35294000,p,keydown
35294400,r,keydown
35294400,e,keydown
35294600,v,keydown
35294800,a,keydown
35295000,l,keydown
35295100,e,keydown
35295300,n,keydown
35295600,t,keydown
35295600,e,keydown
35295800,m,keydown
35295900,e,keydown
35296200,n,keydown
35296400,t,keydown
35296500,e,keydown
35296600, ,keydown
35296800,i,keydown
35297000,n,keydown
35297100, ,keydown
35297300,d,keydown
35297500,i,keydown
35297800,f,keydown
35297900,e,keydown
35298200,s,keydown
35298300,a,keydown
35298700,.,keydown
35299000, ,keydown
35299800,#,keydown
35300000,p,keydown
35300200,h,keydown
35300300,i,keydown
35300500,l,keydown
35300800,i,keydown
35300900,p,keydown
35301200,p,keydown
35301300,e,keydown
35305700, ,keydown
35308700,d,keydown
35308900,i,keydown
35309000,f,keydown
35309000,e,keydown
35309500,s,keydown
35310900,Backspace,keydown
35311100,n,keydown
35311300,s,keydown
35311500,o,keydown
35311700,r,keydown
35311700,e,keydown
35313000, ,keydown
35313200,l,keydown
35313400,a,keydown
35313600,t,keydown
35313700,e,keydown
35313900,r,keydown
35314000,a,keydown
35314200,l,keydown
35314300,e,keydown
35314900,",",keydown
35314900, ,keydown
35315200,o,keydown
35315300, ,keydown
35315500,a,keydown
35315800, ,keydown
35316000,d,keydown
35316100,e,keydown
35316300,s,keydown
35316300,t,keydown
35316500,r,keydown
35316500,a,keydown
35316900,Enter,keydown
35317300,o,keydown
35317500, ,keydown
35317600,a,keydown
35317700, ,keydown
35317900,s,keydown
35318100,i,keydown
35318200,n,keydown
35318400,i,keydown
35318500,s,keydown
35318600,t,keydown
35318700,r,keydown
35318900,a,keydown
35319600,",",keydown
35319600, ,keydown
35319700,a,keydown
35319900, ,keydown
35320300,s,keydown
35320400,e,keydown
35320700,c,keydown
35320900,o,keydown
35321000,n,keydown
35321200,d,keydown
35321200,a,keydown
35321400, ,keydown
35321700,d,keydown
35321800,i,keydown
35321900, ,keydown
35322100,c,keydown
35322200,o,keydown
35322300,m,keydown
35322500,e,keydown
35322700, ,keydown
35323100,r,keydown
35323200,i,keydown
35323500,c,keydown
35323600,h,keydown
35323600,i,keydown
35323700,e,keydown
35323900,d,keydown
35324100,e,keydown
35324300, ,keydown
35324400,l,keydown
35324600,a,keydown
35324700, ,keydown
35325500,s,keydown
35326200,i,keydown
35326500,t,keydown
35326700,u,keydown
35326800,a,keydown
35327000,z,keydown
35327100,i,keydown
35327200,o,keydown
35327300,n,keydown
35327400,e,keydown
35327500, ,keydown
35327800,i,keydown
35328000,n,keydown
35328100, ,keydown
35328300,c,keydown
35328300,a,keydown
35328400,m,keydown
35328600,p,keydown
35328800,o,keydown
35328900, ,keydown
35329000,e,keydown
35329300,Enter,keydown
35331000,c,keydown
35331400,Backspace,keydown
35331500,d,keydown
35331500,a,keydown
35331800, ,keydown
35331800,c,keydown
35332000,o,keydown
35332100,m,keydown
35332200,e,keydown
35332400, ,keydown
35332700,s,keydown
35332800,i,keydown
35332900, ,keydown
35333100,m,keydown
35333400,u,keydown
35333600,o,keydown
35333700,v,keydown
35333800,o,keydown
35334000,n,keydown
35334200,o,keydown
35334300, ,keydown
35334900,g,keydown
35335100,l,keydown
35335200,i,keydown
35335200, ,keydown
35335500,a,keydown
35335700,v,keydown
35335900,v,keydown
35336000,e,keydown
35336100,s,keydown
35336200,r,keydown
35337500,Backspace,keydown
35337600,Backspace,keydown
35338300,r,keydown
35338300,s,keydown
35338500,a,keydown
35339000,r,keydown
35339000,i,keydown
35339600,.,keydown
35339900, ,keydown
35340900,#,keydown
35342200,r,keydown
35342300,o,keydown
35342500,b,keydown
35342700,e,keydown
35342800,r,keydown
35343000,t,keydown
35343100,o,keydown
35343200, ,keydown
35343300,#,keydown
35343500,e,keydown
35343600,s,keydown
35343700,p,keydown
35343800,o,keydown
35344000,s,keydown
35344100,i,keydown
35344300,t,keydown
35344400,o,keydown
35347400, ,keydown
35347800,j,keydown
35347900,o,keydown
35348200,l,keydown
35348300,l,keydown
35348700,y,keydown
35349100, ,keydown
35349300,a,keydown
35349400, ,keydown
35349800,t,keydown
35350000,u,keydown
35350200,t,keydown
35350300,t,keydown
35350500,o,keydown
35350500, ,keydown
35350700,c,keydown
35350900,a,keydown
35350900,m,keydown
35351200,p,keydown
35351300,o,keydown
35352100,.,keydown
35352200,Enter,keydown
35352500,#,keydown
35352800,o,keydown
35353100,v,keydown
35353300,u,keydown
35353400,n,keydown
35353600,q,keydown
35353800,u,keydown
35353900,e,keydown
35354000, ,keydown
35354300,c,keydown
35354300,i,keydown
35354400, ,keydown
35354700,s,keydown
35354800,i,keydown
35354900,a,keydown
35355600,Backspace,keydown
35355900, ,keydown
35356600,Backspace,keydown
35356700,a,keydown
35356800, ,keydown
35357300,u,keydown
35357400,n,keydown
35357500,i,keydown
35357500,o,keydown
35357600, ,keydown
35358800,Backspace,keydown
35358800,Backspace,keydown
35359200,Backspace,keydown
35359600,o,keydown
35359600, ,keydown
35359900,s,keydown
35360000,p,keydown
35360200,a,keydown
35360300,z,keydown
35360400,i,keydown
35360400,o,keydown
35360600, ,keydown
35361000,p,keydown
35361100,e,keydown
35361200,r,keydown
35361300, ,keydown
35361500,c,keydown
35361600,o,keydown
35361800,r,keydown
35361900,r,keydown
35362000,e,keydown
35362600, ,keydown
35363500,l,keydown
35363700,u,keydown
35363900,i,keydown
35364000, ,keydown
35364800,s,keydown
35364900,i,keydown
35365000, ,keydown
35365200,f,keydown
35365300,i,keydown
35365600,o,keydown
35365800,n,keydown
35366100,d,keydown
35366200,a,keydown
35367100, ,keydown
35367400,l,keydown
35367600,i,keydown
35369000,",",keydown
35369500, ,keydown
35370000,s,keydown
35370200,e,keydown
35370300,n,keydown
35370500,z,keydown
35370600,a,keydown
35370700, ,keydown
35371200,b,keydown
35371300,a,keydown
35371400,d,keydown
35371600,a,keydown
35371700,r,keydown
35371800,e,keydown
35372000, ,keydown
35372200,a,keydown
35373400,Enter,keydown
35373700,i,keydown
35373900,n,keydown
35374000,t,keydown
35374200,r,keydown
35374300,a,keydown
35374400,l,keydown
35374600,c,keydown
35374800,i,keydown
35374800,a,keydown
35375200,r,keydown
35375300,e,keydown
35375400, ,keydown
35375600,c,keydown
35375700,o,keydown
35375800,m,keydown
35376100,p,keydown
35376300,a,keydown
35376400,g,keydown
35376600,n,keydown
35376600,i,keydown
35376800, ,keydown
35377000,o,keydown
35377200, ,keydown
35378000,v,keydown
35378400,Backspace,keydown
35378500,a,keydown
35378700,v,keydown
35378900,v,keydown
35378900,e,keydown
35379100,r,keydown
35379500,d,keydown
35379600,a,keydown
35380100,Backspace,keydown
35380200,Backspace,keydown
35380300,s,keydown
35380400,a,keydown
35380600,r,keydown
35380600,t,keydown
35380800,i,keydown
35381100,Backspace,keydown
35381300,Backspace,keydown
35381900,i,keydown
35382300,.,keydown
35382500, ,keydown
35383200,#,keydown
35383600,i,keydown
35383900,n,keydown
35384000,f,keydown
35384200,i,keydown
35384500,n,keydown
35384700,e,keydown
35385000,",",keydown
35385100, ,keydown
35387600,#,keydown
35388200,s,keydown
35389700,e,keydown
35389900,m,keydown
35390100,p,keydown
35390100,l,keydown
35390400,i,keydown
35390600,c,keydown
35390700,e,keydown
35392800, ,keydown
35393100,p,keydown
35393300,u,keydown
35393400,n,keydown
35393600,t,keydown
35393800,a,keydown
35394000, ,keydown
35394100,d,keydown
35394200,i,keydown
35394400, ,keydown
35394600,d,keydown
35394700,i,keydown
35394800,a,keydown
35394900,m,keydown
35395000,a,keydown
35395200,n,keydown
35395400,t,keydown
35395500,e,keydown
35396100,.,keydown
35396300,Enter,keydown
35396500,#,keydown
35396600,i,keydown
35396900,l,keydown
35396900, ,keydown
35397200,r,keydown
35397300,a,keydown
35397500,g,keydown
35397600,a,keydown
35397700,z,keydown
35397900,z,keydown
35398000,o,keydown
35398200, ,keydown
35398300,e,keydown
35398400,#,keydown
35398600, ,keydown
35398800,m,keydown
35399000,o,keydown
35399100,l,keydown
35399200,t,keydown
35399300,o,keydown
35399400, ,keydown
35399800,g,keydown
35399900,i,keydown
35399900,o,keydown
35400200,v,keydown
35400400,a,keydown
35400500,n,keydown
35400600,e,keydown
35400700, ,keydown
35401000,m,keydown
35401300,a,keydown
35401600, ,keydown
35401700,p,keydown
35402000,r,keydown
35402100,o,keydown
35402200,m,keydown
35402300,e,keydown
35402600,t,keydown
35402700,t,keydown
35402800,e,keydown
35403100, ,keydown
35403600,v,keydown
35403800,e,keydown
35403900,r,keydown
35404000,a,keydown
35404300,m,keydown
35404600,Backspace,keydown
35405100,e,keydown
35405200,m,keydown
35405600,Backspace,keydown
35405800,Backspace,keydown
35405900,m,keydown
35406000,e,keydown
35406200,n,keydown
35406600,t,keydown
35406700,e,keydown
35407000, ,keydown
35407500,b,keydown
35407600,e,keydown
35407700,n,keydown
35407800,e,keydown
35408200,.,keydown
35408400, ,keydown
35408800,#,keydown
35409800,d,keydown
35409900,o,keydown
35410600,Backspace,keydown
35412200,o,keydown
35412300,v,keydown
35412500,u,keydown
35412600,n,keydown
35412900,q,keydown
35413100,u,keydown
35413200,e,keydown
35413400, ,keydown
35413600,g,keydown
35413600,l,keydown
35413800,i,keydown
35414200,Enter,keydown
35414600,p,keydown
35414600,a,keydown
35414800,s,keydown
35414900,s,keydown
35415100,i,keydown
35415200, ,keydown
35415500,l,keydown
35415600,a,keydown
35415700, ,keydown
35415900,p,keydown
35416000,a,keydown
35416100,s,keydown
35416500,Backspace,keydown
35416700,l,keydown
35416900,l,keydown
35417000,a,keydown
35417600,",",keydown
35417700, ,keydown
35417800,l,keydown
35418000,u,keydown
35418200,i,keydown
35418300, ,keydown
35418300,l,keydown
35418500,a,keydown
35418600, ,keydown
35418900,t,keydown
35419000,r,keydown
35419100,a,keydown
35419300,s,keydown
35419500,f,keydown
35419700,o,keydown
35420000,r,keydown
35420100,m,keydown
35420200,a,keydown
35420400, ,keydown
35420700,i,keydown
35420800,n,keydown
35420900, ,keydown
35421400,a,keydown
35421900,z,keydown
35422100,i,keydown
35422100,o,keydown
35422200,n,keydown
35422400,e,keydown
35422500, ,keydown
35423100,p,keydown
35423200,e,keydown
35423300,r,keydown
35423600,i,keydown
35423700,c,keydown
35423900,o,keydown
35424000,l,keydown
35424200,a,keydown
35424400, ,keydown
35424600,e,keydown
35424800, ,keydown
35425400,m,keydown
35425600,s,keydown
35425800,p,keydown
35425900,e,keydown
35426100,s,keydown
35426200,s,keydown
35426400,o,keydown
35426400, ,keydown
35426600,i,keydown
35426800,n,keydown
35426900, ,keydown
35427400,g,keydown
35427500,o,keydown
35427600,a,keydown
35427700,l,keydown
35428000,.,keydown
35428400,Enter,keydown
35429300,#,keydown
35431100,d,keydown
35431300,o,keydown
35431600,v,keydown
35431800,r,keydown
35431800,e,keydown
35432100,s,keydown
35432200,t,keydown
35432400,i,keydown
35432400, ,keydown
35432800,b,keydown
35433200,Backspace,keydown
35433300,v,keydown
35433400,e,keydown
35433600,n,keydown
35433600,i,keydown
35433800,r,keydown
35433800,e,keydown
35434000, ,keydown
35434200,a,keydown
35434400, ,keydown
35434700,v,keydown
35434800,e,keydown
35435000,d,keydown
35435100,e,keydown
35435200,r,keydown
35435400,c,keydown
35435600,i,keydown
35435600, ,keydown
35435900,u,keydown
35436100,n,keydown
35436200,a,keydown
35436300, ,keydown
35436600,v,keydown
35436700,o,keydown
35436900,l,keydown
35437100,t,keydown
35437200,a,keydown
35437700, ,keydown
35438200,p,keydown
35438200,o,keydown
35438300,e,keydown
35438400,r,keydown
35438600,Backspace,keydown
35438800,Backspace,keydown
35439000,Backspace,keydown
35439500,e,keydown
35439700,r,keydown
35439800, ,keydown
35440000,a,keydown
35440200,p,keydown
35440400,p,keydown
35440500,r,keydown
35440500,e,keydown
35440800,z,keydown
35441000,z,keydown
35441100,a,keydown
35441400,r,keydown
35441500,e,keydown
35441600, ,keydown
35442100,l,keydown
35442300,a,keydown
35442400, ,keydown
35442900,q,keydown
35443100,u,keydown
35443200,a,keydown
35443200,l,keydown
35443400,i,keydown
35443700,t,keydown
35443700,a,keydown
35443900,#,keydown
35444100, ,keydown
35444300,d,keydown
35444400,e,keydown
35444500,l,keydown
35444500, ,keydown
35444800,n,keydown
35444900,o,keydown
35445000,s,keydown
35445200,t,keydown
35445300,r,keydown
35445500,o,keydown
35446100,Enter,keydown
35446600,g,keydown
35446800,i,keydown
35446800,o,keydown
35447000,c,keydown
35447200,o,keydown
35447900,.,keydown
35448100, ,keydown
35448600,#,keydown
35448900,b,keydown
35449100,e,keydown
35449200,n,keydown
35449400,i,keydown
35450200,s,keydown
35450300,s,keydown
35450400,i,keydown
35450600,m,keydown
35450700,o,keydown
35451000,",",keydown
35451100, ,keydown
35451300,a,keydown
35451500,n,keydown
35451600,c,keydown
35451700,h,keydown
35451800,e,keydown
35451900, ,keydown
35452100,p,keydown
35452300,e,keydown
35452400,r,keydown
35452400, ,keydown
35452600,o,keydown
35452800,g,keydown
35452900,g,keydown
35453100,i,keydown
35453100, ,keydown
35453400,i,keydown
35453600,l,keydown
35453800, ,keydown
35453900,c,keydown
35454100,o,keydown
35454200,p,keydown
35454500,Backspace,keydown
35454800,m,keydown
35455000,p,keydown
35455100,i,keydown
35455500,t,keydown
35455600,o,keydown
35455600, ,keydown
35455900,e,keydown
35456000, ,keydown
35456500,Backspace,keydown
35456600,#,keydown
35456700, ,keydown
35457000,f,keydown
35457000,g,keydown
35457200,a,keydown
35457300,t,keydown
35457400,t,keydown
35457700,Backspace,keydown
35457800,Backspace,keydown
35458000,Backspace,keydown
35458100,Backspace,keydown
35458700,a,keydown
35458900,t,keydown
35459000,t,keydown
35459200,o,keydown
35459400, ,keydown
35460100,Backspace,keydown
35460700,.,keydown
35460800, ,keydown
35461000,#,keydown
35461100,o,keydown
35461300,r,keydown
35461400,a,keydown
35461500, ,keydown
35461800,b,keydown
35462600,Backspace,keydown
35463400,v,keydown
35463600,a,keydown
35463800,d,keydown
35463900,o,keydown
35464100, ,keydown
35464200,i,keydown
35464400,n,keydown
35464400, ,keydown
35464700,r,keydown
35464700,i,keydown
35465000,t,keydown
35465200,i,keydown
35465600,r,keydown
35465700,o,keydown
35465900,Enter,keydown
35466200,s,keydown
35466600,Backspace,keydown
35466800,p,keydown
35467000,s,keydown
35467200,i,keydown
35467500,c,keydown
35467500,o,keydown
35467600,l,keydown
35467800,o,keydown
35468200,g,keydown
35468300,i,keydown
35468500,c,keydown
35468600,o,keydown
35468700, ,keydown
35468900,p,keydown
35468900,e,keydown
35469100,r,keydown
35469100, ,keydown
35469400,p,keydown
35469600,r,keydown
35469700,e,keydown
35470100,p,keydown
35470200,a,keydown
35470400,r,keydown
35470500,a,keydown
35470900,r,keydown
35471100,m,keydown
35471600,i,keydown
35471700, ,keydown
35471800,l,keydown
35472000,q,keydown
35472500,Backspace,keydown
35472600,Backspace,keydown
35472600,a,keydown
35472800,l,keydown
35473000, ,keydown
35473400,m,keydown
35473500,e,keydown
35473800,g,keydown
35474000,g,keydown
35474100,l,keydown
35474400,Backspace,keydown
35474600,Backspace,keydown
35474900,l,keydown
35475000,i,keydown
35475100,o,keydown
35475700, ,keydown
35475900,a,keydown
35476100,l,keydown
35476100, ,keydown
35476500,d,keydown
35476500,i,keydown
35476700,s,keydown
35476800,p,keydown
35477100,e,keydown
35477200,n,keydown
35477500,d,keydown
35477600,i,keydown
35477700,o,keydown
35477800, ,keydown
35478000,d,keydown
35478100,i,keydown
35478200, ,keydown
35478400,e,keydown
35478600,n,keydown
35478800,e,keydown
35478900,r,keydown
35479100,g,keydown
35479300,i,keydown
35479400,e,keydown
35479600, ,keydown
35479700,p,keydown
35480300,s,keydown
35480400,c,keydown
35481000,Backspace,keydown
35481200,i,keydown
35481300,c,keydown
35481400,o,keydown
35482400,f,keydown
35482500,i,keydown
35482600,c,keydown
35482700,i,keydown
35483100,Backspace,keydown
35483300,Backspace,keydown
35483300,s,keydown
35483500,i,keydown
35483700,c,keydown
35484500,h,keydown
35484600,e,keydown
35484900,.,keydown
35485200,Enter,keydown
35485300,#,keydown
35485400,c,keydown
35485700,i,keydown
35485700,o,keydown
35485700,a,keydown
35487300,Backspace,keydown
35487400,Backspace,keydown
35487600,a,keydown
35487700,o,keydown
35488000,Enter,keydown
35488200,#,keydown
35488300,m,keydown
35488400,a,keydown
35488600,r,keydown
35488700,c,keydown
35489400,c,keydown
35489700,o,keydown
35491200,Backspace,keydown
35491400,Backspace,keydown
35492000,o,keydown
