timestamp,key,type
29163600,Backspace,keydown
29163600,Backspace,keydown
29163600,Backspace,keydown
29163600,Backspace,keydown
29163600,Backspace,keydown
29163600,Backspace,keydown
29163600,Backspace,keydown
29163600,Backspace,keydown
29163600,#,keydown
29163900,c,keydown
29164100,i,keydown
29164200,a,keydown
29164300,o,keydown
29164400, ,keydown
29164700,#,keydown
29165000,d,keydown
29165200,a,keydown
29165400,n,keydown
29165500,i,keydown
29165600,e,keydown
29165800,l,keydown
29165800,e,keydown
29166600,.,keydown
29167300, ,keydown
29167500,#,keydown
29168200,c,keydown
29168400,o,keydown
29168500,m,keydown
29168600,e,keydown
29168800, ,keydown
29169200,p,keydown
29169400,r,keydown
29169500,o,keydown
29169700,s,keydown
29169900,e,keydown
29170200,g,keydown
29170400,u,keydown
29170500,e,keydown
29170600, ,keydown
29170900,l,keydown
29171300,#,keydown
29171500,e,keydown
29171700,s,keydown
29172000,p,keydown
29172100,e,keydown
29172300,r,keydown
29172600,i,keydown
29172900,m,keydown
29173000,e,keydown
29173100,n,keydown
29173200,t,keydown
29173400,o,keydown
29173800,#,keydown
29174400,#,keydown
29174800, ,keydown
29175200,#,keydown
29175500,c,keydown
29175700,r,keydown
29175800,e,keydown
29176000,d,keydown
29176100,o,keydown
29176200, ,keydown
29176500,a,keydown
29176700, ,keydown
29177000,r,keydown
29177200,i,keydown
29177300,l,keydown
29177500,e,keydown
29177600,n,keydown
29177800,t,keydown
29177900,o,keydown
29178300,",",keydown
29178500, ,keydown
29178600,v,keydown
29178700,i,keydown
29178900,s,keydown
29179100,t,keydown
29179200,o,keydown
29179300, ,keydown
29179600,c,keydown
29179600,h,keydown
29179800,e,keydown
29179900, ,keydown
29180000,l,keydown
29180200,e,keydown
29180200, ,keydown
29180900,Backspace,keydown
29181500,Enter,keydown
29182700,p,keydown
29182800,e,keydown
29182900,r,keydown
29183100,s,keydown
29183200,o,keydown
29183400,n,keydown
29183500,e,keydown
29183600, ,keydown
29184300,s,keydown
29184300,a,keydown
29184600,r,keydown
29184700,a,keydown
29184900,n,keydown
29185100,n,keydown
29185200,o,keydown
29185300, ,keydown
29185400,i,keydown
29185700,n,keydown
29185700, ,keydown
29185900,v,keydown
29186100,a,keydown
29186400,c,keydown
29186500,a,keydown
29186900,n,keydown
29187900,z,keydown
29188100,a,keydown
29188700,",",keydown
29188800, ,keydown
29189000,o,keydown
29189100, ,keydown
29189300,a,keydown
29189400, ,keydown
29190400,c,keydown
29190600,o,keydown
29190800,n,keydown
29191000,f,keydown
29191200,e,keydown
29191200,r,keydown
29191400,e,keydown
29191600,n,keydown
29192400,z,keydown
29192500,e,keydown
29192700,.,keydown
29193300, ,keydown
29193600,#,keydown
29194000,t,keydown
29194400,u,keydown
29194500, ,keydown
29195100,v,keydown
29195400,a,keydown
29195500,i,keydown
29195600, ,keydown
29195800,i,keydown
29196300,n,keydown
29196400, ,keydown
29197000,v,keydown
29197200,a,keydown
29197400,c,keydown
29197500,a,keydown
29197800,n,keydown
29198000,z,keydown
29198200,a,keydown
29198400, ,keydown
29199000,o,keydown
29199300,Enter,keydown
29199700,r,keydown
29199800,i,keydown
29200100,m,keydown
29200100,a,keydown
29200300,n,keydown
29200800,i,keydown
29201100, ,keydown
29201300,a,keydown
29201400, ,keydown
29201900,v,keydown
29202000,e,keydown
29202200,g,keydown
29202300,l,keydown
29202500,i,keydown
29202800,a,keydown
29203100,r,keydown
29203200,e,keydown
29203700, ,keydown
29204000,l,keydown
29204500,#,keydown
29204600,e,keydown
29204900,s,keydown
29205100,p,keydown
29205200,e,keydown
29205500,r,keydown
29205700,i,keydown
29206100,m,keydown
29206100,t,keydown
29206300,n,keydown
29206400,e,keydown
29206700,Backspace,keydown
29206900,Backspace,keydown
29207000,Backspace,keydown
29207200,e,keydown
29207500,n,keydown
29207600,t,keydown
29208500,o,keydown
29208700,#,keydown
29209100,#,keydown
29209500, ,keydown
29209900,#,keydown
29211100,m,keydown
29211300,a,keydown
29211400, ,keydown
29212100,f,keydown
29212400,o,keydown
29212400,r,keydown
29212700,s,keydown
29212900,e,keydown
29213100, ,keydown
29213200,n,keydown
29213200,b,keydown
29213600,Backspace,keydown
29214100,o,keydown
29214300,n,keydown
29214400, ,keydown
29214700,e,keydown
29215000,#,keydown
29215200, ,keydown
29215500,c,keydown
29215600,o,keydown
29215800,m,keydown
29215800,e,keydown
29216000, ,keydown
29216100,u,keydown
29216300, ,keydown
29216500, ,keydown
29216900,Backspace,keydown
29217400,n,keydown
29217600, ,keydown
29217700,e,keydown
29217900,s,keydown
29218100,p,keydown
29218100,e,keydown
29218200,r,keydown
29218400,i,keydown
29218600,m,keydown
29218700,e,keydown
29218900,n,keydown
29218900,t,keydown
29219800,o,keydown
29220400,Backspace,keydown
29220700,Backspace,keydown
29220800,Backspace,keydown
29220800,Backspace,keydown
29220900,Backspace,keydown
29221000,Backspace,keydown
29221000,Backspace,keydown
29221100,Backspace,keydown
29221100,Backspace,keydown
29221300,Backspace,keydown
29221400,Backspace,keydown
29221600,Backspace,keydown
29221700,Backspace,keydown
29221800,Backspace,keydown
29222400,n,keydown
29222500, ,keydown
29222800,e,keydown
29223300,s,keydown
29223600,p,keydown
29223700,e,keydown
29224400,r,keydown
29224500,i,keydown
29224700,m,keydown
29224700,a,keydown
29224900,n,keydown
29225000,t,keydown
29225200,o,keydown
29225700,Backspace,keydown
29225800,Backspace,keydown
29226000,Backspace,keydown
29226000,Backspace,keydown
29226200,e,keydown
29226400,n,keydown
29226600,t,keydown
29226700,o,keydown
29227100,Enter,keydown
29227800,d,keydown
29227900,i,keydown
29228000, ,keydown
29228300,c,keydown
29228400,h,keydown
29228600,i,keydown
29228700,m,keydown
29228900,i,keydown
29229100,c,keydown
29229300,a,keydown
29229400, ,keydown
29229700,o,keydown
29229800, ,keydown
29230300,f,keydown
29230400,i,keydown
29230700,s,keydown
29231100,i,keydown
29231400,c,keydown
29231600,a,keydown
29232200,",",keydown
29232400, ,keydown
29232600,p,keydown
29232600,e,keydown
29232700,r,keydown
29232800, ,keydown
29232900,c,keydown
29233200,u,keydown
29233700,u,keydown
29234000,Backspace,keydown
29234300,i,keydown
29234400, ,keydown
29234800,u,keydown
29235000,n,keydown
29235200,o,keydown
29235200, ,keydown
29235400,d,keydown
29235500,e,keydown
29235800,v,keydown
29236000,e,keydown
29236100, ,keydown
29236200,s,keydown
29236400,t,keydown
29236500,a,keydown
29236700,r,keydown
29236800,e,keydown
29236800, ,keydown
29237300,s,keydown
29237600,v,keydown
29237700,e,keydown
29238000,g,keydown
29238200,l,keydown
29238400,i,keydown
29238500,o,keydown
29238600, ,keydown
29239000,g,keydown
29239200,i,keydown
29239400,o,keydown
29239500,r,keydown
29239600,n,keydown
29239800,o,keydown
29239800, ,keydown
29240000,e,keydown
29240100, ,keydown
29240400,n,keydown
29240600,o,keydown
29240700,t,keydown
29240800,t,keydown
29241000,e,keydown
29241100, ,keydown
29241700,Enter,keydown
29241900,p,keydown
29241900,e,keydown
29242000,r,keydown
29242300, ,keydown
29243000,s,keydown
29243100,e,keydown
29243400,g,keydown
29243600,u,keydown
29243700,i,keydown
29243900,r,keydown
29244100,l,keydown
29244300,o,keydown
29245700,.,keydown
29248600, ,keydown
29249400,#,keydown
29249700,u,keydown
29249900,n,keydown
29250100, ,keydown
29250100,g,keydown
29250300,i,keydown
29250500,o,keydown
29250600,e,keydown
29250600,r,keydown
29251100,Backspace,keydown
29251200,Backspace,keydown
29251500,r,keydown
29252000,n,keydown
29252200,o,keydown
29252300, ,keydown
29252500,d,keydown
29252700,a,keydown
29252800,v,keydown
29253000,v,keydown
29253000,e,keydown
29253200,r,keydown
29253300,o,keydown
29253400, ,keydown
29253800,v,keydown
29254000,o,keydown
29254200,r,keydown
29254300,r,keydown
29254400,e,keydown
29254600,i,keydown
29254600, ,keydown
29255200,s,keydown
29255300,a,keydown
29255500,p,keydown
29255600,e,keydown
29255900,r,keydown
29256500,e,keydown
29256700, ,keydown
29256900,s,keydown
29257200,u,keydown
29257300, ,keydown
29257700,c,keydown
29257900,h,keydown
29258000,e,keydown
29258100, ,keydown
29258200,t,keydown
29258300,i,keydown
29258600,p,keydown
29259000,o,keydown
29259100, ,keydown
29260000,d,keydown
29260200,i,keydown
29260200, ,keydown
29260400,c,keydown
29260600,a,keydown
29261500,c,keydown
29261800,l,keydown
29262200,Backspace,keydown
29262400,Backspace,keydown
29262700,l,keydown
29262800,c,keydown
29263400,o,keydown
29263500,l,keydown
29263700,i,keydown
29264300,Enter,keydown
29265100,s,keydown
29265200,c,keydown
29265300,e,keydown
29265600,n,keydown
29266000,Backspace,keydown
29266100,Backspace,keydown
29266700,i,keydown
29266900,n,keydown
29267100,t,keydown
29267300,i,keydown
29267400,f,keydown
29268500,i,keydown
29268800,c,keydown
29268900,i,keydown
29269300, ,keydown
29269700,s,keydown
29269800,i,keydown
29269900, ,keydown
29270100,b,keydown
29270300,a,keydown
29270700,s,keydown
29270900,a,keydown
29272100,Backspace,keydown
29272200,Backspace,keydown
29272400,Backspace,keydown
29272400,Backspace,keydown
29272500,Backspace,keydown
29272500,Backspace,keydown
29272600,Backspace,keydown
29272700,Backspace,keydown
29272800,Backspace,keydown
29272800,Backspace,keydown
29272900,Backspace,keydown
29272900,Backspace,keydown
29273100,Backspace,keydown
29273200,Backspace,keydown
29273400,Backspace,keydown
29273600,e,keydown
29274200,n,keydown
29274300,t,keydown
29274500,i,keydown
29274700,f,keydown
29274800,i,keydown
29274900,c,keydown
29275100,i,keydown
29275300, ,keydown
29275500,s,keydown
29275600,i,keydown
29275700, ,keydown
29276400,b,keydown
29276500,a,keydown
29276600,s,keydown
29276700,a,keydown
29276900, ,keydown
29277200,q,keydown
29277500,u,keydown
29277700,e,keydown
29277900,s,keydown
29278000,t,keydown
29278200,o,keydown
29278300, ,keydown
29279500,e,keydown
29279600,s,keydown
29279800,p,keydown
29280000,e,keydown
29280000,r,keydown
29280200,i,keydown
29280400,m,keydown
29280400,e,keydown
29280600,n,keydown
29280700,t,keydown
29280800,o,keydown
29281400,",",keydown
29281600, ,keydown
29281800,o,keydown
29281900,p,keydown
29282100,p,keydown
29282400,u,keydown
29282500,r,keydown
29282600,e,keydown
29282700, ,keydown
29283000,s,keydown
29283200,e,keydown
29283300, ,keydown
29283700,q,keydown
29283900,u,keydown
29284000,r,keydown
29284000,e,keydown
29284200,l,keydown
29284300,l,keydown
29284600,Backspace,keydown
29284800,Backspace,keydown
29285000,Backspace,keydown
29285100,Backspace,keydown
29285300,e,keydown
29285400,l,keydown
29285600,l,keydown
29285800,o,keydown
29285900, ,keydown
29286500,c,keydown
29286600,h,keydown
29286800,e,keydown
29286800, ,keydown
29286900,s,keydown
29287500,t,keydown
29287700,a,keydown
29287800,i,keydown
29288600,Enter,keydown
29289500,c,keydown
29289700,e,keydown
29290400,r,keydown
29290600,c,keydown
29290800,a,keydown
29291000,n,keydown
29291100,d,keydown
29291200,o,keydown
29291300, ,keydown
29291500,e,keydown
29292100,#,keydown
29292100, ,keydown
29292300,d,keydown
29292400,e,keydown
29292600,l,keydown
29292800,l,keydown
29293000,#,keydown
29293300,e,keydown
29293600,v,keydown
29293700,i,keydown
29295000,d,keydown
29295000,e,keydown
29295200,n,keydown
29295500,z,keydown
29295600,a,keydown
29295800, ,keydown
29295900,s,keydown
29296100,p,keydown
29296200,e,keydown
29296300,r,keydown
29296500,i,keydown
29296700,m,keydown
29296800,e,keydown
29296900,n,keydown
29297100,t,keydown
29297300,o,keydown
29297300,i,keydown
29297700,Backspace,keydown
29297800,Backspace,keydown
29297900,a,keydown
29298400,l,keydown
29298600,e,keydown
29299200, ,keydown
29299500,p,keydown
29299700,e,keydown
29299700,r,keydown
29299800, ,keydown
29300000,p,keydown
29300300,o,keydown
29300500,i,keydown
29300700, ,keydown
29300800,c,keydown
29301000,r,keydown
29301100,e,keydown
29301300,a,keydown
29301500,r,keydown
29301600,e,keydown
29302000, ,keydown
29302400,u,keydown
29302600,n,keydown
29302700,a,keydown
29302800, ,keydown
29303300,t,keydown
29303400,e,keydown
29303900,o,keydown
29304500,r,keydown
29304700,i,keydown
29304700,a,keydown
29305200,Enter,keydown
29305500,a,keydown
29305600, ,keydown
29305900,p,keydown
29306000,r,keydown
29306100,o,keydown
29306400,p,keydown
29307000,o,keydown
29307200,s,keydown
29307500,i,keydown
29307500,t,keydown
29307600,o,keydown
29308500,.,keydown
29308900, ,keydown
29311200,#,keydown
29311400,c,keydown
29311600,e,keydown
29311700,r,keydown
29311800,o,keydown
29312000,t,keydown
29312000, ,keydown
29312400,c,keydown
29312700,Backspace,keydown
29312800,Backspace,keydown
29313000,Backspace,keydown
29313400,Backspace,keydown
29313500,t,keydown
29313600,o,keydown
29313800, ,keydown
29313900,c,keydown
29314100,h,keydown
29314200,e,keydown
29314200, ,keydown
29314500,l,keydown
29314600,a,keydown
29314700, ,keydown
29314900,s,keydown
29315200,e,keydown
29315500,c,keydown
29315700,u,keydown
29315900,r,keydown
29316200,i,keydown
29316300,t,keydown
29316400,y,keydown
29316500, ,keydown
29316700,e,keydown
29317100,#,keydown
29317300, ,keydown
29317700,m,keydown
29317800,o,keydown
29318000,l,keydown
29318100,t,keydown
29318200,o,keydown
29318300, ,keydown
29318800,i,keydown
29319100,n,keydown
29319200,t,keydown
29319200,e,keydown
29319400,r,keydown
29319500,e,keydown
29320000,a,keydown
29320100,a,keydown
29320600,Backspace,keydown
29320800,s,keydown
29321100,Backspace,keydown
29321200,Backspace,keydown
29321300,s,keydown
29321400,s,keydown
29321500,a,keydown
29322200,n,keydown
29322300,t,keydown
29322400,e,keydown
29322700,.,keydown
29322800, ,keydown
29322900,#,keydown
29323100,p,keydown
29323300,e,keydown
29323300,r,keydown
29323500, ,keydown
29324100,Backspace,keydown
29324100,Backspace,keydown
29324300,Backspace,keydown
29324400,Backspace,keydown
29324700,#,keydown
29324900,p,keydown
29325100,e,keydown
29325200,r,keydown
29325300, ,keydown
29325900,u,keydown
29326000,n,keydown
29326200, ,keydown
29326400,p,keydown
29326400,e,keydown
29326500,r,keydown
29326700,i,keydown
29327000,o,keydown
29327100,s,keydown
29327400,o,keydown
29327600,Backspace,keydown
29327800,Backspace,keydown
29328000,Backspace,keydown
29328000,Backspace,keydown
29328200,Backspace,keydown
29328300,Backspace,keydown
29328800,Backspace,keydown
29328900,Enter,keydown
29329600,p,keydown
29329700,e,keydown
29329700,w,keydown
29329900,r,keydown
29330500,Backspace,keydown
29330600,Backspace,keydown
29331200,r,keydown
29331400,i,keydown
29331600,o,keydown
29331900,d,keydown
29332000,o,keydown
29332100, ,keydown
29332400,a,keydown
29332500,b,keydown
29332600,e,keydown
29333000,Backspace,keydown
29333600,Backspace,keydown
29333900,v,keydown
29334000,e,keydown
29334300,v,keydown
29334700,o,keydown
29334800, ,keydown
29335100,c,keydown
29335100,o,keydown
29335300,m,keydown
29335900,i,keydown
29336100,n,keydown
29336200,c,keydown
29336400,i,keydown
29336500,t,keydown
29336900,Backspace,keydown
29337300,a,keydown
29338000,t,keydown
29338200,o,keydown
29338300, ,keydown
29338500,a,keydown
29338600, ,keydown
29338900,s,keydown
29339100,t,keydown
29339400,u,keydown
29339600,s,keydown
29340000,Backspace,keydown
29340100,d,keydown
29340300,i,keydown
29340300,a,keydown
29340600,r,keydown
29340600,e,keydown
29340900, ,keydown
29342500,u,keydown
29342600,n,keydown
29342700, ,keydown
29343000,p,keydown
29343200,o,keydown
29343300,#,keydown
29343600, ,keydown
29343800,d,keydown
29344000,i,keydown
29344000, ,keydown
29344300,c,keydown
29344300,o,keydown
29344600,s,keydown
29344800,e,keydown
29345400,",",keydown
29345500, ,keydown
29345700,m,keydown
29345800,a,keydown
29345800, ,keydown
29346400,p,keydown
29346500,o,keydown
29346700,i,keydown
29346800, ,keydown
29347600,n,keydown
29347700,o,keydown
29348000,n,keydown
29348200,Enter,keydown
29348700,h,keydown
29348900,o,keydown
29349000, ,keydown
29349200,m,keydown
29349200,a,keydown
29349400,i,keydown
29349500, ,keydown
29350200,m,keydown
29350300,e,keydown
29350600,s,keydown
29350800,s,keydown
29350900,o,keydown
29351000, ,keydown
29351200,i,keydown
29351300,n,keydown
29351400, ,keydown
29351700,p,keydown
29351800,r,keydown
29352000,t,keydown
29352300,i,keydown
29352600,c,keydown
29352700,a,keydown
29352800, ,keydown
29353000,n,keydown
29353100,u,keydown
29353400,l,keydown
29353400,l,keydown
29353600,a,keydown
29354400,Backspace,keydown
29354600,Backspace,keydown
29354700,Backspace,keydown
29354800,Backspace,keydown
29354900,Backspace,keydown
29355000,Backspace,keydown
29355100,Backspace,keydown
29355300,Backspace,keydown
29355400,Backspace,keydown
29355500,Backspace,keydown
29355700,a,keydown
29356300,t,keydown
29356400,i,keydown
29356600,c,keydown
29356700,a,keydown
29357000, ,keydown
29357400,n,keydown
29357600,u,keydown
29357700,l,keydown
29357900,l,keydown
29358000,a,keydown
29358600,.,keydown
29358700, ,keydown
29358900,#,keydown
29359000,v,keydown
29359200,h,keydown
29359400,i,keydown
29359500,s,keydown
29359600,s,keydown
29359700,a,keydown
29360100,Backspace,keydown
29360200,Backspace,keydown
29360300,Backspace,keydown
29360500,Backspace,keydown
29360600,Backspace,keydown
29360800,Backspace,keydown
29360900,Backspace,keydown
29361100,#,keydown
29361600, ,keydown
29362000,#,keydown
29362300,c,keydown
29362600,h,keydown
29362700,i,keydown
29362900,s,keydown
29363000,s,keydown
29363100,a,keydown
29363700,#,keydown
29363900,",",keydown
29364100, ,keydown
29364300,f,keydown
29364600,o,keydown
29364700,r,keydown
29364900,s,keydown
29365000,e,keydown
29365200, ,keydown
29365600,u,keydown
29365700,n,keydown
29365800, ,keydown
29366000,g,keydown
29366200,i,keydown
29366300,o,keydown
29366400,r,keydown
29366600,n,keydown
29366800,o,keydown
29367500, ,keydown
29368300,m,keydown
29368400,i,keydown
29368500, ,keydown
29369200,c,keydown
29369300,i,keydown
29369700,Enter,keydown
29370200,t,keydown
29370500,Backspace,keydown
29370700,r,keydown
29370800,i,keydown
29371000,m,keydown
29371400,e,keydown
29371700,t,keydown
29371800,t,keydown
29371900,e,keydown
29372000,r,keydown
29372200,o,keydown
29372800,#,keydown
29374300,.,keydown
29374600, ,keydown
29374700,#,keydown
29374800,a,keydown
29375000,m,keydown
29375100,m,keydown
29375500,e,keydown
29375800,s,keydown
29375900,s,keydown
29376000,o,keydown
29376000, ,keydown
29376200,c,keydown
29376300,h,keydown
29376400,e,keydown
29376500, ,keydown
29376700,i,keydown
29376800,o,keydown
29377000, ,keydown
29377300,n,keydown
29377300,e,keydown
29377500, ,keydown
29377600,s,keydown
29377700,i,keydown
29377800,a,keydown
29377900, ,keydown
29378300,c,keydown
29378400,a,keydown
29378600,p,keydown
29379000,a,keydown
29379600,c,keydown
29379700,e,keydown
29380000,.,keydown
29380200,.,keydown
29380700,.,keydown
29381000, ,keydown
29381200,#,keydown
29381500,p,keydown
29381700,e,keydown
29381800,r,keydown
29381900, ,keydown
29382200,a,keydown
29382400,d,keydown
29382500,e,keydown
29382700,s,keydown
29382800,s,keydown
29382900,o,keydown
29383300, ,keydown
29384000,f,keydown
29384100,a,keydown
29384400,c,keydown
29384400,c,keydown
29384600,i,keydown
29384700,o,keydown
29384800, ,keydown
29385100,i,keydown
29385300,l,keydown
29386000,Enter,keydown
29386600,t,keydown
29386800,u,keydown
29386900,o,keydown
29387000, ,keydown
29387200,e,keydown
29387800,s,keydown
29388100,e,keydown
29388600,Backspace,keydown
29388800,p,keydown
29388800,o,keydown
29388900,e,keydown
29389300,Backspace,keydown
29389400,Backspace,keydown
29389500,e,keydown
29390000,r,keydown
29390100,i,keydown
29390400,m,keydown
29390500,e,keydown
29390600,n,keydown
29390700,t,keydown
29390900,o,keydown
29392000,#,keydown
29392400, ,keydown
29392800,Backspace,keydown
29393000,#,keydown
29393200,#,keydown
29393800, ,keydown
29394000, ,keydown
29394100,#,keydown
29394200,v,keydown
29394500,i,keydown
29394600,v,keydown
29394600,i,keydown
29394800,a,keydown
29394900,n,keydown
29394900,a,keydown
