timestamp,key,type
37689200,Backspace,keydown
37689200,Backspace,keydown
37689200,Backspace,keydown
37689200,Backspace,keydown
37689200,Backspace,keydown
37689200,Backspace,keydown
37689300,Backspace,keydown
37689300,Backspace,keydown
37689300,#,keydown
37689500,c,keydown
37689600,h,keydown
37689800,e,keydown
37689900, ,keydown
37690200,p,keydown
37690300,a,keydown
37690400,l,keydown
37690600,l,keydown
37690600,e,keydown
37690900,#,keydown
37691000,#,keydown
37691400, ,keydown
37691900,#,keydown
37692700,n,keydown
37692800,o,keydown
37693100,n,keydown
37693200, ,keydown
37693400,n,keydown
37693500,e,keydown
37693500, ,keydown
37693800,p,keydown
37694000,o,keydown
37694200,s,keydown
37694300,s,keydown
37694400,o,keydown
37694500, ,keydown
37694700,p,keydown
37695000,r,keydown
37695200,o,keydown
37695300,p,keydown
37695500,r,keydown
37695600,i,keydown
37695700,o,keydown
37695800, ,keydown
37696000,p,keydown
37696200,i,keydown
37696400,u,keydown
37696500,#,keydown
37696700, ,keydown
37697500,d,keydown
37697900,i,keydown
37697900, ,keydown
37698600,q,keydown
37698900,u,keydown
37699000,e,keydown
37699200,s,keydown
37699300,t,keydown
37699500,o,keydown
37699600, ,keydown
37700000,e,keydown
37700200,s,keydown
37700300,p,keydown
37700400,e,keydown
37700700,r,keydown
37700700,i,keydown
37700900,m,keydown
37701000,e,keydown
37701100,n,keydown
37701200,t,keydown
37701400,o,keydown
37701600,.,keydown
37701900, ,keydown
37702100,#,keydown
37702200,p,keydown
37702500,e,keydown
37702500,r,keydown
37702500,r,keydown
37702800, ,keydown
37703200,f,keydown
37703300,p,keydown
37703300,o,keydown
37703400,r,keydown
37703700,t,keydown
37703900,u,keydown
37704000,n,keydown
37704200,a,keydown
37704500,Enter,keydown
37705200,d,keydown
37705200,s,keydown
37705300,o,keydown
37705400,n,keydown
37705700,o,keydown
37705800, ,keydown
37706500,q,keydown
37706500,u,keydown
37706700,a,keydown
37706800,s,keydown
37706900,i,keydown
37707000, ,keydown
37707100,a,keydown
37707400,r,keydown
37707600,r,keydown
37707600,i,keydown
37707800,v,keydown
37707900,a,keydown
37708000,t,keydown
37708200,o,keydown
37708300, ,keydown
37708400,a,keydown
37708600,l,keydown
37708700,l,keydown
37708800,a,keydown
37708900, ,keydown
37709200,f,keydown
37709400,i,keydown
37709600,n,keydown
37709600,e,keydown
37710000,.,keydown
37710300, ,keydown
37710500,#,keydown
37711700,p,keydown
37711900,o,keydown
37712100,i,keydown
37712500,",",keydown
37712600, ,keydown
37713000,o,keydown
37713500,g,keydown
37713600,g,keydown
37713700,i,keydown
37713900, ,keydown
37714400,h,keydown
37714400,o,keydown
37714500, ,keydown
37714900,a,keydown
37715200,v,keydown
37715300,u,keydown
37715500,t,keydown
37715600,o,keydown
37715600, ,keydown
37715900,u,keydown
37716000,n,keydown
37716200,a,keydown
37716300, ,keydown
37716600,g,keydown
37716600,i,keydown
37716800,o,keydown
37716900,r,keydown
37717200,n,keydown
37717300,a,keydown
37717400,t,keydown
37717600,a,keydown
37717700,c,keydown
37717900,c,keydown
37718100,i,keydown
37718100,a,keydown
37718500,#,keydown
37718700,#,keydown
37718900, ,keydown
37719200,e,keydown
37719400,s,keydown
37719500,a,keydown
37719700,m,keydown
37719900,i,keydown
37720800,Enter,keydown
37721200,d,keydown
37721300,e,keydown
37721400,l,keydown
37721500,l,keydown
37721800,e,keydown
37721900, ,keydown
37722200,9,keydown
37722500, ,keydown
37722700,d,keydown
37723000,i,keydown
37723000, ,keydown
37723200,q,keydown
37723400,u,keydown
37723400,e,keydown
37723600,s,keydown
37723700,t,keydown
37723700,a,keydown
37724000, ,keydown
37724200,m,keydown
37724200,a,keydown
37724500,t,keydown
37724700,t,keydown
37724800,i,keydown
37724900,n,keydown
37725000,a,keydown
37725200, ,keydown
37725500,d,keydown
37725800,Backspace,keydown
37726000,f,keydown
37726000,i,keydown
37726200,n,keydown
37726300,o,keydown
37726500, ,keydown
37726600,a,keydown
37726900,l,keydown
37727000,l,keydown
37727100,e,keydown
37727200, ,keydown
37729100,1,keydown
37729200,7,keydown
37729500, ,keydown
37729800,d,keydown
37729900,i,keydown
37730000, ,keydown
37730200,o,keydown
37730300,g,keydown
37730500,g,keydown
37730600,i,keydown
37730900, ,keydown
37731000,p,keydown
37731200,o,keydown
37731700,m,keydown
37731800,e,keydown
37731900,r,keydown
37732000,i,keydown
37732100,g,keydown
37732300,g,keydown
37732400,i,keydown
37732500,o,keydown
37733100,.,keydown
37733400, ,keydown
37733500,#,keydown
37733700,n,keydown
37733900,o,keydown
37734000,n,keydown
37734100, ,keydown
37734200,n,keydown
37734400,e,keydown
37734600, ,keydown
37734900,p,keydown
37735000,o,keydown
37735200,t,keydown
37735900,e,keydown
37736100,v,keydown
37736200,o,keydown
37736400,Enter,keydown
37736700,p,keydown
37736900,i,keydown
37737000,u,keydown
37737100,#,keydown
37737400, ,keydown
37738100,d,keydown
37738300,i,keydown
37738300, ,keydown
37738500,s,keydown
37738700,e,keydown
37738800,g,keydown
37739000,a,keydown
37739100,r,keydown
37739200,e,keydown
37739300, ,keydown
37740300,p,keydown
37740400,e,keydown
37740500,r,keydown
37740700,s,keydown
37740800,o,keydown
37740900,n,keydown
37741000,e,keydown
37741400,#,keydown
37741500,#,keydown
37741800, ,keydown
37742000,e,keydown
37742200, ,keydown
37742400,d,keydown
37742600,i,keydown
37742700,r,keydown
37742800,e,keydown
37742800, ,keydown
37743100,c,keydown
37743200,h,keydown
37743300,e,keydown
37743400, ,keydown
37743500,s,keydown
37743600,o,keydown
37743800,n,keydown
37743800,o,keydown
37744000, ,keydown
37744200,s,keydown
37744300,t,keydown
37744600,a,keydown
37744600,t,keydown
37744900,o,keydown
37744900, ,keydown
37745300,m,keydown
37745500,o,keydown
37745600,l,keydown
37745800,t,keydown
37746000,o,keydown
37746100, ,keydown
37746600,b,keydown
37746800,u,keydown
37747000,o,keydown
37747100,n,keydown
37747200,o,keydown
37747900,#,keydown
37748300,#,keydown
37748500, ,keydown
37748800,q,keydown
37749000,u,keydown
37749200,e,keydown
37749300,s,keydown
37749400,t,keydown
37749500,a,keydown
37750000,Enter,keydown
37750300,m,keydown
37750400,a,keydown
37750600,t,keydown
37750700,t,keydown
37751000,i,keydown
37752600,n,keydown
37752800,a,keydown
37753000, ,keydown
37753200,i,keydown
37753300,l,keydown
37753300, ,keydown
37753600,v,keydown
37753900,o,keydown
37754000,t,keydown
37754100,o,keydown
37754200, ,keydown
37754600,p,keydown
37754800,i,keydown
37755000,u,keydown
37755200,#,keydown
37755300, ,keydown
37755600,b,keydown
37755600,a,keydown
37755800,s,keydown
37756000,s,keydown
37756100,o,keydown
37756200, ,keydown
37756600,e,keydown
37756800,#,keydown
37757000, ,keydown
37757500,s,keydown
37757600,t,keydown
37757700,a,keydown
37757900,t,keydown
37758000,o,keydown
37758100, ,keydown
37758300,u,keydown
37758500,n,keydown
37758600, ,keydown
37759900,v,keydown
37760000,e,keydown
37760100,n,keydown
37760300,t,keydown
37760500,i,keydown
37760800,c,keydown
37760900,i,keydown
37761100,n,keydown
37761300,q,keydown
37761600,u,keydown
37761600,e,keydown
37763600, ,keydown
37764000,c,keydown
37764900,Backspace,keydown
37765000,e,keydown
37765000, ,keydown
37765300,i,keydown
37765400,l,keydown
37765500, ,keydown
37765600,p,keydown
37765800,i,keydown
37766100,u,keydown
37766200,#,keydown
37766300, ,keydown
37766800,a,keydown
37766900,l,keydown
37767400,t,keydown
37767500,o,keydown
37767700,Enter,keydown
37768100,u,keydown
37768200,n,keydown
37768300, ,keydown
37768700,t,keydown
37768800,r,keydown
37769000,e,keydown
37769400,n,keydown
37769600,t,keydown
37769700,a,keydown
37769900, ,keydown
37770100,e,keydown
37770100, ,keydown
37770400,l,keydown
37770500,o,keydown
37770700,d,keydown
37770800,e,keydown
37771300,.,keydown
37771900, ,keydown
37772000,#,keydown
37772500,o,keydown
37772600,g,keydown
37772700,g,keydown
37772900,i,keydown
37773000, ,keydown
37773200,p,keydown
37773400,o,keydown
37773600,m,keydown
37773700,e,keydown
37773800,r,keydown
37774000,i,keydown
37774100,g,keydown
37774200,g,keydown
37774400,i,keydown
37774400,o,keydown
37774500, ,keydown
37774900,s,keydown
37775000,o,keydown
37775200,n,keydown
37775300,o,keydown
37775300, ,keydown
37775500,s,keydown
37775600,t,keydown
37775800,a,keydown
37775800,t,keydown
37775900,o,keydown
37776100, ,keydown
37776700,m,keydown
37776900,o,keydown
37777100,l,keydown
37777300,t,keydown
37777400,o,keydown
37777400, ,keydown
37777600,p,keydown
37777800,i,keydown
37778000,u,keydown
37778100,#,keydown
37778400, ,keydown
37778800,b,keydown
37778900,a,keydown
37779100,s,keydown
37779300,s,keydown
37779500,o,keydown
37780100,.,keydown
37780600,Enter,keydown
37780900,#,keydown
37781200,v,keydown
37781500,o,keydown
37781600,t,keydown
37781700,o,keydown
37781800, ,keydown
37782100,m,keydown
37782300,i,keydown
37782400,n,keydown
37783000,i,keydown
37783100,m,keydown
37783300,o,keydown
37784600, ,keydown
37784900,2,keydown
37785200,4,keydown
37785300, ,keydown
37785600,e,keydown
37785700, ,keydown
37786300,v,keydown
37786400,o,keydown
37786600,t,keydown
37786700,o,keydown
37786800, ,keydown
37787300,m,keydown
37787300,a,keydown
37787500,s,keydown
37787700,s,keydown
37787800,i,keydown
37788000,m,keydown
37788100,o,keydown
37788300, ,keydown
37788900,u,keydown
37789000,n,keydown
37789100, ,keydown
37789800,2,keydown
37790200,Backspace,keydown
37791300,v,keydown
37791300,e,keydown
37791400,n,keydown
37791700,t,keydown
37791800,o,keydown
37791800,t,keydown
37792700,t,keydown
37792800,o,keydown
37793800,.,keydown
37794000, ,keydown
37794600,#,keydown
37796500,d,keydown
37796800,e,keydown
37796800,v,keydown
37797100,o,keydown
37797200, ,keydown
37797500,d,keydown
37797600,i,keydown
37797800,r,keydown
37797900,e,keydown
37798000, ,keydown
37798100,c,keydown
37798300,h,keydown
37798500,e,keydown
37798600, ,keydown
37798900,g,keydown
37798900,l,keydown
37799000,i,keydown
37799200, ,keydown
37799400,s,keydown
37800000,t,keydown
37800100,u,keydown
37800700,d,keydown
37800700,e,keydown
37800800,n,keydown
37801000,t,keydown
37801400,i,keydown
37802000,Enter,keydown
37802200,d,keydown
37802300,e,keydown
37802500,l,keydown
37802500, ,keydown
37802700,p,keydown
37802800,o,keydown
37803000,m,keydown
37803200,e,keydown
37803300,r,keydown
37803500,i,keydown
37803800,g,keydown
37803800,g,keydown
37803900,i,keydown
37804000,o,keydown
37804100, ,keydown
37804300,e,keydown
37804600,r,keydown
37804700,a,keydown
37804900,n,keydown
37805100,o,keydown
37805300, ,keydown
37805800,m,keydown
37806400,Backspace,keydown
37806500,p,keydown
37806800,r,keydown
37806800,e,keydown
37807100,p,keydown
37807100,o,keydown
37807200,a,keydown
37807600,Backspace,keydown
37807800,Backspace,keydown
37808000,a,keydown
37808400,r,keydown
37808600,a,keydown
37809000,t,keydown
37809000,i,keydown
37809100, ,keydown
37810200,a,keydown
37810400,b,keydown
37810500,b,keydown
37810700,a,keydown
37810900,s,keydown
37811100,t,keydown
37811200,a,keydown
37811200,n,keydown
37811500,z,keydown
37811500,a,keydown
37811700, ,keydown
37812100,b,keydown
37812200,e,keydown
37812200,n,keydown
37812300,e,keydown
37812900,",",keydown
37813000, ,keydown
37813200,m,keydown
37813300,a,keydown
37813400, ,keydown
37813800,s,keydown
37814000,o,keydown
37814300,n,keydown
37814600,o,keydown
37815300, ,keydown
37815900,s,keydown
37816100,t,keydown
37816200,a,keydown
37816200,t,keydown
37816500,i,keydown
37816700, ,keydown
37817000,p,keydown
37817200,o,keydown
37817500,c,keydown
37817600,o,keydown
37818100,Enter,keydown
37818700,b,keydown
37818800,r,keydown
37819000,i,keydown
37819200,l,keydown
37819400,l,keydown
37819400,a,keydown
37819600,n,keydown
37819800,t,keydown
37819900,i,keydown
37826700, ,keydown
37827000,e,keydown
37827200, ,keydown
37827600,c,keydown
37827700,o,keydown
37828000,s,keydown
37828000,i,keydown
37828100,#,keydown
37828400, ,keydown
37828700,m,keydown
37828700,i,keydown
37828900, ,keydown
37829100,s,keydown
37829200,o,keydown
37829400,n,keydown
37829500,o,keydown
37829600, ,keydown
37830100,c,keydown
37830100,a,keydown
37830400,d,keydown
37830600,u,keydown
37830800,t,keydown
37830900,i,keydown
37831100, ,keydown
37831300,d,keydown
37831500,u,keydown
37831700,Backspace,keydown
37831900,Backspace,keydown
37832100,s,keydown
37832200,u,keydown
37832400, ,keydown
37832800,a,keydown
37833100,r,keydown
37833300,g,keydown
37833500,o,keydown
37833500,m,keydown
37833600,e,keydown
37833800,n,keydown
37834000,t,keydown
37834100,i,keydown
37834200, ,keydown
37834500,b,keydown
37834600,a,keydown
37834600,n,keydown
37834800,a,keydown
37835000,l,keydown
37835200,i,keydown
37836300,.,keydown
37838700, ,keydown
37838900,#,keydown
37839200,c,keydown
37839300,o,keydown
37839500,m,keydown
37839700,u,keydown
37839900,q,keydown
37840000,n,keydown
37841100,Backspace,keydown
37841300,Backspace,keydown
37841600,n,keydown
37841600,m,keydown
37841700,q,keydown
37842100,Backspace,keydown
37842500,Backspace,keydown
37843500,q,keydown
37843800,u,keydown
37843900,e,keydown
37844700,",",keydown
37846400, ,keydown
37846700,p,keydown
37846800,e,keydown
37846800,r,keydown
37847000,Enter,keydown
37847600,u,keydown
37847700,n,keydown
37847900, ,keydown
37848100,p,keydown
37848100,a,keydown
37848300,i,keydown
37848400,o,keydown
37848500, ,keydown
37848800,d,keydown
37848900,i,keydown
37848900, ,keydown
37849300,g,keydown
37849300,i,keydown
37849400,o,keydown
37849600,r,keydown
37849700,n,keydown
37849900,i,keydown
37850100, ,keydown
37850500,h,keydown
37850500,o,keydown
37850700, ,keydown
37850900,f,keydown
37850900,i,keydown
37851100,n,keydown
37851200,i,keydown
37851400,t,keydown
37851500,o,keydown
37851800,.,keydown
37851900, ,keydown
37852100,#,keydown
37852200,p,keydown
37852300,o,keydown
37852600,i,keydown
37852600, ,keydown
37852900,r,keydown
37853000,i,keydown
37853200,p,keydown
37853500,r,keydown
37853500,e,keydown
37853600,n,keydown
37853900,d,keydown
37853900,e,keydown
37854000,r,keydown
37854300,o,keydown
37854400,#,keydown
37854700, ,keydown
37855100,m,keydown
37855300,e,keydown
37855700,r,keydown
37855900,c,keydown
37855900,o,keydown
37856100,l,keydown
37856200,e,keydown
37856500,d,keydown
37856700,i,keydown
37856900,#,keydown
37857200, ,keydown
37857500,m,keydown
37857600,a,keydown
37857800,t,keydown
37857900,t,keydown
37858300,t,keydown
37858600,i,keydown
37858800,n,keydown
37859000,a,keydown
37859900,Backspace,keydown
37860100,Backspace,keydown
37860200,Backspace,keydown
37860400,Backspace,keydown
37861100,i,keydown
37861200,n,keydown
37861500,a,keydown
37861700,",",keydown
37861800, ,keydown
37864100,c,keydown
37864100,o,keydown
37864300,n,keydown
37864600,Enter,keydown
37864700,a,keydown
37864800,l,keydown
37865100,t,keydown
37865200,r,keydown
37865400,i,keydown
37865400, ,keydown
37865700,q,keydown
37865900,u,keydown
37866000,s,keydown
37866500,#,keydown
37866500,Backspace,keydown
37866600,a,keydown
37866900,t,keydown
37867000,t,keydown
37867200,r,keydown
37867400,Backspace,keydown
37867600,Backspace,keydown
37867800,Backspace,keydown
37868000,Backspace,keydown
37868200,Backspace,keydown
37868400,a,keydown
37868800,t,keydown
37869000,t,keydown
37869100,r,keydown
37869400,o,keydown
37869400, ,keydown
37873800,e,keydown
37874100,s,keydown
37874300,#,keydown
37874400,m,keydown
37875000,#,keydown
37876000,Backspace,keydown
37876200,a,keydown
37876800,m,keydown
37877000,i,keydown
37877400,",",keydown
37877500, ,keydown
37877700,e,keydown
37877800, ,keydown
37878300,f,keydown
37878400,i,keydown
37878500,n,keydown
37878500,i,keydown
37878600,r,keydown
37878800,o,keydown
37879000, ,keydown
37879200,l,keydown
37879400,a,keydown
37879600, ,keydown
37880100,f,keydown
37880200,a,keydown
37880200,t,keydown
37880500,i,keydown
37880600,c,keydown
37880800,a,keydown
37881100,c,keydown
37881200,c,keydown
37881400,i,keydown
37881500,a,keydown
37881700, ,keydown
37882000,b,keydown
37882100,e,keydown
37882400,Backspace,keydown
37882600,Backspace,keydown
37882800,v,keydown
37883000,e,keydown
37883100,n,keydown
37883500,e,keydown
37883600,r,keydown
37884200,d,keydown
37884300,i,keydown
37884500,#,keydown
37884600, ,keydown
37884800,m,keydown
37884900,a,keydown
37885100,t,keydown
37885200,t,keydown
37885400,i,keydown
37885600,n,keydown
37885700,a,keydown
37888000,",",keydown
37888200, ,keydown
37888400,c,keydown
37888400,o,keydown
37888500,m,keydown
37888800,Enter,keydown
37888900,a,keydown
37889000,l,keydown
37889300,t,keydown
37889500,r,keydown
37889500,i,keydown
37889700, ,keydown
37890400,n,keydown
37890500,o,keydown
37890700,v,keydown
37890900,e,keydown
37891000, ,keydown
37891500,c,keydown
37891500,a,keydown
37891700,n,keydown
37891900,d,keydown
37892100,i,keydown
37892200,d,keydown
37892400,a,keydown
37892500,t,keydown
37892700,i,keydown
37893300,.,keydown
37893600, ,keydown
37894800,#,keydown
37895000,u,keydown
37895100,n,keydown
37895300,a,keydown
37895400, ,keydown
37896000,p,keydown
37896100,a,keydown
37896400,l,keydown
37896500,l,keydown
37896600,a,keydown
37899300,Backspace,keydown
37899400,Backspace,keydown
37899500,Backspace,keydown
37899700,Backspace,keydown
37899900,Backspace,keydown
37900100,Backspace,keydown
37900300,Backspace,keydown
37900600,Backspace,keydown
37900900,Backspace,keydown
37904500,#,keydown
37904700,q,keydown
37905000,u,keydown
37905100,e,keydown
37905300,s,keydown
37905400,t,keydown
37905500,a,keydown
37905500, ,keydown
37905700,s,keydown
37905900,e,keydown
37906100,r,keydown
37906200,a,keydown
37906500, ,keydown
37906800,m,keydown
37906900,i,keydown
37907100, ,keydown
37907600,r,keydown
37907800,i,keydown
37908000,p,keydown
37908100,o,keydown
37908400,s,keydown
37908600,e,keydown
37908700,r,keydown
37908800,i,keydown
37908800,o,keydown
37909500,Backspace,keydown
37909900,Backspace,keydown
37910100,o,keydown
37910100,i,keydown
37910600,Backspace,keydown
37910800,#,keydown
37911200, ,keydown
37911800,i,keydown
37912000,n,keydown
37912100, ,keydown
37912200,a,keydown
37912300,t,keydown
37912500,t,keydown
37912600,e,keydown
37912700,s,keydown
37912900,a,keydown
37913900, ,keydown
37915000,d,keydown
37915100,e,keydown
37916700,l,keydown
37917300, ,keydown
37917600,t,keydown
37917700,u,keydown
37918800,Backspace,keydown
37919100,o,keydown
37919200,u,keydown
37919500,r,keydown
37919600, ,keydown
37920000,d,keydown
37920100,e,keydown
37920200, ,keydown
37920300,f,keydown
37920400,o,keydown
37920500,r,keydown
37920800,#,keydown
37921300,c,keydown
37921500,e,keydown
37921900,Enter,keydown
37922200,c,keydown
37922300,h,keydown
37922400,e,keydown
37922400, ,keydown
37922600,m,keydown
37922700,i,keydown
37922800, ,keydown
37923000,a,keydown
37923200,s,keydown
37923300,p,keydown
37923500,e,keydown
37923700,t,keydown
37923800,t,keydown
37924100,a,keydown
37924200, ,keydown
37924300,d,keydown
37924400,o,keydown
37924500,m,keydown
37924700,a,keydown
37924800,n,keydown
37924900,i,keydown
37925300,#,keydown
37925500,#,keydown
37925600, ,keydown
37927600,u,keydown
37927600,n,keydown
37927800, ,keydown
37927900,s,keydown
37928200,a,keydown
37929500,c,keydown
37929700,c,keydown
37929900,o,keydown
37929900, ,keydown
37930100,d,keydown
37930200,i,keydown
37930300, ,keydown
37930900,r,keydown
37931200,i,keydown
37931200,u,keydown
37931500,n,keydown
37931500,i,keydown
37931700,o,keydown
37931900,n,keydown
37932000,i,keydown
37932100, ,keydown
37932400,i,keydown
37932500,n,keydown
37932700, ,keydown
37932800,u,keydown
37933100,f,keydown
37933200,f,keydown
37933400,i,keydown
37933500,c,keydown
37933600,i,keydown
37933600,o,keydown
37934300,",",keydown
37934700, ,keydown
37935200,p,keydown
37935200,o,keydown
37935400,i,keydown
37935600, ,keydown
37936400,d,keydown
37936500,e,keydown
37936700,v,keydown
37936800,o,keydown
37937000, ,keydown
37937000,a,keydown
37937200,n,keydown
37937500,d,keydown
37937500,a,keydown
37937800,r,keydown
37937800,e,keydown
37938100,Enter,keydown
37938400,a,keydown
37938700, ,keydown
37938900,v,keydown
37939100,e,keydown
37939600,r,keydown
37939700,s,keydown
37939800,a,keydown
37940300,r,keydown
37940300,e,keydown
37940400,w,keydown
37941600,Backspace,keydown
37941700,Backspace,keydown
37942200,e,keydown
37942500, ,keydown
37943000,u,keydown
37943100,n,keydown
37943200, ,keydown
37943500,i,keydown
37943500,o,keydown
37943700,b,keydown
37943900,o,keydown
37944200,l,keydown
37944300,o,keydown
37944600, ,keydown
37944900,Backspace,keydown
37945100,Backspace,keydown
37945300,Backspace,keydown
37945400,Backspace,keydown
37945500,Backspace,keydown
37945700,Backspace,keydown
37945800,Backspace,keydown
37946400,o,keydown
37946600,n,keydown
37946700,o,keydown
37946800,l,keydown
37947100,o,keydown
37947400,Backspace,keydown
37947500,Backspace,keydown
37947700,Backspace,keydown
37947800,Backspace,keydown
37948500,n,keydown
37948800,Backspace,keydown
37949100,b,keydown
37949200,o,keydown
37949300,l,keydown
37949400,o,keydown
37949600, ,keydown
37949900,p,keydown
37950000,e,keydown
37950100,r,keydown
37950200, ,keydown
37950800,i,keydown
37951000,l,keydown
37951300, ,keydown
37951500,m,keydown
37951700,a,keydown
37951900,t,keydown
37952000,r,keydown
37952200,i,keydown
37952300,m,keydown
37952500,o,keydown
37952800,n,keydown
37952900,i,keydown
37953100,o,keydown
37953300, ,keydown
37953500,d,keydown
37953600,i,keydown
37953700, ,keydown
37954000,u,keydown
37954100,n,keydown
37954200, ,keydown
37954400,m,keydown
37954500,i,keydown
37954600,o,keydown
37954800, ,keydown
37955000,a,keydown
37955100,m,keydown
37955400,c,keydown
37955900,Backspace,keydown
37956100,i,keydown
37956200,c,keydown
37956400,o,keydown
37957100,",",keydown
37957200, ,keydown
37957400,e,keydown
37957500, ,keydown
37957700,i,keydown
37957900,n,keydown
37958100,f,keydown
37958200,i,keydown
37958400,n,keydown
37958500,e,keydown
37958800, ,keydown
37959000,d,keydown
37959100,o,keydown
37959300,m,keydown
37959700,a,keydown
37960400,n,keydown
37960600,i,keydown
37960900,Enter,keydown
37961000,s,keydown
37961300,e,keydown
37961400,r,keydown
37961600,a,keydown
37961700, ,keydown
37962100,c,keydown
37962200,i,keydown
37962300, ,keydown
37962400,s,keydown
37962600,a,keydown
37962800,r,keydown
37962900,a,keydown
37963300,#,keydown
37963600, ,keydown
37963900,l,keydown
37964000,a,keydown
37964100, ,keydown
37964500,s,keydown
37964700,o,keydown
37964800,l,keydown
37965000,i,keydown
37965100,t,keydown
37965200,a,keydown
37965400, ,keydown
37965600,p,keydown
37965700,a,keydown
37965900,r,keydown
37965900,t,keydown
37966200,i,keydown
37966500,t,keydown
37966600,a,keydown
37966800, ,keydown
37966900,a,keydown
37967000, ,keydown
37967200,c,keydown
37967600,a,keydown
37967800,l,keydown
37967900,c,keydown
37968100,e,keydown
37968300,t,keydown
37968500,t,keydown
37968500,o,keydown
37969600,",",keydown
37969700, ,keydown
37970600,s,keydown
37970800,e,keydown
37970900,n,keydown
37971100,z,keydown
37971200,a,keydown
37971300, ,keydown
37971600,p,keydown
37971800,r,keydown
37971900,o,keydown
37972000,b,keydown
37972100,a,keydown
37972300,b,keydown
37972400,i,keydown
37972600,l,keydown
37972700,m,keydown
37972800,e,keydown
37972900,n,keydown
37973000,t,keydown
37973200,e,keydown
37973300, ,keydown
37973500,i,keydown
37973500,o,keydown
37974100,Backspace,keydown
37974300,Enter,keydown
37974700,m,keydown
37974800,i,keydown
37975100,g,keydown
37975200,l,keydown
37975300,i,keydown
37975500,o,keydown
37975600,r,keydown
37975800,i,keydown
37977400, ,keydown
37977700,u,keydown
37977900,o,keydown
37978100,m,keydown
37978200,i,keydown
37978400,n,keydown
37978500,i,keydown
37978600, ,keydown
37978800,d,keydown
37979000,e,keydown
37979200,l,keydown
37979200, ,keydown
37979500,s,keydown
37979600,o,keydown
37980000,Backspace,keydown
37980200,e,keydown
37980400,c,keydown
37980500,o,keydown
37980700,o,keydown
37981600,",",keydown
37981800, ,keydown
37982100,Backspace,keydown
37982300,Backspace,keydown
37982700,Backspace,keydown
37983200,l,keydown
37983400,o,keydown
37983500,",",keydown
37983700, ,keydown
37983900,p,keydown
37984000,e,keydown
37984000,r,keydown
37984200, ,keydown
37984600,p,keydown
37984700,e,keydown
37984900,r,keydown
37985100,d,keydown
37985200,e,keydown
37985400,r,keydown
37985700,e,keydown
37985900,m,keydown
37986100,o,keydown
37986400, ,keydown
37987000,m,keydown
37987100,i,keydown
37987200,s,keydown
37987500,e,keydown
37987700,r,keydown
37987900,a,keydown
37988100,m,keydown
37988300,e,keydown
37988400,n,keydown
37988500,t,keydown
37988600,e,keydown
37988900,.,keydown
37989100, ,keydown
37989200,#,keydown
37989400,c,keydown
37989600,i,keydown
37989700,a,keydown
37989900,o,keydown
37990300,Backspace,keydown
37990600,Backspace,keydown
37990700,Backspace,keydown
37990800,Backspace,keydown
37990900,#,keydown
37991000,a,keydown
37991500,d,keydown
37991700,d,keydown
37991800,i,keydown
37991800,o,keydown
37992400,",",keydown
37992500, ,keydown
37992600,m,keydown
37992800,a,keydown
37993300,Backspace,keydown
37993500,Backspace,keydown
37993600,#,keydown
37993700,m,keydown
37993800,a,keydown
37994100,r,keydown
37994200,x,keydown
37994300,o,keydown
37995000,Backspace,keydown
37995200,Backspace,keydown
37995800,c,keydown
37996100,o,keydown
