timestamp,key,type
31443300,Backspace,keydown
31443300,Backspace,keydown
31443300,Backspace,keydown
31443300,Backspace,keydown
31443300,Backspace,keydown
31443300,Backspace,keydown
31443300,Backspace,keydown
31443300,Backspace,keydown
31443300,#,keydown
31444300,e,keydown
31444500,c,keydown
31444600,c,keydown
31444700,o,keydown
31444700, ,keydown
31444900,i,keydown
31445000,l,keydown
31445200, ,keydown
31445700,p,keydown
31445800,e,keydown
31446100,n,keydown
31446300,u,keydown
31447100,l,keydown
31447800,t,keydown
31448000,i,keydown
31448200,m,keydown
31448300,o,keydown
31448400, ,keydown
31448700,c,keydown
31448900,a,keydown
31449300,m,keydown
31449600,p,keydown
31449700,i,keydown
31449900,o,keydown
31450300,n,keydown
31450400,e,keydown
31451000,.,keydown
31451400, ,keydown
31451800,#,keydown
31456400,#,keydown
31456700,s,keydown
31456800,c,keydown
31457300,r,keydown
31457600,v,keydown
31457700,i,keydown
31457900, ,keydown
31458400,Backspace,keydown
31458500,Backspace,keydown
31458600,Backspace,keydown
31458700,Backspace,keydown
31458900,Backspace,keydown
31459000,Backspace,keydown
31459300,#,keydown
31459500,s,keydown
31459800,c,keydown
31460100,e,keydown
31460500,Backspace,keydown
31461000,r,keydown
31461200,i,keydown
31461300,v,keydown
31461500,i,keydown
31462300, ,keydown
31462900,w,keydown
31463300,Backspace,keydown
31463400,q,keydown
31463600,u,keydown
31463800,i,keydown
31463900, ,keydown
31464100,i,keydown
31464300,l,keydown
31464400, ,keydown
31464600,t,keydown
31464700,u,keydown
31464900,p,keydown
31464900,o,keydown
31465100, ,keydown
31465900,Backspace,keydown
31466000,Backspace,keydown
31466200,Backspace,keydown
31466500,o,keydown
31466600, ,keydown
31466800,l,keydown
31467000,o,keydown
31467100,g,keydown
31467300,i,keydown
31467400,n,keydown
31467600, ,keydown
31468100,n,keydown
31468200,a,keydown
31468300,m,keydown
31468400,e,keydown
31469700,#,keydown
31469800,#,keydown
31470200, ,keydown
31470400,#,keydown
31470700,s,keydown
31471100,c,keydown
31471200,r,keydown
31471400,i,keydown
31471700,v,keydown
31471900,i,keydown
31472200, ,keydown
31473600,q,keydown
31473700,u,keydown
31474000,i,keydown
31474400,Enter,keydown
31475000,q,keydown
31475300,u,keydown
31475400,e,keydown
31475600,l,keydown
31475700,l,keydown
31475900,o,keydown
31475900, ,keydown
31476000,c,keydown
31476200,h,keydown
31476200,e,keydown
31476600, ,keydown
31476900,v,keydown
31477100,u,keydown
31477300,o,keydown
31477500,i,keydown
31478600,.,keydown
31478800, ,keydown
31478900,#,keydown
31479000,p,keydown
31479200,e,keydown
31479300,r,keydown
31479400, ,keydown
31479500,f,keydown
31479800,w,keydown
31479800,a,keydown
31479900,v,keydown
31480100,o,keydown
31480700,Backspace,keydown
31480800,Backspace,keydown
31480900,Backspace,keydown
31481000,Backspace,keydown
31481200,a,keydown
31481900,v,keydown
31482000,o,keydown
31482100,r,keydown
31482200,e,keydown
31482400, ,keydown
31482700,r,keydown
31482800,i,keydown
31482900,e,keydown
31483400,m,keydown
31483800,Backspace,keydown
31484400,m,keydown
31484600,p,keydown
31484800,i,keydown
31484900, ,keydown
31485100,t,keydown
31485300,u,keydown
31485400,t,keydown
31485600,t,keydown
31485700,o,keydown
31485700, ,keydown
31486000,l,keydown
31486200,o,keydown
31486300, ,keydown
31486800,s,keydown
31486900,p,keydown
31487000,a,keydown
31487300,z,keydown
31487400,i,keydown
31487600,o,keydown
31487800, ,keydown
31488200,d,keydown
31488400,i,keydown
31488500,s,keydown
31488600,p,keydown
31488800,o,keydown
31489000,n,keydown
31489200,i,keydown
31489400,b,keydown
31489600,i,keydown
31489800,l,keydown
31489800,e,keydown
31491800,.,keydown
31492100, ,keydown
31492100,#,keydown
31492200,s,keydown
31492500,u,keydown
31492800,b,keydown
31493000,m,keydown
31493200,i,keydown
31493300,t,keydown
31493500, ,keydown
31493900,w,keydown
31494100,Backspace,keydown
31494300,q,keydown
31494600,u,keydown
31494700,e,keydown
31494900,r,keydown
31495200,y,keydown
31495600,Enter,keydown
31497400,Backspace,keydown
31497500,Backspace,keydown
31497700,Backspace,keydown
31497900,Backspace,keydown
31498000,Backspace,keydown
31498200,Backspace,keydown
31498900,Enter,keydown
31499200,q,keydown
31500500,Backspace,keydown
31500700,#,keydown
31500900,q,keydown
31501100,u,keydown
31501200,e,keydown
31501400,r,keydown
31501600,y,keydown
31503300, ,keydown
31503500,#,keydown
31503600,b,keydown
31503800,r,keydown
31504300,o,keydown
31505300,w,keydown
31505500,e,keydown
31506100,Backspace,keydown
31506200,s,keydown
31506400,e,keydown
31506600,r,keydown
31506900, ,keydown
31507400,i,keydown
31507600,s,keydown
31507900, ,keydown
31508600,#,keydown
31508700,Backspace,keydown
31508900,#,keydown
31509000,#,keydown
31509300, ,keydown
31509400,#,keydown
31509600,n,keydown
31509700,a,keydown
31510400,Backspace,keydown
31510500,Backspace,keydown
31510700,#,keydown
31511300,n,keydown
31511500,a,keydown
31511900,v,keydown
31512100,i,keydown
31512300,g,keydown
31512600,a,keydown
31512800,t,keydown
31513000,o,keydown
31513200,r,keydown
31513400,",",keydown
31513600, ,keydown
31513800,#,keydown
31514000,t,keydown
31514200,u,keydown
31514400,e,keydown
31514700,s,keydown
31514900,d,keydown
31515100,a,keydown
31515200,y,keydown
31516600, ,keydown
31516700,#,keydown
31516900,o,keydown
31517300,c,keydown
31517400,t,keydown
31518100, ,keydown
31518500,1,keydown
31518900,5,keydown
31519800, ,keydown
31520100,1,keydown
31520300,3,keydown
31520700,#,keydown
31520800,#,keydown
31521300,5,keydown
31521800,2,keydown
31522200,#,keydown
31522300,#,keydown
31523300,3,keydown
31523700,7,keydown
31524500, ,keydown
31524700,#,keydown
31525000,g,keydown
31525500,m,keydown
31525700,t,keydown
31526700,#,keydown
31527800,#,keydown
31528500,0,keydown
31528800,2,keydown
31528900,0,keydown
31529100,0,keydown
31530900, ,keydown
31531100,#,keydown
31531200,#,keydown
31531500,#,keydown
31531700,m,keydown
31532100,e,keydown
31532300,t,keydown
31533500,Enter,keydown
31533700,#,keydown
31534000,d,keydown
31534300,s,keydown
31534400,t,keydown
31535200,#,keydown
31535900,#,keydown
31536100, ,keydown
31536300,2,keydown
31536500,0,keydown
31536500,0,keydown
31536700,2,keydown
31539600,",",keydown
31539700, ,keydown
31540100,o,keydown
31540200,g,keydown
31540300,g,keydown
31540400,i,keydown
31540700,Backspace,keydown
31541000,Backspace,keydown
31541200,Backspace,keydown
31541400,Backspace,keydown
31541500,Backspace,keydown
31541700,Backspace,keydown
31542300,.,keydown
31542500,.,keydown
31542500,.,keydown
31543100, ,keydown
31543500,o,keydown
31543700,g,keydown
31543700,f,keydown
31543900,g,keydown
31544300,Backspace,keydown
31544400,Backspace,keydown
31544700,g,keydown
31544900,g,keydown
31545000,i,keydown
31545100, ,keydown
31545400,Backspace,keydown
31545600,Backspace,keydown
31545700,Backspace,keydown
31546100,i,keydown
31546200, ,keydown
31546400,n,keydown
31546500,o,keydown
31546700,n,keydown
31546800, ,keydown
31547100,h,keydown
31547200,o,keydown
31547400, ,keydown
31547800,i,keydown
31548000,d,keydown
31548000,e,keydown
31548500,e,keydown
31548600, ,keydown
31548700,e,keydown
31548900, ,keydown
31549200,n,keydown
31549400,o,keydown
31549700,n,keydown
31549900, ,keydown
31550400,h,keydown
31550500,o,keydown
31550700, ,keydown
31550900,n,keydown
31551000,e,keydown
31551200,a,keydown
31551200,n,keydown
31551400,c,keydown
31551500,h,keydown
31551700,e,keydown
31551700, ,keydown
31552000,u,keydown
31552200,n,keydown
31552300,a,keydown
31552300, ,keydown
31552600,m,keydown
31552700,a,keydown
31552800,i,keydown
31553000,l,keydown
31553100, ,keydown
31553300,i,keydown
31553400,n,keydown
31553600, ,keydown
31554100,i,keydown
31554300,t,keydown
31554500,a,keydown
31554600,l,keydown
31554800,i,keydown
31554900,a,keydown
31555000,n,keydown
31555300,o,keydown
31555400, ,keydown
31555800,Enter,keydown
31556800,d,keydown
31556900,a,keydown
31557100, ,keydown
31557200,s,keydown
31557400,c,keydown
31557500,r,keydown
31557700,i,keydown
31557900,v,keydown
31558000,e,keydown
31558100,r,keydown
31558300,e,keydown
31559900,.,keydown
31560100,.,keydown
31560200,.,keydown
31560600, ,keydown
31560800,#,keydown
31560900,w,keydown
31560900,q,keydown
31561200,u,keydown
31561700,#,keydown
31562000,Backspace,keydown
31562200,Backspace,keydown
31562300,Backspace,keydown
31562400,Backspace,keydown
31562600,Backspace,keydown
31563100, ,keydown
31563200,q,keydown
31563300,u,keydown
31563500,i,keydown
31563700,n,keydown
31563800,d,keydown
31564000,i,keydown
31564000, ,keydown
31564300,m,keydown
31564500,i,keydown
31564500, ,keydown
31564800,d,keydown
31564900,e,keydown
31565100,c,keydown
31565100,v,keydown
31565600,Backspace,keydown
31565800,Backspace,keydown
31565900,v,keydown
31566300,o,keydown
31566400, ,keydown
31566600,a,keydown
31566900,r,keydown
31568200,r,keydown
31568400,a,keydown
31568500,n,keydown
31568700,g,keydown
31568800,i,keydown
31569100,a,keydown
31569400,r,keydown
31569500,e,keydown
31570500,.,keydown
31570700, ,keydown
31570800,#,keydown
31570900,p,keydown
31571100,o,keydown
31571100,t,keydown
31571200,r,keydown
31571500,e,keydown
31571600,i,keydown
31571900, ,keydown
31572100,p,keydown
31572300,a,keydown
31572500,r,keydown
31572800,l,keydown
31572900,a,keydown
31573600,r,keydown
31573700,e,keydown
31573800, ,keydown
31574000,d,keydown
31574100,e,keydown
31574200,l,keydown
31574500, ,keydown
31574500,t,keydown
31574600,e,keydown
31574700,m,keydown
31574900,p,keydown
31575200,o,keydown
31575400,Enter,keydown
31575600,e,keydown
31575700, ,keydown
31576300,d,keydown
31576600,e,keydown
31576700,l,keydown
31576900, ,keydown
31577100,m,keydown
31577200,i,keydown
31577400,o,keydown
31577500, ,keydown
31577700,r,keydown
31578000,a,keydown
31578200,a,keydown
31578500,Backspace,keydown
31578700,f,keydown
31578800,f,keydown
31579100,e,keydown
31579500,Backspace,keydown
31579700,r,keydown
31579700,e,keydown
31580000,d,keydown
31580100,d,keydown
31580200,o,keydown
31580400,r,keydown
31580500,o,keydown
31581200,Backspace,keydown
31581300,Backspace,keydown
31582100,r,keydown
31582200,e,keydown
31583400,",",keydown
31583500, ,keydown
31583800,m,keydown
31583900,a,keydown
31583900, ,keydown
31584200,n,keydown
31584500,e,keydown
31584600, ,keydown
31584900,h,keydown
31585100,o,keydown
31585100, ,keydown
31585800,g,keydown
31586000,i,keydown
31586000,a,keydown
31586300,#,keydown
31586400, ,keydown
31586900,p,keydown
31587100,a,keydown
31587400,r,keydown
31587600,l,keydown
31587600,a,keydown
31587800,t,keydown
31587900,o,keydown
31588600,",",keydown
31588800, ,keydown
31589300,e,keydown
31589400, ,keydown
31589600,m,keydown
31589800,i,keydown
31589900, ,keydown
31590000,a,keydown
31590200,n,keydown
31590200,n,keydown
31590500,o,keydown
31590700,i,keydown
31590800,o,keydown
31590900, ,keydown
31591100,a,keydown
31591300,n,keydown
31592100,c,keydown
31592400,h,keydown
31592900,#,keydown
31593000,i,keydown
31594200,o,keydown
31594400,Enter,keydown
31594700,a,keydown
31594800, ,keydown
31595300,d,keydown
31595400,i,keydown
31595700,g,keydown
31595900,i,keydown
31596100,a,keydown
31596400,t,keydown
31597100,Backspace,keydown
31597200,Backspace,keydown
31598000,t,keydown
31598300,a,keydown
31598500,r,keydown
31598500,e,keydown
31598600,",",keydown
31598800, ,keydown
31598900,c,keydown
31599000,o,keydown
31599100,s,keydown
31599300,a,keydown
31599300, ,keydown
31599600,p,keydown
31599700,o,keydown
31599900,s,keydown
31600000,s,keydown
31600200,o,keydown
31600500, ,keydown
31601600,f,keydown
31601800,a,keydown
31602100,r,keydown
31602200,e,keydown
31602700,#,keydown
31603000,#,keydown
31603300, ,keydown
31603400,#,keydown
31603600,c,keydown
31603800,o,keydown
31604000,p,keydown
31604100,i,keydown
31604300,a,keydown
31604600,r,keydown
31604600,e,keydown
31605000, ,keydown
31605300,u,keydown
31605500,n,keydown
31605500,a,keydown
31605700, ,keydown
31606100,p,keydown
31606200,o,keydown
31606500,e,keydown
31606700,s,keydown
31606900,i,keydown
31607000,e,keydown
31607400,Backspace,keydown
31607500,a,keydown
31607900,",",keydown
31608100, ,keydown
31608200,s,keydown
31608300,e,keydown
31608400, ,keydown
31608700,n,keydown
31609000,e,keydown
31609000, ,keydown
31610000,a,keydown
31610200,v,keydown
31610300,e,keydown
31610500,s,keydown
31610700,s,keydown
31610800,i,keydown
31610900, ,keydown
31611000,o,keydown
31611200,s,keydown
31611400,t,keydown
31611600,Backspace,keydown
31611900,Backspace,keydown
31612100,Backspace,keydown
31612300,t,keydown
31612900,Backspace,keydown
31613000,s,keydown
31613200,o,keydown
31613500,y,keydown
31613500,t,keydown
31613600,t,keydown
31614000,Backspace,keydown
31614100,Backspace,keydown
31614200,Backspace,keydown
31614400,t,keydown
31614500,t,keydown
31614600,o,keydown
31614600,i,keydown
31615100,Backspace,keydown
31615600,m,keydown
31615700,a,keydown
31615700,s,keydown
31615800,n,keydown
31616200,Backspace,keydown
31616300,Backspace,keydown
31616500,Backspace,keydown
31616900,n,keydown
31617300,Backspace,keydown
31617300,a,keydown
31618000,n,keydown
31618100,o,keydown
31618500,.,keydown
31618800,Enter,keydown
31618900,#,keydown
31620000,p,keydown
31620200,e,keydown
31620300,r,keydown
31620300, ,keydown
31620600,i,keydown
31620700,l,keydown
31620800, ,keydown
31621200,p,keydown
31621400,r,keydown
31621500,o,keydown
31621800,s,keydown
31621900,s,keydown
31622000,i,keydown
31622100,m,keydown
31622400,o,keydown
31622400, ,keydown
31623600,e,keydown
31623800,x,keydown
31624100,p,keydown
31624300, ,keydown
31624900,m,keydown
31625100,i,keydown
31625200, ,keydown
31625500,p,keydown
31625600,r,keydown
31625600,e,keydown
31626300,n,keydown
31626500,d,keydown
31626600,o,keydown
31627600, ,keydown
31628000,i,keydown
31628200,Backspace,keydown
31628500,u,keydown
31628700,n,keydown
31628800, ,keydown
31629300,l,keydown
31629500,i,keydown
31629700,b,keydown
31629900,r,keydown
31630100,o,keydown
31630200,i,keydown
31630200, ,keydown
31630600,Backspace,keydown
31630800,Backspace,keydown
31630900,Backspace,keydown
31631600,o,keydown
31631700, ,keydown
31631900,d,keydown
31631900,i,keydown
31632000, ,keydown
31632200,p,keydown
31632400,o,keydown
31632600,e,keydown
31632800,s,keydown
31633100,i,keydown
31633400,e,keydown
31633500, ,keydown
31634300,Backspace,keydown
31634500,",",keydown
31634700, ,keydown
31634800,c,keydown
31635000,o,keydown
31635100,s,keydown
31635100,i,keydown
31635400,#,keydown
31635600, ,keydown
31635900,c,keydown
31636000,o,keydown
31636100,p,keydown
31636300,i,keydown
31636400,e,keydown
31636700,Backspace,keydown
31636900,a,keydown
31637900,Backspace,keydown
31638100,o,keydown
31638200,p,keydown
31638700,Backspace,keydown
31639100, ,keydown
31639500,p,keydown
31639600,o,keydown
31639700,e,keydown
31640000,s,keydown
31640200,i,keydown
31640500,e,keydown
31641300,",",keydown
31641500,Enter,keydown
31642400,m,keydown
31642500,a,keydown
31642600, ,keydown
31642900,a,keydown
31642900,n,keydown
31643000,c,keydown
31643200,h,keydown
31643200,e,keydown
31643300, ,keydown
31643600,u,keydown
31643900,n,keydown
31643900, ,keydown
31644100,l,keydown
31644300,i,keydown
31644500,b,keydown
31644800,r,keydown
31645000,o,keydown
31645100, ,keydown
31645300,d,keydown
31645300,i,keydown
31645400, ,keydown
31645700,p,keydown
31645900,r,keydown
31646000,o,keydown
31646600,s,keydown
31646700,a,keydown
31646800, ,keydown
31647000,a,keydown
31647200,n,keydown
31647400,d,keydown
31647600,r,keydown
31647600,e,keydown
31647900,b,keydown
31648100,b,keydown
31648200,e,keydown
31648600, ,keydown
31648800,b,keydown
31648900,e,keydown
31649100,n,keydown
31649200,e,keydown
31650100,",",keydown
31650200, ,keydown
31650500,o,keydown
31650600, ,keydown
31650800,f,keydown
31650900,o,keydown
31650900,r,keydown
31651200,s,keydown
31651500,e,keydown
31651500, ,keydown
31651800,i,keydown
31651900,l,keydown
31652100, ,keydown
31652200,c,keydown
31652200,o,keydown
31652500,p,keydown
31652600,i,keydown
31652700,a,keydown
31652900,r,keydown
31653000,e,keydown
31653000, ,keydown
31654400,r,keydown
31654600,o,keydown
31655400,v,keydown
31655500,i,keydown
31655900,n,keydown
31656200,a,keydown
31656500,Enter,keydown
31657000,l,keydown
31657100,a,keydown
31657300, ,keydown
31658000,s,keydown
31658100,p,keydown
31658300,o,keydown
31658600,n,keydown
31659000,t,keydown
31659300,a,keydown
31659500,n,keydown
31659600,e,keydown
31660000,e,keydown
31660200,t,keydown
31660500,a,keydown
31660800,#,keydown
31660800, ,keydown
31661100,d,keydown
31661200,e,keydown
31661300,l,keydown
31661500,l,keydown
31661500,a,keydown
31661700, ,keydown
31662100,b,keydown
31662300,a,keydown
31662400,t,keydown
31662600,t,keydown
31662800,i,keydown
31663000,t,keydown
31663300,u,keydown
31663600,r,keydown
31663700,a,keydown
31664600,#,keydown
31664900,#,keydown
31665100, ,keydown
31665500,#,keydown
31666600,c,keydown
31666900,h,keydown
31667100,i,keydown
31667300,s,keydown
31667400,s,keydown
31667600,a,keydown
31668200,#,keydown
31668600,Backspace,keydown
31668800,#,keydown
31668800,#,keydown
31669300,Backspace,keydown
31670000,#,keydown
31670500,Backspace,keydown
31670600,a,keydown
31671100,Backspace,keydown
31671200,Backspace,keydown
31671700,a,keydown
31672000,#,keydown
31672400,#,keydown
31672700,.,keydown
31672900,.,keydown
31673000,.,keydown
31673400, ,keydown
31673600,#,keydown
31674000,p,keydown
31674200,e,keydown
31674300,r,keydown
31674500,c,keydown
31674600,h,keydown
31674700,e,keydown
31675300,#,keydown
31675600, ,keydown
31676700,q,keydown
31676800,u,keydown
31677000,e,keydown
31677200,s,keydown
31677500,t,keydown
31677600,a,keydown
31677700, ,keydown
31678200,v,keydown
31678300,o,keydown
31678500,l,keydown
31678600,t,keydown
31678800,a,keydown
31678900, ,keydown
31679500,n,keydown
31679600,p,keydown
31680200,Backspace,keydown
31680800,o,keydown
31680900,n,keydown
31681200,Enter,keydown
31681900,d,keydown
31682000,o,keydown
31682200,b,keydown
31682400,b,keydown
31682600,i,keydown
31682700,a,keydown
31682800,m,keydown
31683000,o,keydown
31683000, ,keydown
31683300,c,keydown
31683300,o,keydown
31683800,p,keydown
31683900,a,keydown
31684100,i,keydown
31684300,r,keydown
31684300,e,keydown
31684600, ,keydown
31684900,u,keydown
31685300,Backspace,keydown
31685400,Backspace,keydown
31685600,Backspace,keydown
31685700,Backspace,keydown
31685800,Backspace,keydown
31685900,Backspace,keydown
31686400,i,keydown
31686400,a,keydown
31686700,r,keydown
31686700,e,keydown
31686800, ,keydown
31687200,u,keydown
31687400,n,keydown
31687600, ,keydown
31687800,t,keydown
31687800,e,keydown
31688000,s,keydown
31688200,t,keydown
31688400,o,keydown
31688400, ,keydown
31688900,f,keydown
31689000,i,keydown
31689300,s,keydown
31689400,s,keydown
31689500,o,keydown
31689600, ,keydown
31690300,Backspace,keydown
31690700,",",keydown
31690800, ,keydown
31691000,m,keydown
31691100,a,keydown
31691300, ,keydown
31691700,s,keydown
31691900,c,keydown
31692100,r,keydown
31692300,i,keydown
31692500,v,keydown
31692600,e,keydown
31692800,r,keydown
31692900,e,keydown
31693000, ,keydown
31693300,c,keydown
31693300,o,keydown
31693900,s,keydown
31694100,a,keydown
31694100, ,keydown
31694600,v,keydown
31694800,o,keydown
31695000,g,keydown
31695100,l,keydown
31695300,i,keydown
31695400,a,keydown
31695500,m,keydown
31695800,o,keydown
31696000,#,keydown
31696400,#,keydown
31696600, ,keydown
31696800,#,keydown
31697500,c,keydown
31697700,r,keydown
31697900,e,keydown
31698200,d,keydown
31698300,o,keydown
31698700,Enter,keydown
31699000,v,keydown
31699200,h,keydown
31699300,e,keydown
31699400, ,keydown
31699700,Backspace,keydown
31699800,Backspace,keydown
31700000,Backspace,keydown
31700100,c,keydown
31700300,h,keydown
31700400,e,keydown
31700800,Backspace,keydown
31700900,Backspace,keydown
31701000,Backspace,keydown
31701100,Backspace,keydown
31701200,c,keydown
31701400,h,keydown
31701500,e,keydown
31701600, ,keydown
31702000,t,keydown
31702100,e,keydown
31702200, ,keydown
31702400,l,keydown
31702600,o,keydown
31702600, ,keydown
31702900,c,keydown
31703000,h,keydown
31703100,i,keydown
31703300,e,keydown
31703400,d,keydown
31703700,e,keydown
31703700,r,keydown
31704000,o,keydown
31705000,#,keydown
31705200, ,keydown
31706400,u,keydown
31706600,n,keydown
31706700,a,keydown
31706800, ,keydown
31707200,Backspace,keydown
31707400,Backspace,keydown
31707500,Backspace,keydown
31707700,Backspace,keydown
31707800,Backspace,keydown
31708400,",",keydown
31708500, ,keydown
31709100,u,keydown
31709300,n,keydown
31709400,a,keydown
31709500, ,keydown
31709900,c,keydown
31710200,Backspace,keydown
31710300,v,keydown
31710500,o,keydown
31710600,l,keydown
31710700,t,keydown
31711100,a,keydown
31711200, ,keydown
31711600,o,keydown
31711700, ,keydown
31711900,l,keydown
31712300,#,keydown
31712400,a,keydown
31712700,l,keydown
31713000,t,keydown
31713000,r,keydown
31713300,a,keydown
31713700,.,keydown
