timestamp,key,type
4866100,Backspace,keydown
4866100,Backspace,keydown
4866100,Backspace,keydown
4866100,Backspace,keydown
4866200,Backspace,keydown
4866200,Backspace,keydown
4866200,Backspace,keydown
4866200,Backspace,keydown
4866200,c,keydown
4866200,i,keydown
4866400,a,keydown
4866500,o,keydown
4866700, ,keydown
4866900,a,keydown
4867000, ,keydown
4867200,t,keydown
4867300,u,keydown
4867500,i,keydown
4867900,Backspace,keydown
4868100,t,keydown
4868300,t,keydown
4868300,i,keydown
4869100,.,keydown
4869200, ,keydown
4869400,#,keydown
4869600,i,keydown
4869800,o,keydown
4870000, ,keydown
4870700,Backspace,keydown
4870800,Backspace,keydown
4871000,Backspace,keydown
4871500,#,keydown
4871700,o,keydown
4871900,g,keydown
4872100,g,keydown
4872200,i,keydown
4872400, ,keydown
4872800,s,keydown
4872900,o,keydown
4873100,n,keydown
4873300,o,keydown
4873400, ,keydown
4873700,s,keydown
4873900,t,keydown
4873900,a,keydown
4874000,t,keydown
4874100,a,keydown
4874300, ,keydown
4874400,a,keydown
4874500,l,keydown
4874600,l,keydown
4874800,e,keydown
4874900, ,keydown
4875100,l,keydown
4875200,a,keydown
4875800,u,keydown
4875900,r,keydown
4876100,e,keydown
4876200,e,keydown
4876600,.,keydown
4876900, ,keydown
4877200,#,keydown
4877400,s,keydown
4877700,i,keydown
4877900, ,keydown
4878000,e,keydown
4878200,#,keydown
4878400, ,keydown
4878600,l,keydown
4878700,a,keydown
4878900,u,keydown
4879000,r,keydown
4879000,e,keydown
4879300,a,keydown
4879500,t,keydown
4879500,a,keydown
4880000, ,keydown
4880200,u,keydown
4880400,n,keydown
4880500,a,keydown
4881100, ,keydown
4881300,m,keydown
4881500,i,keydown
4881600,a,keydown
4881800,Enter,keydown
4881900,t,keydown
4882000,e,keydown
4882200,s,keydown
4882300,i,keydown
4882400,s,keydown
4882600,t,keydown
4882700,a,keydown
4882900,",",keydown
4883000, ,keydown
4883200,m,keydown
4883400,o,keydown
4883600,l,keydown
4883700,t,keydown
4883700,o,keydown
4883800, ,keydown
4884000,b,keydown
4884200,r,keydown
4884400,a,keydown
4884500,v,keydown
4884600,a,keydown
4886900,",",keydown
4887100, ,keydown
4887300,c,keydown
4887400,h,keydown
4887500,e,keydown
4888000,Backspace,keydown
4888200,Backspace,keydown
4888400,Backspace,keydown
4889500,c,keydown
4889600,h,keydown
4889700,e,keydown
4889800, ,keydown
4889800,s,keydown
4890000,i,keydown
4890100, ,keydown
4890200,c,keydown
4890400,h,keydown
4890500,i,keydown
4890600,a,keydown
4890700,m,keydown
4890800,a,keydown
4891000, ,keydown
4891100,#,keydown
4891300,p,keydown
4891400,a,keydown
4891500,o,keydown
4891700,l,keydown
4891800,a,keydown
4891900,.,keydown
4892100, ,keydown
4892300,#,keydown
4892400,h,keydown
4892600,a,keydown
4892700, ,keydown
4892900,p,keydown
4892900,r,keydown
4893000,e,keydown
4893300,s,keydown
4893300,o,keydown
4893400, ,keydown
4893500,1,keydown
4893700,0,keydown
4893900,0,keydown
4894500,Backspace,keydown
4894700,Backspace,keydown
4894900,1,keydown
4895100,0,keydown
4895500, ,keydown
4896000,e,keydown
4896000, ,keydown
4896300,l,keydown
4896500,o,keydown
4896600,d,keydown
4896900,e,keydown
4899200,.,keydown
4899500,Enter,keydown
4899700,#,keydown
4900000,h,keydown
4900200,a,keydown
4900300, ,keydown
4900500,f,keydown
4900600,a,keydown
4900800,t,keydown
4901000,t,keydown
4901000,o,keydown
4901100, ,keydown
4901300,u,keydown
4901500,n,keydown
4901600,a,keydown
4901700, ,keydown
4901900,t,keydown
4902000,e,keydown
4902100,s,keydown
4902300,i,keydown
4902400, ,keydown
4902600,i,keydown
4902700,n,keydown
4902800,t,keydown
4902900,e,keydown
4903000,r,keydown
4903100,e,keydown
4903300,s,keydown
4903500,s,keydown
4903600,a,keydown
4903800,n,keydown
4903900,t,keydown
4904000,e,keydown
4904100, ,keydown
4904200,d,keydown
4904400,i,keydown
4904500, ,keydown
4904600,#,keydown
4904700,a,keydown
4904900,i,keydown
4905200, ,keydown
4905600,a,keydown
4905900,p,keydown
4906000,p,keydown
4906200,l,keydown
4906300,i,keydown
4906500,c,keydown
4906500,a,keydown
4906700,t,keydown
4906800,a,keydown
4906900, ,keydown
4907000,a,keydown
4907100,l,keydown
4907300,l,keydown
4907400,a,keydown
4907400, ,keydown
4907700,r,keydown
4907800,o,keydown
4907900,b,keydown
4907900,o,keydown
4908100,t,keydown
4908300,i,keydown
4908400,c,keydown
4908500,a,keydown
4908600,.,keydown
4908800, ,keydown
4910700,#,keydown
4910800,o,keydown
4911000,r,keydown
4911200,a,keydown
4911300,Enter,keydown
4911900,q,keydown
4912000,u,keydown
4912100,e,keydown
4912300,s,keydown
4912400,t,keydown
4912500,a,keydown
4912600, ,keydown
4913100,r,keydown
4913100,a,keydown
4913300,g,keydown
4913400,a,keydown
4913600,z,keydown
4913800,z,keydown
4913900,a,keydown
4914000, ,keydown
4914200,h,keydown
4914300,a,keydown
4914400, ,keydown
4914600,l,keydown
4914800,a,keydown
4914800, ,keydown
4914900,p,keydown
4915100,o,keydown
4915300,s,keydown
4915400,s,keydown
4915500,i,keydown
4915700,b,keydown
4915700,i,keydown
4916000,l,keydown
4920300,i,keydown
4920600,t,keydown
4920600,a,keydown
4920900,#,keydown
4921100, ,keydown
4922000,d,keydown
4922000,i,keydown
4922200, ,keydown
4922500,a,keydown
4922700,n,keydown
4922800,d,keydown
4922900,a,keydown
4923200,r,keydown
4923200,e,keydown
4923500, ,keydown
4923600,a,keydown
4923900, ,keydown
4924300,f,keydown
4924400,a,keydown
4924600,r,keydown
4924600,e,keydown
4924700, ,keydown
4924900,u,keydown
4925100,n,keydown
4925200, ,keydown
4925300,s,keydown
4925400,o,keydown
4925600,g,keydown
4925700,g,keydown
4925900,i,keydown
4925900,o,keydown
4926100,r,keydown
4926400,n,keydown
4926500,o,keydown
4927100,Enter,keydown
4927500,d,keydown
4927700,i,keydown
4927900, ,keydown
4928200,t,keydown
4928300,r,keydown
4928500,e,keydown
4928600, ,keydown
4928800,m,keydown
4928800,e,keydown
4929100,s,keydown
4929200,i,keydown
4929300, ,keydown
4929600,i,keydown
4929800,n,keydown
4930000, ,keydown
4930100,#,keydown
4930200,s,keydown
4930500,v,keydown
4930700,e,keydown
4930900,z,keydown
4931000,i,keydown
4931100,a,keydown
4931300, ,keydown
4932200,Backspace,keydown
4932900,",",keydown
4933000, ,keydown
4933500,i,keydown
4933700,n,keydown
4933800, ,keydown
4934000,u,keydown
4934100,n,keydown
4934300, ,keydown
4934400,f,keydown
4934600,a,keydown
4934800,m,keydown
4934900,o,keydown
4935100,s,keydown
4935200,o,keydown
4935400, ,keydown
4935600,l,keydown
4935700,a,keydown
4936400,r,keydown
4936500,o,keydown
4936900,Backspace,keydown
4936900,Backspace,keydown
4937200,b,keydown
4937300,o,keydown
4937500,t,keydown
4937700,Backspace,keydown
4938300,r,keydown
4938400,a,keydown
4939200,t,keydown
4939300,o,keydown
4939400,r,keydown
4939500,i,keydown
4939600,o,keydown
4939800, ,keydown
4940200,d,keydown
4940300,i,keydown
4940500, ,keydown
4940600,r,keydown
4940700,o,keydown
4940800,b,keydown
4940900,o,keydown
4941100,t,keydown
4941200,i,keydown
4941400,c,keydown
4941700, ,keydown
4942200,Backspace,keydown
4942700,a,keydown
4942900, ,keydown
4943200,m,keydown
4943400,o,keydown
4944100,b,keydown
4944200,i,keydown
4944400,l,keydown
4944500,e,keydown
4949000,",",keydown
4949300,Enter,keydown
4950000,c,keydown
4950000,h,keydown
4950200,e,keydown
4950200, ,keydown
4950300,h,keydown
4950500,a,keydown
4950600, ,keydown
4950900,s,keydown
4951100,e,keydown
4951300,d,keydown
4951400,e,keydown
4951400, ,keydown
4951700,p,keydown
4951900,r,keydown
4951900,e,keydown
4952100,s,keydown
4952200,s,keydown
4952900,o,keydown
4953300, ,keydown
4953500,l,keydown
4953800,#,keydown
4954200,u,keydown
4954500,n,keydown
4954700,i,keydown
4954700,v,keydown
4954900,e,keydown
4955000,r,keydown
4955200,s,keydown
4955400,i,keydown
4955500,t,keydown
4955600,a,keydown
4955900,#,keydown
4956100, ,keydown
4956200,d,keydown
4956300,i,keydown
4956500, ,keydown
4956600,#,keydown
4956800,o,keydown
4956900,r,keydown
4957000,e,keydown
4957300,b,keydown
4957400,r,keydown
4957600,o,keydown
4957800,.,keydown
4957900, ,keydown
4958500,#,keydown
4958800,u,keydown
4959000,n,keydown
4959400,#,keydown
4959500,e,keydown
4959700,s,keydown
4959900,p,keydown
4960000,e,keydown
4960200,r,keydown
4960300,i,keydown
4960300,e,keydown
4960500,n,keydown
4960600,z,keydown
4960700,a,keydown
4960800, ,keydown
4961000,a,keydown
4961200,f,keydown
4961300,f,keydown
4961400,a,keydown
4961700,s,keydown
4961800,c,keydown
4961800,i,keydown
4962100,n,keydown
4962100,a,keydown
4962300,n,keydown
4962400,t,keydown
4962600,e,keydown
4964000,",",keydown
4964200,Enter,keydown
4965000,o,keydown
4965000,s,keydown
4965300,e,keydown
4965400,r,keydown
4965500,e,keydown
4965600,i,keydown
4965700, ,keydown
4965900,d,keydown
4966000,i,keydown
4966100,r,keydown
4966300,e,keydown
4966600,",",keydown
4967300, ,keydown
4967500,p,keydown
4967800,r,keydown
4967900,o,keydown
4968100,b,keydown
4968200,a,keydown
4968400,b,keydown
4968400,i,keydown
4968700,l,keydown
4968800,m,keydown
4968900,e,keydown
4969000,n,keydown
4969200,t,keydown
4969200,e,keydown
4969300, ,keydown
4969500,q,keydown
4969600,u,keydown
4969700,a,keydown
4969900,s,keydown
4970000,i,keydown
4970200, ,keydown
4970200,d,keydown
4970300,e,keydown
4970400,l,keydown
4970500, ,keydown
4970700,t,keydown
4970900,u,keydown
4970900,t,keydown
4971100,t,keydown
4971100,o,keydown
4971400, ,keydown
4972200,g,keydown
4972300,r,keydown
4972600,a,keydown
4972700,t,keydown
4972800,u,keydown
4973000,i,keydown
4973100,t,keydown
4973900,a,keydown
4974100,.,keydown
4974300, ,keydown
4974500,#,keydown
4974800,e,keydown
4974900, ,keydown
4975000,p,keydown
4975200,o,keydown
4975400,i,keydown
4975700,",",keydown
4975800, ,keydown
4976000,c,keydown
4976000,h,keydown
4976100,i,keydown
4976200,s,keydown
4976400,s,keydown
4976500,a,keydown
4977100,#,keydown
4977800,",",keydown
4978000,Enter,keydown
4978300,u,keydown
4978400,n,keydown
4978600,a,keydown
4978600, ,keydown
4978800,v,keydown
4978900,o,keydown
4979100,l,keydown
4979100,t,keydown
4979200,a,keydown
4979300, ,keydown
4979400,l,keydown
4979600,a,keydown
4979900,#,keydown
4980100, ,keydown
4980200,p,keydown
4980500,o,keydown
4980600,t,keydown
4980700,r,keydown
4980900,e,keydown
4981000,b,keydown
4981100,b,keydown
4981200,e,keydown
4981400, ,keydown
4981900,s,keydown
4982000,c,keydown
4982200,o,keydown
4982400,p,keydown
4982500,r,keydown
4982600,i,keydown
4982800,r,keydown
4982900,e,keydown
4983000, ,keydown
4983100,c,keydown
4983300,h,keydown
4983400,e,keydown
4983400, ,keydown
4983600,l,keydown
4983800,a,keydown
4983900, ,keydown
4984100,#,keydown
4984200,s,keydown
4984400,v,keydown
4984600,e,keydown
4984800,z,keydown
4984900,i,keydown
4985000,a,keydown
4985200, ,keydown
4985800,l,keydown
4985900,e,keydown
4986000, ,keydown
4986200,p,keydown
4986500,i,keydown
4986500,a,keydown
4986700,c,keydown
4986800,e,keydown
4986900, ,keydown
4987200,e,keydown
4987400, ,keydown
4987800,d,keydown
4988000,e,keydown
4988200,c,keydown
4988300,i,keydown
4988400,d,keydown
4988500,e,keydown
4988700,r,keydown
4988800,e,keydown
4989400,Enter,keydown
4989800,i,keydown
4989900,m,keydown
4990200,p,keydown
4990200,r,keydown
4990500,o,keydown
4990800,v,keydown
4990900,v,keydown
4991100,i,keydown
4991200,s,keydown
4991200,a,keydown
4991400,m,keydown
4991500,e,keydown
4991500,n,keydown
4991700,t,keydown
4991700,e,keydown
4991800, ,keydown
4992000,d,keydown
4992000,i,keydown
4992200, ,keydown
4992300,c,keydown
4992300,a,keydown
4992500,m,keydown
4992700,b,keydown
4992700,i,keydown
4992800,a,keydown
4993000,r,keydown
4993000,e,keydown
4993100, ,keydown
4993300,v,keydown
4993500,i,keydown
4993600,t,keydown
4993700,a,keydown
4993800,.,keydown
4993900, ,keydown
4995600,#,keydown
4995800,m,keydown
4995900,a,keydown
4996100,h,keydown
4996300, ,keydown
4996600,.,keydown
4996700,.,keydown
4996900,.,keydown
4997100, ,keydown
4999100,a,keydown
4999200,l,keydown
4999300, ,keydown
4999700,m,keydown
4999900,o,keydown
5000100,m,keydown
5000200,e,keydown
5000200,n,keydown
5000400,t,keydown
5000500,o,keydown
5000600, ,keydown
5000700,l,keydown
5000900,e,keydown
5001000,i,keydown
5001100, ,keydown
5001300,e,keydown
5001600,#,keydown
5002300, ,keydown
5002600,u,keydown
5002800,n,keydown
5003000,Enter,keydown
5003200,p,keydown
5003500,o,keydown
5003600,c,keydown
5003800,h,keydown
5003900,i,keydown
5004100,n,keydown
5004200,o,keydown
5004300, ,keydown
5004500,t,keydown
5004600,i,keydown
5004800,t,keydown
5004900,u,keydown
5005200,b,keydown
5005400,a,keydown
5005500,n,keydown
5005600,t,keydown
5005700,e,keydown
5005900,.,keydown
5006400, ,keydown
5006800,#,keydown
5007100,n,keydown
5007100,o,keydown
5007200,n,keydown
5007400, ,keydown
5007500,s,keydown
5007600,a,keydown
5007700, ,keydown
5007800,c,keydown
5008000,h,keydown
5008100,e,keydown
5008200, ,keydown
5008300,f,keydown
5008500,a,keydown
5008700,r,keydown
5008700,e,keydown
5008800,",",keydown
5009000, ,keydown
5009100,a,keydown
5009200,n,keydown
5009300,c,keydown
5009500,h,keydown
5009600,e,keydown
5009600, ,keydown
5010800,s,keydown
5011000,e,keydown
5011100, ,keydown
5011400,e,keydown
5011700,#,keydown
5011900, ,keydown
5012000,s,keydown
5012200,t,keydown
5012300,a,keydown
5012400,t,keydown
5012600,a,keydown
5012700, ,keydown
5013000,l,keydown
5013100,e,keydown
5013200,i,keydown
5013300, ,keydown
5013500,a,keydown
5013600, ,keydown
5013700,c,keydown
5013900,h,keydown
5013900,i,keydown
5014000,e,keydown
5014800,d,keydown
5014900,e,keydown
5015000,r,keydown
5015200,m,keydown
5015400,i,keydown
5015800,Enter,keydown
5016200,d,keydown
5016300,i,keydown
5016400, ,keydown
5016600,a,keydown
5016800,i,keydown
5017000,u,keydown
5017100,t,keydown
5017300,a,keydown
5017500,r,keydown
5017600,l,keydown
5017800,a,keydown
5017900, ,keydown
5018200,a,keydown
5018700,d,keydown
5018900, ,keydown
5019000,a,keydown
5019200,n,keydown
5019300,d,keydown
5019500,a,keydown
5019600,r,keydown
5019700,e,keydown
5019800, ,keydown
5019900,a,keydown
5020000,l,keydown
5020100,l,keydown
5020500,#,keydown
5020500,e,keydown
5020700,s,keydown
5021000,t,keydown
5021100,e,keydown
5021100,r,keydown
5021400,o,keydown
5021700,.,keydown
5021900, ,keydown
5026300,#,keydown
5026500,i,keydown
5026700,o,keydown
5026800, ,keydown
5027000,s,keydown
5027100,p,keydown
5027200,e,keydown
5027500,r,keydown
5027500,o,keydown
5027600, ,keydown
5027900,c,keydown
5027900,h,keydown
5028100,e,keydown
5028200, ,keydown
5028200,d,keydown
5028400,e,keydown
5028500,c,keydown
5028700,i,keydown
5028900,d,keydown
5029000,a,keydown
5029400, ,keydown
5029600,p,keydown
5029700,e,keydown
5029700,r,keydown
5029900, ,keydown
5030000,i,keydown
5030300,l,keydown
5030300,#,keydown
5030400, ,keydown
5030800,Backspace,keydown
5031000,Backspace,keydown
5031100, ,keydown
5031500,s,keydown
5031700,i,keydown
5031900,#,keydown
5032300,Enter,keydown
5032600,p,keydown
5032700,e,keydown
5032800,r,keydown
5033100,c,keydown
5033100,h,keydown
5033300,e,keydown
5033700,#,keydown
5034000, ,keydown
5034700,s,keydown
5034800,i,keydown
5034900, ,keydown
5035100,t,keydown
5035200,r,keydown
5035300,a,keydown
5035500,t,keydown
5035700,t,keydown
5035800,a,keydown
5036000, ,keydown
5036200,d,keydown
5036200,i,keydown
5036300, ,keydown
5036500,u,keydown
5036600,n,keydown
5037100,#,keydown
5037200,e,keydown
5037400,s,keydown
5037500,p,keydown
5037700,e,keydown
5037900,r,keydown
5038000,i,keydown
5038100,e,keydown
5038300,n,keydown
5038400,z,keydown
5038600,a,keydown
5038700, ,keydown
5039400,c,keydown
5039600,h,keydown
5039700,e,keydown
5039800, ,keydown
5039900,d,keydown
5040100,i,keydown
5040200,f,keydown
5040300,f,keydown
5040400,i,keydown
5040500,c,keydown
5040600,i,keydown
5040800,l,keydown
5041000,m,keydown
5041200,e,keydown
5041300,n,keydown
5041300,t,keydown
5041500,e,keydown
5041600, ,keydown
5042800,s,keydown
5042800,i,keydown
5043000, ,keydown
5043400,r,keydown
5043600,i,keydown
5043800,p,keydown
5043900,e,keydown
5044200,t,keydown
5044300,e,keydown
5044500,r,keydown
5044700,a,keydown
5045200,#,keydown
5048700,Backspace,keydown
5049500,o,keydown
5049800,c,keydown
5049900,c,keydown
5050000,a,keydown
5050200,s,keydown
5050200,i,keydown
5050300,o,keydown
5050500,n,keydown
5050600,e,keydown
