timestamp,key,type
46881200,Backspace,keydown
46881300,Backspace,keydown
46881300,Backspace,keydown
46881300,Backspace,keydown
46881300,Backspace,keydown
46881300,Backspace,keydown
46881300,Backspace,keydown
46881300,Backspace,keydown
46881300,#,keydown
46882400,o,keydown
46882500,h,keydown
46882900,",",keydown
46883000, ,keydown
46883300,m,keydown
46883500,o,keydown
46883600,l,keydown
46883800,t,keydown
46883800,o,keydown
46884000, ,keydown
46884300,b,keydown
46884400,e,keydown
46884500,n,keydown
46884600,e,keydown
46885000,",",keydown
46885100, ,keydown
46885200,s,keydown
46885700,Backspace,keydown
46885900,d,keydown
46886100,o,keydown
46886200,p,keydown
46886300,o,keydown
46886400, ,keydown
46888200,m,keydown
46888400,o,keydown
46888600,l,keydown
46888800,t,keydown
46888800,o,keydown
46888900, ,keydown
46889200,t,keydown
46889300,e,keydown
46889400,m,keydown
46889500,p,keydown
46889600,o,keydown
46889600, ,keydown
46891200,c,keydown
46891300,h,keydown
46891400,e,keydown
46891500, ,keydown
46891900,n,keydown
46892100,o,keydown
46892100,n,keydown
46892200, ,keydown
46892400,t,keydown
46892500,i,keydown
46892500, ,keydown
46892700,s,keydown
46892900,c,keydown
46893000,r,keydown
46893100,i,keydown
46893400,v,keydown
46893500,o,keydown
46893500, ,keydown
46893900,q,keydown
46894000,u,keydown
46894100,a,keydown
46895200,l,keydown
46895500,c,keydown
46895600,o,keydown
46895700,s,keydown
46895800,a,keydown
46896300,",",keydown
46896700, ,keydown
46897100,o,keydown
46897400,g,keydown
46897600,g,keydown
46897600,i,keydown
46897900,Enter,keydown
46898200,m,keydown
46898300,i,keydown
46898400, ,keydown
46898500,s,keydown
46898600,o,keydown
46898700,n,keydown
46898800,o,keydown
46898900, ,keydown
46900000,f,keydown
46900200,i,keydown
46900400,n,keydown
46900500,a,keydown
46900900,l,keydown
46901100,m,keydown
46901200,e,keydown
46901300,n,keydown
46901400,t,keydown
46901500,e,keydown
46901600, ,keydown
46901700,d,keydown
46901900,e,keydown
46902000,c,keydown
46902200,i,keydown
46902400,s,keydown
46902500,o,keydown
46903700,",",keydown
46903800, ,keydown
46904100,m,keydown
46904200,a,keydown
46904200, ,keydown
46904400,s,keydown
46904500,a,keydown
46904600,i,keydown
46905000,",",keydown
46905200, ,keydown
46905300,n,keydown
46905500,o,keydown
46905600,n,keydown
46905700, ,keydown
46905900,e,keydown
46906100,#,keydown
46906300, ,keydown
46906700,f,keydown
46906900,a,keydown
46907100,c,keydown
46907400,i,keydown
46907600,l,keydown
46907600,e,keydown
46907700, ,keydown
46908500,s,keydown
46908500,c,keydown
46908700,r,keydown
46908800,i,keydown
46909000,v,keydown
46909000,e,keydown
46909200,r,keydown
46909400,e,keydown
46909400, ,keydown
46909600,t,keydown
46909800,u,keydown
46909900,t,keydown
46910000,t,keydown
46910200,i,keydown
46910300, ,keydown
46910700,i,keydown
46911300,Enter,keydown
46911800,g,keydown
46911900,i,keydown
46912100,o,keydown
46912300,r,keydown
46912400,n,keydown
46912400,i,keydown
46912500, ,keydown
46912800,c,keydown
46912900,o,keydown
46913100,s,keydown
46913300,e,keydown
46913400, ,keydown
46913500,s,keydown
46913700,e,keydown
46913900,n,keydown
46914200,s,keydown
46914400,a,keydown
46914600,t,keydown
46914600,e,keydown
46915000,",",keydown
46915200, ,keydown
46915200,s,keydown
46915400,o,keydown
46915500,p,keydown
46915600,r,keydown
46915700,a,keydown
46916000,t,keydown
46916100,t,keydown
46916300,u,keydown
46916400,t,keydown
46917100,t,keydown
46917300,o,keydown
46917500, ,keydown
46917900,p,keydown
46918200,e,keydown
46918200,r,keydown
46918400, ,keydown
46918700,m,keydown
46918900,e,keydown
46919700,.,keydown
46920000, ,keydown
46920200,#,keydown
46920500,o,keydown
46920800,g,keydown
46920900,g,keydown
46921100,i,keydown
46921800, ,keydown
46922100,e,keydown
46922200,#,keydown
46922400, ,keydown
46922800,u,keydown
46922900,n,keydown
46923200,a,keydown
46923400, ,keydown
46923600,g,keydown
46923600,i,keydown
46923700,o,keydown
46923900,r,keydown
46924100,n,keydown
46924200,a,keydown
46924300,t,keydown
46924400,a,keydown
46924600, ,keydown
46924900,u,keydown
46924900,n,keydown
46925400,Enter,keydown
46925700,p,keydown
46925800,o,keydown
46926400,#,keydown
46926500, ,keydown
46926900,n,keydown
46926900,u,keydown
46927300,v,keydown
46927300,o,keydown
46927500,l,keydown
46927600,o,keydown
46928100,s,keydown
46928100,a,keydown
46928400,",",keydown
46928500, ,keydown
46928700,l,keydown
46928700,e,keydown
46928900, ,keydown
46929000,p,keydown
46929100,r,keydown
46929200,e,keydown
46929400,v,keydown
46929500,i,keydown
46929700,s,keydown
46929700,i,keydown
46929800,o,keydown
46929900,n,keydown
46930000,i,keydown
46930100, ,keydown
46930200,d,keydown
46930300,e,keydown
46930500,l,keydown
46930500, ,keydown
46931000,t,keydown
46931100,e,keydown
46931200,m,keydown
46931500,p,keydown
46931600,o,keydown
46931700, ,keydown
46931900,d,keydown
46932000,i,keydown
46932200,c,keydown
46932300,o,keydown
46932500,n,keydown
46932600,o,keydown
46932700, ,keydown
46932900,c,keydown
46933100,h,keydown
46933200,e,keydown
46933300, ,keydown
46935100,p,keydown
46935100,o,keydown
46935400,t,keydown
46935400,r,keydown
46935400,e,keydown
46935800,b,keydown
46936000,b,keydown
46936200,e,keydown
46936400,r,keydown
46936600,o,keydown
46937300, ,keydown
46937800,e,keydown
46938000,s,keydown
46938100,s,keydown
46938300,e,keydown
46938400,r,keydown
46938700,c,keydown
46938800,i,keydown
46939100,Enter,keydown
46939700,d,keydown
46939800,e,keydown
46939900,l,keydown
46940100,l,keydown
46940200,e,keydown
46940300, ,keydown
46940500,p,keydown
46940700,i,keydown
46940800,o,keydown
46941000,g,keydown
46941200,g,keydown
46941400,i,keydown
46941600,e,keydown
46943000,",",keydown
46943100, ,keydown
46943300,e,keydown
46943400,d,keydown
46943600, ,keydown
46943700,i,keydown
46943800,n,keydown
46943800, ,keydown
46944100,e,keydown
46944200,f,keydown
46944400,f,keydown
46944500,e,keydown
46944800,t,keydown
46944900,t,keydown
46945100,i,keydown
46945100, ,keydown
46945400,s,keydown
46945500,t,keydown
46945600,a,keydown
46945700,m,keydown
46945900,a,keydown
46946100,t,keydown
46946300,t,keydown
46946400,i,keydown
46946600,n,keydown
46946700,a,keydown
46947200, ,keydown
46947700,e,keydown
46948000,#,keydown
46948000, ,keydown
46948300,p,keydown
46948400,i,keydown
46948500,o,keydown
46948900,v,keydown
46949000,u,keydown
46949200,t,keydown
46949200,o,keydown
46949400, ,keydown
46949600,u,keydown
46949600,n,keydown
46949900, ,keydown
46949900,p,keydown
46950000,o,keydown
46950100,c,keydown
46950300,h,keydown
46950400,i,keydown
46950600,n,keydown
46950700,o,keydown
46952000,",",keydown
46952000, ,keydown
46952200,m,keydown
46952300,a,keydown
46952500,Enter,keydown
46952700,i,keydown
46952800,o,keydown
46952900, ,keydown
46953000,n,keydown
46953100,o,keydown
46953300,n,keydown
46953300, ,keydown
46953700,h,keydown
46953700,o,keydown
46953800, ,keydown
46953900,a,keydown
46954000,p,keydown
46954200,e,keydown
46954300,r,keydown
46954500,t,keydown
46954600,o,keydown
46954600, ,keydown
46954800,l,keydown
46955000,#,keydown
46955200,o,keydown
46955400,m,keydown
46955600,b,keydown
46955800,r,keydown
46955800,e,keydown
46956100,l,keydown
46956200,l,keydown
46956400,o,keydown
46957200,.,keydown
46957400, ,keydown
46957500,#,keydown
46958200,d,keydown
46958500,a,keydown
46958500, ,keydown
46958800,p,keydown
46959100,r,keydown
46959200,i,keydown
46959300,m,keydown
46959500,a,keydown
46959600, ,keydown
46959800,d,keydown
46959900,e,keydown
46960100,l,keydown
46960100,l,keydown
46960900,#,keydown
46961100,e,keydown
46961300,s,keydown
46961500,t,keydown
46961900,a,keydown
46962100,t,keydown
46962100,e,keydown
46963400,",",keydown
46963500, ,keydown
46964300,i,keydown
46964300,n,keydown
46964500, ,keydown
46964700,c,keydown
46964800,u,keydown
46964900,i,keydown
46964900, ,keydown
46965300,h,keydown
46965500,o,keydown
46966600, ,keydown
46966800,s,keydown
46966900,c,keydown
46967100,r,keydown
46967100,i,keydown
46967400,t,keydown
46967500,t,keydown
46967600,o,keydown
46967900,Enter,keydown
46968000,p,keydown
46968200,a,keydown
46968400,r,keydown
46968500,e,keydown
46968700,c,keydown
46968900,c,keydown
46969000,h,keydown
46969000,i,keydown
46969200,e,keydown
46969500, ,keydown
46969800,c,keydown
46969900,o,keydown
46970000,s,keydown
46970300,e,keydown
46971100,",",keydown
46971200, ,keydown
46971400,s,keydown
46971600,p,keydown
46971700,e,keydown
46971900,r,keydown
46972100,o,keydown
46972200, ,keydown
46973200,d,keydown
46973400,i,keydown
46973500, ,keydown
46973700,n,keydown
46973700,o,keydown
46973900,n,keydown
46974000, ,keydown
46974300,a,keydown
46974500,v,keydown
46974600,e,keydown
46974700,r,keydown
46974800, ,keydown
46975800,c,keydown
46976000,a,keydown
46976500,m,keydown
46976800,b,keydown
46976800,i,keydown
46976900,a,keydown
46977200,t,keydown
46977300,o,keydown
46977400, ,keydown
46977900,i,keydown
46978000,l,keydown
46978100, ,keydown
46978300,m,keydown
46978300, ,keydown
46979200,Backspace,keydown
46979800,i,keydown
46980300,o,keydown
46980400, ,keydown
46980900,s,keydown
46981100,t,keydown
46981200,i,keydown
46981400,l,keydown
46981500,e,keydown
46982600,",",keydown
46982800, ,keydown
46983900,m,keydown
46984000,a,keydown
46984000, ,keydown
46984800,n,keydown
46985100,n,keydown
46985800,Backspace,keydown
46986100,o,keydown
46986300,n,keydown
46986600,Enter,keydown
46986800,c,keydown
46987100,r,keydown
46987200,e,keydown
46987400,d,keydown
46987600,o,keydown
46987600, ,keydown
46988700,d,keydown
46988900,i,keydown
46989000, ,keydown
46990200,d,keydown
46990400,o,keydown
46990500,v,keydown
46990700,e,keydown
46990700,r,keydown
46990900, ,keydown
46991100,a,keydown
46991300,v,keydown
46991400,e,keydown
46991500,r,keydown
46991600,e,keydown
46991700, ,keydown
46993100,u,keydown
46993300,n,keydown
46993500,o,keydown
46993700, ,keydown
46993900,s,keydown
46994100,t,keydown
46994200,i,keydown
46994400,l,keydown
46994500,e,keydown
46994700, ,keydown
46995800,p,keydown
46995900,e,keydown
46996000,r,keydown
46996000, ,keydown
46996800,f,keydown
46997000,a,keydown
46997100,r,keydown
46997200,e,keydown
46997300, ,keydown
46998000,q,keydown
46998300,u,keydown
46998300,e,keydown
46998500,s,keydown
46998700,t,keydown
46998700,e,keydown
46998800, ,keydown
46999100,p,keydown
46999200,o,keydown
46999400,c,keydown
46999500,h,keydown
46999700,e,keydown
46999700, ,keydown
47000000,r,keydown
47000100,i,keydown
47000400,c,keydown
47000700,Backspace,keydown
47000900,g,keydown
47000900,h,keydown
47001000,e,keydown
47002400,",",keydown
47002500, ,keydown
47002700,a,keydown
47002800,n,keydown
47002900,b,keydown
47003000,c,keydown
47003200,h,keydown
47003200,e,keydown
47003600,Enter,keydown
47004400,a,keydown
47004700,Backspace,keydown
47004900,s,keydown
47005100,e,keydown
47005200, ,keydown
47005400,m,keydown
47005500,i,keydown
47005600, ,keydown
47005700,s,keydown
47005900,e,keydown
47006000,m,keydown
47006200,b,keydown
47006300,r,keydown
47006400,a,keydown
47006700,n,keydown
47006800,o,keydown
47007000, ,keydown
47007300,t,keydown
47007400,a,keydown
47007500,n,keydown
47007700,t,keydown
47007800,i,keydown
47008000,s,keydown
47008200,s,keydown
47008300,i,keydown
47008500,m,keydown
47008500,e,keydown
47009800,.,keydown
47010700, ,keydown
47011000,#,keydown
47011400,l,keydown
47011500,#,keydown
47011900,e,keydown
47012100,s,keydown
47012300,t,keydown
47012400,a,keydown
47012700,e,keydown
47012800, ,keydown
47013000,e,keydown
47013300,#,keydown
47013300, ,keydown
47014200,o,keydown
47014300,r,keydown
47014800,m,keydown
47014900,a,keydown
47014900,i,keydown
47015000, ,keydown
47015300,p,keydown
47015400,a,keydown
47015600,s,keydown
47015800,s,keydown
47016000,a,keydown
47016200,t,keydown
47016400,a,keydown
47016700, ,keydown
47016900,e,keydown
47017000, ,keydown
47017500,h,keydown
47017700,o,keydown
47017800, ,keydown
47018000,r,keydown
47018000,i,keydown
47018300,p,keydown
47018400,r,keydown
47018500,e,keydown
47018700,s,keydown
47018800,o,keydown
47019100,Enter,keydown
47020900,l,keydown
47021000,e,keydown
47021100, ,keydown
47021700,s,keydown
47021800,o,keydown
47022000,k,keydown
47022500,Backspace,keydown
47022700,l,keydown
47022900,i,keydown
47023500,t,keydown
47023500,e,keydown
47023600, ,keydown
47023800,a,keydown
47024000,t,keydown
47024100,t,keydown
47024300,i,keydown
47024500,v,keydown
47024600,i,keydown
47024700,t,keydown
47024800,a,keydown
47025300,#,keydown
47026700,.,keydown
47027200, ,keydown
47027500,#,keydown
47028300,h,keydown
47028500,o,keydown
47028600, ,keydown
47028800,p,keydown
47029000,a,keydown
47029200,s,keydown
47029300,s,keydown
47029400,a,keydown
47029600,t,keydown
47029700,o,keydown
47029800, ,keydown
47030000,u,keydown
47030100,n,keydown
47030200, ,keydown
47030500,b,keydown
47030600,u,keydown
47030800,o,keydown
47030900,n,keydown
47031100, ,keydown
47031300,o,keydown
47031400,e,keydown
47032100,Backspace,keydown
47032200,Backspace,keydown
47032900,p,keydown
47032900,e,keydown
47032900,r,keydown
47033300,i,keydown
47033300,o,keydown
47033500,d,keydown
47033700,o,keydown
47033800, ,keydown
47034800,d,keydown
47035000,i,keydown
47035000, ,keydown
47035300,r,keydown
47035400,i,keydown
47035600,p,keydown
47035800,o,keydown
47035900,s,keydown
47036100,o,keydown
47036900,",",keydown
47037000, ,keydown
47037400,u,keydown
47037800,Backspace,keydown
47038000,i,keydown
47038200,n,keydown
47038200, ,keydown
47038500,c,keydown
47038600,u,keydown
47038700,i,keydown
47039000,Enter,keydown
47040300,h,keydown
47040500,o,keydown
47040500, ,keydown
47041600,r,keydown
47041600,i,keydown
47041800,s,keydown
47041900,p,keydown
47042000,o,keydown
47042600,Backspace,keydown
47042700,Backspace,keydown
47043000,c,keydown
47043700,o,keydown
47043900,p,keydown
47044000,e,keydown
47044100,r,keydown
47044400,t,keydown
47044400,o,keydown
47044500, ,keydown
47044600,a,keydown
47044800,l,keydown
47045000,c,keydown
47045100,u,keydown
47045200,n,keydown
47045300,e,keydown
47045500, ,keydown
47045600,c,keydown
47045700,o,keydown
47045900,s,keydown
47045900,e,keydown
47046100, ,keydown
47046300,d,keydown
47046300,e,keydown
47046500,l,keydown
47046600,l,keydown
47046800,#,keydown
47047100,i,keydown
47047100,n,keydown
47047500,f,keydown
47047500,a,keydown
47047700,n,keydown
47047900,z,keydown
47048000,i,keydown
47048100,a,keydown
47048400,",",keydown
47048600, ,keydown
47049100,s,keydown
47049900,e,keydown
47050000,m,keydown
47050200,p,keydown
47050300,r,keydown
47050300,e,keydown
47050700, ,keydown
47051000,b,keydown
47051000,e,keydown
47051300,l,keydown
47051500,l,keydown
47051600,o,keydown
47051700, ,keydown
47052000,t,keydown
47052200,o,keydown
47052300,r,keydown
47052700,n,keydown
47052800,a,keydown
47053100,r,keydown
47053100,e,keydown
47054000,Enter,keydown
47054700,a,keydown
47055000,d,keydown
47055100, ,keydown
47055200,e,keydown
47055500,s,keydown
47055600,s,keydown
47055800,e,keydown
47056000,r,keydown
47056100,e,keydown
47056200, ,keydown
47056500,g,keydown
47056500,i,keydown
47056600,o,keydown
47056800,b,keydown
47057100,Backspace,keydown
47057300,v,keydown
47057300,a,keydown
47057600,n,keydown
47057600,i,keydown
47057800, ,keydown
47058300,Backspace,keydown
47058500,",",keydown
47058800, ,keydown
47059100,a,keydown
47059400,l,keydown
47059600,m,keydown
47059900,e,keydown
47060000,n,keydown
47060200,o,keydown
47060300, ,keydown
47060600,c,keydown
47060700,o,keydown
47060800,n,keydown
47061000, ,keydown
47061100,i,keydown
47061400, ,keydown
47061600,p,keydown
47062000,e,keydown
47062400,n,keydown
47062600,s,keydown
47062800,i,keydown
47062900,e,keydown
47063400,r,keydown
47064300,i,keydown
47065200,.,keydown
47065800, ,keydown
47066100,#,keydown
47066300,a,keydown
47066500,l,keydown
47066700,l,keydown
47066800,a,keydown
47066800, ,keydown
47067000,p,keydown
47067100,r,keydown
47067300,o,keydown
47067400,s,keydown
47067500,s,keydown
47067700,i,keydown
47067900,m,keydown
47068100,a,keydown
