timestamp,key,type
34137300,Backspace,keydown
34137300,Backspace,keydown
34137300,Backspace,keydown
34137300,Backspace,keydown
34137300,Backspace,keydown
34137300,Backspace,keydown
34137300,Backspace,keydown
34137300,Backspace,keydown
34137300,#,keydown
34137800,e,keydown
34138100,c,keydown
34138300,c,keydown
34138400,o,keydown
34138600,c,keydown
34138700,i,keydown
34138900, ,keydown
34139100,d,keydown
34139200,i,keydown
34139200, ,keydown
34139400,n,keydown
34139600,u,keydown
34139700,o,keydown
34139900,v,keydown
34140100,o,keydown
34140300, ,keydown
34140700,q,keydown
34140900,u,keydown
34140900,i,keydown
34141300,.,keydown
34141500, ,keydown
34141600,#,keydown
34141600,o,keydown
34142200,g,keydown
34142300,g,keydown
34142400,i,keydown
34142400, ,keydown
34142800,h,keydown
34142800,o,keydown
34143000, ,keydown
34143200,d,keydown
34143400,e,keydown
34143600,c,keydown
34143700,i,keydown
34143800,s,keydown
34143900,o,keydown
34144100, ,keydown
34144400,d,keydown
34144500,i,keydown
34144700, ,keydown
34145700,f,keydown
34145700,a,keydown
34145900,r,keydown
34146000,e,keydown
34146200, ,keydown
34146500,i,keydown
34146500,l,keydown
34146600, ,keydown
34146900,l,keydown
34147000,a,keydown
34147300,v,keydown
34147400,o,keydown
34147500,r,keydown
34147700,o,keydown
34147800, ,keydown
34148000,p,keydown
34148000,r,keydown
34148200,i,keydown
34148300,m,keydown
34148400,a,keydown
34148500, ,keydown
34148600,d,keydown
34148800,i,keydown
34148900, ,keydown
34149100,p,keydown
34149400,r,keydown
34149500,a,keydown
34149600,n,keydown
34149800,z,keydown
34149900,o,keydown
34150800,.,keydown
34151300,Enter,keydown
34152100,#,keydown
34152500,q,keydown
34152700,u,keydown
34152800,e,keydown
34152900,s,keydown
34153000,t,keydown
34153200,o,keydown
34153300, ,keydown
34153500,p,keydown
34153500,e,keydown
34153700,r,keydown
34153800,c,keydown
34153900,h,keydown
34154100,e,keydown
34154200,#,keydown
34154400, ,keydown
34154800,j,keydown
34155100,Backspace,keydown
34155300,h,keydown
34155400,o,keydown
34155500, ,keydown
34156000,t,keydown
34156000,r,keydown
34156200,o,keydown
34156400,v,keydown
34156700,a,keydown
34156900,t,keydown
34157000,o,keydown
34157100, ,keydown
34157400,c,keydown
34157500,i,keydown
34157800,n,keydown
34158000,q,keydown
34158100,u,keydown
34158300,e,keydown
34158300, ,keydown
34158800,m,keydown
34158900,i,keydown
34159100,n,keydown
34159100,u,keydown
34159400,t,keydown
34159500,i,keydown
34159600, ,keydown
34159800,l,keydown
34160100,i,keydown
34160300,b,keydown
34160400,e,keydown
34160500,r,keydown
34160700,i,keydown
34160900, ,keydown
34161700,p,keydown
34161800,e,keydown
34161900,r,keydown
34162000, ,keydown
34162400,s,keydown
34162500,c,keydown
34162600,r,keydown
34162800,i,keydown
34163000,v,keydown
34163100,e,keydown
34163200,r,keydown
34163800,t,keydown
34164000,i,keydown
34164100, ,keydown
34164500,q,keydown
34164700,u,keydown
34164800,a,keydown
34165200,t,keydown
34165300,t,keydown
34165500,r,keydown
34165700,o,keydown
34165800, ,keydown
34166000,c,keydown
34166100,a,keydown
34166300,z,keydown
34166400,z,keydown
34166600,a,keydown
34166900,t,keydown
34167100,e,keydown
34168200,.,keydown
34168300,Enter,keydown
34168500,#,keydown
34168600,s,keydown
34168800,p,keydown
34168900,e,keydown
34169000,r,keydown
34169200,o,keydown
34169300, ,keydown
34169400,c,keydown
34169600,h,keydown
34169700,e,keydown
34169800, ,keydown
34170100,c,keydown
34170300,o,keydown
34170400,s,keydown
34170500,i,keydown
34170600,#,keydown
34170800, ,keydown
34172700,n,keydown
34172900,o,keydown
34173000,n,keydown
34173100, ,keydown
34174300,t,keydown
34174400,i,keydown
34174400, ,keydown
34175600,a,keydown
34175800,r,keydown
34175900,r,keydown
34176100,a,keydown
34176400,b,keydown
34176600,b,keydown
34176700,i,keydown
34176800,e,keydown
34176900,r,keydown
34177200,a,keydown
34177400,i,keydown
34177500, ,keydown
34177700,t,keydown
34177900,r,keydown
34177900,o,keydown
34178200,p,keydown
34178300,p,keydown
34178500,o,keydown
34179400,.,keydown
34179600, ,keydown
34180000,#,keydown
34181000,Backspace,keydown
34181100,Backspace,keydown
34181300, ,keydown
34181500,e,keydown
34181600, ,keydown
34182200,v,keydown
34182300,a,keydown
34182600,d,keydown
34182700,a,keydown
34182900, ,keydown
34183200,b,keydown
34183400,e,keydown
34183400,n,keydown
34183500,e,keydown
34183700, ,keydown
34183800,l,keydown
34184000,o,keydown
34184100, ,keydown
34184300,s,keydown
34184400,t,keydown
34184500,e,keydown
34184700,s,keydown
34184800,s,keydown
34184900,o,keydown
34185200,.,keydown
34186100, ,keydown
34186300,#,keydown
34186500,s,keydown
34187100,t,keydown
34187300,o,keydown
34187600,Enter,keydown
34188200,f,keydown
34188300,a,keydown
34188500,c,keydown
34188600,e,keydown
34188800,n,keydown
34189100,d,keydown
34189200,o,keydown
34189300, ,keydown
34189500,u,keydown
34189600,n,keydown
34189700, ,keydown
34190000,s,keydown
34190000,a,keydown
34190200,c,keydown
34190400,c,keydown
34190500,o,keydown
34190600, ,keydown
34190800,d,keydown
34190900,i,keydown
34190900, ,keydown
34191400,e,keydown
34191500,s,keydown
34191700,p,keydown
34191700,e,keydown
34192000,i,keydown
34192100,r,keydown
34192600,Backspace,keydown
34192700,Backspace,keydown
34192900,r,keydown
34193100,i,keydown
34193100,m,keydown
34193200,e,keydown
34193400,n,keydown
34193500,t,keydown
34193600,i,keydown
34193700, ,keydown
34193900,c,keydown
34193900,o,keydown
34194100,n,keydown
34194200, ,keydown
34194400,i,keydown
34194600,m,keydown
34195000,i,keydown
34195200,e,keydown
34196500,Backspace,keydown
34196700,Backspace,keydown
34196800,Backspace,keydown
34197000,Backspace,keydown
34197700,i,keydown
34197700, ,keydown
34197900,m,keydown
34198100,i,keydown
34198200,e,keydown
34198400,i,keydown
34198500, ,keydown
34198700,d,keydown
34198800,a,keydown
34198900,t,keydown
34199200,i,keydown
34199200, ,keydown
34199500,c,keydown
34199700,u,keydown
34200400,Backspace,keydown
34200500,s,keydown
34200700,u,keydown
34200900,l,keydown
34201500,Backspace,keydown
34201700,Backspace,keydown
34201800,Backspace,keydown
34202000,Backspace,keydown
34202100,s,keydown
34202300,u,keydown
34202400,l,keydown
34202600, ,keydown
34202900,c,keydown
34203100,l,keydown
34203300,u,keydown
34203500,s,keydown
34203600,t,keydown
34203800,e,keydown
34204000,r,keydown
34204200, ,keydown
34204400,d,keydown
34204500,i,keydown
34204600, ,keydown
34204700,w,keydown
34204900,o,keydown
34205000,r,keydown
34206000,k,keydown
34206100,s,keydown
34206200,t,keydown
34206300,a,keydown
34206500,t,keydown
34206700,i,keydown
34206800,o,keydown
34207300,n,keydown
34208100,Enter,keydown
34208800,d,keydown
34208800,i,keydown
34208900, ,keydown
34209000,#,keydown
34209200,a,keydown
34209400,l,keydown
34209600,e,keydown
34210000,s,keydown
34210200,s,keydown
34210200,a,keydown
34210400,n,keydown
34210600,d,keydown
34210800,r,keydown
34211100,i,keydown
34211300,a,keydown
34211700,#,keydown
34211900,#,keydown
34212100, ,keydown
34213900,u,keydown
34214400,n,keydown
34214700, ,keydown
34215000,g,keydown
34215200,r,keydown
34215400,a,keydown
34215700,n,keydown
34215900, ,keydown
34216400,b,keydown
34216500,e,keydown
34216700,l,keydown
34217000, ,keydown
34217900,s,keydown
34218100,i,keydown
34218200,s,keydown
34218300,t,keydown
34218500,e,keydown
34218600,m,keydown
34218700,i,keydown
34219100,n,keydown
34219300,o,keydown
34219700,.,keydown
34219900, ,keydown
34220800,#,keydown
34221500,c,keydown
34221700,i,keydown
34221900, ,keydown
34222100,s,keydown
34222200,o,keydown
34222400,n,keydown
34222500,o,keydown
34222700, ,keydown
34223000,4,keydown
34223400,Backspace,keydown
34223500,3,keydown
34223600,2,keydown
34223800, ,keydown
34224200,#,keydown
34224300,p,keydown
34224700,c,keydown
34224900, ,keydown
34225300,c,keydown
34225400,o,keydown
34225600,l,keydown
34225700,l,keydown
34225800,e,keydown
34226000,g,keydown
34226100,a,keydown
34226400,t,keydown
34226500,i,keydown
34226700, ,keydown
34226800,i,keydown
34226900,n,keydown
34227900,Enter,keydown
34228000,r,keydown
34228100,e,keydown
34228300,t,keydown
34228400,e,keydown
34228700, ,keydown
34229400,a,keydown
34229600, ,keydown
34230000,1,keydown
34230100, ,keydown
34230400,g,keydown
34230600,i,keydown
34230800,g,keydown
34230900,a,keydown
34231400,n,keydown
34231700,Backspace,keydown
34231900,b,keydown
34232000,i,keydown
34232200,t,keydown
34232300, ,keydown
34232900,t,keydown
34233000,r,keydown
34233000,a,keydown
34233200, ,keydown
34233500,l,keydown
34233700,o,keydown
34233900,r,keydown
34234000,o,keydown
34234400,",",keydown
34234500, ,keydown
34235100,c,keydown
34235200,o,keydown
34235400,n,keydown
34235500, ,keydown
34235800,l,keydown
34236000,i,keydown
34236300,n,keydown
34236400,u,keydown
34236700,x,keydown
34236900, ,keydown
34238000,v,keydown
34238100,e,keydown
34238100,r,keydown
34238400,s,keydown
34238500,i,keydown
34238500,o,keydown
34238800,n,keydown
34239000,e,keydown
34239300, ,keydown
34241100,r,keydown
34241100,e,keydown
34241600,d,keydown
34241900,h,keydown
34241900,a,keydown
34242100,t,keydown
34242400, ,keydown
34242800,7,keydown
34243100,.,keydown
34243700,2,keydown
34244100,.,keydown
34244800, ,keydown
34245200,#,keydown
34245700,e,keydown
34245900,#,keydown
34246100, ,keydown
34246700,v,keydown
34246800,e,keydown
34247000,r,keydown
34247200,a,keydown
34247400,l,keydown
34247600,m,keydown
34247700,e,keydown
34248000,n,keydown
34248200,t,keydown
34248300,e,keydown
34248500,e,keydown
34248800,Backspace,keydown
34249000,Backspace,keydown
34249200,Backspace,keydown
34249300,Backspace,keydown
34249500,Backspace,keydown
34249700,Backspace,keydown
34249800,Backspace,keydown
34250200,m,keydown
34250400,e,keydown
34250600,n,keydown
34250800,t,keydown
34251000,e,keydown
34251500,Enter,keydown
34251700,v,keydown
34251900,e,keydown
34252000,l,keydown
34252300,o,keydown
34252400,c,keydown
34252600,e,keydown
34252700, ,keydown
34253100,s,keydown
34253300,Backspace,keydown
34253500,e,keydown
34253500,4,keydown
34253700, ,keydown
34254800,Backspace,keydown
34255000,Backspace,keydown
34255200, ,keydown
34255300,s,keydown
34255500,e,keydown
34255600,m,keydown
34255800,p,keydown
34256000,i,keydown
34256100,c,keydown
34256100,e,keydown
34256300, ,keydown
34256500,d,keydown
34256600,a,keydown
34256600, ,keydown
34256900,u,keydown
34257000,s,keydown
34257300,a,keydown
34257400,r,keydown
34257500,e,keydown
34257800, ,keydown
34259200,Backspace,keydown
34259500,.,keydown
34259600, ,keydown
34259600,#,keydown
34259700,#,keydown
34259800,p,keydown
34260000,e,keydown
34260100,n,keydown
34260300,s,keydown
34260400,a,keydown
34260500, ,keydown
34260700,c,keydown
34260800,h,keydown
34261000,e,keydown
34261100, ,keydown
34261600,p,keydown
34261700,e,keydown
34261900,r,keydown
34263100, ,keydown
34263400,e,keydown
34263500,s,keydown
34263600,e,keydown
34263800,g,keydown
34264100,u,keydown
34264100,i,keydown
34264200,r,keydown
34264300,e,keydown
34264400, ,keydown
34264700,i,keydown
34264700, ,keydown
34265000,m,keydown
34265100,i,keydown
34265200,e,keydown
34265300,i,keydown
34265500, ,keydown
34265800,e,keydown
34266000,s,keydown
34266100,p,keydown
34266300,e,keydown
34266500,r,keydown
34266500,i,keydown
34266700,m,keydown
34266800,e,keydown
34267000,n,keydown
34267100,t,keydown
34267200,i,keydown
34267400, ,keydown
34268400,Enter,keydown
34268700,c,keydown
34268800,h,keydown
34268900,e,keydown
34269000, ,keydown
34269300,s,keydown
34269400,o,keydown
34269600,n,keydown
34269700,o,keydown
34269800, ,keydown
34270100,g,keydown
34270200,p,keydown
34270500,Backspace,keydown
34270700,Backspace,keydown
34271000,p,keydown
34271100,r,keydown
34271100,o,keydown
34271400,g,keydown
34271600,r,keydown
34271700,a,keydown
34271900,m,keydown
34272000,m,keydown
34272200,i,keydown
34272300, ,keydown
34272900,i,keydown
34273100,n,keydown
34273100, ,keydown
34273300,#,keydown
34273500,c,keydown
34273900,#,keydown
34274000,#,keydown
34274200,#,keydown
34274500, ,keydown
34275000,c,keydown
34275400,Backspace,keydown
34275700,a,keydown
34275800,b,keydown
34276000,b,keydown
34276100,a,keydown
34276300,s,keydown
34276400,t,keydown
34276600,a,keydown
34276900,n,keydown
34277200,z,keydown
34277300,a,keydown
34277500, ,keydown
34278300,v,keydown
34278400,e,keydown
34278500,l,keydown
34278700,o,keydown
34278900,c,keydown
34279100,i,keydown
34279300, ,keydown
34279600,c,keydown
34279900,h,keydown
34279900,e,keydown
34280100, ,keydown
34280300,s,keydown
34280400,u,keydown
34280700,l,keydown
34280800, ,keydown
34281000,m,keydown
34281200,i,keydown
34281400,o,keydown
34281500, ,keydown
34281700,#,keydown
34281800,p,keydown
34282000,c,keydown
34282300, ,keydown
34282500,d,keydown
34282700,i,keydown
34283000,Backspace,keydown
34283100,Backspace,keydown
34283300,c,keydown
34283400,i,keydown
34283500, ,keydown
34284000,m,keydown
34284100,e,keydown
34284300,t,keydown
34284400,t,keydown
34284500,o,keydown
34284800,n,keydown
34284900,o,keydown
34285200,Enter,keydown
34286200,c,keydown
34286300,i,keydown
34286500,r,keydown
34286700,c,keydown
34286800,a,keydown
34287000, ,keydown
34288600,2,keydown
34288700,0,keydown
34289100,-,keydown
34289400,2,keydown
34289700,5,keydown
34289800, ,keydown
34290100,m,keydown
34290100,i,keydown
34290200,n,keydown
34290400,u,keydown
34290600,t,keydown
34290800,i,keydown
34291700,",",keydown
34291900, ,keydown
34292300,s,keydown
34292300,u,keydown
34292400,l,keydown
34292500, ,keydown
34292700,c,keydown
34292800,l,keydown
34293000,u,keydown
34293200,a,keydown
34293800,Backspace,keydown
34293900,s,keydown
34294100,t,keydown
34294100,y,keydown
34294300,e,keydown
34294600,Backspace,keydown
34294800,Backspace,keydown
34294900,Backspace,keydown
34295100,Backspace,keydown
34295200,Backspace,keydown
34295400,Backspace,keydown
34295600,Backspace,keydown
34295700,Backspace,keydown
34296100,Backspace,keydown
34296400, ,keydown
34296700,u,keydown
34296700,n,keydown
34296900,a,keydown
34297000, ,keydown
34297200,m,keydown
34297400,a,keydown
34297600,c,keydown
34297700,c,keydown
34297900,h,keydown
34298100,i,keydown
34298300,n,keydown
34298300,a,keydown
34298500, ,keydown
34298600,d,keydown
34298700,e,keydown
34299000,l,keydown
34299000, ,keydown
34299500,c,keydown
34299500,l,keydown
34299700,u,keydown
34299800,s,keydown
34300000,t,keydown
34300100,e,keydown
34300200,r,keydown
34300300, ,keydown
34300800,c,keydown
34300900,i,keydown
34301000, ,keydown
34301400,m,keydown
34301600,e,keydown
34301800,t,keydown
34302000,t,keydown
34302000,o,keydown
34302200,n,keydown
34302200,o,keydown
34302500, ,keydown
34302800,m,keydown
34303000,e,keydown
34303200,n,keydown
34303200,o,keydown
34303400, ,keydown
34303600,d,keydown
34303700,i,keydown
34303800, ,keydown
34304200,1,keydown
34304300,0,keydown
34304600, ,keydown
34305000,Backspace,keydown
34305300,Enter,keydown
34305700,m,keydown
34305900,i,keydown
34306000,n,keydown
34306100,u,keydown
34306400,t,keydown
34306600,i,keydown
34307100,.,keydown
34307400, ,keydown
34307400,#,keydown
34307700,e,keydown
34307800, ,keydown
34308000,v,keydown
34308200,i,keydown
34308200,s,keydown
34308400,t,keydown
34308500,o,keydown
34308700, ,keydown
34308900,c,keydown
34309000,h,keydown
34309200,e,keydown
34309300, ,keydown
34309800,n,keydown
34310000,e,keydown
34310200, ,keydown
34310400,h,keydown
34310400,o,keydown
34310600, ,keydown
34311500,p,keydown
34311800,i,keydown
34311900,u,keydown
34312100,#,keydown
34312200, ,keydown
34312700,d,keydown
34312900,i,keydown
34312900, ,keydown
34313600,8,keydown
34313900,0,keydown
34314000,0,keydown
34314200, ,keydown
34314800,f,keydown
34315100,Backspace,keydown
34315300,d,keydown
34315400,a,keydown
34315600, ,keydown
34315800,f,keydown
34316000,a,keydown
34316300,r,keydown
34316300,e,keydown
34316900,Backspace,keydown
34317200, ,keydown
34317700,g,keydown
34317800,i,keydown
34318100,r,keydown
34318200,a,keydown
34318500,r,keydown
34318500,e,keydown
34319500,",",keydown
34319500, ,keydown
34320100,c,keydown
34320100,a,keydown
34320300,p,keydown
34320500,i,keydown
34320600,c,keydown
34321100,Backspace,keydown
34321200,s,keydown
34321300,c,keydown
34321600,i,keydown
34321800, ,keydown
34322100,c,keydown
34322200,h,keydown
34322400,e,keydown
34323100, ,keydown
34323600,f,keydown
34323700,a,keydown
34324000,c,keydown
34324100,e,keydown
34324300,n,keydown
34324500,d,keydown
34324700,o,keydown
34324800,n,keydown
34325000,e,keydown
34325400,Enter,keydown
34326100,3,keydown
34326300,2,keydown
34326400, ,keydown
34326800,i,keydown
34326800,n,keydown
34326900, ,keydown
34327100,p,keydown
34327200,a,keydown
34327400,r,keydown
34327600,a,keydown
34327700,l,keydown
34327900,l,keydown
34328000,e,keydown
34328000,l,keydown
34328200,o,keydown
34328400, ,keydown
34329400,c,keydown
34329500,i,keydown
34329700, ,keydown
34330200,v,keydown
34330300,u,keydown
34330500,o,keydown
34330700,l,keydown
34330900,e,keydown
34331000, ,keydown
34331300,p,keydown
34331600,r,keydown
34331700,o,keydown
34331900,p,keydown
34332100,r,keydown
34332100,i,keydown
34332200,o,keydown
34332300, ,keydown
34332600,p,keydown
34332800,o,keydown
34333000,c,keydown
34333100,o,keydown
34333200, ,keydown
34333500,t,keydown
34333600,e,keydown
34333700,m,keydown
34333900,p,keydown
34334100,o,keydown
34334200, ,keydown
34334400,p,keydown
34334400,#,keydown
34334500,e,keydown
34334700,r,keydown
34334900,Backspace,keydown
34335000,Backspace,keydown
34335400,Backspace,keydown
34335500,e,keydown
34335600,r,keydown
34335800, ,keydown
34336100,o,keydown
34336300,t,keydown
34336500,t,keydown
34336600,e,keydown
34336800,n,keydown
34337300,r,keydown
34337400,e,keydown
34337900,Backspace,keydown
34338100,Backspace,keydown
34338300,e,keydown
34338300,r,keydown
34338400,e,keydown
34338600, ,keydown
34339000,i,keydown
34339100, ,keydown
34339400,r,keydown
34339600,u,keydown
34339600,l,keydown
34339900,s,keydown
34340400,t,keydown
34341200,Backspace,keydown
34341400,Backspace,keydown
34341500,Backspace,keydown
34342000,Backspace,keydown
34342300,i,keydown
34342400,s,keydown
34342700,u,keydown
34342800,l,keydown
34343100,t,keydown
34343200,a,keydown
34343300,t,keydown
34343400,i,keydown
34344500,Enter,keydown
34344800,c,keydown
34345100,h,keydown
34345200,e,keydown
34345300, ,keydown
34346200,m,keydown
34346300,i,keydown
34346500, ,keydown
34346700,s,keydown
34346900,e,keydown
34347000,r,keydown
34347200,v,keydown
34347400,o,keydown
34347500,n,keydown
34347600,o,keydown
34347800, ,keydown
34348100,p,keydown
34348200,e,keydown
34348200,r,keydown
34348400, ,keydown
34348600,s,keydown
34348800,c,keydown
34348900,i,keydown
34349300,Backspace,keydown
34349400,r,keydown
34349600,i,keydown
34349700,v,keydown
34349900,w,keydown
34349900,e,keydown
34350100,r,keydown
34350400,Backspace,keydown
34350700,Backspace,keydown
34351400,Backspace,keydown
34352000,e,keydown
34352100,r,keydown
34352200,e,keydown
34352400, ,keydown
34352600,u,keydown
34352700,n,keydown
34352800, ,keydown
34353200,b,keydown
34353300,e,keydown
34353500,l,keydown
34353500,l,keydown
34353700,#,keydown
34353800,a,keydown
34354200,t,keydown
34354200,r,keydown
34354500,Backspace,keydown
34354600,Backspace,keydown
34354800,r,keydown
34354900,t,keydown
34355000,i,keydown
34355200,c,keydown
34355400,o,keydown
34355600,l,keydown
34355600,o,keydown
34355900,.,keydown
34356200, ,keydown
34356200,#,keydown
34356400,i,keydown
34356700, ,keydown
34357100,Backspace,keydown
34357300,Backspace,keydown
34357400,#,keydown
34357500,t,keydown
34357700,r,keydown
34357800,a,keydown
34358400, ,keydown
34358500,l,keydown
34358600,#,keydown
34358800,a,keydown
34359100,l,keydown
34359300,t,keydown
34359400,r,keydown
34359600,o,keydown
34359800, ,keydown
34360000,i,keydown
34360100, ,keydown
34360300,d,keydown
34360300,a,keydown
34360500,t,keydown
34360700,i,keydown
34360900, ,keydown
34361000,c,keydown
34361200,h,keydown
34361300,e,keydown
34361500,Enter,keydown
34361900,s,keydown
34362100,t,keydown
34362200,a,keydown
34362400,i,keydown
34362500, ,keydown
34363000,r,keydown
34363200,a,keydown
34363500,c,keydown
34363600,c,keydown
34363700,o,keydown
34363900,c,keydown
34364300,Backspace,keydown
34364600,g,keydown
34364600,l,keydown
34364800,i,keydown
34364900,e,keydown
34365100,n,keydown
34365200,d,keydown
34365400,o,keydown
34365500, ,keydown
34366200,c,keydown
34366400,o,keydown
34366500,n,keydown
34366500, ,keydown
34366800,q,keydown
34366900,u,keydown
34367000,e,keydown
34367200,s,keydown
34367300,t,keydown
34367400,o,keydown
34367600, ,keydown
34368000,e,keydown
34368100,s,keydown
34368300,p,keydown
34368600,e,keydown
34368700,r,keydown
34368900,i,keydown
34369100,m,keydown
34369200,e,keydown
34369800,t,keydown
34370200,Backspace,keydown
34370500,n,keydown
34370500,t,keydown
34370700,o,keydown
34371100, ,keydown
34371300,p,keydown
34371400,o,keydown
34371600,t,keydown
34371900,r,keydown
34372000,e,keydown
34372500,b,keydown
34372600,b,keydown
34372700,e,keydown
34372800,r,keydown
34373000,o,keydown
34373100, ,keydown
34373300,e,keydown
34373400,s,keydown
34373600,s,keydown
34373800,e,keydown
34373900,r,keydown
34374000,e,keydown
34374200, ,keydown
34374700,u,keydown
34374800,s,keydown
34375000,a,keydown
34375100,t,keydown
34375400,i,keydown
34375400,o,keydown
34376100,Backspace,keydown
34376300,Backspace,keydown
34377100,i,keydown
34377300, ,keydown
34377400,a,keydown
34377500,n,keydown
34377700,c,keydown
34377800,h,keydown
34377900,e,keydown
34378100,Enter,keydown
34378400,d,keydown
34378500,a,keydown
34378600,l,keydown
34378900, ,keydown
34379600,s,keydown
34379700,i,keydown
34379800,s,keydown
34380000,t,keydown
34380400,e,keydown
34380700,m,keydown
34380900,a,keydown
34381100, ,keydown
34381500,c,keydown
34381600,h,keydown
34381700,e,keydown
34381800, ,keydown
34382000,s,keydown
34382200,t,keydown
34382400,i,keydown
34382500,a,keydown
34382700,m,keydown
34382900,o,keydown
34383000, ,keydown
34383300,s,keydown
34383500,v,keydown
34383700,i,keydown
34383800,l,keydown
34384000,u,keydown
34384200,p,keydown
34384300,p,keydown
34384500,a,keydown
34384900,n,keydown
34385000,d,keydown
34385200,o,keydown
34385300, ,keydown
34385400,e,keydown
34385700, ,keydown
34386000,t,keydown
34386000,e,keydown
34386200,s,keydown
34386400,t,keydown
34386700,a,keydown
34386800,n,keydown
34387700,d,keydown
34387800,o,keydown
34388000, ,keydown
34388300,c,keydown
34388300,o,keydown
34388500,n,keydown
34388600, ,keydown
34388600,#,keydown
34388800,a,keydown
34388900,t,keydown
34389100,t,keydown
34389300,i,keydown
34389500,l,keydown
34389600,i,keydown
34389800,o,keydown
34390300,",",keydown
34390700, ,keydown
34390900,p,keydown
34391000,e,keydown
34391100,r,keydown
34391300,c,keydown
34391400,h,keydown
34391400,e,keydown
34391600,#,keydown
34392100,Enter,keydown
34392500,s,keydown
34392700,o,keydown
34392800,n,keydown
34392900,o,keydown
34393000, ,keydown
34393200,d,keydown
34393300,a,keydown
34393400,t,keydown
34393600,i,keydown
34393800, ,keydown
34394300,d,keydown
34394400,i,keydown
34394400, ,keydown
34394900,s,keydown
34395000,e,keydown
34395300,q,keydown
34395400,u,keydown
34395600,e,keydown
34395800,n,keydown
34396100,z,keydown
34396200,a,keydown
34396600, ,keydown
34396900,t,keydown
34397000,e,keydown
34397300,",",keydown
34397500,p,keydown
34397900,Backspace,keydown
34398000,Backspace,keydown
34398400,m,keydown
34398500,p,keydown
34398600,o,keydown
34399000,r,keydown
34399000,a,keydown
34399200,l,keydown
34399400,i,keydown
34400100,",",keydown
34400100, ,keydown
34400400,n,keydown
34400400,e,keydown
34400600,i,keydown
34400700, ,keydown
34401000,q,keydown
34401100,u,keydown
34401200,a,keydown
34401400,l,keydown
34401600,i,keydown
34401700, ,keydown
34402000,s,keydown
34402200,i,keydown
34402200, ,keydown
34402400,p,keydown
34402500,o,keydown
34402800,t,keydown
34403000,r,keydown
34403000,e,keydown
34403700,v,keydown
34404100,#,keydown
34404100,Backspace,keydown
34404300,b,keydown
34404500,b,keydown
34404800,Backspace,keydown
34404900,Backspace,keydown
34405100,Backspace,keydown
34405400,b,keydown
34405500,b,keydown
34405600,e,keydown
34406000,n,keydown
34406400,Backspace,keydown
34406500,r,keydown
34406600,o,keydown
34406800, ,keydown
34407100,n,keydown
34407100,a,keydown
34407400,s,keydown
34407500,c,keydown
34407600,o,keydown
34407800,n,keydown
34408100,d,keydown
34408200,e,keydown
34408300,r,keydown
34408300,e,keydown
34408600,Enter,keydown
34409000,d,keydown
34409200,e,keydown
34409400,l,keydown
34409500,l,keydown
34409700,e,keydown
34409800, ,keydown
34409900,s,keydown
34410100,o,keydown
34410300,t,keydown
34410400,t,keydown
34410500,o,keydown
34410800,s,keydown
34410900,e,keydown
34411200,q,keydown
34411400,u,keydown
34411500,e,keydown
34411700,n,keydown
34411900,z,keydown
34412000,a,keydown
34412400,Backspace,keydown
34412600,e,keydown
34412700, ,keydown
34413900,c,keydown
34414000,a,keydown
34414400,r,keydown
34414500,a,keydown
34414600,t,keydown
34414700,t,keydown
34414900,e,keydown
34415500,r,keydown
34415600,i,keydown
34415800,s,keydown
34415800,t,keydown
34415900,i,keydown
34416200,c,keydown
34416400,h,keydown
34416500,e,keydown
34416600, ,keydown
34417700,c,keydown
34417900,h,keydown
34418000,e,keydown
34418100, ,keydown
34418300,i,keydown
34418400,l,keydown
34418500, ,keydown
34418700,n,keydown
34418900,o,keydown
34419000,s,keydown
34419100,t,keydown
34419200,r,keydown
34419500,o,keydown
34419500, ,keydown
34419700,s,keydown
34419800,i,keydown
34420000,s,keydown
34420100,t,keydown
34420200,e,keydown
34420300,m,keydown
34420500,a,keydown
34420600, ,keydown
34420800,e,keydown
34421000,#,keydown
34421300,Backspace,keydown
34421700,Backspace,keydown
34421900,s,keydown
34422000,a,keydown
34422300,r,keydown
34422400,e,keydown
34422600,b,keydown
34422700,b,keydown
34422900,e,keydown
34422900, ,keydown
34423100,i,keydown
34423300,n,keydown
34423300, ,keydown
34423600,g,keydown
34423700,r,keydown
34423800,a,keydown
34424100,d,keydown
34424200,o,keydown
34424300, ,keydown
34424500,d,keydown
34424500,i,keydown
34424800,Enter,keydown
34425400,i,keydown
34425500,n,keydown
34425800,f,keydown
34426100,Backspace,keydown
34426300,d,keydown
34426400,i,keydown
34426600,v,keydown
34427100,i,keydown
34427400,d,keydown
34427500,u,keydown
34427600,a,keydown
34427800,r,keydown
34427900,e,keydown
34428800, ,keydown
34429200,Backspace,keydown
34429700,",",keydown
34429800,.,keydown
34430500,Backspace,keydown
34430600,Backspace,keydown
34431300,.,keydown
34431300, ,keydown
34431400,#,keydown
34431700,u,keydown
34431800,i,keydown
34432000,n,keydown
34432100,d,keydown
34432300,i,keydown
34432300, ,keydown
34433000,Backspace,keydown
34433200,Backspace,keydown
34433300,Backspace,keydown
34433400,Backspace,keydown
34433600,Backspace,keydown
34434100,Backspace,keydown
34434200,#,keydown
34434200,q,keydown
34434600,u,keydown
34434600,i,keydown
34434900,n,keydown
34435000,d,keydown
34435200,i,keydown
34435200, ,keydown
34436000,q,keydown
34436100,u,keydown
34436200,a,keydown
34436300,n,keydown
34436500,d,keydown
34436600,o,keydown
34436800, ,keydown
34437000,i,keydown
34437100,#,keydown
34437200,l,keydown
34437900,Backspace,keydown
34438300,Backspace,keydown
34438600,l,keydown
34438600, ,keydown
34438900,t,keydown
34439000,u,keydown
34439100,o,keydown
34439200, ,keydown
34439500,e,keydown
34439700,s,keydown
34439900,e,keydown
34440400,p,keydown
34441100,Backspace,keydown
34441200,Backspace,keydown
34441400,p,keydown
34441600,e,keydown
34442000,r,keydown
34442100,i,keydown
34442300,m,keydown
34442500,e,keydown
34442600,n,keydown
34442700,t,keydown
34442800,o,keydown
34442900, ,keydown
34443100,d,keydown
34443200,i,keydown
34443200, ,keydown
34443500,r,keydown
34443600,a,keydown
34443800,c,keydown
34443900,c,keydown
34444100,o,keydown
34444300,l,keydown
34444600,t,keydown
34444700,a,keydown
34444900, ,keydown
34445000,d,keydown
34445100,e,keydown
34445300,i,keydown
34445400, ,keydown
34445700,d,keydown
34445700,a,keydown
34446000,t,keydown
34446100,i,keydown
34446300,Enter,keydown
34446600,e,keydown
34446800,#,keydown
34447000, ,keydown
34447300,t,keydown
34447300,e,keydown
34447500,m,keydown
34448200,#,keydown
34448300,r,keydown
34448700,Backspace,keydown
34448900,Backspace,keydown
34449100,Backspace,keydown
34449400,r,keydown
34449700,m,keydown
34449900,i,keydown
34450000,n,keydown
34450100,a,keydown
34450300,t,keydown
34450600,o,keydown
34450700, ,keydown
34451100,p,keydown
34451400,Backspace,keydown
34451500,s,keydown
34451700,p,keydown
34451700,e,keydown
34451800,r,keydown
34452000,o,keydown
34452100, ,keydown
34452500,b,keydown
34452500,e,keydown
34452600,n,keydown
34452800,e,keydown
34452900, ,keydown
34453100,c,keydown
34453300,h,keydown
34453400,e,keydown
34453600, ,keydown
34454300,m,keydown
34454400,i,keydown
34454600, ,keydown
34455100,f,keydown
34455200,a,keydown
34455400,r,keydown
34455700,a,keydown
34455900,i,keydown
34455900, ,keydown
34456200,a,keydown
34456400,c,keydown
34457200,Backspace,keydown
34457500,v,keydown
34457700,e,keydown
34457900,r,keydown
34457900,e,keydown
34458100, ,keydown
34458700,i,keydown
34459200, ,keydown
34459400,d,keydown
34459500,a,keydown
34459600,t,keydown
34460000,i,keydown
34460000,o,keydown
34460400,Backspace,keydown
34461200,.,keydown
34461400, ,keydown
34461500,#,keydown
34461600,c,keydown
34461900,i,keydown
34462000,a,keydown
34462000,o,keydown
34462700, ,keydown
34462800,#,keydown
34463000,m,keydown
34463300,a,keydown
34463500,r,keydown
34463500,c,keydown
34463800,o,keydown
34464100,#,keydown
