timestamp,key,type
30772300,Backspace,keydown
30772300,Backspace,keydown
30772300,Backspace,keydown
30772300,Backspace,keydown
30772300,Backspace,keydown
30772300,Backspace,keydown
30772300,Backspace,keydown
30772300,Backspace,keydown
30772300,#,keydown
30772500,c,keydown
30772900,i,keydown
30773300,a,keydown
30773600,i,keydown
30774200,Backspace,keydown
30774700,o,keydown
30775100,",",keydown
30775200, ,keydown
30775700,e,keydown
30775800,c,keydown
30776000,c,keydown
30776200,o,keydown
30776400,m,keydown
30776500,i,keydown
30776700, ,keydown
30776800,c,keydown
30777100,o,keydown
30777300,m,keydown
30777500,e,keydown
30777600, ,keydown
30777900,p,keydown
30778300,r,keydown
30778500,o,keydown
30778800,m,keydown
30779100,e,keydown
30779200,s,keydown
30779400,s,keydown
30779700,o,keydown
30779700,i,keydown
30779800, ,keydown
30780500,Backspace,keydown
30780800,Backspace,keydown
30781400,",",keydown
30781500, ,keydown
30781800,a,keydown
30782000, ,keydown
30782200,f,keydown
30782300,a,keydown
30782400,r,keydown
30782600,e,keydown
30782800, ,keydown
30786300,i,keydown
30786500,l,keydown
30786600, ,keydown
30787100,m,keydown
30787300,i,keydown
30787600,d,keydown
30787600,o,keydown
30788000,Backspace,keydown
30788100,Backspace,keydown
30788200,Backspace,keydown
30788900,i,keydown
30789100,o,keydown
30789100, ,keydown
30789600,d,keydown
30789800,o,keydown
30790100,v,keydown
30790200,e,keydown
30790200,r,keydown
30790400,e,keydown
30790900, ,keydown
30791300,p,keydown
30791300,e,keydown
30791500,r,keydown
30791600, ,keydown
30792300,l,keydown
30792600,#,keydown
30792800,e,keydown
30793000,s,keydown
30793200,p,keydown
30793300,e,keydown
30793400,r,keydown
30799500,i,keydown
30799600,m,keydown
30799800,e,keydown
30799900,n,keydown
30799900,t,keydown
30800100,o,keydown
30800900,Enter,keydown
30809500,Backspace,keydown
30810700,.,keydown
30811700,Enter,keydown
30829700,Backspace,keydown
30830600,Enter,keydown
30837000,#,keydown
30837800,d,keydown
30838000,o,keydown
30838200,v,keydown
30838400,r,keydown
30838500,e,keydown
30838700,i,keydown
30838700, ,keydown
30839100,a,keydown
30839400,n,keydown
30839600,o,keydown
30840100,Backspace,keydown
30840300,c,keydown
30840600,o,keydown
30840700,r,keydown
30840900, ,keydown
30841100,a,keydown
30841500,Backspace,keydown
30841600,Backspace,keydown
30841800,a,keydown
30842200, ,keydown
30842500,f,keydown
30842600,a,keydown
30842800,r,keydown
30843100,n,keydown
30843300,e,keydown
30843400, ,keydown
30844700,4,keydown
30844900, ,keydown
30845300,s,keydown
30845500,e,keydown
30845600, ,keydown
30845800,n,keydown
30846000,o,keydown
30846100,n,keydown
30846400,Backspace,keydown
30846600,Backspace,keydown
30846700,Backspace,keydown
30846800,Backspace,keydown
30847000,Backspace,keydown
30847100,Backspace,keydown
30847200,Backspace,keydown
30848800,Backspace,keydown
30849500,3,keydown
30849700,",",keydown
30849800, ,keydown
30850300,s,keydown
30850600,e,keydown
30850900,n,keydown
30851200,Backspace,keydown
30851300, ,keydown
30851700,n,keydown
30851900,o,keydown
30852100,n,keydown
30852200, ,keydown
30852300,s,keydown
30852500,b,keydown
30852800,a,keydown
30853100,g,keydown
30853200,l,keydown
30853500,i,keydown
30853700,o,keydown
30854400,",",keydown
30854600, ,keydown
30854700,v,keydown
30855200,e,keydown
30855400,r,keydown
30855500,o,keydown
30855800,#,keydown
30856400,#,keydown
30859200, ,keydown
30859300,#,keydown
30859400,a,keydown
30859600,v,keydown
30859700,e,keydown
30859800,v,keydown
30860100,i,keydown
30860700, ,keydown
30861000,d,keydown
30861000,e,keydown
30861200,t,keydown
30861400,t,keydown
30861600,o,keydown
30861700, ,keydown
30862300,d,keydown
30862500,i,keydown
30862600, ,keydown
30862800,m,keydown
30862800,a,keydown
30862900,n,keydown
30863200,d,keydown
30863200,a,keydown
30863500,r,keydown
30863600,n,keydown
30863800,e,keydown
30863900, ,keydown
30864500,Enter,keydown
30865300,d,keydown
30865700,u,keydown
30865800,e,keydown
30870700,",",keydown
30870700, ,keydown
30871200,p,keydown
30871400,i,keydown
30871500,u,keydown
30871800,#,keydown
30872000, ,keydown
30872200,t,keydown
30872300,a,keydown
30872600,r,keydown
30872700,d,keydown
30872900,i,keydown
30873000, ,keydown
30873300,n,keydown
30873300,r,keydown
30873300,e,keydown
30873400, ,keydown
30873900,Backspace,keydown
30874000,Backspace,keydown
30874100,Backspace,keydown
30874300,e,keydown
30874800, ,keydown
30875200,f,keydown
30875400,a,keydown
30875600,c,keydown
30875800,c,keydown
30875900,i,keydown
30876100,o,keydown
30876100, ,keydown
30876600,u,keydown
30876900,n,keydown
30877600, ,keydown
30877700,a,keydown
30877900,l,keydown
30878400,t,keydown
30878500,r,keydown
30878700,o,keydown
30879800,.,keydown
30882000,#,keydown
30883400,#,keydown
30883700,a,keydown
30884000,r,keydown
30884200,g,keydown
30884400,o,keydown
30884600,m,keydown
30884700,e,keydown
30884800,n,keydown
30885000,t,keydown
30885100,o,keydown
30885300, ,keydown
30885700,d,keydown
30885900,Backspace,keydown
30886000,Backspace,keydown
30886100,Backspace,keydown
30886300,Backspace,keydown
30886400,Backspace,keydown
30886600,Backspace,keydown
30886600,Backspace,keydown
30886700,Backspace,keydown
30886900,Backspace,keydown
30887000,Backspace,keydown
30887300,Backspace,keydown
30887500, ,keydown
30887600,#,keydown
30887700,a,keydown
30888400,r,keydown
30888500,o,keydown
30888500,i,keydown
30888900,Backspace,keydown
30889200,g,keydown
30889500,Backspace,keydown
30889600,Backspace,keydown
30889800,g,keydown
30889900,o,keydown
30890300,m,keydown
30890500,e,keydown
30890600,n,keydown
30890600,t,keydown
30890700,o,keydown
30890900, ,keydown
30891000,d,keydown
30891100,e,keydown
30891100,l,keydown
30891300, ,keydown
30891800,g,keydown
30891900,i,keydown
30892100,o,keydown
30892100,r,keydown
30892300,n,keydown
30892600,o,keydown
30892700,#,keydown
30893100,#,keydown
30893200, ,keydown
30893500,i,keydown
30893700,l,keydown
30893700, ,keydown
30893800,t,keydown
30893800,e,keydown
30894000,m,keydown
30894200,p,keydown
30894400,o,keydown
30895200,.,keydown
30895400,Enter,keydown
30896000,#,keydown
30896400,n,keydown
30896600,o,keydown
30896800,n,keydown
30897000, ,keydown
30897100,m,keydown
30897200,i,keydown
30897400, ,keydown
30897500,p,keydown
30897700,i,keydown
30897900,a,keydown
30898100,c,keydown
30898200,e,keydown
30898400, ,keydown
30898900,q,keydown
30899000,u,keydown
30899200,e,keydown
30899300,s,keydown
30899600,t,keydown
30899900,o,keydown
30900000, ,keydown
30900600,t,keydown
30900700,e,keydown
30900800,m,keydown
30901200,p,keydown
30901300,o,keydown
30901400, ,keydown
30901800,#,keydown
30902400,#,keydown
30902700,c,keydown
30902800,a,keydown
30903000,l,keydown
30903000,#,keydown
30903200,d,keydown
30903400,i,keydown
30903500,c,keydown
30903600,c,keydown
30903800,i,keydown
30903900,o,keydown
30904200,Backspace,keydown
30904500,Backspace,keydown
30904500,Backspace,keydown
30904600,Backspace,keydown
30904700,Backspace,keydown
30904700,Backspace,keydown
30904800,Backspace,keydown
30904900,Backspace,keydown
30905700,l,keydown
30905900,d,keydown
30906000,i,keydown
30906100,c,keydown
30906300,c,keydown
30906400,i,keydown
30906600,o,keydown
30906800,#,keydown
30907300,#,keydown
30907800,",",keydown
30908000, ,keydown
30908200,m,keydown
30908400,i,keydown
30908600, ,keydown
30909100,f,keydown
30909300,a,keydown
30909300, ,keydown
30910500,m,keydown
30910700,a,keydown
30910800,l,keydown
30910900, ,keydown
30910900,e,keydown
30911100,a,keydown
30911400,l,keydown
30911500,l,keydown
30911500,e,keydown
30911800,Backspace,keydown
30912000,Backspace,keydown
30912100,Backspace,keydown
30912200,Backspace,keydown
30912300,Backspace,keydown
30912600,Backspace,keydown
30912800,e,keydown
30912900, ,keydown
30913100,a,keydown
30913200,l,keydown
30913400,l,keydown
30913700,a,keydown
30913900, ,keydown
30914400,c,keydown
30914800,Backspace,keydown
30915000,g,keydown
30915100,o,keydown
30915200,l,keydown
30915400,a,keydown
30916000,.,keydown
30916100, ,keydown
30916300,#,keydown
30916500,s,keydown
30916700,e,keydown
30916800, ,keydown
30917700,d,keydown
30917800,e,keydown
30917900,v,keydown
30918100,e,keydown
30918100, ,keydown
30918600,f,keydown
30918900,a,keydown
30919100,r,keydown
30919300,Enter,keydown
30920100,f,keydown
30920400,r,keydown
30920500,e,keydown
30920800,d,keydown
30920800,d,keydown
30921000,o,keydown
30921200,",",keydown
30921400, ,keydown
30921600,c,keydown
30921800,h,keydown
30921900,e,keydown
30922000, ,keydown
30922300,f,keydown
30922500,a,keydown
30922700,c,keydown
30922800,c,keydown
30923000,i,keydown
30923200,o,keydown
30923300, ,keydown
30923900,Backspace,keydown
30924000,Backspace,keydown
30924100,a,keydown
30924400, ,keydown
30924800,f,keydown
30924900,r,keydown
30925100,e,keydown
30925400,d,keydown
30925400,d,keydown
30925600,o,keydown
30925600, ,keydown
30925800,i,keydown
30926000,n,keydown
30926200, ,keydown
30926300,m,keydown
30926500,o,keydown
30927000,d,keydown
30927100,o,keydown
30927200, ,keydown
30927400,a,keydown
30927600,p,keydown
30927800,p,keydown
30928000,r,keydown
30928600,o,keydown
30929000,r,keydown
30929100,p,keydown
30929300,i,keydown
30929500,a,keydown
30929900,r,keydown
30930100,Backspace,keydown
30930200,Backspace,keydown
30930300,Backspace,keydown
30930500,Backspace,keydown
30930600,Backspace,keydown
30931200,p,keydown
30931500,r,keydown
30931500,i,keydown
30931800,a,keydown
30932000,t,keydown
30932300,o,keydown
30934100,#,keydown
30934400,#,keydown
30937000, ,keydown
30938400,#,keydown
30938700,s,keydown
30938900,o,keydown
30939100,n,keydown
30939300,o,keydown
30939500, ,keydown
30940400,n,keydown
30940600,o,keydown
30940900,i,keydown
30941200,o,keydown
30941800,s,keydown
30941900,a,keydown
30942200,",",keydown
30942300, ,keydown
30942500,l,keydown
30942700,o,keydown
30943500, ,keydown
30943700,s,keydown
30943800,o,keydown
30944500,",",keydown
30944800,Enter,keydown
30945100,c,keydown
30945300,h,keydown
30945500,e,keydown
30945600, ,keydown
30946100,c,keydown
30946300,i,keydown
30946400, ,keydown
30946500,p,keydown
30946700,o,keydown
30946700,s,keydown
30946800,s,keydown
30947000,o,keydown
30947000, ,keydown
30947600,f,keydown
30947800,a,keydown
30948000,r,keydown
30948100,e,keydown
30948800,",",keydown
30949000, ,keydown
30949200,m,keydown
30949500,i,keydown
30949600, ,keydown
30949900,p,keydown
30950200,i,keydown
30950400,a,keydown
30950600,c,keydown
30950800,e,keydown
30950900,r,keydown
30951000,e,keydown
30951100,b,keydown
30951300,b,keydown
30951400,e,keydown
30951600, ,keydown
30968000,c,keydown
30968200,h,keydown
30968200,e,keydown
30968300, ,keydown
30968600,l,keydown
30968600,a,keydown
30968700, ,keydown
30968900,m,keydown
30969200,i,keydown
30969300,a,keydown
30969400, ,keydown
30969700,g,keydown
30969800,o,keydown
30970000,l,keydown
30970000,o,keydown
30970100,a,keydown
30970300, ,keydown
30970600,f,keydown
30971100,o,keydown
30971200,s,keydown
30971300,s,keydown
30971500,e,keydown
30971600, ,keydown
30972000,Backspace,keydown
30972300,Backspace,keydown
30972300,Backspace,keydown
30972400,Backspace,keydown
30972400,Backspace,keydown
30972600,Backspace,keydown
30972700,Backspace,keydown
30972800,Backspace,keydown
30973000,Backspace,keydown
30973400,a,keydown
30973600, ,keydown
30974000,f,keydown
30974200,o,keydown
30974400,s,keydown
30974500,s,keydown
30974600,e,keydown
30974700, ,keydown
30975200,p,keydown
30975400,i,keydown
30975500,u,keydown
30975800,#,keydown
30976200, ,keydown
30977200,r,keydown
30977300,o,keydown
30977600,b,keydown
30977800,u,keydown
30977900,a,keydown
30978200,t,keydown
30978700,Backspace,keydown
30978800,Backspace,keydown
30979000,s,keydown
30979200,t,keydown
30979400,a,keydown
30980100,",",keydown
30980300,Enter,keydown
30981300,m,keydown
30981400,a,keydown
30981600, ,keydown
30982400,p,keydown
30982400,a,keydown
30982700,r,keydown
30982700,e,keydown
30982800, ,keydown
30983000,c,keydown
30983100,h,keydown
30983200,e,keydown
30983300, ,keydown
30983500,n,keydown
30983600,o,keydown
30983700,n,keydown
30983900, ,keydown
30984100,l,keydown
30984300,o,keydown
30984400, ,keydown
30984400,s,keydown
30984500,i,keydown
30984600,a,keydown
30986000,.,keydown
30986400, ,keydown
30987200,#,keydown
30990700,#,keydown
30991000,#,keydown
30991300,e,keydown
30992000,p,keydown
30992200,p,keydown
30992500,u,keydown
30992500,r,keydown
30992700,e,keydown
30992700, ,keydown
30993000,l,keydown
30994400,#,keydown
30994600,i,keydown
30994800,n,keydown
30995200,f,keydown
30995300,l,keydown
30995600,u,keydown
30995700,e,keydown
30995900,n,keydown
30996000,z,keydown
30996300,a,keydown
30996400, ,keydown
30996800,v,keydown
30996900,e,keydown
30997000,r,keydown
30997300,a,keydown
30997400, ,keydown
30997600,n,keydown
30997800,o,keydown
30997900,n,keydown
30998100, ,keydown
30998200,e,keydown
30998500,#,keydown
30999500, ,keydown
30999700,n,keydown
31000400,Backspace,keydown
31000500,a,keydown
31000700,n,keydown
31000900,c,keydown
31001000,o,keydown
31001100,r,keydown
31001400,a,keydown
31001400, ,keydown
31001700,a,keydown
31002200,r,keydown
31002300,r,keydown
31002500,i,keydown
31002700,c,keydown
31003000,Backspace,keydown
31003200,Backspace,keydown
31003800,i,keydown
31004200,v,keydown
31004300,a,keydown
31004400,t,keydown
31004700,a,keydown
31005300,Enter,keydown
31005800,a,keydown
31006100,c,keydown
31006200,c,keydown
31006300,i,keydown
31006500,d,keydown
31006600,e,keydown
31006800,Backspace,keydown
31007000,Backspace,keydown
31007200,Backspace,keydown
31007400,Backspace,keydown
31007600,Backspace,keydown
31007800,Backspace,keydown
31007900,Backspace,keydown
31008200,Backspace,keydown
31009100,a,keydown
31009500,.,keydown
31010000,Enter,keydown
31010900,#,keydown
31011200,q,keydown
31011400,u,keydown
31011500,e,keydown
31011700,s,keydown
31011900,t,keydown
31012200,#,keydown
31012400,a,keydown
31012600,n,keydown
31012700,n,keydown
31013000,o,keydown
31013000, ,keydown
31013200,d,keydown
31013300,i,keydown
31013400,c,keydown
31013600,o,keydown
31013900,n,keydown
31014000,o,keydown
31014100, ,keydown
31014600,d,keydown
31014600,s,keydown
31014700,a,keydown
31015000,Backspace,keydown
31015100,Backspace,keydown
31015400,s,keydown
31015500,a,keydown
31015800,r,keydown
31016100,a,keydown
31016200,Backspace,keydown
31016400,Backspace,keydown
31016500,Backspace,keydown
31016600,Backspace,keydown
31016800,Backspace,keydown
31017100,s,keydown
31017200,a,keydown
31017400,r,keydown
31017500,a,keydown
31017900,#,keydown
31018000, ,keydown
31018700,t,keydown
31018700,e,keydown
31018900,e,keydown
31019000,r,keydown
31019000,r,keydown
31019200,i,keydown
31019500,b,keydown
31019700,i,keydown
31019900,Backspace,keydown
31020000,Backspace,keydown
31020100,Backspace,keydown
31020300,Backspace,keydown
31020400,Backspace,keydown
31020500,Backspace,keydown
31021000,r,keydown
31021100,r,keydown
31021300,i,keydown
31021900,b,keydown
31022000,i,keydown
31022200,l,keydown
31022300,e,keydown
31025800,.,keydown
31026100, ,keydown
31026400,#,keydown
31026700,m,keydown
31026900,a,keydown
31026900, ,keydown
31027300,f,keydown
31027400,o,keydown
31027400,r,keydown
31027700,s,keydown
31027900,e,keydown
31027900, ,keydown
31028000,t,keydown
31028500,u,keydown
31028700,t,keydown
31028800,t,keydown
31028800,i,keydown
31029000, ,keydown
31029500,g,keydown
31029600,l,keydown
31029800,i,keydown
31029800, ,keydown
31030100,a,keydown
31030200,n,keydown
31030300,n,keydown
31030600,i,keydown
31030600, ,keydown
31030700,e,keydown
31031300,#,keydown
31031400, ,keydown
31031700,c,keydown
31031900,o,keydown
31031900,s,keydown
31032000,i,keydown
31032800,#,keydown
31033800,.,keydown
31034400,Enter,keydown
31040900,#,keydown
31041000,l,keydown
31041300,#,keydown
31041800,i,keydown
31042000,m,keydown
31042100,p,keydown
31042300,o,keydown
31042500,r,keydown
31042600,t,keydown
31042800,a,keydown
31043400,n,keydown
31043500,t,keydown
31043700,e,keydown
31043800, ,keydown
31043900,e,keydown
31044100, ,keydown
31044500,Backspace,keydown
31044500,#,keydown
31044800, ,keydown
31055800,c,keydown
31056100,u,keydown
31056400,r,keydown
31056500,a,keydown
31058100,r,keydown
31058300,s,keydown
31058300,i,keydown
31058400, ,keydown
31058700,b,keydown
31058900,e,keydown
31059100,n,keydown
31059100,e,keydown
31059300, ,keydown
31059400,e,keydown
31059600, ,keydown
31060300,n,keydown
31060400,o,keydown
31060600,n,keydown
31060700, ,keydown
31061800,f,keydown
31062000,a,keydown
31062800,Backspace,keydown
31062900,Backspace,keydown
31063200,Backspace,keydown
31063600, ,keydown
31065100,Backspace,keydown
31065200,Backspace,keydown
31065400,Backspace,keydown
31065500,Backspace,keydown
31065700,Backspace,keydown
31065900,Backspace,keydown
31066100,Backspace,keydown
31066800,.,keydown
31067100, ,keydown
31067300,#,keydown
31067400,b,keydown
31067600,h,keydown
31067600,a,keydown
31068300,Backspace,keydown
31068500,Backspace,keydown
31068600,a,keydown
31069300,h,keydown
31069600,",",keydown
31069600, ,keydown
31069900,c,keydown
31070000,h,keydown
31070100,e,keydown
31070200, ,keydown
31070400,n,keydown
31070500,o,keydown
31070900,i,keydown
31071100,a,keydown
31071200, ,keydown
31071500,p,keydown
31071500,a,keydown
31071700,r,keydown
31072000,l,keydown
31072000,a,keydown
31072700,r,keydown
31072800,e,keydown
31072900, ,keydown
31073000,d,keydown
31073100,i,keydown
31073300, ,keydown
31073400,i,keydown
31073700,n,keydown
31074200,f,keydown
31074400,l,keydown
31074600,u,keydown
31074800,e,keydown
31075100,n,keydown
31075200,z,keydown
31075500,a,keydown
31076000,#,keydown
31076400,#,keydown
31077000,Enter,keydown
31099300,#,keydown
31099500,p,keydown
31099800,a,keydown
31100000,r,keydown
31100100,l,keydown
31100300,a,keydown
31100900,Backspace,keydown
31101200,i,keydown
31101300,a,keydown
31101300,m,keydown
31101500,o,keydown
31101600, ,keydown
31102000,d,keydown
31102100,i,keydown
31102100, ,keydown
31103100,r,keydown
31103400,a,keydown
31103500,f,keydown
31103700,f,keydown
31103900,r,keydown
31103900,e,keydown
31104400,s,keydown
31104600,s,keydown
31104600,o,keydown
31104800,r,keydown
31104900,e,keydown
31105100,Backspace,keydown
31105300,Backspace,keydown
31105300,Backspace,keydown
31105500,Backspace,keydown
31105700,Backspace,keydown
31106100,d,keydown
31106200,d,keydown
31106300,o,keydown
31106700,r,keydown
31106800,e,keydown
31107200, ,keydown
31107600,i,keydown
31108000,Backspace,keydown
31108200,Backspace,keydown
31108300,Backspace,keydown
31108400,Backspace,keydown
31108400,Backspace,keydown
31108600,Backspace,keydown
31108600,Backspace,keydown
31108900,Backspace,keydown
31109500,e,keydown
31109700,d,keydown
31109900,d,keydown
31110000,o,keydown
31110200,r,keydown
31110500,e,keydown
31111500,",",keydown
31111700, ,keydown
31111900,i,keydown
31112100,n,keydown
31112300,v,keydown
31112300,e,keydown
31112600,c,keydown
31112600,x,keydown
31112800,e,keydown
31113200,Backspace,keydown
31113300,Backspace,keydown
31113400,e,keydown
31113700,#,keydown
31114000,#,keydown
31114700, ,keydown
31114800, ,keydown
31115100,#,keydown
31115500,s,keydown
31115800,t,keydown
31115800,r,keydown
31116000,o,keydown
31116100,i,keydown
31116200, ,keydown
31116500,Backspace,keydown
31116500,Backspace,keydown
31116600,Backspace,keydown
31117100,Backspace,keydown
31117600,o,keydown
31117600, ,keydown
31117800,s,keydown
31118100,t,keydown
31118300,a,keydown
31119100,r,keydown
31119400,n,keydown
31119500,u,keydown
31120200,t,keydown
31120300,e,keydown
31120600,n,keydown
31121100,d,keydown
31121200,o,keydown
31121300, ,keydown
31121500,c,keydown
31121500,o,keydown
31121700,m,keydown
31121800,e,keydown
31121900, ,keydown
31122300,u,keydown
31122400,n,keydown
31122600,a,keydown
31122600, ,keydown
31122800,m,keydown
31123000,a,keydown
31123400,t,keydown
31123500,t,keydown
31123900,a,keydown
31124400,",",keydown
31124500,Enter,keydown
31125300,m,keydown
31125400,a,keydown
31125600,g,keydown
31125900,a,keydown
31126200,r,keydown
31126400,i,keydown
31126400, ,keydown
31126600,e,keydown
31126900,#,keydown
31127000, ,keydown
31127200,a,keydown
31127300,l,keydown
31127400,l,keydown
31127600,e,keydown
31127700,r,keydown
31128000,g,keydown
31128200,i,keydown
31128400,a,keydown
31128600,",",keydown
31128800, ,keydown
31129000,m,keydown
31129100,a,keydown
31129100, ,keydown
31129200,a,keydown
31129400,l,keydown
31129500,l,keydown
31129700,e,keydown
31129900,r,keydown
31130100,g,keydown
31130200,i,keydown
31130300,a,keydown
31130500, ,keydown
31130700,a,keydown
31130700, ,keydown
31130900,c,keydown
31131600,o,keydown
31131700,s,keydown
31131700,a,keydown
31131800, ,keydown
31132700,Backspace,keydown
31133100,",",keydown
31133200, ,keydown
31133500,i,keydown
31133700,n,keydown
31133800, ,keydown
31133900,a,keydown
31134100,u,keydown
31134400,t,keydown
31134600,u,keydown
31135200,n,keydown
31135200,n,keydown
31135500,o,keydown
31135900,#,keydown
31136200,#,keydown
31136600, ,keydown
31136800,#,keydown
31137200,p,keydown
31137300,r,keydown
31137400,e,keydown
31137500, ,keydown
31138000,Backspace,keydown
31138100,Backspace,keydown
31138300,Backspace,keydown
31138800,e,keydown
31138800,r,keydown
31139100, ,keydown
31139300,o,keydown
31139600,r,keydown
31139800,a,keydown
31140000,Enter,keydown
31140600,t,keydown
31140700,i,keydown
31140800, ,keydown
31141000,l,keydown
31141100,a,keydown
31141400,s,keydown
31141500,s,keydown
31141800,c,keydown
31142000,i,keydown
31142400,Backspace,keydown
31142500,Backspace,keydown
31142700,Backspace,keydown
31143300,c,keydown
31143500,i,keydown
31143600,o,keydown
31143900,",",keydown
31144100, ,keydown
31144600,f,keydown
31144800,a,keydown
31144900,r,keydown
31145100,o,keydown
31145600,#,keydown
31145800, ,keydown
31146000,u,keydown
31146300,n,keydown
31146400, ,keydown
31146700,a,keydown
31146800,l,keydown
31147100,t,keydown
31147200,r,keydown
31147200,o,keydown
31147400, ,keydown
31147600,e,keydown
31148000,x,keydown
31148200,p,keydown
31148300, ,keydown
31148500,p,keydown
31148700,i,keydown
31148900,u,keydown
31149700,#,keydown
31149900, ,keydown
31150300,t,keydown
31150600,a,keydown
31150800,r,keydown
31151100,s,keydown
31151400,Backspace,keydown
31151500,d,keydown
31151700,i,keydown
31151900,.,keydown
