timestamp,key,type
3352900,Backspace,keydown
3352900,Backspace,keydown
3352900,Backspace,keydown
3352900,Backspace,keydown
3352900,Backspace,keydown
3352900,Backspace,keydown
3352900,Backspace,keydown
3352900,Backspace,keydown
3352900,m,keydown
3353100,a,keydown
3353300, ,keydown
3353600,q,keydown
3353900,u,keydown
3353900,a,keydown
3354100,n,keydown
3354300,t,keydown
3355000,i,keydown
3355200, ,keydown
3355400,c,keydown
3356500,#,keydown
3356600,#,keydown
3356800,#,keydown
3357300, ,keydown
3358000,Backspace,keydown
3358400,#,keydown
3358700, ,keydown
3359000,d,keydown
3359100,i,keydown
3359200, ,keydown
3361500,Backspace,keydown
3365400,f,keydown
3365600,o,keydown
3365700,r,keydown
3365900,m,keydown
3366000, ,keydown
3366500,d,keydown
3366900,e,keydown
3367100,v,keydown
3367300,o,keydown
3367400, ,keydown
3367600,a,keydown
3367700,n,keydown
3367800,c,keydown
3368100,o,keydown
3368300,r,keydown
3368400,a,keydown
3368600, ,keydown
3368800,c,keydown
3369000,o,keydown
3369200,m,keydown
3369500,p,keydown
3369800,i,keydown
3369900,l,keydown
3370100,a,keydown
3370300,r,keydown
3370500,e,keydown
3370900,#,keydown
3371100, ,keydown
3372200,f,keydown
3372300,o,keydown
3372400,r,keydown
3372700,s,keydown
3372800,e,keydown
3373000, ,keydown
3373100,q,keydown
3373200,u,keydown
3373400,e,keydown
3373700,s,keydown
3373800,t,keydown
3373900,o,keydown
3374100, ,keydown
3374200,e,keydown
3374600,#,keydown
3374700, ,keydown
3375200,l,keydown
3375700,#,keydown
3376000,u,keydown
3376200,l,keydown
3376300,t,keydown
3376700,i,keydown
3376900,m,keydown
3377100,o,keydown
3377700,#,keydown
3377800, ,keydown
3378100,n,keydown
3378700,o,keydown
3378800,n,keydown
3379100, ,keydown
3379300,m,keydown
3379500,i,keydown
3379600, ,keydown
3379900,r,keydown
3380300,i,keydown
3380400,c,keydown
3380600,o,keydown
3380700,r,keydown
3381000,d,keydown
3381100,o,keydown
3381300, ,keydown
3381500,m,keydown
3381700,i,keydown
3382000,n,keydown
3382200,i,keydown
3382500,m,keydown
3382800,a,keydown
3383200,m,keydown
3383400,e,keydown
3383500,n,keydown
3383600,t,keydown
3383900,e,keydown
3385800, ,keydown
3386100,q,keydown
3386300,u,keydown
3386400,a,keydown
3386600,n,keydown
3386800,t,keydown
3387000,i,keydown
3387200, ,keydown
3387500,c,keydown
3387800,Backspace,keydown
3388200,n,keydown
3388300,e,keydown
3388400, ,keydown
3388600,h,keydown
3388800,o,keydown
3389000, ,keydown
3389400,g,keydown
3389500,i,keydown
3389700,a,keydown
3390000,#,keydown
3390100, ,keydown
3390400,c,keydown
3390500,o,keydown
3390700,m,keydown
3391000,p,keydown
3391100,i,keydown
3391400,l,keydown
3391500,a,keydown
3391700,t,keydown
3391900,i,keydown
3393200,#,keydown
3393200, ,keydown
3393700,a,keydown
3393900, ,keydown
3394000,m,keydown
3394300,e,keydown
3394300, ,keydown
3394600,s,keydown
3394700,e,keydown
3395000,m,keydown
3395300,b,keydown
3395400,r,keydown
3395600,a,keydown
3395700, ,keydown
3396100,u,keydown
3396300,n,keydown
3396400, ,keydown
3397000,n,keydown
3397200,u,keydown
3397400,m,keydown
3397500,e,keydown
3397700,r,keydown
3397900,o,keydown
3398000, ,keydown
3398800,e,keydown
3399000,n,keydown
3399300,o,keydown
3399500,r,keydown
3399800,m,keydown
3400100,e,keydown
3400400,#,keydown
3400600,#,keydown
3400800,#,keydown
3400900, ,keydown
3403000,s,keydown
3403200,p,keydown
3403300,e,keydown
3403500,r,keydown
3403700,i,keydown
3403700,a,keydown
3403900,m,keydown
3404100,o,keydown
3404300, ,keydown
3404500,s,keydown
3404800,p,keydown
3405100,e,keydown
3405300,r,keydown
3405500,i,keydown
3405700,a,keydown
3405800,m,keydown
3406100,o,keydown
3406300, ,keydown
3406500,s,keydown
3406700,p,keydown
3406900,e,keydown
3407100,r,keydown
3407200,i,keydown
3407400,a,keydown
3407700,m,keydown
3407900,o,keydown
3408500,#,keydown
3409200,Enter,keydown
3411700,n,keydown
3411900,o,keydown
3412000,n,keydown
3412300, ,keydown
3412600,c,keydown
3413000,h,keydown
3413200,e,keydown
3413400, ,keydown
3413500,m,keydown
3413700,i,keydown
3413800, ,keydown
3414100,s,keydown
3414500,Backspace,keydown
3414600,d,keydown
3414900,i,keydown
3415500,s,keydown
3415900,p,keydown
3416100,i,keydown
3416400,a,keydown
3417000,v,keydown
3417400,Backspace,keydown
3417700,c,keydown
3417900,c,keydown
3418100,i,keydown
3418400,a,keydown
3418600, ,keydown
3418800,c,keydown
3419000,o,keydown
3419200,m,keydown
3419500,p,keydown
3419600,i,keydown
3419900,l,keydown
3420200,a,keydown
3420300,r,keydown
3420500,e,keydown
3422800, ,keydown
3423200,Backspace,keydown
3423900, ,keydown
3424300,e,keydown
3424500, ,keydown
3424600,d,keydown
3424900,a,keydown
3425000,r,keydown
3425100,e,keydown
3425200, ,keydown
3425500,u,keydown
3425700,n,keydown
3425800,a,keydown
3425900, ,keydown
3426300,m,keydown
3426500,a,keydown
3426700,n,keydown
3426800,o,keydown
3427000, ,keydown
3427300,a,keydown
3427600,d,keydown
3427800, ,keydown
3428300,u,keydown
3428400,n,keydown
3428600, ,keydown
3428900,c,keydown
3428900,o,keydown
3429200,l,keydown
3429300,l,keydown
3429500,e,keydown
3429800,g,keydown
3430000,a,keydown
3430200, ,keydown
3430300,m,keydown
3430600,a,keydown
3430700, ,keydown
3430900,c,keydown
3431500,e,keydown
3431700,r,keydown
3431800,t,keydown
3432000,o,keydown
3432600,e,keydown
3432900,#,keydown
3433200, ,keydown
3433600,h,keydown
3434600,Backspace,keydown
3434700,c,keydown
3435000,h,keydown
3435200,e,keydown
3435400, ,keydown
3435700,s,keydown
3435900,e,keydown
3436400, ,keydown
3437000,q,keydown
3437100,u,keydown
3437300,e,keydown
3437500,s,keydown
3437700,t,keydown
3437900,o,keydown
3438100, ,keydown
3440400,f,keydown
3440500,o,keydown
3440700,r,keydown
3441400,m,keydown
3441500, ,keydown
3441800,f,keydown
3442000,o,keydown
3442300,s,keydown
3442500,s,keydown
3442800,e,keydown
3442900, ,keydown
3443100,u,keydown
3443300,n,keydown
3443500, ,keydown
3443700,p,keydown
3443800,o,keydown
3444400,#,keydown
3444600, ,keydown
3445100,p,keydown
3445300,i,keydown
3445500,u,keydown
3445700,#,keydown
3445800, ,keydown
3446100,c,keydown
3446200,o,keydown
3446400,r,keydown
3448200,t,keydown
3448400,o,keydown
3448600, ,keydown
3449500,n,keydown
3449700,e,keydown
3450000,s,keydown
3450100,s,keydown
3450200,u,keydown
3450500,n,keydown
3450700,o,keydown
3450800, ,keydown
3451000,d,keydown
3451100,i,keydown
3451300,r,keydown
3452000,Backspace,keydown
3452400,Backspace,keydown
3452500,Backspace,keydown
3453800,c,keydown
3454300,r,keydown
3454400,e,keydown
3454600,d,keydown
3454700,o,keydown
3454800, ,keydown
3455000,c,keydown
3455100,h,keydown
3455300,e,keydown
3455400, ,keydown
3455600,p,keydown
3456000,r,keydown
3456800,o,keydown
3457900,t,keydown
3458100,e,keydown
3458300,s,keydown
3458500,t,keydown
3458800,e,keydown
3458900,r,keydown
3459100,e,keydown
3459500,b,keydown
3459600,b,keydown
3459800,e,keydown
3461000,#,keydown
3461200, ,keydown
3461400,n,keydown
3461600,o,keydown
3461800,n,keydown
3461900, ,keydown
3462400,p,keydown
3462600,e,keydown
3462700,n,keydown
3462900,s,keydown
3463100,a,keydown
3463500,t,keydown
3463700,e,keydown
3464100, ,keydown
3464400,c,keydown
3464500,h,keydown
3464600,e,keydown
3464800, ,keydown
3464900,s,keydown
3465100,i,keydown
3465300,a,keydown
3465300, ,keydown
3465600,c,keydown
3465700,o,keydown
3465800,s,keydown
3466000,i,keydown
3466300,#,keydown
3467000,#,keydown
3467400, ,keydown
3469900,Enter,keydown
3470300,c,keydown
3470600,o,keydown
3470800,m,keydown
3471000,u,keydown
3471300,n,keydown
3471600,q,keydown
3471900,u,keydown
3472000,e,keydown
3472100, ,keydown
3472400,o,keydown
3472700,g,keydown
3472800,g,keydown
3473000,i,keydown
3473200, ,keydown
3473400,n,keydown
3473500,o,keydown
3473700,n,keydown
3473900, ,keydown
3474100,h,keydown
3474200,o,keydown
3474400, ,keydown
3474700,l,keydown
3474900,e,keydown
3475300,z,keydown
3475400,i,keydown
3475600,o,keydown
3475800,n,keydown
3476000,e,keydown
3476100, ,keydown
3476500,e,keydown
3476700, ,keydown
3477000,q,keydown
3477200,u,keydown
3477400,i,keydown
3477500,n,keydown
3477700,d,keydown
3477800,i,keydown
3478100, ,keydown
3478500,n,keydown
3478700,o,keydown
3478800,n,keydown
3479000, ,keydown
3479200,p,keydown
3479400,o,keydown
3479600,s,keydown
3479900,s,keydown
3479900,o,keydown
3480100, ,keydown
3480400,r,keydown
3480600,a,keydown
3480900,c,keydown
3481100,c,keydown
3481300,o,keydown
3481400,n,keydown
3481700,d,keydown
3482100,Backspace,keydown
3482400,t,keydown
3482600,a,keydown
3483000,r,keydown
3483200,e,keydown
3483300, ,keydown
3484500,c,keydown
3484700,o,keydown
3484800,m,keydown
3485000,e,keydown
3485100, ,keydown
3485300,s,keydown
3485500,o,keydown
3485800,n,keydown
3486000,o,keydown
3486300, ,keydown
3486600,a,keydown
3486800,n,keydown
3487100,t,keydown
3487500,Backspace,keydown
3487600,d,keydown
3488000,a,keydown
3488100,t,keydown
3488200,e,keydown
3488900,#,keydown
3489000, ,keydown
3489400,l,keydown
3489900,#,keydown
3490000,a,keydown
3490400,v,keydown
3490600,r,keydown
3490800,o,keydown
3491100,#,keydown
3491400, ,keydown
3491500,d,keydown
3491700,o,keydown
3491900,m,keydown
3492100,a,keydown
3492200,n,keydown
3492500,i,keydown
3492600, ,keydown
3492800,e,keydown
3493100, ,keydown
3493300,s,keydown
3493600,e,keydown
3493700, ,keydown
3494000,r,keydown
3494200,i,keydown
3494300,e,keydown
3494600,s,keydown
3494700,c,keydown
3495000,o,keydown
3495100, ,keydown
3495400,a,keydown
3496300,Backspace,keydown
3496500,o,keydown
3496800,r,keydown
3496900,a,keydown
3497100, ,keydown
3497300,a,keydown
3497500, ,keydown
3497800,l,keydown
3498000,a,keydown
3498100,v,keydown
3498300,o,keydown
3498400,r,keydown
3498700,a,keydown
3498900,r,keydown
3499100,e,keydown
3499200, ,keydown
3499400,p,keydown
3499700,r,keydown
3499800,i,keydown
3500100,m,keydown
3500200,a,keydown
3500300, ,keydown
3500500,c,keydown
3500500,h,keydown
3500700,e,keydown
3500800, ,keydown
3501500,q,keydown
3501600,u,keydown
3501800,a,keydown
3502200,l,keydown
3502400,c,keydown
3502600,u,keydown
3502700,n,keydown
3503000,o,keydown
3503200, ,keydown
3503400,i,keydown
3503600,n,keydown
3503900,v,keydown
3504300,Backspace,keydown
3504400,c,keydown
3504700,o,keydown
3504800,m,keydown
3505100,i,keydown
3505500,n,keydown
3505900,c,keydown
3505900,i,keydown
3506100, ,keydown
3506200,a,keydown
3506300, ,keydown
3506600,d,keydown
3506900,i,keydown
3507300,s,keydown
3507500,t,keydown
3507800,r,keydown
3508000,u,keydown
3508300,r,keydown
3508800,b,keydown
3508900,a,keydown
3509100,r,keydown
3509400,m,keydown
3509700,i,keydown
3509800, ,keydown
3512300,c,keydown
3512600,e,keydown
3512800,r,keydown
3513000,c,keydown
3513200,h,keydown
3513300,e,keydown
3513500,r,keydown
3513700,o,keydown
3513900,#,keydown
3514100, ,keydown
3514300,d,keydown
3514400,i,keydown
3514600, ,keydown
3515400,m,keydown
3515500,e,keydown
3515700,t,keydown
3515900,t,keydown
3516000,e,keydown
3516200,r,keydown
3516400,e,keydown
3516700, ,keydown
3516900,o,keydown
3517100,n,keydown
3517500,m,keydown
3517800,l,keydown
3518000,i,keydown
3518300,n,keydown
3518400,e,keydown
3518500, ,keydown
3518700,i,keydown
3518900, ,keydown
3519100,l,keydown
3519200,u,keydown
3520100,c,keydown
3520300,i,keydown
3520600,d,keydown
3520800,i,keydown
3521000, ,keydown
3522000,p,keydown
3522100,e,keydown
3522400,r,keydown
3522600, ,keydown
3522800,d,keydown
3523100,o,keydown
3523400,m,keydown
3523500,a,keydown
3523600,n,keydown
3523900,i,keydown
3525400,#,keydown
3525700, ,keydown
3529700,c,keydown
3529800,h,keydown
3530500,i,keydown
3530700,d,keydown
3531200,Backspace,keydown
3531400,s,keydown
3531600,s,keydown
3531800,a,keydown
3532000, ,keydown
3532200,s,keydown
3532400,e,keydown
3532700, ,keydown
3533200,r,keydown
3533300,i,keydown
3533500,e,keydown
3533800,s,keydown
3534000,c,keydown
3534200,o,keydown
3534300,n,keydown
3534800,o,keydown
3539000, ,keydown
3539600,a,keydown
3540000, ,keydown
3540500,c,keydown
3540800,a,keydown
3541400,p,keydown
3541500,i,keydown
3541800,r,keydown
3541900,e,keydown
3542000, ,keydown
3542400,a,keydown
3542800,Backspace,keydown
3544500,e,keydown
3544700, ,keydown
3545000,r,keydown
3545200,i,keydown
3545500,c,keydown
3546000,o,keydown
3546100,n,keydown
3546300,o,keydown
3546500,s,keydown
3546600,c,keydown
3546900,e,keydown
3547100,r,keydown
3547200,e,keydown
3547300, ,keydown
3547500,l,keydown
3547600,e,keydown
3547800, ,keydown
3548100,p,keydown
3548200,e,keydown
3548400,r,keydown
3548700,s,keydown
3548800,o,keydown
3549100,n,keydown
3549400,e,keydown
3549500, ,keydown
3549700,d,keydown
3550000,a,keydown
3550100, ,keydown
3550700,t,keydown
3550900,e,keydown
3551100,s,keydown
3551500,t,keydown
3551600,i,keydown
3551700, ,keydown
3552000,c,keydown
3552100,o,keydown
3552300,m,keydown
3552600,p,keydown
3553000,l,keydown
3553300,e,keydown
3553500,t,keydown
3553700,a,keydown
3554100,m,keydown
3554400,e,keydown
3554600,n,keydown
3554600,t,keydown
3554700,e,keydown
3555000, ,keydown
3555100,d,keydown
3555200,i,keydown
3555600,v,keydown
3555800,e,keydown
3555900,r,keydown
3556200,s,keydown
3556400,i,keydown
3556600,#,keydown
3556800, ,keydown
3557400,e,keydown
3557700, ,keydown
3557900,p,keydown
3558200,o,keydown
3558400,i,keydown
3558700, ,keydown
3558900,c,keydown
3559100,o,keydown
3559200,s,keydown
3559500,a,keydown
3559700, ,keydown
3560000,n,keydown
3560200,e,keydown
3560300, ,keydown
3560600,f,keydown
3560800,a,keydown
3561000,r,keydown
3561300,a,keydown
3561500,n,keydown
3561600,n,keydown
3561800,o,keydown
3562300,#,keydown
3562700, ,keydown
3563800,c,keydown
3563900,h,keydown
3564100,i,keydown
3564200,e,keydown
3564500,d,keydown
3564700,e,keydown
3564900,r,keydown
3565100,a,keydown
3565300,n,keydown
3565500,n,keydown
3565700,o,keydown
3565900, ,keydown
3566200,a,keydown
3566800,Backspace,keydown
3568000,d,keydown
3568200,i,keydown
3568400, ,keydown
3568500,s,keydown
3568800,c,keydown
3569100,r,keydown
3569300,i,keydown
3569500,v,keydown
3569700,e,keydown
3569900,r,keydown
3570100,e,keydown
3570200, ,keydown
3570500,p,keydown
3570600,a,keydown
3570900,s,keydown
3571200,s,keydown
3571500,w,keydown
3571900,o,keydown
3572000,r,keydown
3572200,d,keydown
3572400, ,keydown
3572800,l,keydown
3573600,u,keydown
3573800,n,keydown
3574100,g,keydown
3574300,h,keydown
3574500,i,keydown
3574700,s,keydown
3574900,s,keydown
3575200,i,keydown
3575400,m,keydown
3575700,e,keydown
3576300,#,keydown
3576500, ,keydown
3577100,Backspace,keydown
3577400,Backspace,keydown
3577600, ,keydown
3577800,e,keydown
3578000, ,keydown
3578500,c,keydown
3578700,e,keydown
3578900,r,keydown
3579100,c,keydown
3579300,h,keydown
3579400,e,keydown
3579600,r,keydown
3580100,a,keydown
3580300,n,keydown
3580400,n,keydown
3580700,o,keydown
3580800, ,keydown
3580900,d,keydown
3581000,i,keydown
3581200, ,keydown
3581800,r,keydown
3582100,i,keydown
3582400,c,keydown
3582500,o,keydown
3582700,n,keydown
3582900,o,keydown
3583100,s,keydown
3583300,c,keydown
3583500,e,keydown
3583700,r,keydown
3583900,l,keydown
3584200,e,keydown
3584900,#,keydown
3585100, ,keydown
3585900,m,keydown
3586100,a,keydown
3586300,h,keydown
3586600,#,keydown
3586800, ,keydown
3588600,c,keydown
3588800,h,keydown
3589000,i,keydown
3589200, ,keydown
3589300,v,keydown
3589500,i,keydown
3589700,v,keydown
3590200,r,keydown
3590400,a,keydown
3590600,#,keydown
3590900, ,keydown
3591100,d,keydown
3591600,Backspace,keydown
3591800,v,keydown
3592000,e,keydown
3592200,d,keydown
3592500,r,keydown
3592600,a,keydown
3592900,#,keydown
3594100,1,keydown
