timestamp,key,type
45792400,Backspace,keydown
45792400,Backspace,keydown
45792400,Backspace,keydown
45792400,Backspace,keydown
45792400,Backspace,keydown
45792400,Backspace,keydown
45792400,Backspace,keydown
45792400,Backspace,keydown
45792400,#,keydown
45792700,i,keydown
45792800,n,keydown
45793000, ,keydown
45793200,q,keydown
45793300,u,keydown
45793300,e,keydown
45793600,s,keydown
45793800,t,keydown
45793900,o,keydown
45794000, ,keydown
45794300,f,keydown
45794400,o,keydown
45794500,r,keydown
45794600,m,keydown
45794700, ,keydown
45795100,d,keydown
45795300,o,keydown
45795300,v,keydown
45795400,e,keydown
45795600, ,keydown
45795800,p,keydown
45795800,o,keydown
45796100,s,keydown
45796200,s,keydown
45796400,o,keydown
45796400, ,keydown
45796600,s,keydown
45796700,c,keydown
45796900,r,keydown
45797000,i,keydown
45797200,v,keydown
45797200,e,keydown
45797400,r,keydown
45797500,e,keydown
45797800, ,keydown
45798300,q,keydown
45798800,u,keydown
45799000,e,keydown
45799000,l,keydown
45799200,l,keydown
45799400,o,keydown
45799500, ,keydown
45799600,c,keydown
45799700,h,keydown
45799800,e,keydown
45799900, ,keydown
45800400,v,keydown
45800600,o,keydown
45801400,g,keydown
45801500,l,keydown
45801700,i,keydown
45801700,o,keydown
45802500,",",keydown
45802600, ,keydown
45802800,c,keydown
45802900,o,keydown
45802900,m,keydown
45803000,e,keydown
45803200, ,keydown
45803300,s,keydown
45803500,t,keydown
45803500,a,keydown
45804200,Enter,keydown
45804400,s,keydown
45804500,c,keydown
45804700,r,keydown
45804800,i,keydown
45805000,t,keydown
45805100,t,keydown
45805200,o,keydown
45805300, ,keydown
45805800,s,keydown
45805800,o,keydown
45805900,p,keydown
45806100,r,keydown
45806200,a,keydown
45806700,",",keydown
45806700, ,keydown
45807400,o,keydown
45807700,g,keydown
45807800,g,keydown
45807900,i,keydown
45807900, ,keydown
45808100,s,keydown
45808200,c,keydown
45808400,r,keydown
45808500,i,keydown
45808700,v,keydown
45808700,e,keydown
45808900,r,keydown
45809000,e,keydown
45809300,i,keydown
45809300, ,keydown
45810400,t,keydown
45810600,u,keydown
45810900,t,keydown
45811100,t,keydown
45811200,i,keydown
45811400, ,keydown
45812200,i,keydown
45812300, ,keydown
45812900,g,keydown
45812900,i,keydown
45813000,o,keydown
45813200,r,keydown
45813300,n,keydown
45813300,i,keydown
45813400, ,keydown
45813700,d,keydown
45813700,e,keydown
45813900,l,keydown
45814000,l,keydown
45814100,a,keydown
45814200, ,keydown
45814400,s,keydown
45814500,e,keydown
45814700,t,keydown
45815000,t,keydown
45815700,i,keydown
45815900,m,keydown
45816000,a,keydown
45816100,n,keydown
45816200,a,keydown
45816400, ,keydown
45816700,#,keydown
45816800,#,keydown
45817000,i,keydown
45817000,n,keydown
45817200, ,keydown
45817300,i,keydown
45817600,t,keydown
45817600,a,keydown
45817700,l,keydown
45817800,i,keydown
45817900,a,keydown
45818100,n,keydown
45818300,o,keydown
45818700,#,keydown
45819100,#,keydown
45819400,#,keydown
45820000,Enter,keydown
45820500,l,keydown
45820600,u,keydown
45820800,n,keydown
45820900,e,keydown
45821100,d,keydown
45821200,i,keydown
45822300,#,keydown
45823000,",",keydown
45823000, ,keydown
45823200,m,keydown
45823400,a,keydown
45823700,r,keydown
45823900,t,keydown
45824000,e,keydown
45824200,d,keydown
45824500,i,keydown
45824900,#,keydown
45825300,",",keydown
45825400, ,keydown
45825800,g,keydown
45825900,i,keydown
45825900,o,keydown
45826800,Backspace,keydown
45827000,Backspace,keydown
45827300,Backspace,keydown
45827900,m,keydown
45828100,e,keydown
45828100,r,keydown
45828400,c,keydown
45828400,o,keydown
45828500,l,keydown
45828700,e,keydown
45828800,d,keydown
45829000,i,keydown
45829400,#,keydown
45829900,",",keydown
45829900, ,keydown
45830600,g,keydown
45830600,i,keydown
45830700,o,keydown
45830900,v,keydown
45831000,e,keydown
45831200,d,keydown
45831300,i,keydown
45832000,#,keydown
45832800,",",keydown
45832900, ,keydown
45833300,v,keydown
45833400,e,keydown
45833500,n,keydown
45833700,e,keydown
45833900,r,keydown
45834200,d,keydown
45834400,i,keydown
45834700,#,keydown
45835400,",",keydown
45835600, ,keydown
45836300,s,keydown
45836300,a,keydown
45836600,b,keydown
45836700,a,keydown
45837000,t,keydown
45837100,o,keydown
45838000,",",keydown
45838100, ,keydown
45838400,c,keydown
45838800,Backspace,keydown
45838900,d,keydown
45839000,o,keydown
45839200,m,keydown
45839400,e,keydown
45839500,n,keydown
45839600,i,keydown
45839900,c,keydown
45839900,a,keydown
45841100,",",keydown
45841300,Enter,keydown
45841800,e,keydown
45842000, ,keydown
45842100,o,keydown
45842200,p,keydown
45842300,i,keydown
45843400, ,keydown
45843600,a,keydown
45843800, ,keydown
45844100,Backspace,keydown
45844700, ,keydown
45845200,s,keydown
45845300,e,keydown
45845500,g,keydown
45845600,i,keydown
45845700,u,keydown
45845700,o,keydown
45846500,Backspace,keydown
45846700,Backspace,keydown
45847100,Backspace,keydown
45847900,u,keydown
45847900,i,keydown
45848000,r,keydown
45848100,e,keydown
45848300, ,keydown
45848700,i,keydown
45849400, ,keydown
45849700,m,keydown
45849900,e,keydown
45850400,s,keydown
45850600,s,keydown
45851000,Backspace,keydown
45851200,i,keydown
45851400, ,keydown
45851800,d,keydown
45851800,e,keydown
45852200,l,keydown
45852300,l,keydown
45852600,#,keydown
45852800,a,keydown
45852900,n,keydown
45853000,n,keydown
45853200,o,keydown
45853500,",",keydown
45854600, ,keydown
45855100,s,keydown
45855200,e,keydown
45855300,m,keydown
45855500,p,keydown
45855500,r,keydown
45855700,e,keydown
45855700, ,keydown
45856100,i,keydown
45856100,n,keydown
45856200, ,keydown
45856500,i,keydown
45856600,t,keydown
45856700,a,keydown
45856800,l,keydown
45856800,i,keydown
45857000,a,keydown
45857200,n,keydown
45857300,o,keydown
45858100,#,keydown
45858300,#,keydown
45858500, ,keydown
45859000,g,keydown
45859000,e,keydown
45859100,n,keydown
45859300,n,keydown
45859400,a,keydown
45859600,i,keydown
45859600,o,keydown
45860100,",",keydown
45860500,Enter,keydown
45861200,f,keydown
45861200,e,keydown
45861300,b,keydown
45861500,b,keydown
45861600,r,keydown
45861700,a,keydown
45861900,i,keydown
45862000,o,keydown
45862300,",",keydown
45862600, ,keydown
45863400,m,keydown
45863600,a,keydown
45864000,r,keydown
45864200,z,keydown
45864400,o,keydown
45864600,",",keydown
45864800, ,keydown
45865000,a,keydown
45865100,p,keydown
45865300,r,keydown
45865400,i,keydown
45865600,l,keydown
45865800,e,keydown
45866700,",",keydown
45866700, ,keydown
45867700,m,keydown
45867900,a,keydown
45868200,g,keydown
45868300,g,keydown
45868500,i,keydown
45868500,o,keydown
45868700,",",keydown
45868800, ,keydown
45869000,g,keydown
45869100,i,keydown
45869100,u,keydown
45869400,g,keydown
45869500,n,keydown
45869700,o,keydown
45869900,",",keydown
45870400, ,keydown
45871100,l,keydown
45871500,u,keydown
45871700,g,keydown
45871700,l,keydown
45871900,i,keydown
45872000,o,keydown
45872500,",",keydown
45873100, ,keydown
45873400,a,keydown
45873600,g,keydown
45874000,o,keydown
45874200,s,keydown
45874500,t,keydown
45874600,o,keydown
45875000,",",keydown
45875100, ,keydown
45875200,s,keydown
45875400,e,keydown
45875600,t,keydown
45875800,t,keydown
45875900,e,keydown
45876300,m,keydown
45876500,b,keydown
45876600,r,keydown
45876600,e,keydown
45877700,",",keydown
45877800,Enter,keydown
45878100,o,keydown
45878400,t,keydown
45878500,t,keydown
45878600,o,keydown
45879100,b,keydown
45879200,r,keydown
45879300,e,keydown
45879700,",",keydown
45879800, ,keydown
45880100,n,keydown
45880400,o,keydown
45880500,v,keydown
45880600,e,keydown
45880700,m,keydown
45880900,b,keydown
45881000,r,keydown
45881000,e,keydown
45881400,",",keydown
45881500, ,keydown
45881800,d,keydown
45881900,i,keydown
45882000,c,keydown
45882100,e,keydown
45882200,m,keydown
45882400,b,keydown
45882600,r,keydown
45882700,e,keydown
45883800,",",keydown
45884300,Backspace,keydown
45885200,.,keydown
45885700, ,keydown
45886100,#,keydown
45887700,o,keydown
45887900,r,keydown
45888000,a,keydown
45888100, ,keydown
45888300,h,keydown
45888500,o,keydown
45888600, ,keydown
45888700,e,keydown
45888900,s,keydown
45889000,a,keydown
45889300,u,keydown
45889500,r,keydown
45889600,i,keydown
45889800,t,keydown
45890100,o,keydown
45890900, ,keydown
45891200,l,keydown
45891300,a,keydown
45891400, ,keydown
45891600,f,keydown
45891700,a,keydown
45891800,n,keydown
45892000,t,keydown
45892100,a,keydown
45892400,s,keydown
45892500,i,keydown
45892600,a,keydown
45893700,",",keydown
45893900, ,keydown
45894700,p,keydown
45894700,o,keydown
45895000,t,keydown
45895100,r,keydown
45895100,e,keydown
45895300,i,keydown
45895500,Enter,keydown
45896300,p,keydown
45896600,r,keydown
45896800,o,keydown
45896800,d,keydown
45897000,e,keydown
45897400,Backspace,keydown
45897500,Backspace,keydown
45897600,c,keydown
45897600,e,keydown
45898000,d,keydown
45898100,e,keydown
45898400,r,keydown
45898400,e,keydown
45898800, ,keydown
45899100,c,keydown
45899200,o,keydown
45899300,n,keydown
45899500, ,keydown
45899700,l,keydown
45899900,e,keydown
45900000, ,keydown
45900400,s,keydown
45900700,e,keydown
45900800,t,keydown
45901000,t,keydown
45901100,e,keydown
45901100, ,keydown
45901300,n,keydown
45901500,o,keydown
45901700,t,keydown
45901800,e,keydown
45902000, ,keydown
45902000,m,keydown
45902100,u,keydown
45902300,l,keydown
45902800,Backspace,keydown
45903100,s,keydown
45903300,i,keydown
45903400,c,keydown
45903400,a,keydown
45903600,l,keydown
45903700,i,keydown
45904300,",",keydown
45904600, ,keydown
45905200,d,keydown
45905400,o,keydown
45905600,",",keydown
45905700, ,keydown
45905900,r,keydown
45906000,e,keydown
45906300,",",keydown
45906400, ,keydown
45906500,m,keydown
45906600,i,keydown
45906800, ,keydown
45907300,Backspace,keydown
45907600,",",keydown
45907600, ,keydown
45908100,f,keydown
45908100,a,keydown
45908200, ,keydown
45909100,Backspace,keydown
45909300,",",keydown
45909600, ,keydown
45910400,s,keydown
45910400,o,keydown
45910700,l,keydown
45911000,",",keydown
45911200, ,keydown
45911600,l,keydown
45911800,a,keydown
45911800, ,keydown
45912200,s,keydown
45912300,i,keydown
45914000,Enter,keydown
45914500,e,keydown
45914500, ,keydown
45915100,p,keydown
45915200,o,keydown
45915200, ,keydown
45915400,i,keydown
45915900,Backspace,keydown
45916000,Backspace,keydown
45916200,i,keydown
45916500, ,keydown
45917000,s,keydown
45917300,i,keydown
45917500, ,keydown
45917800,r,keydown
45918000,i,keydown
45918200,p,keydown
45918300,r,keydown
45918500,e,keydown
45918600,n,keydown
45918800,d,keydown
45918800,e,keydown
45918900, ,keydown
45919300,d,keydown
45919300,a,keydown
45919400, ,keydown
45919600,d,keydown
45919800,o,keydown
45920400,.,keydown
45920700,.,keydown
45920800,.,keydown
45927200,Enter,keydown
45927500,#,keydown
45927700,p,keydown
45928000,o,keydown
45928100,i,keydown
45928300, ,keydown
45928500,p,keydown
45928600,o,keydown
45928800,s,keydown
45928900,s,keydown
45929100,o,keydown
45929100, ,keydown
45929300,p,keydown
45929500,r,keydown
45929600,o,keydown
45929900,s,keydown
45930100,e,keydown
45930200,g,keydown
45930300,i,keydown
45930400,o,keydown
45930900,Backspace,keydown
45931000,Backspace,keydown
45931800,u,keydown
45931800,i,keydown
45931900,r,keydown
45931900,e,keydown
45932200, ,keydown
45932400,c,keydown
45932500,o,keydown
45932700,n,keydown
45932800, ,keydown
45933000,l,keydown
45933100,e,keydown
45933200, ,keydown
45933500,t,keydown
45933500,u,keydown
45933900,e,keydown
45934000, ,keydown
45934300,i,keydown
45934400,s,keydown
45934600,t,keydown
45934800,r,keydown
45934800,u,keydown
45935100,z,keydown
45935100,i,keydown
45935300,o,keydown
45935400,n,keydown
45935400,i,keydown
45936300,",",keydown
45936400, ,keydown
45936600,i,keydown
45936700,n,keydown
45936800, ,keydown
45937200,c,keydown
45937400,u,keydown
45937400,i,keydown
45937500, ,keydown
45937800,s,keydown
45938000,e,keydown
45938200, ,keydown
45938900,n,keydown
45939000,o,keydown
45939200,n,keydown
45939300, ,keydown
45939800,s,keydown
45940000,i,keydown
45940100, ,keydown
45940400,v,keydown
45940500,u,keydown
45940600,o,keydown
45940900,l,keydown
45941100,e,keydown
45941600,Enter,keydown
45942100,f,keydown
45942100,a,keydown
45942200,r,keydown
45942300,e,keydown
45942400, ,keydown
45942500,l,keydown
45942700,#,keydown
45942800,e,keydown
45943100,s,keydown
45943400,p,keydown
45943500,e,keydown
45943800,r,keydown
45943800,i,keydown
45944000,m,keydown
45944200,e,keydown
45944200,n,keydown
45944300,t,keydown
45944500,o,keydown
45944600, ,keydown
45944800,u,keydown
45944800,n,keydown
45945000, ,keydown
45945300,g,keydown
45945400,i,keydown
45945400,o,keydown
45945600,r,keydown
45945700,n,keydown
45945800,o,keydown
45946700,",",keydown
45946800, ,keydown
45947100,e,keydown
45947500,#,keydown
45947700, ,keydown
45947900,p,keydown
45947900,o,keydown
45948200,s,keydown
45948300,s,keydown
45948400,i,keydown
45948500,b,keydown
45948600,i,keydown
45948800,l,keydown
45949000,e,keydown
45950700,",",keydown
45951300, ,keydown
45952400,m,keydown
45953300,a,keydown
45953400, ,keydown
45954500,i,keydown
45954500,o,keydown
45954700, ,keydown
45954800,c,keydown
45955000,e,keydown
45955100,r,keydown
45955400,c,keydown
45955500,o,keydown
45955800, ,keydown
45956500,d,keydown
45956500,i,keydown
45956600, ,keydown
45956900,e,keydown
45957100,s,keydown
45957200,s,keydown
45957400,e,keydown
45957600,r,keydown
45957700,e,keydown
45958400,Enter,keydown
45958700,l,keydown
45958900,i,keydown
45959100,g,keydown
45959200,i,keydown
45959200,o,keydown
45959400, ,keydown
45959500,e,keydown
45959700, ,keydown
45961100,d,keydown
45961200,i,keydown
45961300, ,keydown
45962500,p,keydown
45962600,r,keydown
45962700,o,keydown
45962900,c,keydown
45963000,e,keydown
45963200,d,keydown
45963200,e,keydown
45963400,r,keydown
45963500,e,keydown
45963600, ,keydown
45964800,g,keydown
45964800,i,keydown
45965000,o,keydown
45965100,r,keydown
45965300,n,keydown
45965700,a,keydown
45965800,l,keydown
45965900,m,keydown
45966100,e,keydown
45966200,n,keydown
45966300,t,keydown
45966300,e,keydown
45967500,.,keydown
45968400, ,keydown
45975400,#,keydown
45975600,a,keydown
45975800,l,keydown
45976000,l,keydown
45976100,a,keydown
45976200, ,keydown
45976300,f,keydown
45976400,i,keydown
45976500,n,keydown
45976600,e,keydown
45977100, ,keydown
45977300,d,keydown
45977300,e,keydown
45977400,l,keydown
45977600,l,keydown
45978100,#,keydown
45978500,e,keydown
45978600,s,keydown
45978800,p,keydown
45978900,e,keydown
45979100,r,keydown
45979300,i,keydown
45979400,m,keydown
45979500,e,keydown
45979600,n,keydown
45979700,t,keydown
45979900,o,keydown
45980300, ,keydown
45980800,s,keydown
45980900,i,keydown
45981100,Enter,keydown
45981300,d,keydown
45981400,e,keydown
45981500,v,keydown
45981700,e,keydown
45981700, ,keydown
45981900,p,keydown
45982000,r,keydown
45982100,e,keydown
45982300,m,keydown
45982500,e,keydown
45982500,r,keydown
45982600,e,keydown
45983300, ,keydown
45983600,i,keydown
45983600,l,keydown
45983800, ,keydown
45984400,t,keydown
45984400,a,keydown
45984600,s,keydown
45984900,t,keydown
45985200,o,keydown
45985200, ,keydown
45985600,s,keydown
45985700,u,keydown
45986000,b,keydown
45986200,m,keydown
45986400,i,keydown
45986500,t,keydown
45986700, ,keydown
45987000,q,keydown
45987300,u,keydown
45987400,e,keydown
45987700,r,keydown
45987800,y,keydown
45988900,",",keydown
45989100, ,keydown
45989400,e,keydown
45989700,d,keydown
45990400,#,keydown
45990600, ,keydown
45990700,e,keydown
45991200,#,keydown
45991400, ,keydown
45991700,c,keydown
45991700,i,keydown
45991900,o,keydown
45992200,#,keydown
45992200, ,keydown
45992500,c,keydown
45992500,h,keydown
45992700,e,keydown
45992800, ,keydown
45993000,f,keydown
45993000,a,keydown
45993200,r,keydown
45993400,o,keydown
45993600,#,keydown
45993900, ,keydown
45994400,a,keydown
45994600,d,keydown
45994600,e,keydown
45994900,s,keydown
45995000,s,keydown
45995200,o,keydown
