timestamp,key,type
28165400,Backspace,keydown
28165400,Backspace,keydown
28165400,Backspace,keydown
28165400,Backspace,keydown
28165400,Backspace,keydown
28165400,Backspace,keydown
28165400,Backspace,keydown
28165400,Backspace,keydown
28165400,#,keydown
28165600,c,keydown
28165900,i,keydown
28165900,a,keydown
28166100,o,keydown
28166500,.,keydown
28166700, ,keydown
28166900,#,keydown
28167200,o,keydown
28167600,g,keydown
28167700,g,keydown
28167800,i,keydown
28167900, ,keydown
28168500,r,keydown
28168600,i,keydown
28168800,p,keydown
28169000,s,keydown
28169100,o,keydown
28169100,r,keydown
28169700,Backspace,keydown
28169800,Backspace,keydown
28169900,Backspace,keydown
28170100,r,keydown
28170600,o,keydown
28170700, ,keydown
28171000,v,keydown
28171100,o,keydown
28171400,Backspace,keydown
28171500,Backspace,keydown
28171700,Backspace,keydown
28171900,v,keydown
28171900,o,keydown
28172100, ,keydown
28172300,a,keydown
28172500, ,keydown
28172900,s,keydown
28173000,c,keydown
28173300,r,keydown
28173400,u,keydown
28173700,v,keydown
28173700,e,keydown
28173800,r,keydown
28174000,r,keydown
28174000,e,keydown
28174300,Backspace,keydown
28174500,Backspace,keydown
28174600,Backspace,keydown
28174700,Backspace,keydown
28174800,Backspace,keydown
28174900,Backspace,keydown
28175500,i,keydown
28175800,v,keydown
28176000,e,keydown
28176100,r,keydown
28176200,e,keydown
28176600, ,keydown
28176700,q,keydown
28176900,u,keydown
28176900,a,keydown
28177200,l,keydown
28177300,c,keydown
28177300,o,keydown
28177500,s,keydown
28177700,a,keydown
28177900, ,keydown
28178100,p,keydown
28178300,e,keydown
28178300,r,keydown
28178500, ,keydown
28179500,l,keydown
28180100,#,keydown
28180300,e,keydown
28180400,s,keydown
28180600,p,keydown
28180800,e,keydown
28181000,r,keydown
28181200,i,keydown
28181400,m,keydown
28181400,e,keydown
28181600,n,keydown
28181700,t,keydown
28181900,o,keydown
28182700,.,keydown
28182900, ,keydown
28186300,#,keydown
28186600,m,keydown
28186700,i,keydown
28186800, ,keydown
28187000,p,keydown
28187200,i,keydown
28187400,a,keydown
28188200,Backspace,keydown
28188400,Backspace,keydown
28188500,Backspace,keydown
28188800,Enter,keydown
28189600,p,keydown
28189800,i,keydown
28189900,a,keydown
28190000,c,keydown
28190300,e,keydown
28190500,r,keydown
28190500,e,keydown
28190700,b,keydown
28190900,b,keydown
28190900,e,keydown
28191100, ,keydown
28191600,s,keydown
28191600,a,keydown
28191900,p,keydown
28191900,e,keydown
28192100,r,keydown
28192100,e,keydown
28192200, ,keydown
28193200,p,keydown
28193400,i,keydown
28193500,u,keydown
28193800,#,keydown
28194000, ,keydown
28194200,i,keydown
28194300,n,keydown
28194500, ,keydown
28194600,d,keydown
28194600,e,keydown
28194800,t,keydown
28195000,t,keydown
28195300,a,keydown
28195400,g,keydown
28195600,l,keydown
28195800,i,keydown
28196000,o,keydown
28196100, ,keydown
28196600,c,keydown
28196700,o,keydown
28196900,m,keydown
28197100,e,keydown
28197200, ,keydown
28197800,f,keydown
28198100,u,keydown
28198200,n,keydown
28198300,z,keydown
28198500,i,keydown
28198700,o,keydown
28198900,n,keydown
28199000,a,keydown
28199600,",",keydown
28199800, ,keydown
28200000,f,keydown
28200000,o,keydown
28200200,r,keydown
28200300,s,keydown
28200500,e,keydown
28200700, ,keydown
28201000,u,keydown
28201200,n,keydown
28201400, ,keydown
28201800,g,keydown
28201900,i,keydown
28202100,o,keydown
28202300,r,keydown
28202400,n,keydown
28202500,o,keydown
28202800, ,keydown
28203500,Enter,keydown
28205000,c,keydown
28205100,h,keydown
28205400,i,keydown
28205500,e,keydown
28205700,d,keydown
28205800,e,keydown
28205900,r,keydown
28206300,o,keydown
28207300,#,keydown
28207400, ,keydown
28207700,a,keydown
28207800, ,keydown
28208200,#,keydown
28208400,d,keydown
28208600,a,keydown
28208900,n,keydown
28209100,i,keydown
28209200,e,keydown
28209300,l,keydown
28209600,e,keydown
28210100, ,keydown
28210700,s,keydown
28210800,p,keydown
28211300,i,keydown
28211500,e,keydown
28212100,g,keydown
28212300,a,keydown
28212600,z,keydown
28212700,i,keydown
28212900,o,keydown
28213100,n,keydown
28213200,i,keydown
28214000,.,keydown
28214200, ,keydown
28214400,#,keydown
28214600,e,keydown
28214800,#,keydown
28215100, ,keydown
28219600,Backspace,keydown
28219700,Backspace,keydown
28219800,Backspace,keydown
28220200,#,keydown
28220400,i,keydown
28220500,l,keydown
28220600, ,keydown
28221300,t,keydown
28221500,i,keydown
28221600,p,keydown
28221800,o,keydown
28221900, ,keydown
28222300,d,keydown
28222300,s,keydown
28222400,i,keydown
28222400, ,keydown
28222900,Backspace,keydown
28223000,Backspace,keydown
28223100,Backspace,keydown
28223400,i,keydown
28223600, ,keydown
28224100,b,keydown
28224300,a,keydown
28224400,t,keydown
28224500,t,keydown
28224700,i,keydown
28224700,u,keydown
28225100,Backspace,keydown
28225500,t,keydown
28226500,i,keydown
28227400,Backspace,keydown
28228300,u,keydown
28228600,r,keydown
28228900,a,keydown
28229600, ,keydown
28229800,d,keydown
28229900,a,keydown
28230100,v,keydown
28230200,v,keydown
28230400,e,keydown
28230500,r,keydown
28230600,o,keydown
28230700, ,keydown
28231300,d,keydown
28231600,i,keydown
28231700,p,keydown
28231900,e,keydown
28232000,n,keydown
28232700,Backspace,keydown
28232800,Backspace,keydown
28233000,Backspace,keydown
28233100,Backspace,keydown
28233200,Backspace,keydown
28233500,Enter,keydown
28234300,d,keydown
28234500,i,keydown
28234600,p,keydown
28234800,e,keydown
28234900,n,keydown
28235400,Backspace,keydown
28235600,Backspace,keydown
28236300,e,keydown
28236700,n,keydown
28236800,d,keydown
28237000,e,keydown
28237100, ,keydown
28237800,d,keydown
28238300,a,keydown
28238500,l,keydown
28238700,l,keydown
28238800,a,keydown
28238900, ,keydown
28239300,n,keydown
28239600,Backspace,keydown
28239900,m,keydown
28240000,a,keydown
28240100,n,keydown
28240400,o,keydown
28240600, ,keydown
28240800,d,keydown
28240900,i,keydown
28241000, ,keydown
28241600,c,keydown
28241700,h,keydown
28241900,i,keydown
28241900, ,keydown
28242200,b,keydown
28242400,a,keydown
28242700,t,keydown
28242800,t,keydown
28243100,e,keydown
28243600,#,keydown
28243800,#,keydown
28244000, ,keydown
28244200,#,keydown
28244700,c,keydown
28245000,o,keydown
28245300,n,keydown
28245400, ,keydown
28245600,l,keydown
28245700,a,keydown
28245800, ,keydown
28246100,m,keydown
28246100,a,keydown
28246500,c,keydown
28246700,c,keydown
28246800,h,keydown
28247000,i,keydown
28247100,n,keydown
28247200,a,keydown
28247300, ,keydown
28247400,d,keydown
28247500,f,keydown
28247900,Backspace,keydown
28248200,a,keydown
28248300, ,keydown
28248600,s,keydown
28248800,c,keydown
28249000,r,keydown
28249100,i,keydown
28249300,v,keydown
28249400,e,keydown
28249500,r,keydown
28249600,e,keydown
28249700, ,keydown
28250000,e,keydown
28250600,#,keydown
28250900,Enter,keydown
28251400,p,keydown
28251800,i,keydown
28251900,u,keydown
28252200,#,keydown
28252400, ,keydown
28252700,f,keydown
28252800,a,keydown
28253000,c,keydown
28253000,i,keydown
28253200,l,keydown
28253300,e,keydown
28253500, ,keydown
28253700,p,keydown
28253800,e,keydown
28253900,r,keydown
28254200,c,keydown
28254400,h,keydown
28254400,e,keydown
28254700,#,keydown
28255000, ,keydown
28256500,c,keydown
28257100,#,keydown
28257200,e,keydown
28258000,#,keydown
28258200, ,keydown
28258400,l,keydown
28258500,a,keydown
28258600, ,keydown
28258700,q,keydown
28258900,u,keydown
28259000,a,keydown
28259200,n,keydown
28259800,Backspace,keydown
28260800,n,keydown
28261000,t,keydown
28261100,i,keydown
28261300,t,keydown
28261600,a,keydown
28261800,#,keydown
28261900, ,keydown
28262200,d,keydown
28262300,i,keydown
28262400, ,keydown
28262500,i,keydown
28262700,n,keydown
28262900,c,keydown
28262900,h,keydown
28263100,i,keydown
28263300,o,keydown
28263400,t,keydown
28263700,Backspace,keydown
28263900,s,keydown
28264100,t,keydown
28264100,r,keydown
28264200,o,keydown
28265100,",",keydown
28265300, ,keydown
28265500,m,keydown
28265500,a,keydown
28265600, ,keydown
28266500,Backspace,keydown
28266600,Backspace,keydown
28266800,Backspace,keydown
28266900,Backspace,keydown
28267100,Backspace,keydown
28268100, ,keydown
28268200,e,keydown
28268400, ,keydown
28269000,l,keydown
28269200,a,keydown
28269200, ,keydown
28269400,s,keydown
28269500,p,keydown
28269700,a,keydown
28270000,z,keydown
28270100,i,keydown
28270200,a,keydown
28271100,t,keydown
28271300,u,keydown
28271500,r,keydown
28271700,a,keydown
28272400,",",keydown
28272600,Enter,keydown
28272700,c,keydown
28273000,r,keydown
28273000,e,keydown
28273200,d,keydown
28273300,o,keydown
28273700,",",keydown
28273900, ,keydown
28274100,c,keydown
28274400,Backspace,keydown
28274700,m,keydown
28274900,a,keydown
28275000, ,keydown
28275500,f,keydown
28275700,o,keydown
28275800,r,keydown
28275900,s,keydown
28276200,e,keydown
28276200, ,keydown
28276500,a,keydown
28276500,n,keydown
28276600,c,keydown
28276800,h,keydown
28276800,e,keydown
28277000, ,keydown
28277600,q,keydown
28277700,u,keydown
28277900,i,keydown
28278100, ,keydown
28278600,c,keydown
28278900,#,keydown
28279100,e,keydown
28279400,#,keydown
28279500, ,keydown
28280100,u,keydown
28280200,n,keydown
28280300, ,keydown
28280600,p,keydown
28280700,o,keydown
28281000,#,keydown
28281200,",",keydown
28281700,Backspace,keydown
28282000, ,keydown
28282100,d,keydown
28282200,i,keydown
28282300, ,keydown
28283000,d,keydown
28283200,i,keydown
28283500,f,keydown
28283600,f,keydown
28283800,e,keydown
28283900,r,keydown
28284100,e,keydown
28284200,n,keydown
28284800,z,keydown
28285000,a,keydown
28287400, ,keydown
28289400,n,keydown
28289600,e,keydown
28289700,l,keydown
28289900, ,keydown
28290600,r,keydown
28290600,e,keydown
28290900,Backspace,keydown
28291100,Backspace,keydown
28291200,t,keydown
28291200,e,keydown
28291500,m,keydown
28291700,o,keydown
28292300,Backspace,keydown
28292700,p,keydown
28293000,o,keydown
28293000, ,keydown
28293200,c,keydown
28293400,h,keydown
28293500,e,keydown
28293800,Enter,keydown
28294200,i,keydown
28294400,n,keydown
28294600,t,keydown
28294700,e,keydown
28294900,r,keydown
28296300,c,keydown
28296400,o,keydown
28296600,r,keydown
28296700,r,keydown
28296800,e,keydown
28297500, ,keydown
28297800,t,keydown
28297800,r,keydown
28298200,a,keydown
28298300, ,keydown
28298900,u,keydown
28299100,n,keydown
28299200, ,keydown
28300000,Backspace,keydown
28301100,a,keydown
28301200, ,keydown
28301400,l,keydown
28301500,e,keydown
28302000,t,keydown
28302100,t,keydown
28302200,e,keydown
28302300,r,keydown
28302700,a,keydown
28302800, ,keydown
28302800,e,keydown
28302900, ,keydown
28303200,u,keydown
28303500,n,keydown
28304300,#,keydown
28304400,a,keydown
28304700,l,keydown
28304900,t,keydown
28304900,r,keydown
28305300,a,keydown
28311800,",",keydown
28312000, ,keydown
28312200,e,keydown
28312300, ,keydown
28314800,q,keydown
28315100,u,keydown
28315200,e,keydown
28315400,s,keydown
28315600,t,keydown
28315600,o,keydown
28315800, ,keydown
28316600,p,keydown
28316900,u,keydown
28317100,o,keydown
28317300,#,keydown
28317500, ,keydown
28317600,a,keydown
28317700,n,keydown
28317900,c,keydown
28318000,h,keydown
28318200,e,keydown
28318700, ,keydown
28319300,d,keydown
28319400,a,keydown
28319600,r,keydown
28319600,e,keydown
28319700, ,keydown
28320000,l,keydown
28320500,#,keydown
28320800,i,keydown
28321000,d,keydown
28321100,e,keydown
28321400,a,keydown
28321500, ,keydown
28321900,Enter,keydown
28322800,d,keydown
28323000,i,keydown
28323000, ,keydown
28323200,c,keydown
28323400,i,keydown
28323600,o,keydown
28324500,Backspace,keydown
28324700,Backspace,keydown
28324800,Backspace,keydown
28325600,c,keydown
28325800,o,keydown
28326000,m,keydown
28326100,e,keydown
28326300, ,keydown
28326600,c,keydown
28326800,i,keydown
28326900,a,keydown
28327400,s,keydown
28327600,c,keydown
28327700,u,keydown
28327900,n,keydown
28328000,o,keydown
28328100, ,keydown
28328200,i,keydown
28328400,n,keydown
28328600,t,keydown
28328700,e,keydown
28328700,r,keydown
28329200,p,keydown
28329300,r,keydown
28329500,e,keydown
28330200,t,keydown
28330500,i,keydown
28330500, ,keydown
28330800,l,keydown
28330800,a,keydown
28331000, ,keydown
28331200,t,keydown
28331400,a,keydown
28331600,s,keydown
28332100,t,keydown
28332200,i,keydown
28332300,e,keydown
28333200,r,keydown
28333400,a,keydown
28334000,",",keydown
28334200, ,keydown
28334400,c,keydown
28334500,i,keydown
28334700,o,keydown
28334700,e,keydown
28335000,#,keydown
28335100, ,keydown
28335300,s,keydown
28335500,e,keydown
28335600, ,keydown
28335800,e,keydown
28336100,#,keydown
28336500, ,keydown
28336700,u,keydown
28336900,n,keydown
28337000,a,keydown
28337200, ,keydown
28337900,Backspace,keydown
28338100,Backspace,keydown
28338400, ,keydown
28338500,d,keydown
28338700,a,keydown
28339100,t,keydown
28339200,t,keydown
28339400,i,keydown
28339600,l,keydown
28339800,o,keydown
28340100,g,keydown
28340200,r,keydown
28340400,a,keydown
28340600,f,keydown
28340800,o,keydown
28341200,Enter,keydown
28341800,o,keydown
28342300, ,keydown
28342500,u,keydown
28342700,n,keydown
28342900, ,keydown
28343600,p,keydown
28343700,r,keydown
28343900,o,keydown
28344100,f,keydown
28344300,a,keydown
28344400,n,keydown
28344500,b,keydown
28345000,Backspace,keydown
28345300,a,keydown
28345900,Backspace,keydown
28346300,o,keydown
28346600,.,keydown
28346900, ,keydown
28347000,#,keydown
28347100,n,keydown
28347800,a,keydown
28348400,t,keydown
28348900,u,keydown
28349600,r,keydown
28350000,a,keydown
28350200,l,keydown
28350300,e,keydown
28350500,m,keydown
28351100,Backspace,keydown
28351700,Backspace,keydown
28352000,m,keydown
28352000,e,keydown
28352200,n,keydown
28352300,t,keydown
28352500,e,keydown
28353100,",",keydown
28353200, ,keydown
28353400,d,keydown
28353600,i,keydown
28353700,p,keydown
28353800,e,keydown
28354000,n,keydown
28354300,d,keydown
28354600,e,keydown
28354700, ,keydown
28354800,c,keydown
28355000,n,keydown
28355100,a,keydown
28355400,h,keydown
28355400,c,keydown
28355600,Backspace,keydown
28355700,Backspace,keydown
28355800,Backspace,keydown
28356000,Backspace,keydown
28356100,Backspace,keydown
28356200,a,keydown
28356500,n,keydown
28356600,c,keydown
28356600,h,keydown
28356800,e,keydown
28356900, ,keydown
28357200,d,keydown
28357200,e,keydown
28357300,l,keydown
28357500,l,keydown
28357500,a,keydown
28357800,Backspace,keydown
28357900,Backspace,keydown
28358100,Backspace,keydown
28358200,Backspace,keydown
28358300,a,keydown
28358600,l,keydown
28358600,l,keydown
28358800,a,keydown
28358900, ,keydown
28359400,t,keydown
28359600,a,keydown
28359900,s,keydown
28360100,t,keydown
28360200,i,keydown
28360400,e,keydown
28360600,r,keydown
28360800,a,keydown
28361600,.,keydown
28361800, ,keydown
28362100,#,keydown
28362500,t,keydown
28362800,u,keydown
28363000,t,keydown
28363200,t,keydown
28363300,o,keydown
28363800,Enter,keydown
28364300,c,keydown
28364400,i,keydown
28364700,o,keydown
28364800,#,keydown
28364900, ,keydown
28365100,e,keydown
28365400,#,keydown
28365500, ,keydown
28365900,i,keydown
28366000,n,keydown
28366200,t,keydown
28366400,e,keydown
28366400,r,keydown
28366500,e,keydown
28366900,s,keydown
28367000,s,keydown
28367200,a,keydown
28367800,n,keydown
28367900,t,keydown
28368100,e,keydown
28369000,",",keydown
28369100, ,keydown
28369400,c,keydown
28369700,r,keydown
28369800,e,keydown
28370100,c,keydown
28370200,o,keydown
28370300, ,keydown
28370500,c,keydown
28370500,h,keydown
28370700,e,keydown
28370800, ,keydown
28371100,m,keydown
28371200,i,keydown
28371500,Backspace,keydown
28371700,Backspace,keydown
28371900,Backspace,keydown
28372000,Backspace,keydown
28372000,Backspace,keydown
28372000,Backspace,keydown
28372100,Backspace,keydown
28372100,Backspace,keydown
28372500,Backspace,keydown
28373000,d,keydown
28373100,i,keydown
28373300, ,keydown
28373600,Backspace,keydown
28373800,Backspace,keydown
28374400,i,keydown
28374500, ,keydown
28374800,Backspace,keydown
28374900,Backspace,keydown
28375200,o,keydown
28375400, ,keydown
28375600,c,keydown
28375600,j,keydown
28375600,h,keydown
28375800,e,keydown
28376200,Backspace,keydown
28376300,Backspace,keydown
28376400,Backspace,keydown
28376900,h,keydown
28376900,e,keydown
28377000, ,keydown
28377200,m,keydown
28377400,i,keydown
28377500, ,keydown
28377700,i,keydown
28377800,n,keydown
28378400,f,keydown
28378500,o,keydown
28378700,r,keydown
28378800,m,keydown
28379000,e,keydown
28379300,t,keydown
28379600,Backspace,keydown
28380100,r,keydown
28380200,o,keydown
28380600,#,keydown
28380900, ,keydown
28381600,s,keydown
28381700,y,keydown
28381700,u,keydown
28382100,Backspace,keydown
28382300,Backspace,keydown
28382900,u,keydown
28383100,i,keydown
28383100, ,keydown
28383300,r,keydown
28383500,i,keydown
28384200,s,keydown
28384300,u,keydown
28384500,l,keydown
28384600,t,keydown
28385000,a,keydown
28385400,t,keydown
28385700,i,keydown
28385800, ,keydown
28386000,e,keydown
28386300,Enter,keydown
28386700,s,keydown
28386900,u,keydown
28387100,l,keydown
28387200,l,keydown
28387300,e,keydown
28387500, ,keydown
28387800,t,keydown
28387900,e,keydown
28388000,r,keydown
28388200,o,keydown
28388400,r,keydown
28388600,i,keydown
28388600,e,keydown
28389100,Backspace,keydown
28389300,Backspace,keydown
28389400,Backspace,keydown
28389500,Backspace,keydown
28389600,Backspace,keydown
28390100,o,keydown
28390300,r,keydown
28390400,i,keydown
28390600,e,keydown
28390700, ,keydown
28390900,c,keydown
28391100,h,keydown
28391200,e,keydown
28391300, ,keydown
28391600,s,keydown
28391900,t,keydown
28392100,a,keydown
28392200,n,keydown
28392300,n,keydown
28392600,o,keydown
28392700, ,keydown
28393100,d,keydown
28393300,i,keydown
28393400,e,keydown
28393600,t,keydown
28393800,r,keydown
28394000,o,keydown
28394200, ,keydown
28394300,c,keydown
28394700,Backspace,keydown
28394800,a,keydown
28395000, ,keydown
28395500,q,keydown
28395600,u,keydown
28395700,e,keydown
28396000,s,keydown
28396100,t,keydown
28396200,i,keydown
28396400, ,keydown
28396700,e,keydown
28396900,s,keydown
28397300,e,keydown
28397400,p,keydown
28397900,Backspace,keydown
28398100,Backspace,keydown
28398300,p,keydown
28398300,e,keydown
28399100,r,keydown
28399200,i,keydown
28399400,m,keydown
28399500,e,keydown
28399700,n,keydown
28399700,t,keydown
28399800,i,keydown
28400600,.,keydown
28401800, ,keydown
28402100,#,keydown
28402400,b,keydown
28402600,e,keydown
28402700,n,keydown
28402700,e,keydown
28402900, ,keydown
28403300,Backspace,keydown
28403700,",",keydown
28403900, ,keydown
28404000,p,keydown
28404200,e,keydown
28404200,r,keydown
28404300, ,keydown
28404800,o,keydown
28405100,g,keydown
28405200,g,keydown
28405300,i,keydown
28405700,Enter,keydown
28406300,w,keydown
28406600,Backspace,keydown
28406600,e,keydown
28407000,#,keydown
28407400, ,keydown
28407700,t,keydown
28407900,u,keydown
28408000,t,keydown
28408100,t,keydown
28408200,o,keydown
28408700,.,keydown
28408900, ,keydown
28409100,#,keydown
28409200,a,keydown
28409400, ,keydown
28409500,p,keydown
28409600,r,keydown
28409700,e,keydown
28410300,s,keydown
28410500,t,keydown
28410700,o,keydown
28411000,.,keydown
