timestamp,key,type
37084700,Backspace,keydown
37084700,Backspace,keydown
37084700,Backspace,keydown
37084700,Backspace,keydown
37084700,Backspace,keydown
37084700,Backspace,keydown
37084700,Backspace,keydown
37084700,Backspace,keydown
37084700,#,keydown
37084900,m,keydown
37085100,o,keydown
37085300,l,keydown
37086100,Backspace,keydown
37086200,g,keydown
37086300,l,keydown
37086600,i,keydown
37087000,e,keydown
37087300, ,keydown
37087400,e,keydown
37087400, ,keydown
37087700,m,keydown
37087700,a,keydown
37088000,r,keydown
37088000,i,keydown
37088300,t,keydown
37088400,o,keydown
37089000, ,keydown
37089200,s,keydown
37089400,o,keydown
37089500,n,keydown
37089500,o,keydown
37089800, ,keydown
37089800,a,keydown
37090200,s,keydown
37090300,s,keydown
37090500,i,keydown
37090700,e,keydown
37090800,m,keydown
37090900,e,keydown
37091200, ,keydown
37091600,d,keydown
37091600,a,keydown
37091800,l,keydown
37091900,l,keydown
37092000,o,keydown
37092100, ,keydown
37092500,p,keydown
37092600,s,keydown
37092800,i,keydown
37093400,c,keydown
37093400,o,keydown
37093600,l,keydown
37093800,o,keydown
37094100,g,keydown
37094200,o,keydown
37095700, ,keydown
37095900,p,keydown
37096000,e,keydown
37096000,r,keydown
37096100, ,keydown
37096300,c,keydown
37096400,e,keydown
37096600,r,keydown
37096700,c,keydown
37096800,a,keydown
37097100,r,keydown
37097300,e,keydown
37097800, ,keydown
37098000,d,keydown
37098100,i,keydown
37098400, ,keydown
37099900,r,keydown
37100100,i,keydown
37100200,s,keydown
37100300,o,keydown
37100500,l,keydown
37100700,v,keydown
37100800,e,keydown
37100900,r,keydown
37101000,e,keydown
37102200,Enter,keydown
37102800,u,keydown
37102900,n,keydown
37103100,a,keydown
37103500, ,keydown
37104400,d,keydown
37104500,e,keydown
37104700,l,keydown
37104900,i,keydown
37105000,c,keydown
37105000,a,keydown
37105100,t,keydown
37105300,a,keydown
37105500, ,keydown
37105800,q,keydown
37106000,u,keydown
37106100,e,keydown
37106300,s,keydown
37106300,t,keydown
37106600,i,keydown
37106700,o,keydown
37106800,n,keydown
37107000,e,keydown
37107400,.,keydown
37108200, ,keydown
37108400,#,keydown
37108600,l,keydown
37108800,a,keydown
37109000, ,keydown
37109200,m,keydown
37109400,o,keydown
37109900,g,keydown
37110000,l,keydown
37110100,i,keydown
37110400,e,keydown
37110700,",",keydown
37110800, ,keydown
37111000,i,keydown
37111100,n,keydown
37111300,f,keydown
37111500,a,keydown
37111600,t,keydown
37111700,t,keydown
37111900,i,keydown
37112200,",",keydown
37112600, ,keydown
37113800,s,keydown
37114000,p,keydown
37114400,i,keydown
37114800,e,keydown
37114900,g,keydown
37115000,a,keydown
37115200, ,keydown
37115400,a,keydown
37115600,l,keydown
37115600, ,keydown
37115900,d,keydown
37115900,o,keydown
37116100,t,keydown
37116200,t,keydown
37116400,o,keydown
37116500,r,keydown
37116700,e,keydown
37116800, ,keydown
37117400,l,keydown
37117500,a,keydown
37117700, ,keydown
37118300,n,keydown
37118300,a,keydown
37118500,t,keydown
37118600,u,keydown
37118800,r,keydown
37118900,a,keydown
37119300, ,keydown
37119600,d,keydown
37119600,e,keydown
37119700,l,keydown
37119900, ,keydown
37120100,p,keydown
37120300,r,keydown
37120500,o,keydown
37121400,Backspace,keydown
37121500,Backspace,keydown
37121600,Backspace,keydown
37121700,Backspace,keydown
37122000,Enter,keydown
37122600,p,keydown
37122800,r,keydown
37122900,o,keydown
37123000,b,keydown
37123200,l,keydown
37123300,e,keydown
37123400,m,keydown
37123500,a,keydown
37123900,#,keydown
37124300,#,keydown
37125000, ,keydown
37125100,#,keydown
37125300,#,keydown
37125600, ,keydown
37126200,Backspace,keydown
37126500,v,keydown
37126600,e,keydown
37126900,d,keydown
37126900,e,keydown
37127100, ,keydown
37127300,d,keydown
37127500,o,keydown
37127800,t,keydown
37127900,t,keydown
37128000,o,keydown
37128100,r,keydown
37128200,e,keydown
37128400,",",keydown
37128600, ,keydown
37130100,i,keydown
37130200,o,keydown
37130200, ,keydown
37130500,e,keydown
37130700, ,keydown
37130800,m,keydown
37131100,i,keydown
37131200,o,keydown
37131300, ,keydown
37131700,m,keydown
37131700,",",keydown
37131900,a,keydown
37132400,r,keydown
37132500,i,keydown
37132700,t,keydown
37132800,o,keydown
37133300, ,keydown
37133600,d,keydown
37133700,a,keydown
37133800, ,keydown
37134100,q,keydown
37134300,u,keydown
37134400,a,keydown
37134600,l,keydown
37134800,c,keydown
37134900,h,keydown
37135000,e,keydown
37135600, ,keydown
37136200,t,keydown
37136200,e,keydown
37136300,m,keydown
37136400,p,keydown
37136600,o,keydown
37136700, ,keydown
37136900,a,keydown
37137100,b,keydown
37137200,b,keydown
37137300,i,keydown
37137600,a,keydown
37137700,m,keydown
37137800,o,keydown
37139500,Enter,keydown
37139600,d,keydown
37139600,e,keydown
37139800,l,keydown
37139900,l,keydown
37140100,e,keydown
37140100, ,keydown
37140300,d,keydown
37140500,i,keydown
37140700,v,keydown
37140800,e,keydown
37140900,r,keydown
37141200,g,keydown
37141300,e,keydown
37141400,n,keydown
37141900,z,keydown
37142100,e,keydown
37143000, ,keydown
37143500,i,keydown
37143600,n,keydown
37143700, ,keydown
37144000,f,keydown
37144000,a,keydown
37144100,t,keydown
37144200,t,keydown
37144500,o,keydown
37144600, ,keydown
37144800,d,keydown
37144900,i,keydown
37144900, ,keydown
37145300,s,keydown
37145400,e,keydown
37145600,s,keydown
37145700,s,keydown
37145900,o,keydown
37146300,#,keydown
37147300, ,keydown
37147600,i,keydown
37147800,l,keydown
37147900, ,keydown
37148400,p,keydown
37148500,r,keydown
37148600,o,keydown
37148800,b,keydown
37149000,l,keydown
37149200,e,keydown
37149400,m,keydown
37149500,a,keydown
37149800, ,keydown
37149900,i,keydown
37150000,n,keydown
37150100, ,keydown
37150300,s,keydown
37150600,i,keydown
37150900,n,keydown
37151100,t,keydown
37151200,e,keydown
37151500,s,keydown
37151600,i,keydown
37151900, ,keydown
37152700,e,keydown
37152700,#,keydown
37153100, ,keydown
37153400,q,keydown
37153500,u,keydown
37153600,e,keydown
37153800,s,keydown
37154100,t,keydown
37154200,o,keydown
37154300,#,keydown
37154500,#,keydown
37154800, ,keydown
37156100,Enter,keydown
37156500,a,keydown
37156700,p,keydown
37156800,p,keydown
37156900,e,keydown
37157100,n,keydown
37157100,a,keydown
37157200, ,keydown
37157400,m,keydown
37157700,i,keydown
37157800, ,keydown
37157900,s,keydown
37158300,v,keydown
37158400,e,keydown
37158700,g,keydown
37158700,l,keydown
37158900,i,keydown
37159100,o,keydown
37161400,",",keydown
37161600, ,keydown
37161800,l,keydown
37161800,a,keydown
37161900, ,keydown
37162100,m,keydown
37162200,a,keydown
37162400,t,keydown
37162500,t,keydown
37162700,i,keydown
37162900,n,keydown
37163000,a,keydown
37163200,",",keydown
37163300, ,keydown
37164500,g,keydown
37164700,l,keydown
37164700,i,keydown
37164800, ,keydown
37165100,s,keydown
37165300,a,keydown
37165400,l,keydown
37166300,t,keydown
37166300,o,keydown
37166400, ,keydown
37167100,a,keydown
37167600,d,keydown
37167800,d,keydown
37167900,o,keydown
37168200,s,keydown
37168400,s,keydown
37168600,o,keydown
37169200,",",keydown
37169900, ,keydown
37170300,#,keydown
37170300,l,keydown
37170500,o,keydown
37170600, ,keydown
37170800,b,keydown
37170900,a,keydown
37171100,c,keydown
37171200,i,keydown
37171400,o,keydown
37172100,",",keydown
37172300, ,keydown
37172900,f,keydown
37173300,Backspace,keydown
37173600,g,keydown
37173600,l,keydown
37173900,i,keydown
37174000, ,keydown
37174700,f,keydown
37174800,a,keydown
37174900,c,keydown
37175000,c,keydown
37175200,i,keydown
37175400,o,keydown
37175700,Enter,keydown
37176500,q,keydown
37176700,u,keydown
37176800,a,keydown
37176900,l,keydown
37177000,c,keydown
37177200,h,keydown
37177200,e,keydown
37177300, ,keydown
37177500,c,keydown
37177600,o,keydown
37177800,c,keydown
37177800,c,keydown
37177900,o,keydown
37178100,l,keydown
37178200,a,keydown
37178600,",",keydown
37180500,Backspace,keydown
37180700, ,keydown
37180900,e,keydown
37181100, ,keydown
37181300,p,keydown
37181500,o,keydown
37181600,i,keydown
37181800, ,keydown
37182600,f,keydown
37182600,a,keydown
37182800,c,keydown
37183000,c,keydown
37183200,i,keydown
37183300,a,keydown
37183500,m,keydown
37183600,o,keydown
37183700, ,keydown
37184100,l,keydown
37184400,#,keydown
37184700,a,keydown
37184800,m,keydown
37184900,o,keydown
37185200,r,keydown
37185300,e,keydown
37186300,#,keydown
37186500,#,keydown
37186600,#,keydown
37187200,Backspace,keydown
37187300,Backspace,keydown
37187400,#,keydown
37188000,.,keydown
37188100,#,keydown
37188200,#,keydown
37189400, ,keydown
37189800,#,keydown
37190100,#,keydown
37190400, ,keydown
37191200,Backspace,keydown
37191600,t,keydown
37191800,u,keydown
37192000,t,keydown
37192100,t,keydown
37192300,o,keydown
37192400, ,keydown
37192500,q,keydown
37192700,u,keydown
37192800,i,keydown
37193000, ,keydown
37193300,s,keydown
37193400,i,keydown
37193700,g,keydown
37194100,n,keydown
37194200,o,keydown
37194500,r,keydown
37194600,a,keydown
37194800, ,keydown
37194900,#,keydown
37195200,#,keydown
37196600,#,keydown
37196800,#,keydown
37198300, ,keydown
37198800,r,keydown
37198900,i,keydown
37199100,s,keydown
37199100,p,keydown
37199200,o,keydown
37199400,n,keydown
37199600,d,keydown
37199600,e,keydown
37199800,Enter,keydown
37201300,i,keydown
37201400,l,keydown
37201800, ,keydown
37202000,m,keydown
37202100,e,keydown
37202200,d,keydown
37202500,i,keydown
37202700,c,keydown
37202700,o,keydown
37203100, ,keydown
37203200,#,keydown
37203400,#,keydown
37203600, ,keydown
37204300,Backspace,keydown
37204500,#,keydown
37204600,n,keydown
37204800,o,keydown
37205000,n,keydown
37205100, ,keydown
37205400,t,keydown
37205500,r,keydown
37205700,o,keydown
37206000,v,keydown
37206100,o,keydown
37206300, ,keydown
37206500,b,keydown
37207000,Backspace,keydown
37207200,n,keydown
37207400,u,keydown
37207500,l,keydown
37207600,l,keydown
37208800,a,keydown
37209000, ,keydown
37209800,d,keydown
37210000,i,keydown
37210000, ,keydown
37210200,s,keydown
37210300,t,keydown
37210300,r,keydown
37210500,a,keydown
37210900,n,keydown
37211100,o,keydown
37211200, ,keydown
37211400,i,keydown
37211600,n,keydown
37211700, ,keydown
37211900,q,keydown
37212300,u,keydown
37212500,e,keydown
37212700,s,keydown
37212700,t,keydown
37212900,o,keydown
37213000, ,keydown
37213200,c,keydown
37213300,o,keydown
37213500,m,keydown
37213600,p,keydown
37213800,o,keydown
37213900,r,keydown
37214200,t,keydown
37214300,a,keydown
37214300,m,keydown
37215200,e,keydown
37215400,n,keydown
37215600,t,keydown
37215600,e,keydown
37216300,Backspace,keydown
37216700,o,keydown
37216800,#,keydown
37217400,.,keydown
37217500,.,keydown
37217700,.,keydown
37217800,#,keydown
37217900,#,keydown
37218500, ,keydown
37218600,#,keydown
37219100,#,keydown
37220000,Backspace,keydown
37220200,Enter,keydown
37220400,#,keydown
37220800,#,keydown
37222000,#,keydown
37222200,s,keydown
37223000,Backspace,keydown
37223300,Backspace,keydown
37223400,Backspace,keydown
37223800,Backspace,keydown
37224300,Backspace,keydown
37224500,#,keydown
37224800,#,keydown
37225400,Enter,keydown
37225600,#,keydown
37226100,#,keydown
37226500,s,keydown
37227000,i,keydown
37227300,",",keydown
37227500, ,keydown
37227600,m,keydown
37227800,a,keydown
37228000, ,keydown
37228400,v,keydown
37228600,e,keydown
37228700,d,keydown
37228800,e,keydown
37229500, ,keydown
37230600,Backspace,keydown
37231300,#,keydown
37231500,#,keydown
37231700, ,keydown
37304300,r,keydown
37304500,i,keydown
37304700,p,keydown
37304900,r,keydown
37304900,e,keydown
37305100,n,keydown
37305200,d,keydown
37305300,e,keydown
37305500, ,keydown
37305700,l,keydown
37305800,a,keydown
37305800, ,keydown
37306400,s,keydown
37306500,i,keydown
37306700,g,keydown
37306800,n,keydown
37307000,o,keydown
37307200,r,keydown
37307400,a,keydown
37308500, ,keydown
37308600,#,keydown
37308900,#,keydown
37310400,i,keydown
37310500,l,keydown
37310600, ,keydown
37310900,f,keydown
37310900,a,keydown
37311000,t,keydown
37311100,t,keydown
37311400,o,keydown
37311500, ,keydown
37311700,e,keydown
37311800,#,keydown
37312100, ,keydown
37314800,c,keydown
37315700,h,keydown
37315700,e,keydown
37315800, ,keydown
37316100,a,keydown
37316200,p,keydown
37316400,p,keydown
37316500,e,keydown
37316600,n,keydown
37316900,a,keydown
37317100, ,keydown
37319100,l,keydown
37320500,u,keydown
37320500,i,keydown
37320700, ,keydown
37321100,t,keydown
37321200,o,keydown
37321300,r,keydown
37321500,n,keydown
37321600,a,keydown
37321800, ,keydown
37321900,a,keydown
37322200, ,keydown
37322300,c,keydown
37322400,a,keydown
37322600,s,keydown
37322600,a,keydown
37323600,Enter,keydown
37324500,p,keydown
37324600,e,keydown
37324700,r,keydown
37324800, ,keydown
37325100,i,keydown
37325200,l,keydown
37325200, ,keydown
37325400,p,keydown
37325500,r,keydown
37325700,a,keydown
37325800,n,keydown
37325900,z,keydown
37326200,o,keydown
37327500,",",keydown
37327500, ,keydown
37327700,l,keydown
37327900,a,keydown
37327900, ,keydown
37328200,p,keydown
37328300,r,keydown
37328500,i,keydown
37328500,m,keydown
37328600,a,keydown
37328800, ,keydown
37329000,c,keydown
37329400,o,keydown
37329600,s,keydown
37329800,a,keydown
37329900, ,keydown
37330700,c,keydown
37330900,h,keydown
37331000,e,keydown
37331100, ,keydown
37331500,f,keydown
37331600,a,keydown
37331700,c,keydown
37331900,c,keydown
37332000,i,keydown
37332100,o,keydown
37332800, ,keydown
37333000,e,keydown
37333100,#,keydown
37333300, ,keydown
37335100,s,keydown
37335600,a,keydown
37336100,l,keydown
37336300,t,keydown
37336600,a,keydown
37336700,r,keydown
37337000,g,keydown
37337200,l,keydown
37337400,i,keydown
37337700, ,keydown
37337800,a,keydown
37338300,d,keydown
37338500,d,keydown
37338600,o,keydown
37338800,s,keydown
37338900,s,keydown
37339100,o,keydown
37340500,",",keydown
37340600, ,keydown
37340800,b,keydown
37340900,a,keydown
37341200,c,keydown
37341400,i,keydown
37341600,a,keydown
37341700,r,keydown
37341900,l,keydown
37342000,o,keydown
37343000,Enter,keydown
37344100,f,keydown
37344100,a,keydown
37344300,r,keydown
37344800,g,keydown
37345100,l,keydown
37345300,i,keydown
37345500, ,keydown
37346000,q,keydown
37346300,u,keydown
37346300,a,keydown
37346400,l,keydown
37346600,c,keydown
37346700,h,keydown
37346700,e,keydown
37346800, ,keydown
37347300,c,keydown
37347400,o,keydown
37347500,c,keydown
37347700,c,keydown
37347800,o,keydown
37347900,l,keydown
37348100,a,keydown
37349500, ,keydown
37350000,i,keydown
37350500,Backspace,keydown
37350900,e,keydown
37351000, ,keydown
37351200,p,keydown
37351300,o,keydown
37351400,i,keydown
37351600, ,keydown
37351900,f,keydown
37352000,a,keydown
37352200,r,keydown
37352300,e,keydown
37352400, ,keydown
37352700,l,keydown
37352800,#,keydown
37352900,a,keydown
37353200,m,keydown
37353400,o,keydown
37353500,r,keydown
37353500,e,keydown
37355500,.,keydown
37355600,.,keydown
37355800,.,keydown
37356000,#,keydown
37356100,#,keydown
37357200, ,keydown
37357400,#,keydown
37357500,#,keydown
37357900, ,keydown
37358300,Backspace,keydown
37358600,b,keydown
37358900,e,keydown
37358900,n,keydown
37359100,e,keydown
37359200, ,keydown
37359400,s,keydown
37359600,i,keydown
37359800,g,keydown
37360000,n,keydown
37360100,o,keydown
37360400,r,keydown
37360600,a,keydown
37362400,#,keydown
37362700,#,keydown
37362900, ,keydown
37363300,r,keydown
37363300,e,keydown
37363600,p,keydown
37363600,l,keydown
37363900,i,keydown
37363900,c,keydown
37364000,a,keydown
37364100, ,keydown
37364300,i,keydown
37364500,l,keydown
37364600, ,keydown
37365000,Enter,keydown
37365500,d,keydown
37365500,o,keydown
37365700,t,keydown
37365800,t,keydown
37365900,o,keydown
37366100,r,keydown
37366100,e,keydown
37367500, ,keydown
37367600,#,keydown
37367800,#,keydown
37370400,m,keydown
37370700,i,keydown
37370800, ,keydown
37371000,f,keydown
37371100,a,keydown
37371100, ,keydown
37371400,p,keydown
37371500,i,keydown
37371600,a,keydown
37371800,c,keydown
37372100,e,keydown
37372100,r,keydown
37372300,e,keydown
37372400, ,keydown
37373400,s,keydown
37373700,c,keydown
37373900,o,keydown
37374100,p,keydown
37374500,r,keydown
37374700,i,keydown
37374800,r,keydown
37375000,e,keydown
37375200, ,keydown
37376200,c,keydown
37376400,h,keydown
37376500,e,keydown
37376500, ,keydown
37376700,l,keydown
37376800,a,keydown
37376900, ,keydown
37377200,v,keydown
37377300,o,keydown
37377500,s,keydown
37377600,t,keydown
37377700,r,keydown
37377800,a,keydown
37378100, ,keydown
37378900,c,keydown
37379100,o,keydown
37379300,p,keydown
37379400,p,keydown
37379500,i,keydown
37379700,a,keydown
37380100, ,keydown
37381000,f,keydown
37381200,u,keydown
37381200,n,keydown
37381400,z,keydown
37381600,i,keydown
37381600,o,keydown
37381900,n,keydown
37382000,a,keydown
37385200, ,keydown
37385500,c,keydown
37385600,o,keydown
37385700,s,keydown
37385900,i,keydown
37386100,#,keydown
37386200, ,keydown
37386600,b,keydown
37386600,e,keydown
37386900,n,keydown
37386900,e,keydown
37387200,#,keydown
37387200,#,keydown
37387700,#,keydown
37387800,#,keydown
37388200,Enter,keydown
37391000,#,keydown
37391100,#,keydown
37391700,#,keydown
37391800,s,keydown
37392000,i,keydown
37392700, ,keydown
37392800,m,keydown
37393000,a,keydown
37393300, ,keydown
37393500,v,keydown
37393700,e,keydown
37393800,d,keydown
37393900,e,keydown
37395200, ,keydown
37395800,d,keydown
37395900,o,keydown
37396100,t,keydown
37396200,t,keydown
37396400,o,keydown
37396500,r,keydown
37396600,e,keydown
37396900,#,keydown
37397100,#,keydown
37397400, ,keydown
37397500,d,keydown
37397700,i,keydown
37397800,c,keydown
37397900,e,keydown
37398100, ,keydown
37398300,a,keydown
37398500,m,keydown
37399100,c,keydown
37399500,o,keydown
37399900,r,keydown
37400000,a,keydown
37400200, ,keydown
37400400,l,keydown
37400400,a,keydown
37400600, ,keydown
37400900,d,keydown
37401000,o,keydown
37401300,n,keydown
37401400,n,keydown
37401400,a,keydown
37401900, ,keydown
37402000,#,keydown
37402200,#,keydown
37403200,l,keydown
37403400,a,keydown
37403500, ,keydown
37403800,s,keydown
37403900,t,keydown
37404000,e,keydown
37404200,s,keydown
37404300,s,keydown
37404500,a,keydown
37404600, ,keydown
37405000,c,keydown
37405100,o,keydown
37405300,s,keydown
37405400,a,keydown
37405400, ,keydown
37405900,s,keydown
37406200,u,keydown
37406400,d,keydown
37406700,Backspace,keydown
37406800,c,keydown
37407000,c,keydown
37407100,e,keydown
37407200,d,keydown
37407400,e,keydown
37407800, ,keydown
37408000,a,keydown
37408800,n,keydown
37408900,c,keydown
37409000,g,keydown
37409500,Backspace,keydown
37409700,h,keydown
37411300,e,keydown
37411700,Enter,keydown
37412100,q,keydown
37412400,u,keydown
37413900,a,keydown
37414100,n,keydown
37414200,d,keydown
37414300,o,keydown
37414400, ,keydown
37414600,r,keydown
37414800,i,keydown
37415000,t,keydown
37415100,o,keydown
37415400,r,keydown
37415600,n,keydown
37415800,a,keydown
37415900, ,keydown
37416800,p,keydown
37416900,e,keydown
37417000,r,keydown
37417200, ,keydown
37418500,c,keydown
37418500,e,keydown
37418700,n,keydown
37418900,a,keydown
37419000, ,keydown
37419300,e,keydown
37419300, ,keydown
37419500,p,keydown
37419700,o,keydown
37420000,i,keydown
37420400, ,keydown
37420800,p,keydown
37421000,r,keydown
37421100,i,keydown
37421100,m,keydown
37421200,a,keydown
37421400, ,keydown
37421600,d,keydown
37421600,i,keydown
37421700, ,keydown
37421900,a,keydown
37422000,n,keydown
37422200,d,keydown
37422200,a,keydown
37422600,r,keydown
37422600,e,keydown
37422700, ,keydown
37422900,a,keydown
37423200,l,keydown
37423300, ,keydown
37424000,Backspace,keydown
37424100,Backspace,keydown
37424700, ,keydown
37424800,l,keydown
37424900,e,keydown
37425100,t,keydown
37425300,t,keydown
37425600,o,keydown
37426900, ,keydown
37427200,e,keydown
37427400, ,keydown
37427600,a,keydown
37427700, ,keydown
37428000,v,keydown
37428300,o,keydown
37428400,l,keydown
37428500,t,keydown
37428600,e,keydown
37429300, ,keydown
37429400,a,keydown
37429700,n,keydown
37429800,c,keydown
37429900,h,keydown
37430200,e,keydown
37430700,Enter,keydown
37434700,i,keydown
37434800,n,keydown
37434800, ,keydown
37435000,p,keydown
37435200,i,keydown
37435500,e,keydown
37435500,n,keydown
37435600,a,keydown
37435800, ,keydown
37436000,n,keydown
37436100,o,keydown
37436300,t,keydown
37436500,t,keydown
37436700,e,keydown
37440600,",",keydown
37440800, ,keydown
37441000,m,keydown
37441100,i,keydown
37441200, ,keydown
37441400,s,keydown
37441500,v,keydown
37441600,e,keydown
37442000,g,keydown
37442100,l,keydown
37442200,i,keydown
37442400,o,keydown
37443900, ,keydown
37444700,g,keydown
37444700,l,keydown
37444900,i,keydown
37445000, ,keydown
37445100,s,keydown
37445300,a,keydown
37445500,l,keydown
37445700,t,keydown
37445900,o,keydown
37446000, ,keydown
37446300,a,keydown
37447100,d,keydown
37447200,d,keydown
37447400,o,keydown
37447600,c,keydown
37447900,Backspace,keydown
37448100,s,keydown
37448400,s,keydown
37448400,o,keydown
37448900, ,keydown
37449200,Backspace,keydown
37449300,",",keydown
37449400, ,keydown
37449600,l,keydown
37449700,o,keydown
37449900, ,keydown
37450200,b,keydown
37450300,a,keydown
37450700,c,keydown
37450700,i,keydown
37450800,o,keydown
37452000,",",keydown
37452100, ,keydown
37452700,g,keydown
37452800,l,keydown
37452900,i,keydown
37453100, ,keydown
37454100,f,keydown
37454200,a,keydown
37454800,c,keydown
37454900,c,keydown
37454900,i,keydown
37455000,o,keydown
37455200, ,keydown
37455400,q,keydown
37455500,u,keydown
37455600,a,keydown
37455800,l,keydown
37456000,c,keydown
37456000,h,keydown
37456100,e,keydown
37456400,Enter,keydown
37456700,c,keydown
37456900,o,keydown
37457100,c,keydown
37457400,c,keydown
37457500,o,keydown
37457500,l,keydown
37457600,a,keydown
37458600, ,keydown
37458900,i,keydown
37459300,Backspace,keydown
37459600,e,keydown
37459700, ,keydown
37459900,p,keydown
37460000,o,keydown
37460200,i,keydown
37460300, ,keydown
37460800,f,keydown
37460800,a,keydown
37461000,c,keydown
37461200,c,keydown
37461400,i,keydown
37461500,a,keydown
37461500,m,keydown
37461700,o,keydown
37461800, ,keydown
37463200,l,keydown
37463300,#,keydown
37463600,a,keydown
37463800,m,keydown
37463900,o,keydown
37464100,r,keydown
37464100,e,keydown
37464500,.,keydown
37464700,.,keydown
37464900,.,keydown
37465100,#,keydown
37465100,#,keydown
37466500, ,keydown
37466700,#,keydown
37466900,#,keydown
37467300,m,keydown
37467600,a,keydown
37467800, ,keydown
37467900,c,keydown
37468200,o,keydown
37468300,m,keydown
37468600,p,keydown
37468600,l,keydown
37468700,i,keydown
37469000,m,keydown
37469100,e,keydown
37469200,n,keydown
37469300,t,keydown
37469400,i,keydown
37471200, ,keydown
37471400,d,keydown
37471500,a,keydown
37471700,v,keydown
37471900,v,keydown
37471900,e,keydown
37472000,r,keydown
37472300,o,keydown
37472500,#,keydown
37472800,#,keydown
37473900,#,keydown
37474100,#,keydown
37474300, ,keydown
37474800,#,keydown
37474900,n,keydown
37475100,o,keydown
37475200,n,keydown
37475400, ,keydown
37475500,e,keydown
37475800,#,keydown
37475900, ,keydown
37476200,m,keydown
37476300,i,keydown
37476600,c,keydown
37476600,a,keydown
37476800, ,keydown
37477700,Enter,keydown
37478200,f,keydown
37478300,a,keydown
37478300,c,keydown
37478500,i,keydown
37478700,l,keydown
37478900,e,keydown
37481900, ,keydown
37482200,t,keydown
37482300,r,keydown
37482600,o,keydown
37482800,v,keydown
37482800,a,keydown
37483000,r,keydown
37483100,e,keydown
37483800, ,keydown
37483900,a,keydown
37484500,t,keydown
37484600,t,keydown
37484700,i,keydown
37485000,v,keydown
37485000,i,keydown
37485200,t,keydown
37485300,a,keydown
37485500,#,keydown
37485600, ,keydown
37485800,s,keydown
37486000,e,keydown
37486200,s,keydown
37486300,s,keydown
37486500,u,keydown
37486600,a,keydown
37486700,l,keydown
37486900,i,keydown
37487400, ,keydown
37487600,c,keydown
37487700,o,keydown
37487900,s,keydown
37488200,i,keydown
37488400,#,keydown
37488700, ,keydown
37488900,i,keydown
37489000,n,keydown
37489300,t,keydown
37489300,e,keydown
37489800,n,keydown
37489900,s,keydown
37490200,e,keydown
37491300, ,keydown
37491500,i,keydown
37491600,n,keydown
37491700, ,keydown
37491900,c,keydown
37492100,o,keydown
37492200,p,keydown
37492400,p,keydown
37492400,i,keydown
37492700,e,keydown
37492800, ,keydown
37493700,n,keydown
37493800,o,keydown
37494100,n,keydown
37494500, ,keydown
37495000,p,keydown
37495200,i,keydown
37495300,u,keydown
37495300,#,keydown
37495600, ,keydown
37496000,g,keydown
37496100,i,keydown
37496200,o,keydown
37496400,v,keydown
37496400,a,keydown
37496600,n,keydown
37496700,i,keydown
37496900,s,keydown
37497100,s,keydown
37497200,i,keydown
37497300,m,keydown
37497500,e,keydown
37498100,.,keydown
37498200,.,keydown
37498300,.,keydown
37498500,#,keydown
37498700,#,keydown
37500200,Enter,keydown
37500400,#,keydown
37500600,a,keydown
37501000, ,keydown
37501100,q,keydown
37501300,u,keydown
37501500,e,keydown
37501700,s,keydown
37501800,t,keydown
37502000,o,keydown
37502100, ,keydown
37502300,p,keydown
37502600,u,keydown
37502800,n,keydown
37503100,t,keydown
37503200,o,keydown
37503200,i,keydown
37504100,Backspace,keydown
37505500, ,keydown
37506300,i,keydown
37506400,l,keydown
37506500, ,keydown
37506800,m,keydown
37506800,a,keydown
37507100,r,keydown
37507200,i,keydown
37507600,t,keydown
37507800,o,keydown
37507900, ,keydown
37508200,s,keydown
37508400,v,keydown
37508600,o,keydown
37509000,Backspace,keydown
37509200,Backspace,keydown
37509300,b,keydown
37509400,o,keydown
37509600,t,keydown
37509700,t,keydown
37510000,a,keydown
37510500,#,keydown
37510700,#,keydown
37511700, ,keydown
37511800,#,keydown
37511900,#,keydown
37513300,#,keydown
37514400,s,keydown
37514700,i,keydown
37514800, ,keydown
37515000,m,keydown
37515100,a,keydown
37515300, ,keydown
37515500,v,keydown
37515700,e,keydown
37516000,d,keydown
37516000,e,keydown
37516200, ,keydown
37516400,d,keydown
37516500,o,keydown
37516600,t,keydown
37516800,t,keydown
37516900,o,keydown
37517100,r,keydown
37517100,e,keydown
37518200,",",keydown
37518300, ,keydown
37518500,i,keydown
37518600,l,keydown
37518600, ,keydown
37518900,g,keydown
37519100,u,keydown
37519100,a,keydown
37519500,i,keydown
37519600,o,keydown
37519900, ,keydown
37520100,e,keydown
37520200,#,keydown
37520400, ,keydown
37520700,c,keydown
37521100,h,keydown
37521200,e,keydown
37521400,Enter,keydown
37521500,a,keydown
37521700,p,keydown
37521800,p,keydown
37521900,e,keydown
37522000,n,keydown
37522300,a,keydown
37522900, ,keydown
37524400,i,keydown
37524400,o,keydown
37524500, ,keydown
37524700,e,keydown
37524900,s,keydown
37525100,c,keydown
37525200,o,keydown
37525300, ,keydown
37525500,d,keydown
37525600,i,keydown
37525700, ,keydown
37525900,c,keydown
37525900,a,keydown
37526200,s,keydown
37526200,a,keydown
37528400, ,keydown
37528700,p,keydown
37528800,e,keydown
37528800,r,keydown
37529000, ,keydown
37529100,a,keydown
37529300,n,keydown
37529400,d,keydown
37529400,a,keydown
37529700,r,keydown
37529800,e,keydown
37529900, ,keydown
37530200,a,keydown
37530400,l,keydown
37530500, ,keydown
37530800,l,keydown
37530900,a,keydown
37531100,v,keydown
37531200,o,keydown
37531300,r,keydown
37531500,o,keydown
37533100,",",keydown
37533100, ,keydown
37533400,l,keydown
37533500,e,keydown
37533800,i,keydown
37533800, ,keydown
37534100,a,keydown
37534200,t,keydown
37534400,t,keydown
37534500,e,keydown
37534700,n,keydown
37534800,d,keydown
37535100,e,keydown
37535200, ,keydown
37535800,i,keydown
37536600,l,keydown
37536600, ,keydown
37536700,l,keydown
37536900,a,keydown
37537100,t,keydown
37537100,t,keydown
37537300,a,keydown
37537500,i,keydown
37537700,o,keydown
37539900,Enter,keydown
37540000,e,keydown
37540200, ,keydown
37540500,a,keydown
37541000,p,keydown
37541100,p,keydown
37541200,e,keydown
37541300,n,keydown
37541400,a,keydown
37541500, ,keydown
37541700,l,keydown
37541900,o,keydown
37542000, ,keydown
37542400,v,keydown
37542700,e,keydown
37542800,d,keydown
37543000,e,keydown
37544100,",",keydown
37544200, ,keydown
37544500,g,keydown
37544600,l,keydown
37544800,i,keydown
37544800, ,keydown
37545100,a,keydown
37545500,Backspace,keydown
37545600,s,keydown
37545600,a,keydown
37545800,l,keydown
37546000,t,keydown
37546100,a,keydown
37546300, ,keydown
37546600,a,keydown
37546900,d,keydown
37547000,d,keydown
37547100,o,keydown
37547200,s,keydown
37547400,s,keydown
37547700,o,keydown
37549500,",",keydown
37549500, ,keydown
37549600,l,keydown
37549800,o,keydown
37549900, ,keydown
37550200,b,keydown
37550300,a,keydown
37550600,c,keydown
37550600,i,keydown
37550900,a,keydown
37551000, ,keydown
37551400,Backspace,keydown
37551700,",",keydown
37551700, ,keydown
37552100,g,keydown
37552300,l,keydown
37552400,i,keydown
37552500, ,keydown
37553000,f,keydown
37553100,a,keydown
37553200, ,keydown
37553600,q,keydown
37553900,u,keydown
37553900,a,keydown
37554000,l,keydown
37554200,c,keydown
37554300,h,keydown
37554600,e,keydown
37554700, ,keydown
37555000,c,keydown
37555100,o,keydown
37555200,c,keydown
37555300,c,keydown
37555400,o,keydown
37555600,l,keydown
37555700,a,keydown
37558700,Enter,keydown
37558900,e,keydown
37559000, ,keydown
37559300,p,keydown
37559300,o,keydown
37559600,i,keydown
37559700, ,keydown
37560000,f,keydown
37560100,a,keydown
37560300,n,keydown
37560400,n,keydown
37560600,o,keydown
37560800, ,keydown
37561000,l,keydown
37561200,#,keydown
37561300,a,keydown
37561400,m,keydown
37561600,o,keydown
37561800,r,keydown
37561900,w,keydown
37561900,e,keydown
37564200,#,keydown
37564900,Backspace,keydown
37565100,Backspace,keydown
37565900,e,keydown
37566000,w,keydown
37567000,Backspace,keydown
37567200,#,keydown
37567400,#,keydown
37569400,#,keydown
37570300,#,keydown
37571700, ,keydown
37571800,#,keydown
37571900,i,keydown
37572100,l,keydown
37572100, ,keydown
37572400,m,keydown
37572500,e,keydown
37572700,d,keydown
37572800,i,keydown
37572900,c,keydown
37573000,o,keydown
37573100, ,keydown
37573400,l,keydown
37573600,i,keydown
37573700, ,keydown
37573800,g,keydown
37574000,u,keydown
37574200,a,keydown
37574300,r,keydown
37574400,d,keydown
37574500,a,keydown
37574600, ,keydown
37575000,p,keydown
37575200,e,keydown
37575200,r,keydown
37575500,p,keydown
37575700,l,keydown
37576000,e,keydown
37576200,s,keydown
37576300,s,keydown
37576500,o,keydown
37579300,#,keydown
37579700,#,keydown
37580100,#,keydown
37580600,Backspace,keydown
37580800, ,keydown
37580900,#,keydown
37581000,#,keydown
37581800,b,keydown
37581900,e,keydown
37582000,h,keydown
37583000,",",keydown
37583500, ,keydown
37583800,q,keydown
37583900,u,keydown
37584100,e,keydown
37584200,s,keydown
37584400,t,keydown
37584600,o,keydown
37584700, ,keydown
37584900,s,keydown
37585000,i,keydown
37585200,g,keydown
37585500,n,keydown
37585500,o,keydown
37585700,r,keydown
37585900,a,keydown
37587000,",",keydown
37587100,Enter,keydown
37587300,n,keydown
37587400,o,keydown
37587700,n,keydown
37587800, ,keydown
37588000,v,keydown
37588100,a,keydown
37588300, ,keydown
37588400,t,keydown
37588500,r,keydown
37588700,o,keydown
37588900,p,keydown
37589000,p,keydown
37589100,o,keydown
37589300, ,keydown
37589900,b,keydown
37590000,e,keydown
37590100,n,keydown
37590200,e,keydown
37590600,",",keydown
37590700, ,keydown
37591800,i,keydown
37592000,n,keydown
37592100, ,keydown
37592400,e,keydown
37592800,f,keydown
37592900,f,keydown
37593100,e,keydown
37593400,t,keydown
37593500,t,keydown
37593600,i,keydown
37593800,#,keydown
37594100,.,keydown
37594200,.,keydown
37594400,.,keydown
37594500,#,keydown
37594600,#,keydown
37596000,#,keydown
37596200, ,keydown
37596800,m,keydown
37597000,#,keydown
37597200,Backspace,keydown
37597500,m,keydown
37597700,a,keydown
37597900, ,keydown
37598100,i,keydown
37598300,l,keydown
37598300, ,keydown
37598500,m,keydown
37598600,a,keydown
37598900,r,keydown
37598900,i,keydown
37599200,t,keydown
37599300,o,keydown
37599600, ,keydown
37600600,i,keydown
37600700,n,keydown
37600900,c,keydown
37601000,a,keydown
37601200,l,keydown
37601700,z,keydown
37601800,a,keydown
37602400,#,keydown
37602500,#,keydown
37603200, ,keydown
37603300,#,keydown
37603500,#,keydown
37603600, ,keydown
37603900,e,keydown
37604500,Backspace,keydown
37604600,#,keydown
37604600,Backspace,keydown
37604900,e,keydown
37605100, ,keydown
37605600,p,keydown
37605600,o,keydown
37605800,i,keydown
37606400, ,keydown
37608000,l,keydown
37608200,a,keydown
37608400, ,keydown
37608600,s,keydown
37608800,i,keydown
37609100,Backspace,keydown
37609400,t,keydown
37609500,e,keydown
37610000,s,keydown
37610100,s,keydown
37610300,a,keydown
37610500,Enter,keydown
37610700,c,keydown
37610900,o,keydown
37611200,s,keydown
37611300,a,keydown
37611400, ,keydown
37611700,c,keydown
37611700,o,keydown
37611900,n,keydown
37612100, ,keydown
37612300,i,keydown
37613300,l,keydown
37616100, ,keydown
37616500,p,keydown
37616500,o,keydown
37616900,r,keydown
37616900,t,keydown
37617300,i,keydown
37617400,e,keydown
37617700,r,keydown
37617700,e,keydown
37618500,",",keydown
37618700, ,keydown
37618900,i,keydown
37619000,l,keydown
37619000, ,keydown
37619300,p,keydown
37619400,o,keydown
37619500,s,keydown
37619700,t,keydown
37619800,i,keydown
37620100,n,keydown
37620100,o,keydown
37620800,",",keydown
37620900, ,keydown
37621700,l,keydown
37621900,#,keydown
37622100,e,keydown
37622300,l,keydown
37622600,e,keydown
37623300,t,keydown
37624400,t,keydown
37624500,r,keydown
37625100,i,keydown
37625200,c,keydown
37625300,i,keydown
37625600,s,keydown
37625800,t,keydown
37625900,a,keydown
37627200, ,keydown
37627300,e,keydown
37627400, ,keydown
37627800,l,keydown
37627900,#,keydown
37628600,i,keydown
37629100,d,keydown
37629200,r,keydown
37629400,a,keydown
37629700,u,keydown
37629900,l,keydown
37630000,i,keydown
37630200,c,keydown
37630300,o,keydown
37630600,#,keydown
37631400,#,keydown
37631700,#,keydown
37632200, ,keydown
37632400,l,keydown
37632600,i,keydown
37632800, ,keydown
37633100,b,keydown
37633100,a,keydown
37633400,c,keydown
37633500,i,keydown
37633700,a,keydown
37633800,Enter,keydown
37635300,l,keydown
37635400,i,keydown
37635400, ,keydown
37635700,c,keydown
37635700,o,keydown
37636000,c,keydown
37636200,c,keydown
37636300,o,keydown
37636500,l,keydown
37636700,a,keydown
37637000, ,keydown
37637400,e,keydown
37637600, ,keydown
37637800,p,keydown
37637900,o,keydown
37638300,i,keydown
37638400, ,keydown
37638700,c,keydown
37638900,i,keydown
37638900, ,keydown
37639200,f,keydown
37639200,a,keydown
37639400, ,keydown
37639500,l,keydown
37639800,#,keydown
37639800,#,keydown
37640900,Backspace,keydown
37641100,Backspace,keydown
37641600,#,keydown
37641800,a,keydown
37641900,m,keydown
37642000,o,keydown
37642300,r,keydown
37642400,e,keydown
37643200,#,keydown
37643300,#,keydown
37643500,#,keydown
37643800,#,keydown
37644600,#,keydown
37645300, ,keydown
37645500,#,keydown
37646300,s,keydown
37646500,i,keydown
37646800,g,keydown
37647000,n,keydown
37647100,o,keydown
37647300,r,keydown
37647500,a,keydown
37648600,.,keydown
37648700,.,keydown
37648900,.,keydown
37649000,#,keydown
37649000,#,keydown
37649200, ,keydown
37650000,r,keydown
37650000,i,keydown
37650100,p,keydown
37650700,Backspace,keydown
37650700,s,keydown
37650900,p,keydown
37651000,o,keydown
37651300,n,keydown
37651300,d,keydown
37651500,e,keydown
37651600, ,keydown
37651800,i,keydown
37652100,l,keydown
37652100, ,keydown
37652800,m,keydown
37653000,e,keydown
37653200,d,keydown
37653500,i,keydown
37653600,c,keydown
37653600,o,keydown
37653900,#,keydown
37654300, ,keydown
37654600,#,keydown
37654900,Enter,keydown
37655400,Backspace,keydown
37655700,Backspace,keydown
37656100,Backspace,keydown
37656500,#,keydown
37656900,Enter,keydown
37656900,#,keydown
37657100,#,keydown
37657700, ,keydown
37658200,Backspace,keydown
37658300,m,keydown
37658500,a,keydown
37658700, ,keydown
37658900,a,keydown
37659000,l,keydown
37659100,l,keydown
37659300,o,keydown
37659400,r,keydown
37659700,a,keydown
37659800, ,keydown
37661200,l,keydown
37661400,e,keydown
37661500, ,keydown
37661900,Backspace,keydown
37662100,i,keydown
37662200, ,keydown
37662500,e,keydown
37662600,#,keydown
37662800, ,keydown
37662900,d,keydown
37663100,a,keydown
37663300,v,keydown
37663300,v,keydown
37663500,e,keydown
37663700,r,keydown
37663900,o,keydown
37664000, ,keydown
37664300,m,keydown
37664400,a,keydown
37664600,l,keydown
37664600,a,keydown
37664900,t,keydown
37665100,a,keydown
37665400, ,keydown
37665600,.,keydown
37665700,.,keydown
37665800,.,keydown
37666600,#,keydown
37667000,#,keydown
37668000, ,keydown
37668100,#,keydown
37668600,e,keydown
37668800, ,keydown
37669100,l,keydown
37669100,a,keydown
37669300, ,keydown
37669500,d,keydown
37669500,o,keydown
37669800,n,keydown
37669900,n,keydown
37670000,a,keydown
37670700,#,keydown
37671400, ,keydown
37671500,#,keydown
37672200,h,keydown
37672300,a,keydown
37672600,i,keydown
37672700, ,keydown
37673000,v,keydown
37673400,i,keydown
37673600,s,keydown
37673700,t,keydown
37673800,o,keydown
37674100, ,keydown
37674400,#,keydown
37674800,a,keydown
37675000,n,keydown
37675200,t,keydown
37675700,o,keydown
37675900,n,keydown
37676000,i,keydown
37676000,o,keydown
37676700,#,keydown
37677000,#,keydown
37677300, ,keydown
37677900,m,keydown
37678000,a,keydown
37678200,l,keydown
37678200,a,keydown
37678500,t,keydown
37678500,a,keydown
37679000,",",keydown
37679100, ,keydown
37679800,n,keydown
37679900,o,keydown
37680100,n,keydown
37680400, ,keydown
37680900,t,keydown
37681100,r,keydown
37681700,o,keydown
37681800,i,keydown
37681900,a,keydown
37682400,",",keydown
37682500, ,keydown
37682500,#,keydown
37682700,m,keydown
37682800,a,keydown
37683000,l,keydown
37683000,a,keydown
37683400,t,keydown
37683400,a,keydown
37684000,#,keydown
37684300,#,keydown
37685200,#,keydown
