timestamp,key,type
23932200,Backspace,keydown
23932200,Backspace,keydown
23932200,Backspace,keydown
23932200,Backspace,keydown
23932200,Backspace,keydown
23932200,Backspace,keydown
23932200,Backspace,keydown
23932200,Backspace,keydown
23932200,#,keydown
23932300,n,keydown
23932600,o,keydown
23932700,n,keydown
23932900,o,keydown
23933400,s,keydown
23933700,t,keydown
23933800,a,keydown
23934000,n,keydown
23934100,t,keydown
23934300,e,keydown
23934500, ,keydown
23934800,#,keydown
23934800,u,keydown
23935400,m,keydown
23935900,l,keydown
23936000, ,keydown
23936400,s,keydown
23936600,i,keydown
23936800,a,keydown
23937500, ,keydown
23937800,d,keydown
23937900,i,keydown
23939400,v,keydown
23939600,e,keydown
23939800,n,keydown
23940000,t,keydown
23940100,a,keydown
23940500,t,keydown
23940600,o,keydown
23941100, ,keydown
23941400,l,keydown
23941600,a,keydown
23941700, ,keydown
23942200,n,keydown
23942400,o,keydown
23942600,t,keydown
23942700,a,keydown
23943000,t,keydown
23943400,Backspace,keydown
23943500,z,keydown
23943700,i,keydown
23943800,o,keydown
23944100,n,keydown
23944400,e,keydown
23944500, ,keydown
23944700,s,keydown
23944900,t,keydown
23945100,a,keydown
23945300,n,keydown
23945500,d,keydown
23945600,a,keydown
23946000,r,keydown
23946400,d,keydown
23947400, ,keydown
23947700,n,keydown
23947900,e,keydown
23948100,l,keydown
23948200,l,keydown
23949200,#,keydown
23949500,i,keydown
23949600,n,keydown
23949900,d,keydown
23950100,u,keydown
23950300,s,keydown
23950500,t,keydown
23950600,r,keydown
23950700,i,keydown
23950900,a,keydown
23953700,",",keydown
23953900,Enter,keydown
23954900,p,keydown
23955100,o,keydown
23955200,i,keydown
23955500,c,keydown
23955600,h,keydown
23956700,e,keydown
23956900,#,keydown
23957100, ,keydown
23957400,a,keydown
23957700,g,keydown
23957900,e,keydown
23957900,n,keydown
23958500,Backspace,keydown
23958700,v,keydown
23958900,o,keydown
23959200,l,keydown
23959300,a,keydown
23960900, ,keydown
23961100,l,keydown
23961500,o,keydown
23961700, ,keydown
23961800,s,keydown
23962100,c,keydown
23962300,a,keydown
23963100,m,keydown
23963900,b,keydown
23964200,i,keydown
23964200,o,keydown
23964500, ,keydown
23964700,d,keydown
23964700,i,keydown
23964900, ,keydown
23965000,i,keydown
23965300,n,keydown
23965500,f,keydown
23966000,o,keydown
23966300,m,keydown
23966300,r,keydown
23966600,a,keydown
23966800,Backspace,keydown
23966900,Backspace,keydown
23967400,Backspace,keydown
23967600,r,keydown
23968400,m,keydown
23968600,a,keydown
23969000,z,keydown
23969000,i,keydown
23969200,o,keydown
23969300,n,keydown
23969500,i,keydown
23975700, ,keydown
23975800,t,keydown
23976100,r,keydown
23976200,a,keydown
23976400, ,keydown
23976600,i,keydown
23976800,l,keydown
23976800, ,keydown
23977500,r,keydown
23977700,Backspace,keydown
23977900,Backspace,keydown
23978000,Backspace,keydown
23978400, ,keydown
23978600,r,keydown
23978700,e,keydown
23979100,s,keydown
23979100,p,keydown
23979400,o,keydown
23979600,n,keydown
23979800,s,keydown
23980100,a,keydown
23980200,b,keydown
23980500,i,keydown
23980700,l,keydown
23980800,i,keydown
23981200, ,keydown
23981300,d,keydown
23981400,i,keydown
23981500, ,keydown
23982200,Enter,keydown
23982700,p,keydown
23983000,r,keydown
23983100,o,keydown
23983500,g,keydown
23983700,e,keydown
23984100,t,keydown
23984200,t,keydown
23984200,o,keydown
23986200,",",keydown
23986500, ,keydown
23987200,e,keydown
23987500,#,keydown
23987600, ,keydown
23987800,d,keydown
23988000,i,keydown
23988100, ,keydown
23988300,f,keydown
23988400,a,keydown
23988600,c,keydown
23988700,i,keydown
23989000,l,keydown
23989100,e,keydown
23989200, ,keydown
23989400,u,keydown
23989600,t,keydown
23989800,i,keydown
23990100,l,keydown
23990300,i,keydown
23990500,z,keydown
23990600,z,keydown
23990900,a,keydown
23991200,z,keydown
23991300,i,keydown
23991400,o,keydown
23991600,n,keydown
23991700,e,keydown
23994900,Backspace,keydown
23995100,Backspace,keydown
23995200,Backspace,keydown
23995600,Backspace,keydown
23995800,Backspace,keydown
23996200,Backspace,keydown
23996700,o,keydown
23996900, ,keydown
23997200,d,keydown
23997300,a,keydown
23997400, ,keydown
23997800,p,keydown
23998000,a,keydown
23998100,r,keydown
23998300,t,keydown
23998500,e,keydown
23999800, ,keydown
24000100,d,keydown
24000400,e,keydown
24000600,g,keydown
24000700,l,keydown
24001000,i,keydown
24001200, ,keydown
24001700,s,keydown
24002000,v,keydown
24002200,i,keydown
24002500,l,keydown
24002700,u,keydown
24003000,p,keydown
24003100,p,keydown
24003400,a,keydown
24003600,t,keydown
24003800,o,keydown
24003900,r,keydown
24004100,i,keydown
24005800, ,keydown
24006000,d,keydown
24006000,i,keydown
24006300, ,keydown
24006500,s,keydown
24006700,i,keydown
24006800,s,keydown
24007000,t,keydown
24007200,e,keydown
24007400,m,keydown
24007700,i,keydown
24008500,",",keydown
24009300,Enter,keydown
24010300,e,keydown
24010600,s,keydown
24010700,i,keydown
24010800,s,keydown
24011100,t,keydown
24011500,m,keydown
24011900,o,keydown
24012200,Backspace,keydown
24012400,Backspace,keydown
24012700,o,keydown
24012900,n,keydown
24013000,o,keydown
24013200, ,keydown
24013500,s,keydown
24013600,t,keydown
24013800,r,keydown
24013900,u,keydown
24014200,m,keydown
24014300,e,keydown
24014500,n,keydown
24014600,t,keydown
24014800,i,keydown
24015800, ,keydown
24016300,s,keydown
24016900,o,keydown
24017300,w,keydown
24017800,t,keydown
24017900,f,keydown
24018600,Backspace,keydown
24018700,Backspace,keydown
24018900,Backspace,keydown
24019800,f,keydown
24020000,t,keydown
24020300,w,keydown
24020600,a,keydown
24020800,r,keydown
24020800,e,keydown
24021000, ,keydown
24022600,c,keydown
24022800,o,keydown
24022900,m,keydown
24023100,m,keydown
24023200,e,keydown
24023900,r,keydown
24024200,c,keydown
24024300,i,keydown
24024500,a,keydown
24024700,l,keydown
24024900,i,keydown
24025000, ,keydown
24025200,c,keydown
24025300,h,keydown
24025500,e,keydown
24025500, ,keydown
24025700,s,keydown
24025900,u,keydown
24026100,p,keydown
24026200,p,keydown
24026400,o,keydown
24026600,r,keydown
24026900,t,keydown
24027000,a,keydown
24027200,n,keydown
24027300,o,keydown
24028700, ,keydown
24029100,l,keydown
24029300,a,keydown
24029400, ,keydown
24029600,m,keydown
24029700,o,keydown
24029900,d,keydown
24030100,e,keydown
24030100,l,keydown
24030300,l,keydown
24030500,a,keydown
24030800,z,keydown
24031000,i,keydown
24031000,o,keydown
24031100,n,keydown
24031300,e,keydown
24031500,Enter,keydown
24033000,#,keydown
24033400,c,keydown
24033500,o,keydown
24033700,n,keydown
24033800, ,keydown
24033900,#,keydown
24034000,u,keydown
24034300,m,keydown
24034500,l,keydown
24036000, ,keydown
24036300,#,keydown
24037900,Backspace,keydown
24038300,",",keydown
24038500, ,keydown
24038900,e,keydown
24039100,s,keydown
24039300,s,keydown
24039400,o,keydown
24039500, ,keydown
24039800,n,keydown
24040000,o,keydown
24040200,n,keydown
24040500, ,keydown
24040900,p,keydown
24041000,o,keydown
24041300,s,keydown
24041500,s,keydown
24041600,i,keydown
24041800,e,keydown
24042100,d,keydown
24042300,e,keydown
24043900, ,keydown
24044400,u,keydown
24044700,n,keydown
24044900,a,keydown
24044900, ,keydown
24045300,s,keydown
24045500,e,keydown
24045600,m,keydown
24045900,a,keydown
24046000,n,keydown
24046100,t,keydown
24046200,i,keydown
24046400,c,keydown
24046600,a,keydown
24046600, ,keydown
24047000,f,keydown
24047100,o,keydown
24047300,r,keydown
24047400,m,keydown
24047700,a,keydown
24047900,l,keydown
24048100,e,keydown
24051500, ,keydown
24051700,e,keydown
24051800, ,keydown
24052000,q,keydown
24052100,u,keydown
24052200,i,keydown
24052400,n,keydown
24052700,d,keydown
24052800,i,keydown
24052900, ,keydown
24053100,i,keydown
24053300, ,keydown
24053500,m,keydown
24053700,e,keydown
24054000,t,keydown
24054200,o,keydown
24054400,d,keydown
24054600,i,keydown
24054900,Enter,keydown
24057700,m,keydown
24057900,a,keydown
24058100,t,keydown
24058200,i,keydown
24058800,Backspace,keydown
24059200,e,keydown
24059600,m,keydown
24059700,a,keydown
24060000,t,keydown
24060200,i,keydown
24060300,c,keydown
24060400,i,keydown
24061200,",",keydown
24061400, ,keydown
24061500,t,keydown
24061700,r,keydown
24061900,a,keydown
24062100,d,keydown
24062200,i,keydown
24062600,z,keydown
24062800,i,keydown
24062800,o,keydown
24063000,n,keydown
24063200,a,keydown
24063300,l,keydown
24063700,m,keydown
24063900,e,keydown
24064100,n,keydown
24064200,t,keydown
24064500,e,keydown
24064600, ,keydown
24064900,u,keydown
24065100,t,keydown
24065400,Backspace,keydown
24065600,s,keydown
24065700,a,keydown
24065900,t,keydown
24066100,i,keydown
24070900,Backspace,keydown
24071100,Backspace,keydown
24071300,Backspace,keydown
24071600,Backspace,keydown
24071900,t,keydown
24072100,i,keydown
24072400,l,keydown
24072500,i,keydown
24072700,z,keydown
24072900,z,keydown
24073200,a,keydown
24073600,t,keydown
24073700,i,keydown
24073900, ,keydown
24074000,p,keydown
24074200,e,keydown
24074300,r,keydown
24074400, ,keydown
24074600,l,keydown
24074700,a,keydown
24074800, ,keydown
24075000,v,keydown
24075400,a,keydown
24075500,l,keydown
24075800,i,keydown
24075900,d,keydown
24076100,a,keydown
24076400,z,keydown
24076500,i,keydown
24076600,o,keydown
24076800,n,keydown
24076900,e,keydown
24079500, ,keydown
24079700,e,keydown
24079800, ,keydown
24080000,p,keydown
24080200,e,keydown
24080200,r,keydown
24080400,Enter,keydown
24080800,l,keydown
24080900,a,keydown
24081100,#,keydown
24081600,Backspace,keydown
24081800, ,keydown
24081900,v,keydown
24082200,e,keydown
24082300,r,keydown
24082600,i,keydown
24082700,f,keydown
24082800,i,keydown
24083000,c,keydown
24083100,a,keydown
24084800, ,keydown
24084900,d,keydown
24085300,e,keydown
24085500,i,keydown
24085600, ,keydown
24086100,s,keydown
24086200,i,keydown
24086400,s,keydown
24086600,t,keydown
24086900,e,keydown
24087200,m,keydown
24087300,i,keydown
24087700,",",keydown
24088000, ,keydown
24088500,n,keydown
24088700,o,keydown
24088900,n,keydown
24089400, ,keydown
24090000,s,keydown
24090200,o,keydown
24090300,s,keydown
24090800,Backspace,keydown
24091100,n,keydown
24091300,o,keydown
24091500, ,keydown
24092100,a,keydown
24092400,p,keydown
24092500,p,keydown
24092700,l,keydown
24093100,i,keydown
24093200,c,keydown
24093400,a,keydown
24093700,b,keydown
24094100,i,keydown
24094200,l,keydown
24094300,i,keydown
24095600, ,keydown
24096000,d,keydown
24096100,i,keydown
24096300,r,keydown
24096500,e,keydown
24096700,t,keydown
24096900,t,keydown
24097100,a,keydown
24097300,m,keydown
24097400,e,keydown
24097500,n,keydown
24097600,t,keydown
24097900,e,keydown
24099200, ,keydown
24099400,a,keydown
24099500,i,keydown
24099700, ,keydown
24099900,s,keydown
24100000,i,keydown
24100200,s,keydown
24100500,t,keydown
24100600,e,keydown
24100900,m,keydown
24101000,i,keydown
24101300,Enter,keydown
24102100,d,keydown
24102200,e,keydown
24102400,s,keydown
24102600,c,keydown
24102900,r,keydown
24103200,t,keydown
24103700,Backspace,keydown
24104000,i,keydown
24104200,t,keydown
24104400,t,keydown
24104800,i,keydown
24105200, ,keydown
24105300,c,keydown
24105400,o,keydown
24105600,n,keydown
24105700, ,keydown
24105900,#,keydown
24106000,u,keydown
24106100,m,keydown
24106400,l,keydown
24106700,.,keydown
24107000,Enter,keydown
24109400,#,keydown
24109600,n,keydown
24109700,e,keydown
24110000,l,keydown
24110100,l,keydown
24110300,a,keydown
24110500, ,keydown
24111500,l,keydown
24111600,e,keydown
24111800,t,keydown
24111900,t,keydown
24112100,e,keydown
24112300,r,keydown
24112500,a,keydown
24112800,t,keydown
24112900,u,keydown
24113100,r,keydown
24113500,a,keydown
24113600, ,keydown
24113900,s,keydown
24114000,o,keydown
24114200,n,keydown
24114200,o,keydown
24114400, ,keydown
24114600,s,keydown
24114800,t,keydown
24114900,a,keydown
24115000,t,keydown
24115200,i,keydown
24115400, ,keydown
24115700,p,keydown
24115800,r,keydown
24115900,o,keydown
24116100,p,keydown
24116200,o,keydown
24116700,s,keydown
24116800,t,keydown
24116900,i,keydown
24117300, ,keydown
24117500,d,keydown
24117600,i,keydown
24117800,v,keydown
24118100,e,keydown
24118200,r,keydown
24118300,s,keydown
24118400,i,keydown
24120500, ,keydown
24120800,m,keydown
24120900,e,keydown
24121300,t,keydown
24121500,i,keydown
24121900,Backspace,keydown
24122200,o,keydown
24122400,d,keydown
24122500,i,keydown
24122600, ,keydown
24122900,p,keydown
24123000,e,keydown
24123200,r,keydown
24123300, ,keydown
24123300,l,keydown
24123500,a,keydown
24123600, ,keydown
24123900,s,keydown
24123900,c,keydown
24124100,o,keydown
24124500,Backspace,keydown
24124600,Backspace,keydown
24124700,Backspace,keydown
24125000,c,keydown
24125100,o,keydown
24125300,s,keydown
24125400,t,keydown
24125600,r,keydown
24125700,u,keydown
24127100,z,keydown
24127300,i,keydown
24127300,o,keydown
24127400,n,keydown
24127600,e,keydown
24127900,Enter,keydown
24128000,d,keydown
24128300,e,keydown
24128600,i,keydown
24128800, ,keydown
24129100,m,keydown
24129300,o,keydown
24129400,d,keydown
24129600,e,keydown
24129800,l,keydown
24129900,l,keydown
24130100,i,keydown
24131500,Backspace,keydown
24131500,Backspace,keydown
24131700,Backspace,keydown
24131900,Backspace,keydown
24132100,Backspace,keydown
24132200,Backspace,keydown
24132400,Backspace,keydown
24132700,Backspace,keydown
24133000,Backspace,keydown
24133100,Backspace,keydown
24133700,i,keydown
24133900, ,keydown
24134000,m,keydown
24134200,o,keydown
24134400,d,keydown
24134600,e,keydown
24134600,l,keydown
24134800,l,keydown
24135200,i,keydown
24135400, ,keydown
24135800,f,keydown
24136000,o,keydown
24136400,r,keydown
24136700,m,keydown
24136900,a,keydown
24137000,l,keydown
24137100,i,keydown
24140800, ,keydown
24141100,d,keydown
24141200,e,keydown
24141700,r,keydown
24141900,i,keydown
24142200,v,keydown
24142400,a,keydown
24142700,t,keydown
24142700,i,keydown
24143500,",",keydown
24143700, ,keydown
24143800,i,keydown
24143900,n,keydown
24144100, ,keydown
24144200,m,keydown
24144300,a,keydown
24144600,n,keydown
24144700,i,keydown
24144800,e,keydown
24145300,r,keydown
24145400,a,keydown
24146800, ,keydown
24147000,a,keydown
24147300,u,keydown
24147400,t,keydown
24147600,o,keydown
24147700,m,keydown
24147900,a,keydown
24148200,t,keydown
24148400,i,keydown
24148500,c,keydown
24148700,a,keydown
24148800, ,keydown
24149000,o,keydown
24149200, ,keydown
24149500,s,keydown
24149700,e,keydown
24149900,m,keydown
24150100,i,keydown
24150800,-,keydown
24150900,a,keydown
24151100,u,keydown
24151300,t,keydown
24151400,o,keydown
24151600,m,keydown
24151700,a,keydown
24151900,t,keydown
24152100,i,keydown
24152300,c,keydown
24152500,a,keydown
24153800,",",keydown
24154800,Enter,keydown
24155300,d,keydown
24155500,a,keydown
24155600,l,keydown
24155700,l,keydown
24156000,e,keydown
24156200, ,keydown
24156400,s,keydown
24156700,p,keydown
24156900,e,keydown
24157100,c,keydown
24157300,i,keydown
24157400,f,keydown
24157500,i,keydown
24157700,c,keydown
24158200,h,keydown
24158400,e,keydown
24158500, ,keydown
24158600,#,keydown
24158700,u,keydown
24158900,m,keydown
24159200,l,keydown
24161600,#,keydown
24161800, ,keydown
24162100,t,keydown
24162200,a,keydown
24162300,l,keydown
24162500,i,keydown
24162600, ,keydown
24162800,m,keydown
24162900,e,keydown
24163200,t,keydown
24163300,o,keydown
24163600,d,keydown
24163700,i,keydown
24165300, ,keydown
24165600,s,keydown
24165700,n,keydown
24165800,o,keydown
24166000,n,keydown
24166800,Backspace,keydown
24166900,Backspace,keydown
24167100,Backspace,keydown
24167200,Backspace,keydown
24167900,s,keydown
24167900,o,keydown
24168200,n,keydown
24168200,o,keydown
24168300, ,keydown
24168700,f,keydown
24168700,i,keydown
24169300,n,keydown
24169500,a,keydown
24169600,l,keydown
24169800,i,keydown
24170100,z,keydown
24170200,z,keydown
24170700,a,keydown
24170900,t,keydown
24171100,i,keydown
24174600, ,keydown
24175200,o,keydown
24175400, ,keydown
24175500,a,keydown
24175800,l,keydown
24176500,l,keydown
24176800,#,keydown
24177300,a,keydown
24177400,n,keydown
24177700,o,keydown
24178400,Backspace,keydown
24178700,a,keydown
24178900,l,keydown
24179100,i,keydown
24179400,z,keydown
24179800,Backspace,keydown
24180100,s,keydown
24180200,i,keydown
24180400, ,keydown
24180400,d,keydown
24180600,i,keydown
24180800,Enter,keydown
24181200,c,keydown
24181400,o,keydown
24181500,r,keydown
24181600,r,keydown
24181800,e,keydown
24182200,t,keydown
24182300,t,keydown
24182500,e,keydown
24182700,z,keydown
24183000,z,keydown
24183100,a,keydown
24184900, ,keydown
24185100,d,keydown
24185300,e,keydown
24185300,l,keydown
24185500, ,keydown
24186200,s,keydown
24186300,i,keydown
24186500,s,keydown
24186700,t,keydown
24187000,e,keydown
24187100,m,keydown
24187400,a,keydown
24188100,",",keydown
24188300, ,keydown
24188600,o,keydown
24188700,p,keydown
24188800,p,keydown
24189100,u,keydown
24189300,r,keydown
24189400,e,keydown
24189500, ,keydown
24189800,a,keydown
24189900,l,keydown
24190000,l,keydown
24190200,a,keydown
24190400, ,keydown
24190700,v,keydown
24191000,a,keydown
24191200,l,keydown
24191300,i,keydown
24191600,d,keydown
24191700,a,keydown
24192000,z,keydown
24192100,i,keydown
24192200,o,keydown
24192300,n,keydown
24192400,e,keydown
24193900, ,keydown
24194200,d,keydown
24194200,i,keydown
24194400, ,keydown
24194900,p,keydown
24195200,r,keydown
24195300,o,keydown
24195900,p,keydown
24196500,r,keydown
24196700,i,keydown
24197000,e,keydown
24197300,t,keydown
24197500,a,keydown
24197700,#,keydown
24197900, ,keydown
24198300,q,keydown
24198500,u,keydown
24198800,a,keydown
24199000,l,keydown
24199200,i,keydown
24199500,t,keydown
24199600,a,keydown
24200000,t,keydown
24200000,i,keydown
24200700,v,keydown
24200900,e,keydown
24201500,Enter,keydown
24202100,d,keydown
24202300,i,keydown
24202500, ,keydown
24203100,t,keydown
24203200,i,keydown
24203500,p,keydown
24203700,o,keydown
24204900, ,keydown
24205100,a,keydown
24205600,Backspace,keydown
24205900,p,keydown
24206000,r,keydown
24206100,e,keydown
24206400,s,keydown
24206500,t,keydown
24206700,a,keydown
24206900,z,keydown
24207000,i,keydown
24207100,o,keydown
24207200,n,keydown
24207500,a,keydown
24207700,l,keydown
24207800,e,keydown
24208000, ,keydown
24208300,o,keydown
24208800,Backspace,keydown
24212100,o,keydown
24212200,p,keydown
24212300,p,keydown
24212700,u,keydown
24212900,r,keydown
24213100,e,keydown
24213200, ,keydown
24213300,d,keydown
24213500,i,keydown
24213600, ,keydown
24213800,a,keydown
24214100,f,keydown
24214200,f,keydown
24214400,i,keydown
24214800,d,keydown
24215000,a,keydown
24215600,b,keydown
24215800,i,keydown
24216100,l,keydown
24216300,i,keydown
24216500,t,keydown
24216700,a,keydown
24216900,#,keydown
24219700,.,keydown
24220000, ,keydown
24220100,#,keydown
24220200,e,keydown
24221100, ,keydown
24221200,c,keydown
24221300,o,keydown
24221600,m,keydown
24221800,u,keydown
24221900,n,keydown
24222100,q,keydown
24222200,u,keydown
24222300,e,keydown
24222700,",",keydown
24222800, ,keydown
24222900,i,keydown
24223100,n,keydown
24223300, ,keydown
24223500,t,keydown
24223700,u,keydown
24224300,t,keydown
24224400,t,keydown
24224500,i,keydown
24224700, ,keydown
24225000,i,keydown
24225100, ,keydown
24225500,c,keydown
24225700,a,keydown
24225800,s,keydown
24225900,i,keydown
24226800,",",keydown
24228700,Enter,keydown
24229800,l,keydown
24230000,#,keydown
24230300,a,keydown
24230500,t,keydown
24230700,t,keydown
24230800,i,keydown
24230900,v,keydown
24231000,i,keydown
24231700,t,keydown
24231900,a,keydown
24232000,#,keydown
24232400, ,keydown
24232600,d,keydown
24232600,i,keydown
24232800, ,keydown
24233300,c,keydown
24233400,o,keydown
24233600,s,keydown
24233800,t,keydown
24234000,r,keydown
24234100,u,keydown
24234500,z,keydown
24234600,i,keydown
24234700,o,keydown
24234800,n,keydown
24235000,e,keydown
24235100, ,keydown
24235300,d,keydown
24235700,e,keydown
24235900,i,keydown
24236100, ,keydown
24236200,m,keydown
24236500,o,keydown
24236600,d,keydown
24236700,e,keydown
24236700,l,keydown
24236900,l,keydown
24237100,i,keydown
24239300, ,keydown
24239500,a,keydown
24239600,n,keydown
24239800,a,keydown
24239900,l,keydown
24240200,i,keydown
24240500,z,keydown
24240600,z,keydown
24240900,a,keydown
24241300,b,keydown
24241500,i,keydown
24241700,l,keydown
24241800,i,keydown
24243100, ,keydown
24243300,r,keydown
24243400,i,keydown
24243700,e,keydown
24243800,n,keydown
24244100,t,keydown
24244200,r,keydown
24244400,a,keydown
24244500, ,keydown
24244800,n,keydown
24244900,e,keydown
24245000,l,keydown
24245200, ,keydown
24245500,d,keydown
24245600,o,keydown
24246000,m,keydown
24246100,i,keydown
24246500,n,keydown
24246700,i,keydown
24246900,o,keydown
24247800,Enter,keydown
24248200,d,keydown
24248400,e,keydown
24248400,l,keydown
24248500,l,keydown
24248800,a,keydown
24248800, ,keydown
24249200,s,keydown
24249300,o,keydown
24249900,l,keydown
24250100,u,keydown
24250400,z,keydown
24250500,i,keydown
24250600,o,keydown
24250700,n,keydown
24250900,e,keydown
24251300,",",keydown
24251400, ,keydown
24251700,o,keydown
24252100,s,keydown
24252100,s,keydown
24252300,i,keydown
24252600, ,keydown
24252900,Backspace,keydown
24253100,a,keydown
24253200, ,keydown
24253500,i,keydown
24253800, ,keydown
24253900,m,keydown
24254100,o,keydown
24254400,d,keydown
24254600,e,keydown
24254700,l,keydown
24254700,l,keydown
24255000,i,keydown
24256400, ,keydown
24256600,d,keydown
24256800,e,keydown
24257000,r,keydown
24257100,i,keydown
24257700,v,keydown
24257900,a,keydown
24258300,n,keydown
24258300,o,keydown
24258500, ,keydown
24258700,d,keydown
24258900,a,keydown
24258900,l,keydown
24259100,l,keydown
24259300,e,keydown
24259400, ,keydown
24259700,s,keydown
24260000,p,keydown
24260100,e,keydown
24260400,c,keydown
24260500,i,keydown
24260700,f,keydown
24260700,i,keydown
24261100,c,keydown
24261400,h,keydown
24261500,e,keydown
24261500, ,keydown
24261700,d,keydown
24261800,i,keydown
24262000, ,keydown
24262300,p,keydown
24262500,r,keydown
24262500,o,keydown
24263100,g,keydown
24263200,e,keydown
24263500,t,keydown
24263600,t,keydown
24263700,o,keydown
24265100,Enter,keydown
24265700,e,keydown
24265800,l,keydown
24266100,a,keydown
24266800,b,keydown
24267000,o,keydown
24267200,r,keydown
24267400,a,keydown
24267800,t,keydown
24267800,e,keydown
24268000, ,keydown
24268300,d,keydown
24268400,u,keydown
24268600,r,keydown
24268800,a,keydown
24269000,n,keydown
24269300,t,keydown
24269400,e,keydown
24269600, ,keydown
24269700,l,keydown
24269900,a,keydown
24270000, ,keydown
24270200,s,keydown
24270700,Backspace,keydown
24270800,f,keydown
24270900,a,keydown
24271200,s,keydown
24271300,e,keydown
24272600, ,keydown
24272900,d,keydown
24273000,i,keydown
24273200, ,keydown
24273600,d,keydown
24273800,e,keydown
24274400,s,keydown
24274600,i,keydown
24274800,g,keydown
24275300,n,keydown
24275500, ,keydown
24275800,d,keydown
24275900,e,keydown
24276100,l,keydown
24276200, ,keydown
24276500,p,keydown
24276700,r,keydown
24276800,o,keydown
24277000,c,keydown
24277300,e,keydown
24277600,s,keydown
24277700,s,keydown
24277800,o,keydown
24278000, ,keydown
24279000,d,keydown
24279100,i,keydown
24279300, ,keydown
24279600,s,keydown
24279800,v,keydown
24280100,i,keydown
24280400,l,keydown
24280500,u,keydown
24281000,p,keydown
24281100,p,keydown
24281200,o,keydown
24281400, ,keydown
24281600,d,keydown
24281800,e,keydown
24281900,l,keydown
24282000, ,keydown
24282700,s,keydown
24282900,o,keydown
24283400,f,keydown
24283600,t,keydown
24283900,w,keydown
24284100,a,keydown
24284400,r,keydown
24284700,e,keydown
24286300,Enter,keydown
24287300,p,keydown
24287500,i,keydown
24287700,u,keydown
24287900,t,keydown
24288000,t,keydown
24288100,o,keydown
24288400,s,keydown
24288500,t,keydown
24288700,o,keydown
24288800, ,keydown
24289100,c,keydown
24289200,h,keydown
24289300,e,keydown
24289400, ,keydown
24289800,d,keydown
24289900,a,keydown
24290400,i,keydown
24290600, ,keydown
24290800,r,keydown
24290900,e,keydown
24291300,q,keydown
24291300,u,keydown
24291500,i,keydown
24291800,s,keydown
24291900,i,keydown
24292300,t,keydown
24292400,i,keydown
24293500, ,keydown
24293800,i,keydown
24294100,d,keydown
24294300,e,keydown
24294500,n,keydown
24294600,t,keydown
24294800,i,keydown
24295000,f,keydown
24295100,i,keydown
24295300,c,keydown
24295400,a,keydown
24295600,h,keydown
24296100,Backspace,keydown
24296300,t,keydown
24296300,i,keydown
24296600, ,keydown
24296900,d,keydown
24297100,e,keydown
24297200,u,keydown
24297500,Backspace,keydown
24297700,Backspace,keydown
24298000,u,keydown
24298300,r,keydown
24298400,a,keydown
24298600,n,keydown
24298700,t,keydown
24299300,e,keydown
24299400, ,keydown
24299600,l,keydown
24299800,a,keydown
24299900, ,keydown
24300200,f,keydown
24300400,s,keydown
24301000,Backspace,keydown
24301100,a,keydown
24301300,s,keydown
24301600,e,keydown
24302500, ,keydown
24302800,d,keydown
24303000,i,keydown
24303200, ,keydown
24303300,a,keydown
24303500,n,keydown
24304200,a,keydown
24304300,l,keydown
24304500,i,keydown
24304800,s,keydown
24305000,i,keydown
24305300, ,keydown
24305400,d,keydown
24305700,e,keydown
24305700,l,keydown
24305800, ,keydown
24306200,d,keydown
24306300,o,keydown
24306500,m,keydown
24306800,i,keydown
24307600,n,keydown
24307900,u,keydown
24307900,i,keydown
24308800,Backspace,keydown
24308900,Backspace,keydown
24309400,i,keydown
24309600,o,keydown
24309800,Enter,keydown
24310000,d,keydown
24310200,e,keydown
24310300,l,keydown
24310500, ,keydown
24310900,p,keydown
24311100,r,keydown
24311100,o,keydown
24311500,b,keydown
24311700,l,keydown
24311900,e,keydown
24312100,m,keydown
24312500,a,keydown
24313200,.,keydown
