timestamp,key,type
4430300,Backspace,keydown
4430300,Backspace,keydown
4430300,Backspace,keydown
4430300,Backspace,keydown
4430300,Backspace,keydown
4430300,Backspace,keydown
4430300,Backspace,keydown
4430300,Backspace,keydown
4430300,#,keydown
4430500,c,keydown
4430500,a,keydown
4430800,r,keydown
4430800,o,keydown
4431000, ,keydown
4431200,#,keydown
4431300,d,keydown
4431300,a,keydown
4431500,n,keydown
4431600,i,keydown
4431800,e,keydown
4431900,l,keydown
4432000,e,keydown
4432300,",",keydown
4432900, ,keydown
4436500,x,keydown
4436800,Backspace,keydown
4437000,c,keydown
4437200,o,keydown
4437300,m,keydown
4437800,#,keydown
4437900,e,keydown
4438200,#,keydown
4438900,#,keydown
4439100,#,keydown
4439600,Backspace,keydown
4439800, ,keydown
4440300,a,keydown
4440400,n,keydown
4440500,d,keydown
4440600,a,keydown
4440800,t,keydown
4440900,a,keydown
4441100, ,keydown
4441800,l,keydown
4441900,a,keydown
4442000, ,keydown
4442200,#,keydown
4442300,p,keydown
4442400,a,keydown
4442500,s,keydown
4442600,q,keydown
4442800,u,keydown
4442800,a,keydown
4443200,#,keydown
4443300,#,keydown
4443400, ,keydown
4444900,#,keydown
4445100,n,keydown
4445200,o,keydown
4445400,i,keydown
4445500, ,keydown
4445600,s,keydown
4445800,i,keydown
4446000,a,keydown
4446100,m,keydown
4446300,o,keydown
4446400, ,keydown
4446500,s,keydown
4446700,t,keydown
4446700,a,keydown
4446800,t,keydown
4447000,i,keydown
4447600, ,keydown
4447900,b,keydown
4448100,e,keydown
4448100,n,keydown
4448300,o,keydown
4448500,n,keydown
4448600,e,keydown
4448800,",",keydown
4449100,Enter,keydown
4451200,i,keydown
4451400,n,keydown
4451500, ,keydown
4451700,p,keydown
4451800,a,keydown
4452000,r,keydown
4452200,t,keydown
4452200,e,keydown
4452300, ,keydown
4453200,Backspace,keydown
4453400,Backspace,keydown
4453500,Backspace,keydown
4453700,Backspace,keydown
4453800,Backspace,keydown
4454000,Backspace,keydown
4454100,Backspace,keydown
4454300,Backspace,keydown
4454600,Backspace,keydown
4455200,d,keydown
4455200,o,keydown
4455500,m,keydown
4455600,e,keydown
4455600,n,keydown
4455800,i,keydown
4455900,c,keydown
4456000,a,keydown
4456100, ,keydown
4456200,i,keydown
4456400,n,keydown
4456600, ,keydown
4456700,g,keydown
4456800,i,keydown
4457000,r,keydown
4457000,o,keydown
4457200, ,keydown
4463200,p,keydown
4463400,e,keydown
4463400,r,keydown
4463500, ,keydown
4463900,l,keydown
4464000,a,keydown
4464200, ,keydown
4464300,p,keydown
4464400,r,keydown
4464600,v,keydown
4465500,Backspace,keydown
4466100,o,keydown
4466300,v,keydown
4466400,i,keydown
4466600,n,keydown
4466700,c,keydown
4466900,i,keydown
4467000,a,keydown
4467100, ,keydown
4467400,t,keydown
4467400,o,keydown
4467600,r,keydown
4467700,i,keydown
4467900,n,keydown
4468100,e,keydown
4468400,s,keydown
4468500,e,keydown
4468600, ,keydown
4468800,#,keydown
4468900,#,keydown
4469100,c,keydown
4469300,o,keydown
4469500,n,keydown
4469700, ,keydown
4471000,g,keydown
4471100,i,keydown
4471400,t,keydown
4471400,a,keydown
4471600,r,keydown
4471700,e,keydown
4471800,l,keydown
4472000,l,keydown
4472100,a,keydown
4472400, ,keydown
4472500,a,keydown
4472800,Enter,keydown
4473000,#,keydown
4473200,p,keydown
4473400,i,keydown
4473700,n,keydown
4473800,e,keydown
4473900,r,keydown
4474000,o,keydown
4474200,l,keydown
4474400,o,keydown
4474600, ,keydown
4475800,d,keydown
4476000,o,keydown
4476700,v,keydown
4476900,e,keydown
4477000, ,keydown
4477100,a,keydown
4477200,b,keydown
4477400,b,keydown
4477600,i,keydown
4477800,a,keydown
4477800,m,keydown
4478000,o,keydown
4478200,c,keydown
4478200, ,keydown
4478300,o,keydown
4478500,m,keydown
4478700,p,keydown
4478700,e,keydown
4478900,r,keydown
4478900,a,keydown
4479100,t,keydown
4479200,o,keydown
4479200, ,keydown
4479400,u,keydown
4479600,n,keydown
4479700,a,keydown
4479800, ,keydown
4480300,t,keydown
4480500,o,keydown
4480500,r,keydown
4480800,t,keydown
4480800,e,keydown
4481000, ,keydown
4481500,Backspace,keydown
4481600,Backspace,keydown
4482100,a,keydown
4482300, ,keydown
4482500,l,keydown
4482600,a,keydown
4483100,Backspace,keydown
4483200,Backspace,keydown
4483400,a,keydown
4483400,l,keydown
4483600, ,keydown
4483900,l,keydown
4484300,i,keydown
4484500,m,keydown
4484600,o,keydown
4484800,n,keydown
4485000,e,keydown
4485000, ,keydown
4485200,v,keydown
4485300,e,keydown
4485500,r,keydown
4485700,a,keydown
4485700,m,keydown
4485800,e,keydown
4486000,n,keydown
4486100,t,keydown
4486100,e,keydown
4486500,Enter,keydown
4486800,s,keydown
4487100,q,keydown
4487100,u,keydown
4487200,i,keydown
4487400,s,keydown
4487500,i,keydown
4487600,t,keydown
4487800,a,keydown
4487900,#,keydown
4488100,#,keydown
4488300, ,keydown
4491900,c,keydown
4497000,Backspace,keydown
4497300,Backspace,keydown
4497800, ,keydown
4498300,e,keydown
4498400, ,keydown
4498600,c,keydown
4498700,e,keydown
4498900,n,keydown
4499000,a,keydown
4499400, ,keydown
4499500,a,keydown
4499700,l,keydown
4499800,l,keydown
4499900,a,keydown
4500000, ,keydown
4500100,#,keydown
4500200,l,keydown
4500500,o,keydown
4500600,c,keydown
4500700,a,keydown
4500900,n,keydown
4501000,d,keydown
4501000,a,keydown
4501200, ,keydown
4501300,d,keydown
4501400,e,keydown
4501500,l,keydown
4501600,l,keydown
4502000,#,keydown
4502200,#,keydown
4502200,a,keydown
4502400,l,keydown
4502600,a,keydown
4502800,m,keydown
4503000,b,keydown
4503100,i,keydown
4503200,c,keydown
4503400,c,keydown
4503500,o,keydown
4505700,",",keydown
4507100, ,keydown
4508700,c,keydown
4508900,h,keydown
4509000,e,keydown
4509100, ,keydown
4509300,s,keydown
4509300,i,keydown
4509400, ,keydown
4509600,t,keydown
4509600,r,keydown
4509800,o,keydown
4509900,v,keydown
4510000,a,keydown
4510200, ,keydown
4510300,i,keydown
4510600,n,keydown
4510700,Enter,keydown
4511100,u,keydown
4511200,n,keydown
4511300,a,keydown
4511400, ,keydown
4511600,f,keydown
4511600,r,keydown
4511700,a,keydown
4512200,z,keydown
4512200,i,keydown
4512300,o,keydown
4512500,n,keydown
4512800,e,keydown
4513500, ,keydown
4513800,d,keydown
4513900,i,keydown
4514000, ,keydown
4518100,#,keydown
4518300,r,keydown
4518500,o,keydown
4518700,m,keydown
4519100,Backspace,keydown
4519300,Backspace,keydown
4519900,Backspace,keydown
4522400,u,keydown
4522700,n,keydown
4523000, ,keydown
4523300,q,keydown
4523500,u,keydown
4523600,a,keydown
4523700,l,keydown
4523800,c,keydown
4524000,h,keydown
4524100,e,keydown
4524200, ,keydown
4524300,p,keydown
4524400,a,keydown
4524600,e,keydown
4524800,s,keydown
4524900,i,keydown
4525100,n,keydown
4525300,o,keydown
4525400, ,keydown
4525400,d,keydown
4525700,e,keydown
4525700,l,keydown
4525900,l,keydown
4526100,e,keydown
4526300, ,keydown
4526600,v,keydown
4526700,a,keydown
4526900,l,keydown
4527000,l,keydown
4527200,i,keydown
4527300, ,keydown
4527400,d,keydown
4527500,i,keydown
4527600, ,keydown
4527800,#,keydown
4527900,l,keydown
4529100,Backspace,keydown
4529300,#,keydown
4529500,l,keydown
4529800,a,keydown
4530000,n,keydown
4530600,z,keydown
4530700,o,keydown
4530900,#,keydown
4531000,#,keydown
4531500, ,keydown
4536300,#,keydown
4539500,e,keydown
4539700, ,keydown
4539800,l,keydown
4540100,u,keydown
4540300,n,keydown
4540300,e,keydown
4540500,d,keydown
4540600,i,keydown
4540700, ,keydown
4540800,i,keydown
4541100,n,keydown
4541300,v,keydown
4541400,e,keydown
4541500,c,keydown
4541600,e,keydown
4542700,#,keydown
4542900,#,keydown
4543100,#,keydown
4543200,#,keydown
4543400,#,keydown
4543600,#,keydown
4544200,Enter,keydown
4546300, ,keydown
4549200,d,keydown
4549400,a,keydown
4549500,i,keydown
4549600, ,keydown
4549800,m,keydown
4550000,i,keydown
4550100,e,keydown
4550300,i,keydown
4550500, ,keydown
4550800,a,keydown
4551000, ,keydown
4551100,#,keydown
4551200,r,keydown
4551300,o,keydown
4551500,s,keydown
4551500,i,keydown
4551800,g,keydown
4551900,n,keydown
4551900,a,keydown
4552000,n,keydown
4552200,o,keydown
4554500,.,keydown
4554700, ,keydown
4554900,e,keydown
4555000, ,keydown
4555200,q,keydown
4555300,u,keydown
4555300,i,keydown
4555500, ,keydown
4555600,d,keydown
4555800,i,keydown
4556100, ,keydown
4556300,n,keydown
4556500,u,keydown
4556700,o,keydown
4556800,v,keydown
4557000,o,keydown
4557100, ,keydown
4557400,p,keydown
4557400,r,keydown
4557600,a,keydown
4557700,n,keydown
4557800,z,keydown
4558000,o,keydown
4558100, ,keydown
4560800,s,keydown
4560900,u,keydown
4561000,c,keydown
4561200,c,keydown
4561300,u,keydown
4561500,l,keydown
4561600,e,keydown
4561800,n,keydown
4561800,t,keydown
4562000,o,keydown
4562900, ,keydown
4563400,i,keydown
4563600,n,keydown
4563800,Enter,keydown
4564100,u,keydown
4564200,n,keydown
4564400,a,keydown
4564400, ,keydown
4564700,g,keydown
4564800,i,keydown
4564900,o,keydown
4565000,r,keydown
4565100,n,keydown
4565200,a,keydown
4565300,t,keydown
4565500,a,keydown
4565700, ,keydown
4566000,c,keydown
4566200,a,keydown
4566300,l,keydown
4566300,d,keydown
4566500,i,keydown
4566600,s,keydown
4566800,s,keydown
4566800,i,keydown
4567000,m,keydown
4567100,a,keydown
4567300,.,keydown
4567500, ,keydown
4568900,#,keydown
4569200,i,keydown
4569400,e,keydown
4569400,r,keydown
4569500,i,keydown
4569700, ,keydown
4569800,s,keydown
4569900,i,keydown
4570100,a,keydown
4570100,m,keydown
4570300,o,keydown
4570400, ,keydown
4570600,a,keydown
4571000,Backspace,keydown
4571100,s,keydown
4571300,t,keydown
4571400,a,keydown
4571500,t,keydown
4571700,i,keydown
4571800, ,keydown
4572000,a,keydown
4572100, ,keydown
4572500,c,keydown
4572600,a,keydown
4572800,s,keydown
4572900,a,keydown
4573100, ,keydown
4573300,p,keydown
4573300,e,keydown
4573400,r,keydown
4573500, ,keydown
4573600,p,keydown
4573700,r,keydown
4573800,e,keydown
4573900,n,keydown
4573900,d,keydown
4574100,e,keydown
4574200,r,keydown
4574400,c,keydown
4574500,i,keydown
4574900,Enter,keydown
4575200,i,keydown
4575500,Backspace,keydown
4575900,u,keydown
4576000,n,keydown
4576200,a,keydown
4576200, ,keydown
4576400,v,keydown
4576500,a,keydown
4576700,c,keydown
4576800,a,keydown
4576900,n,keydown
4577000,z,keydown
4577200,a,keydown
4577300, ,keydown
4577500,d,keydown
4577500,a,keydown
4577600, ,keydown
4577800,t,keydown
4578000,u,keydown
4578200,t,keydown
4578300,t,keydown
4578500,o,keydown
4578600, ,keydown
4578700,i,keydown
4578900,l,keydown
4579000, ,keydown
4579300,p,keydown
4579400,a,keydown
4579600,r,keydown
4579700,e,keydown
4579900,n,keydown
4580300,t,keydown
4580400,a,keydown
4580600,d,keydown
4580700,o,keydown
4581800,#,keydown
4582000,#,keydown
4582200,#,keydown
4583600, ,keydown
4589600,#,keydown
4589800,s,keydown
4589900,o,keydown
4590100,n,keydown
4590200,o,keydown
4590400, ,keydown
4590600,t,keydown
4590800,u,keydown
4590800,t,keydown
4591000,t,keydown
4591100,i,keydown
4591200, ,keydown
4591500,t,keydown
4591500,a,keydown
4591700,n,keydown
4591800,t,keydown
4592200,o,keydown
4592300, ,keydown
4592900,c,keydown
4593000,a,keydown
4593200,r,keydown
4593300,i,keydown
4593500, ,keydown
4593700,e,keydown
4593800, ,keydown
4594100,t,keydown
4594100,a,keydown
4594300,n,keydown
4594400,t,keydown
4594500,o,keydown
4594700, ,keydown
4594800,b,keydown
4595000,u,keydown
4595100,o,keydown
4595300,n,keydown
4595400,i,keydown
4595900,Enter,keydown
4597000,p,keydown
4597200,e,keydown
4597200,r,keydown
4597400,o,keydown
4597800,#,keydown
4599300, ,keydown
4600800,a,keydown
4600900, ,keydown
4601100,v,keydown
4601200,o,keydown
4601400,l,keydown
4601400,t,keydown
4601700,e,keydown
4601800, ,keydown
4605900,b,keydown
4606000,i,keydown
4606100,s,keydown
4606200,o,keydown
4606400,n,keydown
4606900,Backspace,keydown
4607100,g,keydown
4607300,n,keydown
4607400,a,keydown
4607600, ,keydown
4608000,p,keydown
4608100,r,keydown
4608200,e,keydown
4608300,n,keydown
4608400,d,keydown
4608500,e,keydown
4608700,r,keydown
4608700,e,keydown
4608800, ,keydown
4609000,l,keydown
4609200,e,keydown
4609200, ,keydown
4609300,d,keydown
4609500,i,keydown
4609500,s,keydown
4609800,t,keydown
4609800,a,keydown
4610000,n,keydown
4610100,z,keydown
4610300,e,keydown
4610400, ,keydown
4610600,p,keydown
4610600,e,keydown
4610800,r,keydown
4610800, ,keydown
4611000,t,keydown
4611100,i,keydown
4611200,r,keydown
4611400,a,keydown
4611500,r,keydown
4611600,e,keydown
4611700, ,keydown
4611900,i,keydown
4612100,l,keydown
4612200, ,keydown
4612300,f,keydown
4612400,i,keydown
4612500,a,keydown
4612700,t,keydown
4612700,o,keydown
4613000,.,keydown
4613200, ,keydown
4613800,Enter,keydown
4614100,#,keydown
4614200,a,keydown
4614400,d,keydown
4614500, ,keydown
4614700,o,keydown
4614900,g,keydown
4614900,n,keydown
4615100,i,keydown
4615100, ,keydown
4615300,m,keydown
4615500,o,keydown
4615600,d,keydown
4615800,o,keydown
4615900,",",keydown
4616100, ,keydown
4617200,n,keydown
4617400,e,keydown
4617500, ,keydown
4617600,a,keydown
4617800,b,keydown
4617900,b,keydown
4618100,i,keydown
4618300,a,keydown
4618300,m,keydown
4618500,o,keydown
4618500, ,keydown
4618700,a,keydown
4618900,p,keydown
4619100,p,keydown
4619200,r,keydown
4619300,o,keydown
4619400,f,keydown
4619500,i,keydown
4619700,t,keydown
4619900,t,keydown
4620000,a,keydown
4620100,t,keydown
4620300,o,keydown
4620500, ,keydown
4620700,p,keydown
4620800,e,keydown
4620800,r,keydown
4621000, ,keydown
4621500,f,keydown
4621600,a,keydown
4621700,r,keydown
4621800,e,keydown
4621800, ,keydown
4622000,u,keydown
4622200,n,keydown
4622300, ,keydown
4622400,p,keydown
4622500,o,keydown
4622900,#,keydown
4623100, ,keydown
4623300,d,keydown
4623400,i,keydown
4623700, ,keydown
4624000,l,keydown
4624200,a,keydown
4624700,v,keydown
4624900,o,keydown
4625100,r,keydown
4625200,i,keydown
4626000,Enter,keydown
4626300,i,keydown
4626400,n,keydown
4626600, ,keydown
4626700,c,keydown
4626800,a,keydown
4627100,s,keydown
4627100,a,keydown
4627900,",",keydown
4628100, ,keydown
4628400,t,keydown
4628500,i,keydown
4628800,p,keydown
4628900,o,keydown
4629100, ,keydown
4629200,a,keydown
4629300,p,keydown
4629400,p,keydown
4629600,e,keydown
4629700,n,keydown
4629800,d,keydown
4629900,e,keydown
4630000,r,keydown
4630200,e,keydown
4630300, ,keydown
4631500,u,keydown
4631800,n,keydown
4632100, ,keydown
4632300,g,keydown
4632300,r,keydown
4632400,o,keydown
4632700,s,keydown
4632800,s,keydown
4632900,o,keydown
4633000, ,keydown
4633200,s,keydown
4633300,p,keydown
4633400,e,keydown
4633600,c,keydown
4633700,c,keydown
4633800,h,keydown
4634000,i,keydown
4634200,o,keydown
4635000,",",keydown
4635000, ,keydown
4635200,d,keydown
4635400,e,keydown
4635600,i,keydown
4635700, ,keydown
4636400,q,keydown
4636500,u,keydown
4636600,a,keydown
4637000,d,keydown
4637300,r,keydown
4637300,i,keydown
4637700,",",keydown
4638300, ,keydown
4638700,u,keydown
4638900,n,keydown
4639100, ,keydown
4639400,b,keydown
4639700,a,keydown
4639800,s,keydown
4640100,t,keydown
4640200,o,keydown
4640400,n,keydown
4640500,e,keydown
4641200,Enter,keydown
4641300,p,keydown
4641500,e,keydown
4641500,r,keydown
4641700, ,keydown
4642000,t,keydown
4642000,e,keydown
4642100,n,keydown
4642300,d,keydown
4642500,e,keydown
4643500, ,keydown
4643700,c,keydown
4644300,Backspace,keydown
4644700,c,keydown
4644800,h,keydown
4644900,e,keydown
4645500, ,keydown
4645700,e,keydown
4646000,#,keydown
4646200, ,keydown
4646300,u,keydown
4646500,n,keydown
4646700,a,keydown
4646700, ,keydown
4647200,b,keydown
4647300,a,keydown
4647400,r,keydown
4647500,a,keydown
4647700,c,keydown
4647800,c,keydown
4648000,a,keydown
4648100, ,keydown
4648800,d,keydown
4648900,e,keydown
4648900,l,keydown
4649100,l,keydown
4650000,#,keydown
4650200,#,keydown
4650900,Backspace,keydown
4651300,#,keydown
4651600,i,keydown
4651900,k,keydown
4651900,e,keydown
4652200,a,keydown
4652300,",",keydown
4652500, ,keydown
4652800,c,keydown
4652900,o,keydown
4653000,s,keydown
4653200,e,keydown
4653300, ,keydown
4653500,c,keydown
4653500,o,keydown
4653700,s,keydown
4653800,i,keydown
4654100,#,keydown
4655700,.,keydown
4655900, ,keydown
4656000,#,keydown
4656200,c,keydown
4656400,i,keydown
4656500,a,keydown
4656600,o,keydown
4656700, ,keydown
4656900,#,keydown
4657000,c,keydown
4657600,i,keydown
4657800,a,keydown
4657800,o,keydown
4658600, ,keydown
4658800,#,keydown
4659000,c,keydown
4659100,i,keydown
4659200,a,keydown
4659300,o,keydown
