timestamp,key,type
5232600,Backspace,keydown
5232600,Backspace,keydown
5232600,Backspace,keydown
5232600,Backspace,keydown
5232600,Backspace,keydown
5232600,Backspace,keydown
5232600,Backspace,keydown
5232600,Backspace,keydown
5232600,#,keydown
5232800,t,keydown
5233000,i,keydown
5233100, ,keydown
5233200,h,keydown
5233400,o,keydown
5233500, ,keydown
5233600,g,keydown
5233700,i,keydown
5233900,a,keydown
5234200,#,keydown
5234400, ,keydown
5234700,s,keydown
5234900,c,keydown
5235000,r,keydown
5235200,i,keydown
5235300,t,keydown
5235300,t,keydown
5235500,o,keydown
5235600, ,keydown
5235700,o,keydown
5235900,g,keydown
5236000,g,keydown
5236200,i,keydown
5236400,#,keydown
5236500,#,keydown
5236700, ,keydown
5236900,#,keydown
5237000,s,keydown
5237100,i,keydown
5237400,n,keydown
5237400,c,keydown
5237600,e,keydown
5237700,r,keydown
5237900,a,keydown
5238000,m,keydown
5238100,e,keydown
5238200,n,keydown
5238200,t,keydown
5238400,e,keydown
5238500, ,keydown
5238700,n,keydown
5238700,o,keydown
5238900,n,keydown
5239100, ,keydown
5239200,m,keydown
5239300,e,keydown
5239400, ,keydown
5239600,l,keydown
5239800,o,keydown
5239900, ,keydown
5240300,r,keydown
5240500,i,keydown
5240500,c,keydown
5240700,o,keydown
5240800,r,keydown
5241000,d,keydown
5241000,o,keydown
5241200, ,keydown
5241300,m,keydown
5241500,a,keydown
5241600, ,keydown
5241600,n,keydown
5241800,o,keydown
5242000,n,keydown
5242200, ,keydown
5242600,f,keydown
5242600,a,keydown
5242700,Enter,keydown
5243000,n,keydown
5243100,u,keydown
5243400,l,keydown
5243500,l,keydown
5243800,a,keydown
5243900,.,keydown
5244000, ,keydown
5252500,#,keydown
5252600,o,keydown
5252800,g,keydown
5252900,g,keydown
5252900,i,keydown
5253100, ,keydown
5253300,h,keydown
5253500,o,keydown
5253600, ,keydown
5253800,f,keydown
5253900,a,keydown
5254100,t,keydown
5254200,t,keydown
5254500,o,keydown
5254700, ,keydown
5256200,u,keydown
5256400,n,keydown
5256500, ,keydown
5256700,p,keydown
5256700,o,keydown
5257200,#,keydown
5257400, ,keydown
5257600,d,keydown
5257700,i,keydown
5257800, ,keydown
5258600,d,keydown
5258700,i,keydown
5259000,s,keydown
5259100,c,keydown
5259600,u,keydown
5259800,s,keydown
5260000,s,keydown
5260100,i,keydown
5260100,o,keydown
5260300,n,keydown
5260400,i,keydown
5260700,#,keydown
5260900,#,keydown
5261000, ,keydown
5261800,d,keydown
5261900,i,keydown
5262100,s,keydown
5262200,c,keydown
5262300,u,keydown
5262500,s,keydown
5262600,s,keydown
5262600,i,keydown
5262800,o,keydown
5263000,n,keydown
5263200,i,keydown
5263300, ,keydown
5263800,d,keydown
5263800,i,keydown
5263900, ,keydown
5264100,l,keydown
5264300,a,keydown
5265000,b,keydown
5265100,o,keydown
5265400,r,keydown
5265600,a,keydown
5265700,-,keydown
5265900,Enter,keydown
5266200,t,keydown
5266200,o,keydown
5266400,r,keydown
5266500,i,keydown
5268500,",",keydown
5268700, ,keydown
5269000,d,keydown
5269000,i,keydown
5269100,s,keydown
5269300,c,keydown
5269400,u,keydown
5269600,s,keydown
5269700,s,keydown
5269800,i,keydown
5269800,o,keydown
5270100,n,keydown
5270700,i,keydown
5270700, ,keydown
5271400,r,keydown
5271500,e,keydown
5271600,l,keydown
5271700,a,keydown
5271900,t,keydown
5271900,i,keydown
5272000,v,keydown
5272200,e,keydown
5272300, ,keydown
5272400,a,keydown
5272500,l,keydown
5272600, ,keydown
5272700,s,keydown
5272900,o,keydown
5272900,f,keydown
5273100,t,keydown
5273300,r,keydown
5273600,Backspace,keydown
5273700,w,keydown
5273900,a,keydown
5274100,r,keydown
5274300,e,keydown
5276400, ,keydown
5276600,e,keydown
5276800, ,keydown
5276900,a,keydown
5277000,i,keydown
5277000, ,keydown
5277400,n,keydown
5277600,u,keydown
5277700,o,keydown
5277800,v,keydown
5278000,i,keydown
5278100, ,keydown
5278300,s,keydown
5278500,e,keydown
5278700,r,keydown
5278800,v,keydown
5279000,i,keydown
5279100,z,keydown
5279300,i,keydown
5279400, ,keydown
5279800,d,keydown
5279800,a,keydown
5280600, ,keydown
5281000,r,keydown
5281000,e,keydown
5281100,n,keydown
5281200,d,keydown
5281200,e,keydown
5281400,r,keydown
5281400,e,keydown
5281600,Enter,keydown
5281900,p,keydown
5282000,u,keydown
5282300,b,keydown
5282400,b,keydown
5282400,l,keydown
5282700,i,keydown
5283200,c,keydown
5283400,i,keydown
5283500,m,keydown
5283800, ,keydown
5284200,Backspace,keydown
5287400,Backspace,keydown
5287700,",",keydown
5287900, ,keydown
5288200,d,keydown
5288400,i,keydown
5288700,s,keydown
5288700,c,keydown
5288900,u,keydown
5289100,s,keydown
5289200,s,keydown
5289200,i,keydown
5289400,o,keydown
5289500,n,keydown
5289700,i,keydown
5289800, ,keydown
5290500,r,keydown
5290500,e,keydown
5290600,l,keydown
5290800,a,keydown
5290900,t,keydown
5291000,i,keydown
5291100,v,keydown
5291400,e,keydown
5291500, ,keydown
5297200,a,keydown
5297500, ,keydown
5297700,p,keydown
5297800,r,keydown
5297900,o,keydown
5298100,g,keydown
5298300,e,keydown
5298400,t,keydown
5298500,t,keydown
5298600,i,keydown
5298700, ,keydown
5298900,e,keydown
5299000, ,keydown
5299200,p,keydown
5299300,r,keydown
5299300,o,keydown
5299500,g,keydown
5299600,e,keydown
5299700,t,keydown
5299900,t,keydown
5300000,i,keydown
5300200,n,keydown
5300400,i,keydown
5301000,",",keydown
5301200, ,keydown
5301400,d,keydown
5301400,i,keydown
5301600,s,keydown
5301600,c,keydown
5301700,u,keydown
5301900,s,keydown
5302000,s,keydown
5302100,i,keydown
5302100,o,keydown
5302400,n,keydown
5302400,i,keydown
5302800,Enter,keydown
5303200,r,keydown
5303300,e,keydown
5303400,l,keydown
5303500,a,keydown
5303700,t,keydown
5303800,i,keydown
5303900,v,keydown
5304000,e,keydown
5304200, ,keydown
5304700,a,keydown
5305000,d,keydown
5305100, ,keydown
5305200,a,keydown
5305300,p,keydown
5305500,p,keydown
5305700,l,keydown
5305900,i,keydown
5306000,c,keydown
5306000,a,keydown
5306300,t,keydown
5306300,i,keydown
5306500,v,keydown
5306500,i,keydown
5306700, ,keydown
5306800,c,keydown
5307000,h,keydown
5307100,e,keydown
5307100, ,keydown
5307400,m,keydown
5307500,i,keydown
5307800,s,keydown
5308000,t,keydown
5308200,e,keydown
5308400,r,keydown
5308600,i,keydown
5308600,o,keydown
5308800,s,keydown
5308900,a,keydown
5309000,m,keydown
5309200,e,keydown
5309300,n,keydown
5309400,t,keydown
5309500,e,keydown
5309700, ,keydown
5310700,f,keydown
5310800,u,keydown
5311000,n,keydown
5311200,z,keydown
5311300,i,keydown
5311400,o,keydown
5311500,n,keydown
5311600,a,keydown
5311700,n,keydown
5311900,o,keydown
5312000, ,keydown
5312100,a,keydown
5312300, ,keydown
5312500,t,keydown
5312500,r,keydown
5312600,a,keydown
5312800,t,keydown
5312900,t,keydown
5313100,i,keydown
5313400,.,keydown
5314100,Enter,keydown
5314300,#,keydown
5314400,c,keydown
5314700,h,keydown
5314800,i,keydown
5314900,s,keydown
5315000,s,keydown
5315200,a,keydown
5315500,#,keydown
5315700, ,keydown
5315800,s,keydown
5316000,e,keydown
5316100, ,keydown
5316200,q,keydown
5316300,u,keydown
5316400,a,keydown
5316500,l,keydown
5316700,c,keydown
5316800,u,keydown
5317000,n,keydown
5317100,a,keydown
5317200, ,keydown
5317300,d,keydown
5317500,i,keydown
5317600, ,keydown
5317700,q,keydown
5317800,u,keydown
5317900,e,keydown
5318100,s,keydown
5318100,t,keydown
5318200,e,keydown
5318300, ,keydown
5318400,d,keydown
5318600,i,keydown
5318600,s,keydown
5318700,c,keydown
5318900,u,keydown
5319000,s,keydown
5319100,s,keydown
5319200,i,keydown
5319300,o,keydown
5319400,n,keydown
5319700,i,keydown
5319700, ,keydown
5320100,p,keydown
5320200,o,keydown
5320400,r,keydown
5320500,t,keydown
5320800,e,keydown
5321000,r,keydown
5321100,a,keydown
5321500,#,keydown
5321700, ,keydown
5322200,a,keydown
5322300, ,keydown
5322500,u,keydown
5322700,n,keydown
5322800, ,keydown
5323000,q,keydown
5323100,u,keydown
5323200,a,keydown
5323300,l,keydown
5323500,c,keydown
5323600,h,keydown
5323700,e,keydown
5324400,Enter,keydown
5324500,r,keydown
5324700,i,keydown
5324800,s,keydown
5324900,u,keydown
5325100,l,keydown
5325200,t,keydown
5325300,a,keydown
5325400,t,keydown
5325500,o,keydown
5325600, ,keydown
5325900,p,keydown
5326100,o,keydown
5326200,s,keydown
5326200,i,keydown
5326600,t,keydown
5326800,i,keydown
5326900,v,keydown
5327000,o,keydown
5327200,#,keydown
5327300,#,keydown
5327500, ,keydown
5327600,#,keydown
5327800,l,keydown
5328100,o,keydown
5328300, ,keydown
5328400,s,keydown
5328500,p,keydown
5328600,e,keydown
5328800,r,keydown
5328800,o,keydown
5329000, ,keydown
5329200,p,keydown
5329300,r,keydown
5329400,o,keydown
5329700,p,keydown
5329800,r,keydown
5329900,i,keydown
5330000,o,keydown
5330500,#,keydown
5330900,#,keydown
5331100, ,keydown
5332200,v,keydown
5332800,o,keydown
5332900,r,keydown
5333000,r,keydown
5333200,e,keydown
5333300,i,keydown
5333300, ,keydown
5333900,b,keydown
5334100,e,keydown
5334100,n,keydown
5334300, ,keydown
5334400,v,keydown
5334600,e,keydown
5334900,d,keydown
5335000,e,keydown
5335100,r,keydown
5335200,e,keydown
5335400, ,keydown
5335500,c,keydown
5335600,h,keydown
5335700,e,keydown
5335900, ,keydown
5336500,f,keydown
5336700,o,keydown
5336800,s,keydown
5336900,s,keydown
5337100,e,keydown
5337300,Enter,keydown
5338000,t,keydown
5338200,u,keydown
5338300,t,keydown
5338400,t,keydown
5338500,o,keydown
5338600, ,keydown
5338900,t,keydown
5339100,e,keydown
5339100,m,keydown
5339300,p,keydown
5339500,o,keydown
5339600, ,keydown
5340000,p,keydown
5340100,e,keydown
5340100,r,keydown
5340400,s,keydown
5340500,o,keydown
5340600, ,keydown
5340800,.,keydown
5341000,.,keydown
5341200,.,keydown
5341300, ,keydown
5345100,m,keydown
5345200,a,keydown
5345400,h,keydown
5345600,.,keydown
5345800, ,keydown
5348800,#,keydown
5349000,i,keydown
5349200,n,keydown
5349300, ,keydown
5349500,q,keydown
5349600,u,keydown
5349700,e,keydown
5349900,s,keydown
5349900,t,keydown
5350200,o,keydown
5350300, ,keydown
5350500,i,keydown
5350600,s,keydown
5350800,t,keydown
5350900,a,keydown
5351000,n,keydown
5351100,t,keydown
5351300,e,keydown
5351300, ,keydown
5351600,s,keydown
5351900,t,keydown
5351900,o,keydown
5352100, ,keydown
5352900,a,keydown
5353300,s,keydown
5353300,c,keydown
5353500,o,keydown
5353700,l,keydown
5353800,t,keydown
5353900,a,keydown
5354000,n,keydown
5354200,d,keydown
5354300,o,keydown
5354600, ,keydown
5354800,l,keydown
5355000,a,keydown
5355600,Enter,keydown
5355800,s,keydown
5355800,i,keydown
5356000,g,keydown
5356100,l,keydown
5356300,a,keydown
5356400, ,keydown
5356800,d,keydown
5356900,e,keydown
5356900,l,keydown
5357100, ,keydown
5357200,c,keydown
5357200,a,keydown
5357400,r,keydown
5357600,t,keydown
5357700,o,keydown
5357900,n,keydown
5357900,e,keydown
5358100, ,keydown
5358200,a,keydown
5358400,n,keydown
5358500,i,keydown
5358700,m,keydown
5358900,a,keydown
5359100,t,keydown
5359200,o,keydown
5359300, ,keydown
5361900,#,keydown
5362100,r,keydown
5362200,o,keydown
5362300,b,keydown
5362400,o,keydown
5362600,t,keydown
5362900,e,keydown
5363200,c,keydown
5363300,h,keydown
5364600,",",keydown
5364700, ,keydown
5364900,t,keydown
5365000,i,keydown
5365200,t,keydown
5365200,o,keydown
5365400,l,keydown
5365500,o,keydown
5365700, ,keydown
5365800,i,keydown
5366000,t,keydown
5366100,a,keydown
5366200,l,keydown
5366400,i,keydown
5366500,a,keydown
5366600,n,keydown
5366800,o,keydown
5367000, ,keydown
5368700,m,keydown
5368900,o,keydown
5369000,l,keydown
5369200,t,keydown
5369300,o,keydown
5369500, ,keydown
5370000,d,keydown
5370200,i,keydown
5370300,v,keydown
5370400,e,keydown
5370600,r,keydown
5370800,s,keydown
5371000,o,keydown
5371300,Enter,keydown
5371800,d,keydown
5371800,a,keydown
5371900,l,keydown
5372100,l,keydown
5372400,#,keydown
5372700,o,keydown
5372900,r,keydown
5373000,i,keydown
5373100,g,keydown
5373200,i,keydown
5373400,n,keydown
5373400,a,keydown
5373600,l,keydown
5373800,e,keydown
5373800, ,keydown
5373900,#,keydown
5374100,m,keydown
5374200,a,keydown
5374400,c,keydown
5374700,r,keydown
5374700,o,keydown
5374900,s,keydown
5375000,s,keydown
5375100,.,keydown
5377200, ,keydown
5377400,#,keydown
5377600,a,keydown
5377600, ,keydown
5377800,v,keydown
5377900,o,keydown
5378100,l,keydown
5378100,t,keydown
5378200,e,keydown
5378300, ,keydown
5378400,m,keydown
5378600,i,keydown
5378700, ,keydown
5378900,d,keydown
5378900,o,keydown
5379100,m,keydown
5379200,a,keydown
5379300,n,keydown
5379400,d,keydown
5379500,o,keydown
5379700, ,keydown
5379800,p,keydown
5379900,e,keydown
5379900,r,keydown
5380100,c,keydown
5380200,h,keydown
5380300,e,keydown
5380700,#,keydown
5380800, ,keydown
5381300,n,keydown
5381400,e,keydown
5381500,l,keydown
5381600,l,keydown
5381800,e,keydown
5381900, ,keydown
5382200,t,keydown
5382200,r,keydown
5382400,a,keydown
5382500,d,keydown
5382600,u,keydown
5382800,z,keydown
5382900,i,keydown
5383000,o,keydown
5383100,n,keydown
5383300,i,keydown
5383700,Enter,keydown
5384100,c,keydown
5384200,a,keydown
5384300,m,keydown
5384500,b,keydown
5384500,i,keydown
5384700,a,keydown
5384800,n,keydown
5384900,o,keydown
5385100, ,keydown
5385200,c,keydown
5385300,o,keydown
5385500,m,keydown
5385700,p,keydown
5385700,l,keydown
5385900,e,keydown
5386000,t,keydown
5386100,a,keydown
5386500,m,keydown
5386600,e,keydown
5386600,n,keydown
5386800,t,keydown
5386900,e,keydown
5387000, ,keydown
5387100,i,keydown
5387300, ,keydown
5387800,n,keydown
5387900,o,keydown
5388100,m,keydown
5388300,i,keydown
5389100,.,keydown
5389400, ,keydown
5390500,#,keydown
5390800,i,keydown
5391000,n,keydown
5391200, ,keydown
5391400,f,keydown
5391500,o,keydown
5391700,n,keydown
5391800,d,keydown
5391900,o,keydown
5392100,",",keydown
5392200, ,keydown
5392400,f,keydown
5392500,r,keydown
5392800,a,keydown
5392800, ,keydown
5393000,#,keydown
5393100,m,keydown
5393200,a,keydown
5393500,c,keydown
5393600,r,keydown
5393700,o,keydown
5393900,s,keydown
5394000,s,keydown
5394300, ,keydown
5394500,e,keydown
5394700, ,keydown
5394900,#,keydown
5395200,r,keydown
5395400,o,keydown
5395600,b,keydown
5395700,o,keydown
5395800,t,keydown
5396000,e,keydown
5396200,c,keydown
5396300,h,keydown
5397400,Enter,keydown
5397500,c,keydown
5397700,h,keydown
5397800,e,keydown
5397900, ,keydown
5398100,d,keydown
5398100,i,keydown
5398300,f,keydown
5398400,f,keydown
5398500,e,keydown
5398700,r,keydown
5398700,e,keydown
5398800,n,keydown
5399100,z,keydown
5399200,a,keydown
5399300, ,keydown
5399500,c,keydown
5399900,#,keydown
5400000,e,keydown
5400300,#,keydown
5400900,#,keydown
5401200,#,keydown
5401500, ,keydown
5401700,#,keydown
5402200,c,keydown
5402300,o,keydown
5402500,m,keydown
5402600,e,keydown
5402700, ,keydown
5402800,n,keydown
5403000,o,keydown
5403200,m,keydown
5403300,i,keydown
5403500, ,keydown
5403600,u,keydown
5403900,n,keydown
5404400,Backspace,keydown
5404600,Backspace,keydown
5405400,l,keydown
5405700,#,keydown
5406000,u,keydown
5406200,n,keydown
5406400,o,keydown
5406400, ,keydown
5406700,v,keydown
5406900,a,keydown
5406900,l,keydown
5407100,e,keydown
5407200, ,keydown
5407400,l,keydown
5407700,#,keydown
5407900,a,keydown
5408000,l,keydown
5408200,t,keydown
5408300,r,keydown
5408400,o,keydown
5411200,.,keydown
5411400, ,keydown
5411500,#,keydown
5411800,m,keydown
5411900,i,keydown
5412100,s,keydown
5412400,t,keydown
5413100,o,keydown
5414000,Backspace,keydown
5414500,e,keydown
5414600,r,keydown
5414800,i,keydown
5414900,s,keydown
5415000,s,keydown
5415100,i,keydown
5415300,m,keydown
5415500,o,keydown
5415800,.,keydown
