timestamp,key,type
34468200,Backspace,keydown
34468200,Backspace,keydown
34468200,Backspace,keydown
34468200,Backspace,keydown
34468200,Backspace,keydown
34468200,Backspace,keydown
34468200,Backspace,keydown
34468200,Backspace,keydown
34468200,#,keydown
34468400,o,keydown
34468700,l,keydown
34468800,a,keydown
34468800, ,keydown
34469100,a,keydown
34469500,m,keydown
34469600,i,keydown
34469800,g,keydown
34469900,o,keydown
34470400,",",keydown
34470700, ,keydown
34472300,s,keydown
34472500,p,keydown
34472500,e,keydown
34472700,r,keydown
34472900,o,keydown
34473000, ,keydown
34473100,c,keydown
34473200,h,keydown
34473300,e,keydown
34473400, ,keydown
34473600,t,keydown
34473700,u,keydown
34473800, ,keydown
34474000,a,keydown
34474100,b,keydown
34474300,b,keydown
34474400,i,keydown
34474500,a,keydown
34474500, ,keydown
34475000,p,keydown
34475100,a,keydown
34475200,s,keydown
34475500,s,keydown
34475500,a,keydown
34475700,t,keydown
34475900,o,keydown
34475900, ,keydown
34476400,n,keydown
34476700,Backspace,keydown
34476900,b,keydown
34477000,u,keydown
34477100,o,keydown
34477200,n,keydown
34477400,a,keydown
34477600, ,keydown
34477900,#,keydown
34477900,p,keydown
34478300,a,keydown
34478500,s,keydown
34478800,q,keydown
34479200,u,keydown
34479300,a,keydown
34479600, ,keydown
34479800,e,keydown
34480000, ,keydown
34480100,c,keydown
34481000,h,keydown
34481100,e,keydown
34481200, ,keydown
34481400,i,keydown
34481500,e,keydown
34481600,r,keydown
34481700,i,keydown
34481800, ,keydown
34482400,t,keydown
34482400,i,keydown
34482700, ,keydown
34482900,s,keydown
34483000,i,keydown
34483300,a,keydown
34483500, ,keydown
34483700,d,keydown
34483900,i,keydown
34484100,v,keydown
34484200,e,keydown
34484400,r,keydown
34484500,t,keydown
34484700,i,keydown
34484900,t,keydown
34484900,o,keydown
34485200,Enter,keydown
34485500,e,keydown
34485600, ,keydown
34486000,s,keydown
34486200,o,keydown
34486300,p,keydown
34486600,r,keydown
34486700,a,keydown
34486800,t,keydown
34486900,t,keydown
34487100,u,keydown
34487400,t,keydown
34487600,t,keydown
34487800,o,keydown
34487800, ,keydown
34488500,t,keydown
34488700,i,keydown
34488700, ,keydown
34489000,s,keydown
34489000,i,keydown
34489200,a,keydown
34489700, ,keydown
34490300,t,keydown
34490300,r,keydown
34490500,o,keydown
34490800,v,keydown
34490800,a,keydown
34491000,t,keydown
34491100,o,keydown
34491300, ,keydown
34491700,b,keydown
34491800,e,keydown
34491800,n,keydown
34492000,e,keydown
34492100, ,keydown
34492400,a,keydown
34492500, ,keydown
34492800,m,keydown
34492900,a,keydown
34493700,Backspace,keydown
34493900,n,keydown
34494200,g,keydown
34494400,i,keydown
34494600,a,keydown
34494800,r,keydown
34495000,e,keydown
34495200, ,keydown
34497100,#,keydown
34497300,#,keydown
34497500,#,keydown
34497600,#,keydown
34497800,#,keydown
34497900,#,keydown
34498600,a,keydown
34499400,Backspace,keydown
34499600,Backspace,keydown
34499900,a,keydown
34500700,n,keydown
34501000,#,keydown
34501200,#,keydown
34501300,#,keydown
34501400,#,keydown
34501600,#,keydown
34501800,#,keydown
34503900,i,keydown
34504800,n,keydown
34505000, ,keydown
34505200,c,keydown
34505300,a,keydown
34505500,m,keydown
34505700,p,keydown
34505800,a,keydown
34506000,g,keydown
34506200,n,keydown
34506800,a,keydown
34507000,.,keydown
34507300, ,keydown
34508000,#,keydown
34511600,n,keydown
34511900,o,keydown
34512100,i,keydown
34513300, ,keydown
34513400,c,keydown
34513600,i,keydown
34513600, ,keydown
34513800,s,keydown
34513900,i,keydown
34514100,a,keydown
34514100,m,keydown
34514200,o,keydown
34514500,Enter,keydown
34515000,t,keydown
34515100,r,keydown
34515300,o,keydown
34515500,v,keydown
34515700,a,keydown
34515800,t,keydown
34516100,i,keydown
34516100, ,keydown
34516400,m,keydown
34516500,o,keydown
34516700,l,keydown
34516900,t,keydown
34516900,o,keydown
34517000, ,keydown
34517300,b,keydown
34517400,e,keydown
34517500,n,keydown
34517700,e,keydown
34517800, ,keydown
34517900,e,keydown
34518100, ,keydown
34518400,s,keydown
34518500,i,keydown
34518600,a,keydown
34518800,m,keydown
34519000,o,keydown
34519100, ,keydown
34519300,s,keydown
34519500,t,keydown
34519600,a,keydown
34519800,t,keydown
34519900,i,keydown
34520100, ,keydown
34520600,c,keydown
34520600,o,keydown
34520700,n,keydown
34521000,t,keydown
34521100,e,keydown
34521200,n,keydown
34521400,t,keydown
34521500,i,keydown
34521600, ,keydown
34521800,d,keydown
34521800,e,keydown
34522000,l,keydown
34522100,l,keydown
34522200,a,keydown
34522300, ,keydown
34522500,v,keydown
34522700,o,keydown
34522800,s,keydown
34523000,t,keydown
34523000,r,keydown
34523100,a,keydown
34523300, ,keydown
34523500,p,keydown
34523800,r,keydown
34524000,t,keydown
34524300,Backspace,keydown
34524500,Backspace,keydown
34524600,a,keydown
34524900,e,keydown
34525100,t,keydown
34525600,Backspace,keydown
34525800,Backspace,keydown
34526000,t,keydown
34526200,r,keydown
34526300,e,keydown
34526700,Backspace,keydown
34526900,Backspace,keydown
34527000,r,keydown
34527100,t,keydown
34527600,Backspace,keydown
34527800,Backspace,keydown
34528000,Backspace,keydown
34528100,r,keydown
34528200,t,keydown
34528400,e,keydown
34529200,c,keydown
34529300,i,keydown
34529500,p,keydown
34529600,a,keydown
34529900,z,keydown
34530000,i,keydown
34530100,o,keydown
34530200,n,keydown
34530400,e,keydown
34531400,.,keydown
34531700,Enter,keydown
34532600,#,keydown
34533500,i,keydown
34533600,n,keydown
34534000, ,keydown
34534500,r,keydown
34534700,e,keydown
34534800,a,keydown
34535100,l,keydown
34535300,t,keydown
34535400,a,keydown
34535600,#,keydown
34536000,",",keydown
34536100, ,keydown
34536300,s,keydown
34536600,p,keydown
34536800,e,keydown
34537000,r,keydown
34537300,a,keydown
34537500,v,keydown
34537800,o,keydown
34538000, ,keydown
34538200,d,keydown
34538500,Backspace,keydown
34538800,c,keydown
34538900,i,keydown
34538900, ,keydown
34539200,f,keydown
34539300,o,keydown
34539700,s,keydown
34539800,s,keydown
34540000,e,keydown
34540100,r,keydown
34540100,e,keydown
34540600,#,keydown
34540600,Backspace,keydown
34540800,Backspace,keydown
34541500,o,keydown
34541600, ,keydown
34541800,p,keydown
34541900,i,keydown
34542100,u,keydown
34542200,#,keydown
34542400, ,keydown
34542500,p,keydown
34542700,e,keydown
34542900,r,keydown
34543100,s,keydown
34543200,o,keydown
34543300,n,keydown
34543500,e,keydown
34544000,",",keydown
34544000, ,keydown
34544600,m,keydown
34544700,a,keydown
34544800, ,keydown
34545300,t,keydown
34545600,u,keydown
34545700,t,keydown
34545800,t,keydown
34546100,o,keydown
34546100, ,keydown
34546300,s,keydown
34546400,o,keydown
34546500,m,keydown
34546700,m,keydown
34546800,a,keydown
34546900,t,keydown
34547200,o,keydown
34547300, ,keydown
34547500,a,keydown
34547600,n,keydown
34547700,c,keydown
34547900,h,keydown
34548000,e,keydown
34548100, ,keydown
34548300,c,keydown
34548400,o,keydown
34548600,s,keydown
34548900,i,keydown
34549000,#,keydown
34549500,Enter,keydown
34550000,e,keydown
34550100,#,keydown
34550400, ,keydown
34550800,a,keydown
34551100,n,keydown
34551300,d,keydown
34551300,a,keydown
34551500,t,keydown
34551600,o,keydown
34551700, ,keydown
34551900,t,keydown
34552100,u,keydown
34552200,t,keydown
34552400,t,keydown
34552600,o,keydown
34552600, ,keydown
34552900,b,keydown
34552900,e,keydown
34553000,n,keydown
34553200,e,keydown
34553500,.,keydown
34553700, ,keydown
34554000,#,keydown
34555000,d,keydown
34555100,i,keydown
34555600,r,keydown
34555600,e,keydown
34555800,i,keydown
34556000, ,keydown
34556400,c,keydown
34556600,h,keydown
34556800,e,keydown
34556900, ,keydown
34556900,a,keydown
34557100, ,keydown
34557300,c,keydown
34557500,o,keydown
34557600,n,keydown
34557800,t,keydown
34557900,i,keydown
34557900, ,keydown
34558300,f,keydown
34558400,a,keydown
34558600,t,keydown
34558700,t,keydown
34558900,i,keydown
34559000, ,keydown
34559100,1,keydown
34559300,0,keydown
34559400, ,keydown
34559700,p,keydown
34559800,e,keydown
34560000,r,keydown
34560200,s,keydown
34560400,o,keydown
34560500,n,keydown
34560600,e,keydown
34560800, ,keydown
34561000,s,keydown
34561200,o,keydown
34561400,n,keydown
34561800,o,keydown
34562100, ,keydown
34562300,i,keydown
34562500,l,keydown
34562600, ,keydown
34562800,n,keydown
34562900,u,keydown
34563100,m,keydown
34563100,e,keydown
34563200,r,keydown
34563400,o,keydown
34563600,Enter,keydown
34563900,i,keydown
34564000,d,keydown
34564100,e,keydown
34564200,a,keydown
34564500,l,keydown
34564700, ,keydown
34565100,Backspace,keydown
34565200,e,keydown
34565400, ,keydown
34565600,p,keydown
34565700,e,keydown
34565900,r,keydown
34566000, ,keydown
34566300,q,keydown
34566500,u,keydown
34566600,a,keydown
34567000,Backspace,keydown
34567200,e,keydown
34567300,s,keydown
34567500,t,keydown
34567600,a,keydown
34567800, ,keydown
34568100,Backspace,keydown
34568300,Backspace,keydown
34568500,o,keydown
34568800, ,keydown
34569400,t,keydown
34569500,i,keydown
34569700,p,keydown
34569800,o,keydown
34569900, ,keydown
34570000,d,keydown
34570200,i,keydown
34570300, ,keydown
34572100,o,keydown
34572700,Backspace,keydown
34573400,e,keydown
34573400,v,keydown
34573600,e,keydown
34573800,n,keydown
34573900,t,keydown
34574100,i,keydown
34574400,#,keydown
34574600,#,keydown
34574800, ,keydown
34575000,n,keydown
34575200,e,keydown
34575400, ,keydown
34575700,t,keydown
34575800,r,keydown
34576000,o,keydown
34576200,p,keydown
34576500,p,keydown
34577000,i,keydown
34577500, ,keydown
34578500,c,keydown
34578700,h,keydown
34578800,e,keydown
34578900, ,keydown
34579100,r,keydown
34579200,i,keydown
34579600,c,keydown
34579700,h,keydown
34579700,i,keydown
34579900,e,keydown
34580000,d,keydown
34580300,o,keydown
34580500,n,keydown
34580600,o,keydown
34580700, ,keydown
34581000,u,keydown
34581000,n,keydown
34581200, ,keydown
34581300,o,keydown
34581700, ,keydown
34582800,Backspace,keydown
34583000,Backspace,keydown
34583100,Backspace,keydown
34583400,o,keydown
34583600, ,keydown
34583900,s,keydown
34584300,f,keydown
34584500,o,keydown
34584500,r,keydown
34584800,z,keydown
34584900,o,keydown
34585200,Enter,keydown
34585400,n,keydown
34585600,o,keydown
34585700,n,keydown
34585800, ,keydown
34586000,i,keydown
34586000,n,keydown
34586400,d,keydown
34586500,i,keydown
34586700,f,keydown
34587000,f,keydown
34587000,d,keydown
34587300,e,keydown
34587500,r,keydown
34587600,e,keydown
34587900,n,keydown
34588200,t,keydown
34588300,e,keydown
34588500, ,keydown
34588600,a,keydown
34588800,l,keydown
34588800, ,keydown
34589000,c,keydown
34589100,u,keydown
34589300,o,keydown
34589400,c,keydown
34589600,o,keydown
34590100,",",keydown
34590200, ,keydown
34590600,n,keydown
34590700,e,keydown
34590900, ,keydown
34591200,t,keydown
34591400,r,keydown
34591500,o,keydown
34591700,p,keydown
34591800,p,keydown
34592100,o,keydown
34592200, ,keydown
34592500,p,keydown
34592700,i,keydown
34593000,Backspace,keydown
34593300,o,keydown
34593500,c,keydown
34593600,h,keydown
34593700,i,keydown
34594000, ,keydown
34594300,c,keydown
34594400,h,keydown
34594600,e,keydown
34595000, ,keydown
34596700,p,keydown
34596700,o,keydown
34596800,i,keydown
34598300, ,keydown
34598700,c,keydown
34598800,i,keydown
34598900, ,keydown
34599000,s,keydown
34599200,i,keydown
34599300, ,keydown
34599700,a,keydown
34599800,n,keydown
34600000,n,keydown
34600100,o,keydown
34600200,i,keydown
34600400,a,keydown
34600800,.,keydown
34602100,Enter,keydown
34603000,#,keydown
34603200,i,keydown
34603300,l,keydown
34603500, ,keydown
34603600,t,keydown
34603700,e,keydown
34603800,m,keydown
34604000,p,keydown
34604100,o,keydown
34604200, ,keydown
34604400,i,keydown
34604600,n,keydown
34604800,o,keydown
34605100,l,keydown
34605400,t,keydown
34605400,r,keydown
34605600,e,keydown
34605800, ,keydown
34606100,e,keydown
34606400,#,keydown
34606500, ,keydown
34606600,s,keydown
34606700,t,keydown
34606800,a,keydown
34607000,t,keydown
34607200,o,keydown
34607300, ,keydown
34607600,m,keydown
34607700,a,keydown
34608000,g,keydown
34608200,n,keydown
34608200,i,keydown
34608500,f,keydown
34608500,i,keydown
34608700,c,keydown
34608800,o,keydown
34609100,",",keydown
34609300, ,keydown
34609500,t,keydown
34609700,a,keydown
34609800,n,keydown
34610000,t,keydown
34610100,o,keydown
34610300, ,keydown
34610500,c,keydown
34610600,h,keydown
34610800,e,keydown
34610900, ,keydown
34611100,o,keydown
34611600,g,keydown
34611700,g,keydown
34611900,i,keydown
34611900, ,keydown
34612100,s,keydown
34612300,o,keydown
34612400,n,keydown
34612500,o,keydown
34612500, ,keydown
34612800,p,keydown
34613000,u,keydown
34613200,r,keydown
34613200,e,keydown
34613400, ,keydown
34613900,u,keydown
34614000,n,keydown
34614100, ,keydown
34614300,p,keydown
34614400,o,keydown
34614900,#,keydown
34615100, ,keydown
34615600,a,keydown
34615800,b,keydown
34615900,b,keydown
34616000,r,keydown
34616200,o,keydown
34616500,n,keydown
34616800,z,keydown
34616900,a,keydown
34617100,t,keydown
34617400,o,keydown
34618000,.,keydown
34618500,Enter,keydown
34619500,#,keydown
34619800,r,keydown
34619800,e,keydown
34620600,#,keydown
34620600,Backspace,keydown
34620800,Backspace,keydown
34621000,#,keydown
34621200,e,keydown
34621300, ,keydown
34621800,v,keydown
34621900,o,keydown
34622000,i,keydown
34622100, ,keydown
34622400,c,keydown
34622700,Backspace,keydown
34622800,v,keydown
34622900,i,keydown
34623100, ,keydown
34623500,s,keydown
34623700,i,keydown
34623800,e,keydown
34624000,t,keydown
34624100,e,keydown
34624200, ,keydown
34624400,a,keydown
34624600,b,keydown
34624700,b,keydown
34624900,r,keydown
34625100,o,keydown
34625300,n,keydown
34625500,z,keydown
34625600,a,keydown
34625800,t,keydown
34626000,i,keydown
34626200, ,keydown
34627300,u,keydown
34627400,n,keydown
34627500, ,keydown
34627700,p,keydown
34627800,o,keydown
34628000,#,keydown
34628200, ,keydown
34629200,o,keydown
34629500,p,keydown
34629600,p,keydown
34629800,u,keydown
34630000,r,keydown
34630100,e,keydown
34630200, ,keydown
34630500,n,keydown
34630600,o,keydown
34631100,.,keydown
34631500, ,keydown
34631800,Backspace,keydown
34632100,Backspace,keydown
34632300, ,keydown
34632400,#,keydown
34632400,#,keydown
34632800, ,keydown
34633300,Backspace,keydown
34633500,Backspace,keydown
34634000,#,keydown
34634400,#,keydown
34634900, ,keydown
34638900,#,keydown
34639200,s,keydown
34639700,r,keydown
34639700,t,keydown
34639900,o,keydown
34640100, ,keydown
34641100,Backspace,keydown
34641300,Backspace,keydown
34641500,Backspace,keydown
34641600,Backspace,keydown
34642200,t,keydown
34642300,o,keydown
34642400, ,keydown
34642800,f,keydown
34642800,a,keydown
34643100,c,keydown
34643200,e,keydown
34643300,n,keydown
34643500,d,keydown
34643600,o,keydown
34643600, ,keydown
34643900,u,keydown
34644000,n,keydown
34644100, ,keydown
34644300,s,keydown
34644400,a,keydown
34644600,c,keydown
34644700,c,keydown
34644900,o,keydown
34645000, ,keydown
34645200,d,keydown
34645600,i,keydown
34645700, ,keydown
34646700,Enter,keydown
34647000,s,keydown
34647400,b,keydown
34647500,a,keydown
34647800,g,keydown
34647900,l,keydown
34648100,i,keydown
34648200, ,keydown
34648500,n,keydown
34648500,m,keydown
34648600,e,keydown
34649000,Backspace,keydown
34649100,Backspace,keydown
34649300,Backspace,keydown
34649500,n,keydown
34649700,e,keydown
34649700,l,keydown
34649900,l,keydown
34650100,o,keydown
34650300, ,keydown
34650400,s,keydown
34650700,c,keydown
34650800,r,keydown
34650900,i,keydown
34651000,v,keydown
34651100,e,keydown
34651400,r,keydown
34651500,e,keydown
34651700, ,keydown
34651900,q,keydown
34652000,u,keydown
34652000,e,keydown
34652300,s,keydown
34652300,t,keydown
34652500,o,keydown
34652600, ,keydown
34652800,m,keydown
34653000,e,keydown
34653200,s,keydown
34653300,s,keydown
34653400,a,keydown
34653600,g,keydown
34653800,g,keydown
34654000,i,keydown
34654100,o,keydown
34654900,",",keydown
34655200, ,keydown
34656800,f,keydown
34656900,o,keydown
34657000,r,keydown
34657300,s,keydown
34657300,e,keydown
34657500, ,keydown
34657600,p,keydown
34657800,e,keydown
34658000,c,keydown
34658200,h,keydown
34658300,e,keydown
34658500,#,keydown
34658600, ,keydown
34659000,o,keydown
34659100,g,keydown
34659300,g,keydown
34659400,i,keydown
34659500, ,keydown
34659800,h,keydown
34660000,o,keydown
34660100, ,keydown
34660300,m,keydown
34660400,a,keydown
34660500,n,keydown
34660800,g,keydown
34660900,i,keydown
34661000,a,keydown
34661200,t,keydown
34661400,o,keydown
34661600, ,keydown
34662300,Enter,keydown
34662800,p,keydown
34663000,e,keydown
34663300,s,keydown
34663500,a,keydown
34663700,n,keydown
34664100,t,keydown
34664100,e,keydown
34664500,e,keydown
34665500,Backspace,keydown
34665700, ,keydown
34665900,e,keydown
34668600, ,keydown
34669600,n,keydown
34669700,e,keydown
34669800,l,keydown
34669900, ,keydown
34670200,p,keydown
34670300,o,keydown
34670600,m,keydown
34670600,e,keydown
34670700,r,keydown
34671000,i,keydown
34671100,g,keydown
34671300,g,keydown
34671400,i,keydown
34671400,o,keydown
34671600, ,keydown
34672000,m,keydown
34672100,i,keydown
34672200, ,keydown
34672400,t,keydown
34672500,o,keydown
34672700,c,keydown
34672800,c,keydown
34672900,a,keydown
34673100, ,keydown
34673500,a,keydown
34673600,n,keydown
34673800,d,keydown
34673800,a,keydown
34674000,r,keydown
34674100,e,keydown
34674300, ,keydown
34674300,a,keydown
34674700,d,keydown
34674900, ,keydown
34675200,u,keydown
34675300,n,keydown
34675400, ,keydown
34675900,s,keydown
34676100,e,keydown
34676200,m,keydown
34676400,i,keydown
34677100,n,keydown
34677200,a,keydown
34677400,r,keydown
34677500,i,keydown
34677700,o,keydown
34678100,",",keydown
34678200, ,keydown
34678700,c,keydown
34678800,h,keydown
34678900,e,keydown
34679000, ,keydown
34679200,p,keydown
34679300,e,keydown
34679500,r,keydown
34679600,a,keydown
34679800,l,keydown
34680300,t,keydown
34680400,r,keydown
34680600,o,keydown
34680900,Enter,keydown
34681200,m,keydown
34681400,i,keydown
34681600, ,keydown
34681900,s,keydown
34682100,e,keydown
34682200,m,keydown
34682400,b,keydown
34682500,r,keydown
34682700,a,keydown
34682800, ,keydown
34683100,c,keydown
34683200,h,keydown
34683200,e,keydown
34683400, ,keydown
34683500,s,keydown
34683700,a,keydown
34683800,r,keydown
34683900,a,keydown
34684100,#,keydown
34684300, ,keydown
34684500,m,keydown
34684600,o,keydown
34684900,l,keydown
34685000,t,keydown
34685200,o,keydown
34685200, ,keydown
34685400,i,keydown
34685600,n,keydown
34685800,t,keydown
34685800,e,keydown
34686000,r,keydown
34686100,e,keydown
34686400,s,keydown
34686600,s,keydown
34686700,a,keydown
34686800,n,keydown
34686900,t,keydown
34687100,e,keydown
34687400,.,keydown
34687600, ,keydown
34688200,#,keydown
34688900,l,keydown
34689000,o,keydown
34689100, ,keydown
34691000,t,keydown
34691100,i,keydown
34691200,e,keydown
34691300,n,keydown
34691400,e,keydown
34691500, ,keydown
34692000,#,keydown
34692200,e,keydown
34692400,o,keydown
34692800,Backspace,keydown
34692900,Backspace,keydown
34692900,#,keydown
34693100,r,keydown
34693200,o,keydown
34693600,b,keydown
34693600,n,keydown
34694100,Backspace,keydown
34694200,Backspace,keydown
34694800,b,keydown
34695000,e,keydown
34695200,r,keydown
34695400,t,keydown
34695500,o,keydown
34695600, ,keydown
34695800,e,keydown
34696000, ,keydown
34696400,d,keydown
34696500,i,keydown
34696600, ,keydown
34696800,s,keydown
34696900,o,keydown
34697100,l,keydown
34697300,i,keydown
34697500,t,keydown
34697600,o,keydown
34697900, ,keydown
34698000,c,keydown
34698100,i,keydown
34698400,Enter,keydown
34699000,s,keydown
34699100,i,keydown
34699200, ,keydown
34699400,d,keydown
34699700,i,keydown
34699900,v,keydown
34700200,r,keydown
34700500,Backspace,keydown
34700700,e,keydown
34700800,r,keydown
34701000,t,keydown
34701500,e,keydown
34702300, ,keydown
34702800,q,keydown
34702900,u,keydown
34703000,a,keydown
34703100,n,keydown
34703300,d,keydown
34703400,o,keydown
34703600, ,keydown
34704200,l,keydown
34704400,u,keydown
34704700,i,keydown
34704800, ,keydown
34705200,r,keydown
34705300,a,keydown
34705500,g,keydown
34705900,Backspace,keydown
34706000,c,keydown
34706200,c,keydown
34706300,o,keydown
34706500,n,keydown
34706600,t,keydown
34706800,a,keydown
34706900, ,keydown
34707000,l,keydown
34707100,e,keydown
34707300, ,keydown
34707400,c,keydown
34707400,o,keydown
34707600,s,keydown
34707800,e,keydown
34708000, ,keydown
34708100,e,keydown
34708200, ,keydown
34708500,#,keydown
34708600,l,keydown
34708700,o,keydown
34708900,r,keydown
34709200,e,keydown
34709400,n,keydown
34709500,z,keydown
34709700,a,keydown
34710300, ,keydown
34710700,l,keydown
34710900,o,keydown
34711000, ,keydown
34713400,c,keydown
34713600,a,keydown
34713700,a,keydown
34713900,s,keydown
34714100,t,keydown
34714400,i,keydown
34714700,g,keydown
34714900,a,keydown
34715700, ,keydown
34716000,i,keydown
34716200,n,keydown
34716300, ,keydown
34716500,t,keydown
34716600,u,keydown
34716700,t,keydown
34716900,t,keydown
34717000,i,keydown
34717100, ,keydown
34717500,i,keydown
34717900,Enter,keydown
34718100,m,keydown
34718300,o,keydown
34718400,d,keydown
34718600,i,keydown
34718600, ,keydown
34718900,p,keydown
34719100,o,keydown
34719200,s,keydown
34719500,s,keydown
34719500,i,keydown
34719500,u,keydown
34719600,b,keydown
34719800,i,keydown
34719900,l,keydown
34720100,i,keydown
34720400,.,keydown
34721800, ,keydown
34722300,#,keydown
34722600,c,keydown
34722900,o,keydown
34723100,m,keydown
34723100,u,keydown
34723300,q,keydown
34723300,n,keydown
34723500,e,keydown
34723600,u,keydown
34724000,",",keydown
34724100, ,keydown
34725100,4,keydown
34725100,e,keydown
34725300,c,keydown
34725400,c,keydown
34725700,Backspace,keydown
34725900,Backspace,keydown
34726000,Backspace,keydown
34726500,Backspace,keydown
34726700,e,keydown
34726900,c,keydown
34727000,c,keydown
34727200,o,keydown
34727200,m,keydown
34727400,i,keydown
34727500, ,keydown
34727600,a,keydown
34727700,l,keydown
34727800, ,keydown
34728000,t,keydown
34728200,r,keydown
34728200,e,keydown
34728300,r,keydown
34728700,Backspace,keydown
34728800,Backspace,keydown
34728900,e,keydown
34729400,Backspace,keydown
34729600,Backspace,keydown
34729700,e,keydown
34729800,r,keydown
34729900,m,keydown
34730100,i,keydown
34730300,n,keydown
34730700,e,keydown
34730900, ,keydown
34731000,d,keydown
34731100,e,keydown
34731200,l,keydown
34731300,l,keydown
34731400,a,keydown
34731500, ,keydown
34731700,m,keydown
34731900,i,keydown
34732000,a,keydown
34732100, ,keydown
34732300,f,keydown
34732500,a,keydown
34732800,t,keydown
34732900,i,keydown
34733000,c,keydown
34733000,a,keydown
34733200, ,keydown
34733500,q,keydown
34733700,u,keydown
34734200,o,keydown
34734400,t,keydown
34734600,i,keydown
34734800,d,keydown
34734900,i,keydown
34735000,a,keydown
34735100,n,keydown
34735300,a,keydown
34736600,Enter,keydown
34737000,c,keydown
34737100,h,keydown
34737200,e,keydown
34737300, ,keydown
34738000,o,keydown
34738500,g,keydown
34738600,g,keydown
34738600,i,keydown
34738800, ,keydown
34739000,n,keydown
34739100,o,keydown
34739300,n,keydown
34739400, ,keydown
34739600,e,keydown
34739800,#,keydown
34740000, ,keydown
34740200,v,keydown
34740400,a,keydown
34740400,l,keydown
34740600,s,keydown
34740800,a,keydown
34740900, ,keydown
34741200,n,keydown
34741400,e,keydown
34741600,p,keydown
34741700,p,keydown
34741900,u,keydown
34742200,r,keydown
34742200,e,keydown
34742400, ,keydown
34742600,u,keydown
34742700,n,keydown
34742700, ,keydown
34743200,c,keydown
34743300,a,keydown
34743500,f,keydown
34743600,f,keydown
34743700,e,keydown
34744200,#,keydown
34744600,",",keydown
34744700, ,keydown
34745100,a,keydown
34745400,n,keydown
34745500,c,keydown
34745900,Backspace,keydown
34746200,z,keydown
34746400,i,keydown
34746600, ,keydown
34747200,o,keydown
34747200,h,keydown
34747400, ,keydown
34747800,d,keydown
34748000,o,keydown
34748200,v,keydown
34748300,u,keydown
34748600,t,keydown
34748700,o,keydown
34748800, ,keydown
34749100,o,keydown
34749300,f,keydown
34749500,f,keydown
34749600,r,keydown
34749800,i,keydown
34750200,e,keydown
34750700,Backspace,keydown
34750800,r,keydown
34750900,t,keydown
34751100,e,keydown
34751900,l,keydown
34752100,o,keydown
34752300, ,keydown
34753600,Enter,keydown
34753800,p,keydown
34754100,u,keydown
34754400,r,keydown
34754400,e,keydown
34754500, ,keydown
34754700,i,keydown
34754800,o,keydown
34755300,.,keydown
34755500, ,keydown
34755600,#,keydown
34755900,c,keydown
34756100,h,keydown
34756300,e,keydown
34756300, ,keydown
34756800,a,keydown
34757000,m,keydown
34757100,i,keydown
34757300,c,keydown
34757400,i,keydown
34757700, ,keydown
34757900,c,keydown
34758000,h,keydown
34758100,e,keydown
34758300, ,keydown
34758900,r,keydown
34759200,Backspace,keydown
34759400,t,keydown
34759500,i,keydown
34759600, ,keydown
34760000,r,keydown
34760200,i,keydown
34760400,t,keydown
34760600,r,keydown
34760800,o,keydown
34760900,v,keydown
34761100,i,keydown
34761300, ,keydown
34761300,#,keydown
34761500,#,keydown
34761600,#,keydown
34762300, ,keydown
34762700,c,keydown
34763000,i,keydown
34763000,a,keydown
34763200,o,keydown
34763400, ,keydown
34764100,#,keydown
34764200,m,keydown
34764500,a,keydown
34764600,r,keydown
34764700,c,keydown
34764900,o,keydown
