timestamp,key,type
35496100,Backspace,keydown
35496100,Backspace,keydown
35496100,Backspace,keydown
35496100,Backspace,keydown
35496100,Backspace,keydown
35496100,Backspace,keydown
35496100,Backspace,keydown
35496100,Backspace,keydown
35496100,#,keydown
35496300,e,keydown
35496600,c,keydown
35496800,c,keydown
35496800,o,keydown
35497300,c,keydown
35497400,i,keydown
35497600, ,keydown
35498000,q,keydown
35498200,u,keydown
35498200,i,keydown
35498800,.,keydown
35498800, ,keydown
35499000,#,keydown
35499600,t,keydown
35500000,i,keydown
35500000, ,keydown
35500300,r,keydown
35500400,a,keydown
35500500,c,keydown
35500600,c,keydown
35500900,o,keydown
35500900,n,keydown
35501300,t,keydown
35501400,o,keydown
35501400, ,keydown
35501700,u,keydown
35501700,n,keydown
35502000,a,keydown
35502100, ,keydown
35502500,b,keydown
35502600,a,keydown
35502700,r,keydown
35502900,z,keydown
35503200,e,keydown
35503300,l,keydown
35503500,l,keydown
35503500,e,keydown
35503700,t,keydown
35503900,t,keydown
35504200,a,keydown
35504300, ,keydown
35505000,c,keydown
35505100,h,keydown
35505200,e,keydown
35505300, ,keydown
35505500,m,keydown
35505600,i,keydown
35505600, ,keydown
35505900,h,keydown
35506100,a,keydown
35506200, ,keydown
35506400,m,keydown
35506800,a,keydown
35507000,n,keydown
35507100,d,keydown
35507200,a,keydown
35507500,t,keydown
35507700,o,keydown
35507800, ,keydown
35508100,#,keydown
35508400,r,keydown
35508500,o,keydown
35508700,b,keydown
35508700,e,keydown
35508800,r,keydown
35509500,t,keydown
35509500,o,keydown
35509700, ,keydown
35509700,#,keydown
35509900,e,keydown
35510100,s,keydown
35510200,p,keydown
35510300,o,keydown
35510500,s,keydown
35510500,i,keydown
35510800,t,keydown
35511000,o,keydown
35511200,.,keydown
35511800,Enter,keydown
35513100,#,keydown
35513600,u,keydown
35514100,n,keydown
35514300, ,keydown
35514500,s,keydown
35514700,i,keydown
35514900,g,keydown
35515100,n,keydown
35515200,o,keydown
35515300,r,keydown
35515500,e,keydown
35515500, ,keydown
35515700,a,keydown
35515900,p,keydown
35516000,p,keydown
35516000,e,keydown
35516200,n,keydown
35516300,a,keydown
35516500, ,keydown
35516700,m,keydown
35516800,o,keydown
35517100,r,keydown
35517200,t,keydown
35517400,o,keydown
35518900,",",keydown
35518900, ,keydown
35519200,s,keydown
35519200,i,keydown
35519400, ,keydown
35519500,p,keydown
35519700,r,keydown
35519700,e,keydown
35520000,s,keydown
35520100,e,keydown
35520300,n,keydown
35520400,t,keydown
35520600,a,keydown
35521000, ,keydown
35521400,a,keydown
35521500,l,keydown
35521500, ,keydown
35521700,c,keydown
35521800,o,keydown
35522000,s,keydown
35522100,p,keydown
35522300,e,keydown
35522600,t,keydown
35522700,t,keydown
35522800,o,keydown
35523100, ,keydown
35523200,d,keydown
35523500,i,keydown
35523500, ,keydown
35523600,#,keydown
35523800,s,keydown
35524100,.,keydown
35524300, ,keydown
35524400,#,keydown
35524600,p,keydown
35524800,i,keydown
35525000,e,keydown
35525200,r,keydown
35525300,t,keydown
35525700,Backspace,keydown
35525800,Backspace,keydown
35526000,t,keydown
35526000,r,keydown
35526200,o,keydown
35527300,.,keydown
35527500,.,keydown
35527600,.,keydown
35529100,Enter,keydown
35529200,#,keydown
35529400,#,keydown
35529700,#,keydown
35529900,m,keydown
35530100,i,keydown
35530200, ,keydown
35530600,d,keydown
35530700,i,keydown
35530700,s,keydown
35530900,p,keydown
35531000,i,keydown
35531200,a,keydown
35531400,c,keydown
35531600,e,keydown
35532500,#,keydown
35532800,#,keydown
35533000,#,keydown
35533400,#,keydown
35534000, ,keydown
35534200,.,keydown
35534400,.,keydown
35534600,.,keydown
35534800, ,keydown
35535400,g,keydown
35535600,l,keydown
35535700,i,keydown
35535900, ,keydown
35536200,d,keydown
35536300,i,keydown
35536500,c,keydown
35536600,e,keydown
35536800, ,keydown
35537100,i,keydown
35537300,l,keydown
35537300, ,keydown
35537600,s,keydown
35537600,a,keydown
35537900,n,keydown
35538100,t,keydown
35538300,p,keydown
35538300,o,keydown
35538300, ,keydown
35539400,Backspace,keydown
35539600,Backspace,keydown
35539700,Backspace,keydown
35540500,o,keydown
35540500, ,keydown
35540700,p,keydown
35540800,o,keydown
35541100,r,keydown
35541300,t,keydown
35541700,i,keydown
35541900,e,keydown
35542000,r,keydown
35542200,e,keydown
35543300, ,keydown
35543600,.,keydown
35543700,.,keydown
35543800,.,keydown
35544000, ,keydown
35544300,#,keydown
35544700,#,keydown
35545400,m,keydown
35545700,a,keydown
35546600, ,keydown
35547100,t,keydown
35547300,u,keydown
35547400, ,keydown
35547800,q,keydown
35548000,u,keydown
35548100,i,keydown
35548400, ,keydown
35549100,n,keydown
35549300,o,keydown
35549400,n,keydown
35549500, ,keydown
35549700,p,keydown
35550100,u,keydown
35550300,o,keydown
35550500,i,keydown
35551500,Enter,keydown
35552700,e,keydown
35553400,n,keydown
35553600,t,keydown
35553700,r,keydown
35553800,a,keydown
35554000,r,keydown
35554200,e,keydown
35555300,",",keydown
35555400, ,keydown
35555800,d,keydown
35555900,e,keydown
35556100,v,keydown
35556300,i,keydown
35556400, ,keydown
35557200,a,keydown
35557600,n,keydown
35557800,d,keydown
35557800,a,keydown
35558100,r,keydown
35558200,e,keydown
35558400, ,keydown
35558500,a,keydown
35558700,l,keydown
35558800,l,keydown
35559000,#,keydown
35559400,i,keydown
35559600,n,keydown
35559800,f,keydown
35560000,e,keydown
35560100,r,keydown
35560300,n,keydown
35560600,o,keydown
35562100,",",keydown
35562900, ,keydown
35563200,v,keydown
35563300,e,keydown
35563500,d,keydown
35563600,i,keydown
35563700,a,keydown
35563900,m,keydown
35563900,o,keydown
35564400,.,keydown
35564500,.,keydown
35564600,.,keydown
35565000, ,keydown
35565200,a,keydown
35565400,l,keydown
35565600, ,keydown
35565800,m,keydown
35566000,o,keydown
35566100,m,keydown
35566300,e,keydown
35566400,n,keydown
35566500,t,keydown
35566600,o,keydown
35566900, ,keydown
35567200,e,keydown
35567400,#,keydown
35567700, ,keydown
35567900,l,keydown
35568000,i,keydown
35568300,b,keydown
35568400,e,keydown
35568500,r,keydown
35568700,o,keydown
35568800, ,keydown
35569100,i,keydown
35569600,Backspace,keydown
35570100,u,keydown
35570200,n,keydown
35570500,Enter,keydown
35570800,p,keydown
35570800,o,keydown
35571000,s,keydown
35571100,t,keydown
35571400,o,keydown
35572000, ,keydown
35572200,a,keydown
35572400,l,keydown
35572600,#,keydown
35573900,Backspace,keydown
35574300,l,keydown
35574500,#,keydown
35574900,i,keydown
35575100,n,keydown
35575400,f,keydown
35575500,e,keydown
35575700,r,keydown
35576300,n,keydown
35576500,o,keydown
35576600, ,keydown
35577000,t,keydown
35577100,e,keydown
35577400,d,keydown
35577500,e,keydown
35577700,s,keydown
35577900,c,keydown
35579000,o,keydown
35579400, ,keydown
35579500,e,keydown
35579800,d,keydown
35580000, ,keydown
35580300,u,keydown
35580400,n,keydown
35580700,o,keydown
35580800, ,keydown
35581100,i,keydown
35581200,n,keydown
35581300, ,keydown
35581500,q,keydown
35581700,u,keydown
35581800,e,keydown
35582000,l,keydown
35582100,l,keydown
35582300,o,keydown
35582400, ,keydown
35582900,i,keydown
35583100,t,keydown
35583100,a,keydown
35583300,l,keydown
35583400,i,keydown
35583600,a,keydown
35583900,n,keydown
35584000,o,keydown
35585000,.,keydown
35585100,.,keydown
35585300,.,keydown
35585300, ,keydown
35585800,d,keydown
35586000,o,keydown
35586000,c,keydown
35586600,Backspace,keydown
35586900,v,keydown
35587000,e,keydown
35587100, ,keydown
35587300,v,keydown
35587500,u,keydown
35587600,o,keydown
35587800,i,keydown
35588000, ,keydown
35588500,a,keydown
35588900,n,keydown
35589000,d,keydown
35589000,a,keydown
35589400,r,keydown
35589600,e,keydown
35589700, ,keydown
35590200,#,keydown
35590600,#,keydown
35590900, ,keydown
35591200,#,keydown
35592300,Enter,keydown
35592400,#,keydown
35592600,a,keydown
35593100,v,keydown
35593200,v,keydown
35593400,i,keydown
35593600,l,keydown
35593800,i,keydown
35593900,t,keydown
35594100,o,keydown
35594400,",",keydown
35594500, ,keydown
35594700,i,keydown
35594800,l,keydown
35594900, ,keydown
35595000,p,keydown
35595200,o,keydown
35595500,v,keydown
35595500,e,keydown
35595700,r,keydown
35596300,r,keydown
35596300,e,keydown
35596600,t,keydown
35596700,t,keydown
35596800,o,keydown
35597000, ,keydown
35599000,r,keydown
35599100,i,keydown
35599400,s,keydown
35599600,p,keydown
35599600,o,keydown
35600100,n,keydown
35600300,d,keydown
35600400,e,keydown
35601000,.,keydown
35601200,.,keydown
35601300,.,keydown
35602000, ,keydown
35602300,#,keydown
35602600,#,keydown
35602800, ,keydown
35603100,d,keydown
35603600,Backspace,keydown
35603800,d,keydown
35603900,i,keydown
35604100,p,keydown
35604500,e,keydown
35605200,n,keydown
35605600,d,keydown
35605600,e,keydown
35606200,#,keydown
35606200,.,keydown
35606500,.,keydown
35606800,Backspace,keydown
35607000,Backspace,keydown
35607300,Backspace,keydown
35607700,.,keydown
35607900,.,keydown
35608100,.,keydown
35608500, ,keydown
35609500,p,keydown
35609600,i,keydown
35609600,u,keydown
35610400,Backspace,keydown
35610700,Backspace,keydown
35611100,u,keydown
35611200,o,keydown
35611400,#,keydown
35611700, ,keydown
35611900,d,keydown
35612000,i,keydown
35612200,e,keydown
35612300,m,keydown
35612800,Backspace,keydown
35613000,Backspace,keydown
35613100,r,keydown
35613300,m,keydown
35613500,i,keydown
35613500,o,keydown
35613900,Backspace,keydown
35615100, ,keydown
35615400,c,keydown
35615500,o,keydown
35615700,m,keydown
35615900,e,keydown
35616900, ,keydown
35617100,s,keydown
35617200,o,keydown
35617400,n,keydown
35617500,o,keydown
35617700,Enter,keydown
35618000,o,keydown
35618100,r,keydown
35618300,g,keydown
35618300,a,keydown
35618600,n,keydown
35618700,i,keydown
35618900,z,keydown
35619100,z,keydown
35619200,a,keydown
35619400,t,keydown
35619600,i,keydown
35619600, ,keydown
35619900,i,keydown
35620000, ,keydown
35620200,d,keydown
35620400,u,keydown
35620600,e,keydown
35620700, ,keydown
35621100,i,keydown
35621200,n,keydown
35621400,f,keydown
35621400,e,keydown
35621700,r,keydown
35621900,n,keydown
35622000,i,keydown
35622200, ,keydown
35622400,#,keydown
35622500,#,keydown
35623600,#,keydown
35623800,#,keydown
35624300, ,keydown
35625000,#,keydown
35625800,#,keydown
35627000,n,keydown
35627300,e,keydown
35627500,l,keydown
35627600,l,keydown
35628300,#,keydown
35628600,i,keydown
35628700,n,keydown
35629100,f,keydown
35629300,e,keydown
35629400,r,keydown
35629700,n,keydown
35629800,n,keydown
35629800,o,keydown
35630100, ,keydown
35630300,t,keydown
35630400,e,keydown
35630600,d,keydown
35630700,e,keydown
35631000,s,keydown
35631100,c,keydown
35631500,o,keydown
35633100,",",keydown
35633200, ,keydown
35633500,a,keydown
35633600,l,keydown
35633700, ,keydown
35634000,m,keydown
35634100,a,keydown
35634300,t,keydown
35634400,t,keydown
35634700,i,keydown
35634800,n,keydown
35635000,o,keydown
35635200, ,keydown
35636500,t,keydown
35636600,i,keydown
35636600, ,keydown
35636900,f,keydown
35636900,a,keydown
35637200,n,keydown
35637300,n,keydown
35637400,o,keydown
35637600, ,keydown
35637700,f,keydown
35637700,d,keydown
35637700,a,keydown
35638200,Backspace,keydown
35638400,Backspace,keydown
35639400,a,keydown
35639600,r,keydown
35639700,e,keydown
35639800,Enter,keydown
35640900,i,keydown
35641000,l,keydown
35641300, ,keydown
35644600,b,keydown
35644700,a,keydown
35645000,g,keydown
35645100,n,keydown
35645300,o,keydown
35645300, ,keydown
35645600,n,keydown
35645800,e,keydown
35645900,l,keydown
35646000,l,keydown
35646100,a,keydown
35646200, ,keydown
35646500,m,keydown
35646600,e,keydown
35647000,r,keydown
35647100,d,keydown
35647300,a,keydown
35647700,.,keydown
35648400,.,keydown
35648800,.,keydown
35649700, ,keydown
35650000,p,keydown
35650000,o,keydown
35650400,i,keydown
35651000, ,keydown
35651900,u,keydown
35651900,n,keydown
35652100, ,keydown
35652400,d,keydown
35652500,i,keydown
35652600,a,keydown
35652800,v,keydown
35653000,o,keydown
35653200,l,keydown
35653400,o,keydown
35653500, ,keydown
35653800,c,keydown
35653900,o,keydown
35654000,m,keydown
35654200,i,keydown
35654500,n,keydown
35655600,c,keydown
35655900,i,keydown
35655900,a,keydown
35656100, ,keydown
35656300,a,keydown
35656500, ,keydown
35656700,d,keydown
35656800,a,keydown
35657100,r,keydown
35657100,t,keydown
35657900,i,keydown
35658000, ,keydown
35658200,m,keydown
35658200,a,keydown
35658500,r,keydown
35658600,t,keydown
35658700,e,keydown
35659100,l,keydown
35659200,l,keydown
35659300,a,keydown
35659400,t,keydown
35659600,e,keydown
35660800, ,keydown
35661400,s,keydown
35661600,u,keydown
35661900,l,keydown
35662000,l,keydown
35662100,a,keydown
35662300,Enter,keydown
35662600,t,keydown
35662800,e,keydown
35662900,s,keydown
35663200,t,keydown
35663400,a,keydown
35663600, ,keydown
35663700,f,keydown
35663900,i,keydown
35664000,n,keydown
35664200,o,keydown
35664400, ,keydown
35665400,a,keydown
35665600,l,keydown
35665800,l,keydown
35666000,#,keydown
35666200,o,keydown
35666300,r,keydown
35666500,a,keydown
35666600, ,keydown
35666900,d,keydown
35667000,i,keydown
35667200, ,keydown
35667900,p,keydown
35668400,r,keydown
35668600,a,keydown
35668800,n,keydown
35668900,z,keydown
35669100,o,keydown
35669500,.,keydown
35669700,.,keydown
35669900,.,keydown
35670100, ,keydown
35670800,a,keydown
35671000, ,keydown
35671200,m,keydown
35671300,e,keydown
35671700,z,keydown
35671800,z,keydown
35672000,o,keydown
35672500,g,keydown
35672700,i,keydown
35672700,o,keydown
35672900,r,keydown
35673000,n,keydown
35673200,o,keydown
35673600, ,keydown
35674000,s,keydown
35674100,i,keydown
35674200, ,keydown
35674400,m,keydown
35674600,a,keydown
35674700,n,keydown
35675200,g,keydown
35675300,i,keydown
35675400,a,keydown
35675600,n,keydown
35675700,o,keydown
35675900, ,keydown
35676100,v,keydown
35676200,e,keydown
35676400,r,keydown
35676500,m,keydown
35676700,i,keydown
35677500, ,keydown
35678800,e,keydown
35678900, ,keydown
35679200,d,keydown
35679300,o,keydown
35679400,p,keydown
35679600,o,keydown
35679900,Enter,keydown
35680400,t,keydown
35680600,i,keydown
35680600, ,keydown
35680900,f,keydown
35681000,a,keydown
35681200,n,keydown
35681400,n,keydown
35681600,o,keydown
35682300, ,keydown
35682600,s,keydown
35682900,c,keydown
35683000,a,keydown
35683200,l,keydown
35683300,a,keydown
35683700,r,keydown
35683800,e,keydown
35684300, ,keydown
35685400,u,keydown
35685500,n,keydown
35685600, ,keydown
35685900,m,keydown
35686100,o,keydown
35686400,n,keydown
35686600,t,keydown
35686900,e,keydown
35687000, ,keydown
35687600,d,keydown
35687700,i,keydown
35687800, ,keydown
35688300,c,keydown
35688500,o,keydown
35688700,c,keydown
35688800,c,keydown
35689000,i,keydown
35689100, ,keydown
35689300,d,keydown
35689500,i,keydown
35689600, ,keydown
35690000,v,keydown
35690100,e,keydown
35690100,r,keydown
35690800,Backspace,keydown
35691000,t,keydown
35691100,r,keydown
35691300,o,keydown
35692600, ,keydown
35692800,c,keydown
35692800,o,keydown
35693100,n,keydown
35693200, ,keydown
35693200,l,keydown
35693400,e,keydown
35693500, ,keydown
35694000,g,keydown
35694100,i,keydown
35694300,n,keydown
35694500,o,keydown
35695100,c,keydown
35695200,c,keydown
35695300,h,keydown
35695400,i,keydown
35695500,a,keydown
35696100,.,keydown
35696300,.,keydown
35696400,.,keydown
35696900, ,keydown
35697200,l,keydown
35697300,a,keydown
35697400, ,keydown
35697500,s,keydown
35697800,e,keydown
35698000,r,keydown
35698200,a,keydown
35698400, ,keydown
35699200,Enter,keydown
35699500,i,keydown
35699500,l,keydown
35699600, ,keydown
35700000,b,keydown
35700200,o,keydown
35700600,i,keydown
35700900,s,keydown
35701300,Backspace,keydown
35701400,a,keydown
35701600, ,keydown
35703300,t,keydown
35703500,i,keydown
35703500, ,keydown
35703900,f,keydown
35704000,r,keydown
35704300,u,keydown
35704500,s,keydown
35704700,t,keydown
35704900,a,keydown
35705400, ,keydown
35706300,p,keydown
35706500,e,keydown
35706600,r,keydown
35706700, ,keydown
35706900,u,keydown
35707100,n,keydown
35707200, ,keydown
35707400,p,keydown
35707600,a,keydown
35708100,i,keydown
35708200,o,keydown
35708200, ,keydown
35708500,d,keydown
35708700,#,keydown
35709100,o,keydown
35709300,r,keydown
35709400,e,keydown
35709900, ,keydown
35710600,e,keydown
35710700, ,keydown
35710900,p,keydown
35711000,o,keydown
35711100,i,keydown
35711300, ,keydown
35711600,t,keydown
35711700,i,keydown
35711800, ,keydown
35712100,m,keydown
35712100,a,keydown
35712200,n,keydown
35712400,d,keydown
35712500,a,keydown
35712600,n,keydown
35712800,o,keydown
35712900, ,keydown
35713600,a,keydown
35714600, ,keydown
35714900,l,keydown
35715000,e,keydown
35715200,t,keydown
35715300,t,keydown
35715500,o,keydown
35715700, ,keydown
35716100,s,keydown
35717500,u,keydown
35717600, ,keydown
35717900,u,keydown
35718000,n,keydown
35718100, ,keydown
35718300,m,keydown
35718400,a,keydown
35718600,t,keydown
35718700,e,keydown
35718900,r,keydown
35719000,a,keydown
35719500,s,keydown
35719600,s,keydown
35719700,o,keydown
35719800,Enter,keydown
35721000,d,keydown
35721100,i,keydown
35721200, ,keydown
35721600,c,keydown
35721900,h,keydown
35721900,i,keydown
35722100,o,keydown
35722500,d,keydown
35722700,i,keydown
35723200,.,keydown
35723800,#,keydown
35723900,#,keydown
35725200, ,keydown
35725800,#,keydown
35727200,d,keydown
35727400,i,keydown
35727400,s,keydown
35727700,t,keydown
35727800,r,keydown
35728000,u,keydown
35728200,t,keydown
35728400,t,keydown
35728500,o,keydown
35728600, ,keydown
35728800,d,keydown
35728900,a,keydown
35729000,l,keydown
35729200,l,keydown
35729200,a,keydown
35729500, ,keydown
35729900,d,keydown
35730000,e,keydown
35730200,s,keydown
35730300,c,keydown
35730500,r,keydown
35730600,i,keydown
35730700,z,keydown
35730900,i,keydown
35731000,o,keydown
35731200,n,keydown
35731300,e,keydown
35731800, ,keydown
35732500,i,keydown
35732600,l,keydown
35732800, ,keydown
35733300,s,keydown
35733500,i,keydown
35733600,g,keydown
35734000,n,keydown
35734100,o,keydown
35734300,r,keydown
35734300,e,keydown
35734500, ,keydown
35734700,c,keydown
35734700,h,keydown
35734800,i,keydown
35734900,e,keydown
35735200,d,keydown
35735300,e,keydown
35736200,#,keydown
35736900,.,keydown
35737000,.,keydown
35737100,.,keydown
35737300, ,keydown
35737500,#,keydown
35737700,#,keydown
35738100,e,keydown
35738600, ,keydown
35739200,i,keydown
35739600,n,keydown
35739900, ,keydown
35740600,q,keydown
35740800,u,keydown
35740900,e,keydown
35741000,l,keydown
35741200,l,keydown
35741300,o,keydown
35741600,Enter,keydown
35741900,i,keydown
35742700,t,keydown
35742800,a,keydown
35743100,l,keydown
35743300,i,keydown
35743300,a,keydown
35743400,n,keydown
35743700,o,keydown
35744200,#,keydown
35744800,#,keydown
35745500,#,keydown
35745700,#,keydown
35746700, ,keydown
35747200,#,keydown
35748000,#,keydown
35748300,n,keydown
35748600,e,keydown
35748700,l,keydown
35748900,l,keydown
35749100,#,keydown
35749500,i,keydown
35749600,n,keydown
35749900,f,keydown
35750100,e,keydown
35750300,r,keydown
35750500,n,keydown
35750700,o,keydown
35750800, ,keydown
35751000,i,keydown
35751200,t,keydown
35751300,a,keydown
35751400,l,keydown
35751600,i,keydown
35751700,a,keydown
35751900,n,keydown
35752000,o,keydown
35753000, ,keydown
35754500,a,keydown
35754700,l,keydown
35754800, ,keydown
35754900,m,keydown
35755000,a,keydown
35755400,t,keydown
35755400,t,keydown
35755700,i,keydown
35755900,n,keydown
35756000,o,keydown
35756200, ,keydown
35757000,t,keydown
35757100,i,keydown
35757200, ,keydown
35757900,f,keydown
35758000,a,keydown
35758200,n,keydown
35758400,n,keydown
35758500,o,keydown
35758700, ,keydown
35758800,f,keydown
35758800,d,keydown
35758900,a,keydown
35759300,Backspace,keydown
35760000,Backspace,keydown
35760100,a,keydown
35760400,r,keydown
35760600,e,keydown
35760700, ,keydown
35761000,i,keydown
35761100,l,keydown
35761100, ,keydown
35761400,b,keydown
35761600,a,keydown
35761900,g,keydown
35762000,n,keydown
35762200,o,keydown
35762400, ,keydown
35763100,n,keydown
35763300,e,keydown
35763500,l,keydown
35763600,l,keydown
35763700,a,keydown
35763900, ,keydown
35764500,m,keydown
35764600,e,keydown
35764600,r,keydown
35764900,d,keydown
35765000,a,keydown
35765200,.,keydown
35765300,.,keydown
35765400,.,keydown
35765700,Enter,keydown
35766800,p,keydown
35766900,o,keydown
35767100,i,keydown
35767300, ,keydown
35767500,u,keydown
35767700,n,keydown
35767700, ,keydown
35767900,d,keydown
35768100,i,keydown
35768200,a,keydown
35768300,v,keydown
35768900,o,keydown
35769000,l,keydown
35769300,o,keydown
35770000, ,keydown
35770700,c,keydown
35770800,o,keydown
35770900,m,keydown
35771100,i,keydown
35771200,n,keydown
35771400,c,keydown
35771500,i,keydown
35771600,a,keydown
35771700, ,keydown
35771900,a,keydown
35772000, ,keydown
35772500,d,keydown
35772600,a,keydown
35772900,r,keydown
35773000,t,keydown
35773300,i,keydown
35773400, ,keydown
35773600,m,keydown
35773700,a,keydown
35774000,r,keydown
35774200,t,keydown
35774300,e,keydown
35774700,l,keydown
35774800,l,keydown
35775000,a,keydown
35775100,t,keydown
35775300,e,keydown
35775400, ,keydown
35775600,s,keydown
35775700,u,keydown
35776000,l,keydown
35776000,l,keydown
35776100,a,keydown
35776300, ,keydown
35776600,t,keydown
35776600,e,keydown
35776900,s,keydown
35777300,t,keydown
35777500,a,keydown
35778300, ,keydown
35779400,f,keydown
35779500,i,keydown
35779700,n,keydown
35779800,o,keydown
35780000, ,keydown
35781800,a,keydown
35782500,l,keydown
35782600,l,keydown
35782800,#,keydown
35782800,#,keydown
35783600,Backspace,keydown
35784100,Backspace,keydown
35784600,#,keydown
35785300,o,keydown
35785500,r,keydown
35785600,a,keydown
35786200,Enter,keydown
35786300,d,keydown
35786500,i,keydown
35786600, ,keydown
35786800,p,keydown
35787000,r,keydown
35787100,a,keydown
35787400,n,keydown
35787600,z,keydown
35787800,o,keydown
35788000,.,keydown
35788200,.,keydown
35788300,.,keydown
35788700, ,keydown
35791300,a,keydown
35791500, ,keydown
35791900,m,keydown
35792000,e,keydown
35792400,z,keydown
35792600,z,keydown
35792700,o,keydown
35793000,g,keydown
35793100,i,keydown
35793200,o,keydown
35793400,n,keydown
35793900,Backspace,keydown
35794100,r,keydown
35794200,n,keydown
35794200,o,keydown
35795000, ,keydown
35797400,l,keydown
35797900,Backspace,keydown
35798100,s,keydown
35798200,o,keydown
35798900,Backspace,keydown
35799100,i,keydown
35799200, ,keydown
35799400,m,keydown
35799600,a,keydown
35799700,n,keydown
35799900,g,keydown
35800000,i,keydown
35800200,a,keydown
35800300,n,keydown
35800400,o,keydown
35800600, ,keydown
35801300,v,keydown
35801500,e,keydown
35801600,r,keydown
35801800,m,keydown
35802000,i,keydown
35805400, ,keydown
35805500,e,keydown
35805700, ,keydown
35806400,d,keydown
35806400,o,keydown
35806600,p,keydown
35806700,o,keydown
35806900, ,keydown
35807400,t,keydown
35807500,i,keydown
35807500, ,keydown
35807800,f,keydown
35808000,a,keydown
35808100,n,keydown
35808200,n,keydown
35808300,o,keydown
35808500, ,keydown
35808600,s,keydown
35808700,c,keydown
35808800,a,keydown
35809000,l,keydown
35809100,a,keydown
35809300,r,keydown
35809400,e,keydown
35809600, ,keydown
35809900,u,keydown
35810100,n,keydown
35812600, ,keydown
35813000,m,keydown
35813100,o,keydown
35813300,n,keydown
35813600,t,keydown
35813600,e,keydown
35813800, ,keydown
35814100,d,keydown
35814300,i,keydown
35814400, ,keydown
35814400,c,keydown
35814600,o,keydown
35815000,c,keydown
35815100,c,keydown
35815300,i,keydown
35815300, ,keydown
35815700,c,keydown
35815900,o,keydown
35816000,n,keydown
35816100, ,keydown
35816200,l,keydown
35816400,e,keydown
35816500, ,keydown
35816800,g,keydown
35816900,i,keydown
35817100,n,keydown
35817400,o,keydown
35817500,c,keydown
35817700,c,keydown
35817800,h,keydown
35817800,i,keydown
35817900,a,keydown
35818400,.,keydown
35818600,.,keydown
35818800,.,keydown
35821100,#,keydown
35821500,#,keydown
35821500,#,keydown
35821500,#,keydown
35821600,#,keydown
35821700,#,keydown
35821700,#,keydown
35821700,#,keydown
35821700,#,keydown
35821700,#,keydown
35821800,#,keydown
35821800,#,keydown
35821900,#,keydown
35821900,#,keydown
35821900,#,keydown
35821900,#,keydown
35822000,#,keydown
35822000,#,keydown
35822000,#,keydown
35822000,#,keydown
35822000,#,keydown
35822100,#,keydown
35822200,#,keydown
35822200,#,keydown
35823000,#,keydown
35824400,Enter,keydown
35825400,#,keydown
35825800,#,keydown
35825800,#,keydown
35825900,#,keydown
35825900,#,keydown
35825900,#,keydown
35825900,#,keydown
35826000,#,keydown
35826000,#,keydown
35826100,#,keydown
35826100,#,keydown
35826100,#,keydown
35826100,#,keydown
35826200,#,keydown
35826200,#,keydown
35826300,#,keydown
35826300,#,keydown
35826300,#,keydown
35826300,#,keydown
35826400,#,keydown
35826400,#,keydown
35826400,#,keydown
35826400,#,keydown
35826500,#,keydown
35827000,#,keydown
35827200,#,keydown
35830100, ,keydown
35831300,l,keydown
35831400,a,keydown
35831500, ,keydown
35831700,s,keydown
35831900,e,keydown
35832000,r,keydown
35832200,a,keydown
35832400, ,keydown
35833100,i,keydown
35833200,l,keydown
35833300, ,keydown
35833900,b,keydown
35834100,o,keydown
35834300,i,keydown
35834500,a,keydown
35834700, ,keydown
35836200,t,keydown
35836300,i,keydown
35836400, ,keydown
35836700,f,keydown
35836900,r,keydown
35837100,u,keydown
35837300,s,keydown
35837400,t,keydown
35837500,a,keydown
35837700, ,keydown
35837900,p,keydown
35838000,e,keydown
35838200,r,keydown
35838200, ,keydown
35838500,u,keydown
35839000,n,keydown
35839600, ,keydown
35839800,p,keydown
35840000,a,keydown
35840200,i,keydown
35840300,o,keydown
35840400, ,keydown
35840700,d,keydown
35840800,#,keydown
35841100,o,keydown
35841300,r,keydown
35841400,e,keydown
35841700,Enter,keydown
35843200,e,keydown
35843900, ,keydown
35844700,p,keydown
35844800,o,keydown
35845000,i,keydown
35845100, ,keydown
35845400,t,keydown
35845700,i,keydown
35846700, ,keydown
35846900,m,keydown
35847000,a,keydown
35847100,n,keydown
35847200,d,keydown
35847400,a,keydown
35847600,n,keydown
35847700,o,keydown
35847900, ,keydown
35848000,a,keydown
35848200, ,keydown
35848300,l,keydown
35848400,e,keydown
35848600,t,keydown
35848700,t,keydown
35848900,i,keydown
35848900,o,keydown
35850600,Backspace,keydown
35850800,Backspace,keydown
35851200,o,keydown
35851300, ,keydown
35851400,s,keydown
35851700,u,keydown
35851700, ,keydown
35852000,u,keydown
35852000,n,keydown
35852100, ,keydown
35852300,m,keydown
35852400,a,keydown
35852600,t,keydown
35852600,e,keydown
35852600,r,keydown
35852800,r,keydown
35854000,Backspace,keydown
35854400,a,keydown
35854900,s,keydown
35855200,s,keydown
35855300,o,keydown
35855300, ,keydown
35855700,d,keydown
35855800,i,keydown
35855900, ,keydown
35856100,c,keydown
35856200,h,keydown
35856300,i,keydown
35856400,o,keydown
35856700,d,keydown
35856800,i,keydown
35857400,.,keydown
35857600,#,keydown
35857800,#,keydown
35862900, ,keydown
35863200,#,keydown
35864400,.,keydown
35864600,.,keydown
35864700,.,keydown
35865000,#,keydown
35865000, ,keydown
35865200,#,keydown
35866000,#,keydown
35866200,m,keydown
35866500,a,keydown
35866600, ,keydown
35866800,e,keydown
35866900,#,keydown
35867000, ,keydown
35867200,l,keydown
35867300,s,keydown
35868300,Backspace,keydown
35868500,a,keydown
35869000,Enter,keydown
35869300,s,keydown
35869400,t,keydown
35869600,e,keydown
35869700,s,keydown
35869900,s,keydown
35870100,a,keydown
35870200, ,keydown
35870400,c,keydown
35870500,o,keydown
35870800,s,keydown
35870800,a,keydown
35875100,.,keydown
35875300,.,keydown
35875400, ,keydown
35875500,a,keydown
35875700, ,keydown
35876200,q,keydown
35876400,u,keydown
35876600,e,keydown
35876800,s,keydown
35876900,t,keydown
35877100,o,keydown
35877300, ,keydown
35877500,p,keydown
35877700,u,keydown
35877900,n,keydown
35878100,t,keydown
35878300,o,keydown
35878400, ,keydown
35878900,u,keydown
35879800,n,keydown
35880100,o,keydown
35880500, ,keydown
35880900,b,keydown
35881300,Backspace,keydown
35881500,v,keydown
35881500,a,keydown
35881700,l,keydown
35881800,e,keydown
35882100, ,keydown
35882300,l,keydown
35882400,#,keydown
35882700,l,keydown
35883000,a,keydown
35883500,Backspace,keydown
35883700,Backspace,keydown
35883800,a,keydown
35884000,l,keydown
35884200,r,keydown
35884300,t,keydown
35884700,o,keydown
35885800,Backspace,keydown
35885900,Backspace,keydown
35886000,Backspace,keydown
35886200,y,keydown
35887800,Backspace,keydown
35887800,t,keydown
35888000,r,keydown
35888600,o,keydown
35890100, ,keydown
35890400,.,keydown
35890500,.,keydown
35890600,.,keydown
35890900, ,keydown
35891000,#,keydown
35891100,#,keydown
35891800, ,keydown
35892000,#,keydown
35892200,i,keydown
35892400,m,keydown
35892600,p,keydown
35892900,i,keydown
35893000,e,keydown
35893300,t,keydown
35893400,o,keydown
35893600,s,keydown
35893700,i,keydown
35894000,t,keydown
35894100,o,keydown
35894400,s,keydown
35894600,i,keydown
35894900,",",keydown
35895600,Enter,keydown
35896100,#,keydown
35896400,s,keydown
35896700,.,keydown
35896900,#,keydown
35897400, ,keydown
35897600,p,keydown
35897800,i,keydown
35898100,e,keydown
35898300,t,keydown
35898500,r,keydown
35898700,o,keydown
35902400, ,keydown
35902800,f,keydown
35904100,Backspace,keydown
35904300,g,keydown
35904500,l,keydown
35904700,i,keydown
35904800, ,keydown
35905400,d,keydown
35905600,i,keydown
35905700,c,keydown
35905800,e,keydown
35906100,#,keydown
35906400,.,keydown
35907100,Backspace,keydown
35907200,#,keydown
35907300,#,keydown
35908000, ,keydown
35908500,#,keydown
35908700,#,keydown
35909500,#,keydown
35909800,m,keydown
35910000,i,keydown
35910100, ,keydown
35910300,s,keydown
35910500,e,keydown
35910600,i,keydown
35910700, ,keydown
35910800,s,keydown
35911000,i,keydown
35911100,m,keydown
35911300,p,keydown
35911400,a,keydown
35911600,t,keydown
35911800,i,keydown
35911900,c,keydown
35912100,o,keydown
35912400,.,keydown
35912600,.,keydown
35912700,.,keydown
35913000, ,keydown
35913700,n,keydown
35913900,o,keydown
35914000,n,keydown
35914100, ,keydown
35914200,a,keydown
35914300, ,keydown
35914800,Backspace,keydown
35915000,Backspace,keydown
35915100,d,keydown
35915300,i,keydown
35915400,r,keydown
35915600,o,keydown
35915800,l,keydown
35916100,Backspace,keydown
35916200,Backspace,keydown
35916400,l,keydown
35916600,o,keydown
35916600, ,keydown
35916800,a,keydown
35916900, ,keydown
35917500,n,keydown
35917600,e,keydown
35917800,s,keydown
35917900,s,keydown
35918000,u,keydown
35918100,n,keydown
35918200,o,keydown
35919400,.,keydown
35919600,.,keydown
35919700,.,keydown
35919800, ,keydown
35920200,m,keydown
35920300,a,keydown
35920400, ,keydown
35920600,t,keydown
35920700,i,keydown
35920800, ,keydown
35921100,c,keydown
35921100,o,keydown
35921300,n,keydown
35921800,s,keydown
35921900,i,keydown
35922100,g,keydown
35922200,l,keydown
35922400,i,keydown
35922400,o,keydown
35923600,Enter,keydown
35923700,q,keydown
35924000,u,keydown
35924100,e,keydown
35924300,l,keydown
35924400,l,keydown
35924600,o,keydown
35924700, ,keydown
35925000,i,keydown
35925200,t,keydown
35925400,a,keydown
35925400,l,keydown
35925600,i,keydown
35925800,a,keydown
35925800,n,keydown
35926000,o,keydown
35926900,#,keydown
35927300,#,keydown
35927900,.,keydown
35928900, ,keydown
35929500,#,keydown
35930000,#,keydown
35930300,s,keydown
35930700,Backspace,keydown
35930800,m,keydown
35931000,a,keydown
35931300, ,keydown
35931400,s,keydown
35931600,e,keydown
35931800, ,keydown
35931800,s,keydown
35932000,o,keydown
35932100,n,keydown
35932100,o,keydown
35932300, ,keydown
35932600,u,keydown
35932900,g,keydown
35933000,u,keydown
35933100,a,keydown
35933300,l,keydown
35933600,i,keydown
35933700, ,keydown
35933900,.,keydown
35934100,.,keydown
35934200,.,keydown
35934500,#,keydown
35934700,#,keydown
35935000, ,keydown
35935500,#,keydown
35935700,#,keydown
35935900, ,keydown
35936500,Backspace,keydown
35936700,s,keydown
35936900,i,keydown
35937400, ,keydown
35938300,Backspace,keydown
35938600,.,keydown
35938800,.,keydown
35938900,.,keydown
35939100, ,keydown
35939200,m,keydown
35939400,a,keydown
35939500, ,keydown
35939900,n,keydown
35940100,e,keydown
35940300,l,keydown
35940400,l,keydown
35940600,#,keydown
35940800,i,keydown
35940900,n,keydown
35941200,f,keydown
35941300,e,keydown
35941500,r,keydown
35941700,n,keydown
35941900,o,keydown
35943300, ,keydown
35943800,i,keydown
35943800,o,keydown
35944000,t,keydown
35944500,Backspace,keydown
35944600,Backspace,keydown
35945400,t,keydown
35945500,a,keydown
35945700,l,keydown
35945900,i,keydown
35946000,a,keydown
35946000,n,keydown
35946200,o,keydown
35946600,Enter,keydown
35947400,u,keydown
35947500,n,keydown
35947500, ,keydown
35947800,g,keydown
35948000,i,keydown
35948000,o,keydown
35948100,r,keydown
35948300,n,keydown
35948500,o,keydown
35948500, ,keydown
35948800,m,keydown
35948900,a,keydown
35949500,n,keydown
35949800,c,keydown
35949800,a,keydown
35949900, ,keydown
35950200,l,keydown
35950300,a,keydown
35950600, ,keydown
35950900,m,keydown
35951000,e,keydown
35951200,r,keydown
35951400,d,keydown
35951600,a,keydown
35952600, ,keydown
35953000,.,keydown
35953200,.,keydown
35953300,.,keydown
35953500, ,keydown
35953900,u,keydown
35954000,n,keydown
35954900, ,keydown
35955100,a,keydown
35955200,l,keydown
35955600,t,keydown
35955700,r,keydown
35955900,o,keydown
35956500, ,keydown
35957100,l,keydown
35957200,e,keydown
35957300, ,keydown
35957500,f,keydown
35957700,r,keydown
35958000,u,keydown
35958100,s,keydown
35958300,t,keydown
35958400,e,keydown
35958900,.,keydown
35959100,.,keydown
35959300,.,keydown
35959400, ,keydown
35960100,u,keydown
35960200,n,keydown
35960400, ,keydown
35960600,a,keydown
35960800,l,keydown
35961100,t,keydown
35961200,r,keydown
35961400,o,keydown
35961700, ,keydown
35962000,i,keydown
35962200,l,keydown
35962200, ,keydown
35963100,b,keydown
35963300,o,keydown
35963400,i,keydown
35963600,a,keydown
35963700, ,keydown
35964000,f,keydown
35964000,a,keydown
35964100, ,keydown
35964500,s,keydown
35964700,c,keydown
35964800,i,keydown
35965200,o,keydown
35965400,p,keydown
35965600,e,keydown
35965800,r,keydown
35965900,o,keydown
35966300, ,keydown
35966500,.,keydown
35966700,.,keydown
35966800,.,keydown
35967000,.,keydown
35967100,#,keydown
35967200,#,keydown
35969800,Enter,keydown
35970300,#,keydown
35970600,c,keydown
35970800,i,keydown
35970900,a,keydown
35971100,o,keydown
35971200, ,keydown
35971500,#,keydown
35971700,d,keydown
35971900,a,keydown
35972300,n,keydown
35972600,i,keydown
35972700,e,keydown
35972800,l,keydown
35972900,e,keydown
35973200,",",keydown
35973300, ,keydown
35973600,p,keydown
35973800,s,keydown
35974200,Backspace,keydown
35974300,Backspace,keydown
35974400,s,keydown
35974500,p,keydown
35974700,e,keydown
35974700,r,keydown
35974800,o,keydown
35975000, ,keydown
35975300,c,keydown
35975300,h,keydown
35975500,e,keydown
35975600, ,keydown
35975800,t,keydown
35975900,i,keydown
35975900, ,keydown
35976100,s,keydown
35976300,i,keydown
35976400,a,keydown
35976600, ,keydown
35976800,p,keydown
35976900,i,keydown
35977500,c,keydown
35977900,Backspace,keydown
35977900,a,keydown
35978200,c,keydown
35978400,i,keydown
35978500,u,keydown
35978700,t,keydown
35978800,a,keydown
35979700,.,keydown
35979800, ,keydown
35979800,#,keydown
35980000,a,keydown
35980200, ,keydown
35980400,f,keydown
35980400,d,keydown
35980800,Backspace,keydown
35980900,Backspace,keydown
35981100,d,keydown
35981200,o,keydown
35981300,m,keydown
35981400,a,keydown
35981500,n,keydown
35981600,i,keydown
35983400,",",keydown
35983600, ,keydown
35983900,#,keydown
35984000,m,keydown
35984100,a,keydown
35984400,r,keydown
35984400,c,keydown
35984700,o,keydown
