timestamp,key,type
44707400,Backspace,keydown
44707400,Backspace,keydown
44707500,Backspace,keydown
44707500,Backspace,keydown
44707500,Backspace,keydown
44707500,Backspace,keydown
44707500,Backspace,keydown
44707500,Backspace,keydown
44707500,#,keydown
44707800,b,keydown
44708000,e,keydown
44708100,n,keydown
44708200,e,keydown
44708600,",",keydown
44708900, ,keydown
44709100,r,keydown
44709400,i,keydown
44709500,c,keydown
44709500,o,keydown
44709700,m,keydown
44709900,i,keydown
44710000,n,keydown
44710200,c,keydown
44710300,i,keydown
44710400,o,keydown
44710500, ,keydown
44710700,c,keydown
44710700,o,keydown
44710800,n,keydown
44710900, ,keydown
44715200,l,keydown
44715300,a,keydown
44715500, ,keydown
44715700,t,keydown
44715800,u,keydown
44715900,a,keydown
44716000, ,keydown
44716500,m,keydown
44716500,a,keydown
44716600,i,keydown
44716600,l,keydown
44716700, ,keydown
44716900,c,keydown
44717100,h,keydown
44717200,e,keydown
44717300, ,keydown
44718100,c,keydown
44718300,i,keydown
44718400, ,keydown
44718500,h,keydown
44718600,a,keydown
44718700,i,keydown
44718800, ,keydown
44719000,m,keydown
44719200,a,keydown
44719300,n,keydown
44719400,d,keydown
44719500,a,keydown
44719700,t,keydown
44719800,o,keydown
44720100, ,keydown
44720300,p,keydown
44720300,e,keydown
44720500,r,keydown
44720500, ,keydown
44720700,c,keydown
44720800,h,keydown
44720900,i,keydown
44721000,e,keydown
44721100,d,keydown
44721300,e,keydown
44721400,r,keydown
44721600,c,keydown
44721800,i,keydown
44721800, ,keydown
44722100,d,keydown
44722300,i,keydown
44722300, ,keydown
44722600,p,keydown
44722700,a,keydown
44722800,r,keydown
44723100,t,keydown
44723100,e,keydown
44723500,c,keydown
44723500,i,keydown
44723800,p,keydown
44723900,a,keydown
44724100,r,keydown
44724100,e,keydown
44724300, ,keydown
44724400,a,keydown
44724500,l,keydown
44724700,l,keydown
44724900,#,keydown
44725100,e,keydown
44725300,s,keydown
44725500,p,keydown
44726000,e,keydown
44726200,r,keydown
44726300,i,keydown
44726500,m,keydown
44726500,e,keydown
44726600,n,keydown
44726700,t,keydown
44726800,o,keydown
44727200,",",keydown
44727300, ,keydown
44727400,e,keydown
44727600, ,keydown
44727800,p,keydown
44728000,e,keydown
44728000,r,keydown
44730200,Enter,keydown
44731100,n,keydown
44731200,o,keydown
44731300,n,keydown
44731400, ,keydown
44731600,r,keydown
44731700,i,keydown
44731800,p,keydown
44731900,e,keydown
44732100,t,keydown
44732200,e,keydown
44732300,r,keydown
44732500,m,keydown
44732500,i,keydown
44732700, ,keydown
44733500,c,keydown
44733600,o,keydown
44733800,n,keydown
44734300,t,keydown
44734400,i,keydown
44734600,n,keydown
44734700,u,keydown
44734800,o,keydown
44735200, ,keydown
44735400,d,keydown
44735400,a,keydown
44735600, ,keydown
44735700,d,keydown
44735900,o,keydown
44736000,v,keydown
44736100,e,keydown
44736300, ,keydown
44736500,h,keydown
44736700,o,keydown
44736800, ,keydown
44737900,l,keydown
44738000,a,keydown
44738100,s,keydown
44738300,c,keydown
44738600,i,keydown
44738700,a,keydown
44738900,t,keydown
44738900,o,keydown
44739000, ,keydown
44739600,i,keydown
44739600,e,keydown
44739700,r,keydown
44739800,i,keydown
44740900,.,keydown
44742500, ,keydown
44743200,i,keydown
44743800,l,keydown
44743800, ,keydown
44744300,s,keydown
44744400,e,keydown
44744600,c,keydown
44744600,o,keydown
44744800,n,keydown
44744900,d,keydown
44745000,o,keydown
44745100, ,keydown
44745400,p,keydown
44745500,u,keydown
44745700,n,keydown
44745800,t,keydown
44745900,o,keydown
44746000, ,keydown
44746200,c,keydown
44746400,i,keydown
44746900,Enter,keydown
44749400,c,keydown
44749500,h,keydown
44749600,i,keydown
44749600,e,keydown
44749900,d,keydown
44749900,e,keydown
44750400, ,keydown
44751400,d,keydown
44751400,i,keydown
44751400, ,keydown
44751700,e,keydown
44752300,Backspace,keydown
44752500,s,keydown
44752600,c,keydown
44752900,r,keydown
44753000,i,keydown
44753200,v,keydown
44753200,e,keydown
44753300,r,keydown
44753400,e,keydown
44753600, ,keydown
44755800,o,keydown
44756200,v,keydown
44756400,v,keydown
44756500,i,keydown
44756800,a,keydown
44756800,m,keydown
44757000,e,keydown
44757000,n,keydown
44757300,t,keydown
44757300,e,keydown
44757500, ,keydown
44757700,q,keydown
44757900,u,keydown
44758600,a,keydown
44758800,l,keydown
44759000,c,keydown
44759000,o,keydown
44759200,s,keydown
44759300,a,keydown
44759300, ,keydown
44761400,d,keydown
44761600,i,keydown
44761700, ,keydown
44762000,s,keydown
44762200,e,keydown
44762400,n,keydown
44762600,s,keydown
44762700,o,keydown
44762800, ,keydown
44763000,c,keydown
44763000,o,keydown
44763000,m,keydown
44763200,p,keydown
44763400,i,keydown
44763800,u,keydown
44764000,t,keydown
44764100,o,keydown
44764500, ,keydown
44765700,#,keydown
44766300,#,keydown
44766600,a,keydown
44766800,d,keydown
44766900, ,keydown
44767000,e,keydown
44767300,s,keydown
44767400,e,keydown
44767600,m,keydown
44767700,p,keydown
44768000,i,keydown
44768000,o,keydown
44768200, ,keydown
44768900,q,keydown
44769000,u,keydown
44769100,e,keydown
44769200,l,keydown
44769400,l,keydown
44769600,o,keydown
44770100,Enter,keydown
44773800,h,keydown
44774200,o,keydown
44774200, ,keydown
44774500,m,keydown
44774600,a,keydown
44774700,n,keydown
44774900,g,keydown
44775000,i,keydown
44775100,a,keydown
44775300,t,keydown
44775500,o,keydown
44775500, ,keydown
44775600,a,keydown
44775700, ,keydown
44775900,c,keydown
44776000,e,keydown
44776300,n,keydown
44776300,a,keydown
44777700,",",keydown
44778400, ,keydown
44778600,l,keydown
44778800,a,keydown
44778900, ,keydown
44779000,t,keydown
44779000,r,keydown
44779300,a,keydown
44779400,m,keydown
44779500,a,keydown
44779600, ,keydown
44779900,d,keydown
44779900,i,keydown
44780000, ,keydown
44780200,u,keydown
44780200,n,keydown
44780300, ,keydown
44780600,f,keydown
44780600,i,keydown
44780800,l,keydown
44781200, ,keydown
44781700,c,keydown
44781800,h,keydown
44781900,e,keydown
44782000, ,keydown
44783300,h,keydown
44783400,o,keydown
44783500, ,keydown
44783800,v,keydown
44783900,i,keydown
44784200,s,keydown
44784500,t,keydown
44784700,o,keydown
44786300,",",keydown
44786700, ,keydown
44786900,c,keydown
44787100,o,keydown
44787300,s,keydown
44787400,a,keydown
44787400, ,keydown
44787800,f,keydown
44787900,a,keydown
44788000,r,keydown
44788200,o,keydown
44788700,#,keydown
44789200,Enter,keydown
44789900,d,keydown
44789900,o,keydown
44790000,m,keydown
44790500,e,keydown
44790700,n,keydown
44790800,i,keydown
44790900,c,keydown
44791000,a,keydown
44791200, ,keydown
44791500,p,keydown
44791500,r,keydown
44791700,i,keydown
44792600,Backspace,keydown
44793000,o,keydown
44793200,s,keydown
44793500,s,keydown
44793600,i,keydown
44793700,m,keydown
44793900,a,keydown
44794900,",",keydown
44795000, ,keydown
44796400,c,keydown
44796500,h,keydown
44796600,e,keydown
44796700, ,keydown
44796900,e,keydown
44797100,#,keydown
44797300, ,keydown
44797600,f,keydown
44797700,e,keydown
44797900,s,keydown
44798100,t,keydown
44798200,a,keydown
44801400,.,keydown
44802900,#,keydown
44803300,#,keydown
44803400, ,keydown
44803600,#,keydown
44803900,t,keydown
44804100,u,keydown
44804200, ,keydown
44804400,d,keydown
44804500,i,keydown
44804700,c,keydown
44804700,i,keydown
44804800, ,keydown
44805200,c,keydown
44805400,h,keydown
44805500,e,keydown
44805500, ,keydown
44805900,q,keydown
44806000,u,keydown
44806200,a,keydown
44806300,l,keydown
44806400,s,keydown
44806500,i,keydown
44806600,a,keydown
44806900,s,keydown
44807000,i,keydown
44807000, ,keydown
44807300,c,keydown
44807300,o,keydown
44807400,s,keydown
44807600,a,keydown
44807600, ,keydown
44808000,v,keydown
44808000,a,keydown
44808100, ,keydown
44808300,b,keydown
44808500,e,keydown
44808600,n,keydown
44808600,e,keydown
44809700,Enter,keydown
44812400,m,keydown
44812500,a,keydown
44812700, ,keydown
44812800,e,keydown
44813100,#,keydown
44813200, ,keydown
44813400,c,keydown
44813600,h,keydown
44813700,i,keydown
44813800,a,keydown
44814100,r,keydown
44814200,o,keydown
44814400, ,keydown
44814500,c,keydown
44814600,h,keydown
44814800,e,keydown
44814900, ,keydown
44817300,n,keydown
44817500,o,keydown
44817700,n,keydown
44817800, ,keydown
44818200,d,keydown
44818300,e,keydown
44818500,v,keydown
44818500,o,keydown
44818700, ,keydown
44818900,r,keydown
44819000,i,keydown
44819100,p,keydown
44819300,e,keydown
44819400,t,keydown
44819500,e,keydown
44819700,r,keydown
44819800,e,keydown
44819900, ,keydown
44820600,d,keydown
44820900,i,keydown
44820900,e,keydown
44821200,c,keydown
44821200,i,keydown
44821800, ,keydown
44822500,v,keydown
44822700,o,keydown
44822800,l,keydown
44823000,t,keydown
44823000,e,keydown
44823100, ,keydown
44823400,l,keydown
44823400,a,keydown
44823600, ,keydown
44823800,s,keydown
44823900,t,keydown
44824000,e,keydown
44824300,s,keydown
44824500,s,keydown
44824600,a,keydown
44825100, ,keydown
44825500,f,keydown
44825600,r,keydown
44825700,a,keydown
44826000,s,keydown
44826100,e,keydown
44828500,Enter,keydown
44829200,i,keydown
44829300,n,keydown
44829400, ,keydown
44829600,m,keydown
44829700,o,keydown
44829900,d,keydown
44830000,o,keydown
44830200, ,keydown
44830300,d,keydown
44830300,a,keydown
44830400, ,keydown
44830700,r,keydown
44830900,i,keydown
44830900,e,keydown
44831100,m,keydown
44831200,p,keydown
44831400,i,keydown
44831500,r,keydown
44831700,e,keydown
44831700, ,keydown
44832000,v,keydown
44832100,e,keydown
44832200,l,keydown
44832400,o,keydown
44832500,c,keydown
44832500,e,keydown
44832800,m,keydown
44832800,e,keydown
44833000,n,keydown
44833200,t,keydown
44833200,e,keydown
44833300, ,keydown
44833500,i,keydown
44833600,l,keydown
44833700, ,keydown
44833800,f,keydown
44834000,o,keydown
44834100,r,keydown
44834200,m,keydown
44838500,",",keydown
44838700, ,keydown
44839000,o,keydown
44839300,p,keydown
44839300,p,keydown
44839600,u,keydown
44839900,r,keydown
44840000,e,keydown
44840000, ,keydown
44840200,u,keydown
44840500,s,keydown
44840600,a,keydown
44840800,r,keydown
44840800,e,keydown
44840900, ,keydown
44841100,r,keydown
44841200,i,keydown
44841600,p,keydown
44841900,e,keydown
44842100,t,keydown
44842300,u,keydown
44842400,t,keydown
44842500,e,keydown
44842700,m,keydown
44842800,e,keydown
44842900,n,keydown
44843000,t,keydown
44843000,e,keydown
44843600,Enter,keydown
44844400,n,keydown
44844700,e,keydown
44844700,w,keydown
44844900, ,keydown
44845000,l,keydown
44845100,i,keydown
44845300,n,keydown
44845700,e,keydown
44846100, ,keydown
44848600,e,keydown
44848700, ,keydown
44849000,t,keydown
44849300,a,keydown
44849500,n,keydown
44849600,t,keydown
44849800,o,keydown
44849900, ,keydown
44850100,m,keydown
44850200,e,keydown
44850300,n,keydown
44850500,o,keydown
44850800, ,keydown
44852600,f,keydown
44852600,a,keydown
44852900,r,keydown
44853200,e,keydown
44853400, ,keydown
44853600,u,keydown
44853600,n,keydown
44853700, ,keydown
44854000,c,keydown
44854200,u,keydown
44854400,t,keydown
44854500, ,keydown
44854700,a,keydown
44854800,n,keydown
44855000,d,keydown
44855100, ,keydown
44855400,p,keydown
44855400,a,keydown
44855600,s,keydown
44855900,t,keydown
44855900,e,keydown
44856900, ,keydown
44858600,d,keydown
44858700,i,keydown
44858900, ,keydown
44859500,c,keydown
44859700,a,keydown
44859800,r,keydown
44859800,a,keydown
44860200,t,keydown
44860400,t,keydown
44860400,e,keydown
44860600,r,keydown
44860800,i,keydown
44861400, ,keydown
44861600,d,keydown
44861700,e,keydown
44861800,n,keydown
44862100,t,keydown
44862200,r,keydown
44862300,o,keydown
44862500,Enter,keydown
44863100,l,keydown
44863200,a,keydown
44863300, ,keydown
44863700,f,keydown
44863800,o,keydown
44863900,r,keydown
44864100,m,keydown
44864500,",",keydown
44864500, ,keydown
44864800,a,keydown
44865000,n,keydown
44865000,c,keydown
44865200,h,keydown
44865300,e,keydown
44865300, ,keydown
44865600,s,keydown
44865700,e,keydown
44865900, ,keydown
44866000,i,keydown
44866100,o,keydown
44866200, ,keydown
44867000,p,keydown
44867200,e,keydown
44867300,r,keydown
44867600,s,keydown
44867600,o,keydown
44867800,n,keydown
44868000,a,keydown
44868200,m,keydown
44868300,e,keydown
44868400,n,keydown
44868600,t,keydown
44868700,e,keydown
44868800, ,keydown
44869300,a,keydown
44869600,v,keydown
44869600,e,keydown
44869800,v,keydown
44869900,o,keydown
44870100, ,keydown
44870300,a,keydown
44870600,v,keydown
44870700,u,keydown
44870900,t,keydown
44871000,o,keydown
44871100, ,keydown
44871300,q,keydown
44871800,e,keydown
44872300,Backspace,keydown
44872700,u,keydown
44872800,e,keydown
44873100,s,keydown
44873200,t,keydown
44873400,a,keydown
44873400, ,keydown
44873800,i,keydown
44873800,d,keydown
44873800,e,keydown
44874100,a,keydown
44875000,",",keydown
44875100, ,keydown
44875400,m,keydown
44875400,a,keydown
44875500, ,keydown
44875700,t,keydown
44875800,u,keydown
44876400,Enter,keydown
44876700,m,keydown
44876800,i,keydown
44876800, ,keydown
44877200,h,keydown
44877300,a,keydown
44877400,i,keydown
44877500, ,keydown
44877700,a,keydown
44877800,n,keydown
44878300,t,keydown
44878500,i,keydown
44878700,c,keydown
44878800,i,keydown
44879000,p,keydown
44879100,a,keydown
44879600,t,keydown
44879700,o,keydown
44880900,#,keydown
44881200,#,keydown
44881400,#,keydown
44881500,#,keydown
44884800, ,keydown
44885300,#,keydown
44885600,o,keydown
44886500,g,keydown
44886600,n,keydown
44886700,i,keydown
44887000, ,keydown
44887200,c,keydown
44887500,Backspace,keydown
44887600,v,keydown
44887800,o,keydown
44887900,l,keydown
44888200,t,keydown
44888200,a,keydown
44888300, ,keydown
44888400,c,keydown
44888600,h,keydown
44888700,e,keydown
44888800, ,keydown
44889700,f,keydown
44889700,a,keydown
44890000,t,keydown
44890000,e,keydown
44890100, ,keydown
44890400,l,keydown
44890500,#,keydown
44890900,e,keydown
44891100,s,keydown
44891300,p,keydown
44891400,e,keydown
44891700,r,keydown
44891800,i,keydown
44891900,m,keydown
44892000,e,keydown
44892100,n,keydown
44892200,t,keydown
44892400,o,keydown
44893000, ,keydown
44894000,d,keydown
44894100,o,keydown
44894300,v,keydown
44894500,e,keydown
44894700,t,keydown
44894800,e,keydown
44895500,Enter,keydown
44896100,s,keydown
44896400,c,keydown
44896500,r,keydown
44896800,i,keydown
44896900,v,keydown
44897000,e,keydown
44897200,r,keydown
44897200,e,keydown
44898000, ,keydown
44898300,q,keydown
44898500,u,keydown
44898700,a,keydown
44898700,l,keydown
44899000,c,keydown
44899000,o,keydown
44899300,s,keydown
44899300,a,keydown
44899400, ,keydown
44899700,d,keydown
44899700,i,keydown
44899800, ,keydown
44900100,d,keydown
44900200,i,keydown
44900300,v,keydown
44900400,r,keydown
44900800,Backspace,keydown
44900900,e,keydown
44901100,r,keydown
44901300,s,keydown
44901600,o,keydown
44904000,",",keydown
44904100, ,keydown
44904400,q,keydown
44904800,Backspace,keydown
44904900,e,keydown
44904900, ,keydown
44905500,q,keydown
44905600,u,keydown
44905800,e,keydown
44905900,s,keydown
44906500,t,keydown
44906600,o,keydown
44906600, ,keydown
44906900,m,keydown
44907000,i,keydown
44907000, ,keydown
44907400,r,keydown
44907500,i,keydown
44907700,c,keydown
44907700,h,keydown
44907700,i,keydown
44907800,e,keydown
44908000,d,keydown
44908100,e,keydown
44908400, ,keydown
44909400,m,keydown
44909500,o,keydown
44909800,l,keydown
44909900,t,keydown
44910000,a,keydown
44910100, ,keydown
44910500,f,keydown
44910500,a,keydown
44910800,n,keydown
44910900,t,keydown
44911000,a,keydown
44911300,s,keydown
44911600,i,keydown
44911600,a,keydown
44912700,",",keydown
44912900,Enter,keydown
44913100,m,keydown
44913300,a,keydown
44913400, ,keydown
44913700,v,keydown
44913700,e,keydown
44914200,d,keydown
44914300,o,keydown
44914500, ,keydown
44914600,c,keydown
44914800,h,keydown
44914900,e,keydown
44914900, ,keydown
44915200,p,keydown
44915200,e,keydown
44915300,r,keydown
44915300, ,keydown
44915700,o,keydown
44915900,g,keydown
44916100,g,keydown
44916300,i,keydown
44916400, ,keydown
44917100,h,keydown
44917300,o,keydown
44917400, ,keydown
44917700,c,keydown
44917700,o,keydown
44917900,m,keydown
44917900,p,keydown
44918100,l,keydown
44918200,e,keydown
44918400,t,keydown
44918400,a,keydown
44918700,t,keydown
44918800,o,keydown
44918800, ,keydown
44919600,l,keydown
44919700,a,keydown
44919700, ,keydown
44920200,f,keydown
44920300,o,keydown
44920300,r,keydown
44920500,m,keydown
44920800, ,keydown
44921700,p,keydown
44921800,e,keydown
44922000,r,keydown
44922000, ,keydown
44922300,c,keydown
44922400,u,keydown
44922400,i,keydown
44922500, ,keydown
44922900,o,keydown
44923000,r,keydown
44923100,a,keydown
44923100, ,keydown
44923300,l,keydown
44923500,a,keydown
44923500, ,keydown
44923700,i,keydown
44923800,n,keydown
44924000,v,keydown
44924200,i,keydown
44924200,o,keydown
44924700,.,keydown
