timestamp,key,type
40662400,Backspace,keydown
40662400,Backspace,keydown
40662400,Backspace,keydown
40662400,Backspace,keydown
40662400,Backspace,keydown
40662400,Backspace,keydown
40662400,Backspace,keydown
40662400,Backspace,keydown
40662400,b,keydown
40662600,e,keydown
40662900,n,keydown
40663200,e,keydown
40663800,",",keydown
40664000, ,keydown
40664200,c,keydown
40664500,o,keydown
40664700,m,keydown
40665000,e,keydown
40665100, ,keydown
40665300,t,keydown
40665600,i,keydown
40665900, ,keydown
40666200,a,keydown
40666600,v,keydown
40666800,e,keydown
40667100,v,keydown
40667400,e,keydown
40668200,v,keydown
40668400,o,keydown
40668500, ,keydown
40668700,p,keydown
40669300,r,keydown
40669600,o,keydown
40669800,m,keydown
40670100,e,keydown
40670300,s,keydown
40670500,s,keydown
40670900,o,keydown
40671200, ,keydown
40671700,l,keydown
40672100,a,keydown
40672300, ,keydown
40672400,s,keydown
40672600,c,keydown
40672900,o,keydown
40673200,r,keydown
40673400,a,keydown
40673800,s,keydown
40674000, ,keydown
40674700,v,keydown
40675000,o,keydown
40675200,l,keydown
40675400,t,keydown
40675600,a,keydown
40675900, ,keydown
40676200,#,keydown
40676900,m,keydown
40677200,a,keydown
40677700, ,keydown
40678000,c,keydown
40678200,o,keydown
40678500,n,keydown
40678700, ,keydown
40678900,c,keydown
40679200,j,keydown
40679800,Backspace,keydown
40680200,h,keydown
40680300,e,keydown
40680600, ,keydown
40680800,a,keydown
40681300,c,keydown
40681400,c,keydown
40681700,i,keydown
40682000,d,keydown
40682200,e,keydown
40682600,n,keydown
40682900,z,keydown
40683300,i,keydown
40683400, ,keydown
40683900,s,keydown
40684400,t,keydown
40684700,o,keydown
40684900, ,keydown
40685100,p,keydown
40685500,a,keydown
40685700,r,keydown
40687000,Enter,keydown
40691500,l,keydown
40691800,a,keydown
40692300,n,keydown
40692600,d,keydown
40692900,o,keydown
40693500, ,keydown
40694600,#,keydown
40695000,a,keydown
40695700,n,keydown
40696000,z,keydown
40696400,i,keydown
40696900,",",keydown
40697100, ,keydown
40697600,s,keydown
40697800,c,keydown
40698100,r,keydown
40698500,i,keydown
40698700,v,keydown
40699000,e,keydown
40699400,n,keydown
40700500,t,keydown
40704400,d,keydown
40704900,o,keydown
40706800,Backspace,keydown
40707000,Backspace,keydown
40707600,Backspace,keydown
40708300,d,keydown
40708700,o,keydown
40709000,",",keydown
40709100, ,keydown
40709900,a,keydown
40710300, ,keydown
40710500,c,keydown
40710900,h,keydown
40711200,i,keydown
40711900,#,keydown
40716600,#,keydown
40727000,",",keydown
40727400, ,keydown
40728100,o,keydown
40728400,g,keydown
40728500,g,keydown
40728800,i,keydown
40729000, ,keydown
40729200,s,keydown
40729600,i,keydown
40729800, ,keydown
40729900,p,keydown
40730300,a,keydown
40730600,t,keydown
40731100,Backspace,keydown
40731300,r,keydown
40731800,l,keydown
40732200,a,keydown
40732400, ,keydown
40732500,d,keydown
40732900,i,keydown
40733100, ,keydown
40733200,t,keydown
40733500,a,keydown
40733800,p,keydown
40734200,a,keydown
40734500,s,keydown
40735700,.,keydown
40736000, ,keydown
40736100,i,keydown
40736400,n,keydown
40736600,n,keydown
40737100,a,keydown
40737700,n,keydown
40738000,z,keydown
40738300,i,keydown
40739000,t,keydown
40739500,u,keydown
40739800,t,keydown
40739900,t,keydown
40740200,o,keydown
40740600,#,keydown
40742000,Enter,keydown
40743200,c,keydown
40743500,h,keydown
40743700,e,keydown
40744000, ,keydown
40744000,c,keydown
40744300,o,keydown
40744700,s,keydown
40744900,a,keydown
40745000, ,keydown
40745400,s,keydown
40745700,o,keydown
40746100,n,keydown
40746300,o,keydown
40746500, ,keydown
40746600,l,keydown
40747200,e,keydown
40747400, ,keydown
40748900,t,keydown
40749600,a,keydown
40750000,p,keydown
40750300,a,keydown
40750600,s,keydown
40754100,#,keydown
40754400, ,keydown
40755400,l,keydown
40755700,e,keydown
40755800, ,keydown
40756100,t,keydown
40756300,a,keydown
40756700,p,keydown
40756900,a,keydown
40757100,s,keydown
40757300, ,keydown
40757500,s,keydown
40757800,o,keydown
40758100,n,keydown
40758300,o,keydown
40758500, ,keydown
40760800,p,keydown
40761000,i,keydown
40761300,a,keydown
40761600,t,keydown
40761800,t,keydown
40762000,i,keydown
40762400,n,keydown
40762800,i,keydown
40762900, ,keydown
40768700,c,keydown
40769100,o,keydown
40769300,n,keydown
40769700,t,keydown
40769800,e,keydown
40770200,n,keydown
40770500,e,keydown
40771000,n,keydown
40771200,t,keydown
40771600,i,keydown
40771800, ,keydown
40774000,c,keydown
40774200,i,keydown
40774600,a,keydown
40774800,s,keydown
40775100,c,keydown
40775400,u,keydown
40775600,n,keydown
40775900,o,keydown
40779900,Enter,keydown
40781700,u,keydown
40781900,n,keydown
40782200,a,keydown
40782400, ,keydown
40782500,s,keydown
40782800,q,keydown
40783300,u,keydown
40783400,i,keydown
40783700,s,keydown
40784100,i,keydown
40784500,t,keydown
40784800,a,keydown
40784900, ,keydown
40786700,#,keydown
40787000,s,keydown
40787200,e,keydown
40787400, ,keydown
40787500,s,keydown
40787800,i,keydown
40788000, ,keydown
40788300,e,keydown
40788700,#,keydown
40788900, ,keydown
40789200,f,keydown
40789400,o,keydown
40789800,r,keydown
40789900,t,keydown
40790300,u,keydown
40790500,n,keydown
40790700,a,keydown
40791100,t,keydown
40791400,i,keydown
40791800,#,keydown
40792000, ,keydown
40792100,p,keydown
40792400,i,keydown
40792700,e,keydown
40792900,t,keydown
40793200,a,keydown
40793600,n,keydown
40794000,z,keydown
40794100,a,keydown
40794400, ,keydown
40798700,Backspace,keydown
40799600,.,keydown
40799800, ,keydown
40800200,i,keydown
40800600,n,keydown
40800700, ,keydown
40802100,i,keydown
40802500,s,keydown
40802800,p,keydown
40803100,a,keydown
40803800,g,keydown
40804500,n,keydown
40804800,a,keydown
40805000, ,keydown
40808300,#,keydown
40808700,c,keydown
40808800,h,keydown
40809100,e,keydown
40809200, ,keydown
40809400,s,keydown
40809600,a,keydown
40809800,r,keydown
40810000,e,keydown
40810300,b,keydown
40810500,b,keydown
40810700,e,keydown
40811300, ,keydown
40812200,l,keydown
40812500,a,keydown
40813000,Enter,keydown
40815200,s,keydown
40815500,p,keydown
40815900,a,keydown
40816100,g,keydown
40816400,b,keydown
40816900,Backspace,keydown
40817200,n,keydown
40817500,a,keydown
40817800,",",keydown
40818100, ,keydown
40819000,m,keydown
40819300,a,keydown
40819500, ,keydown
40819900,q,keydown
40820400,u,keydown
40820700,e,keydown
40821100,l,keydown
40821300,l,keydown
40821500,i,keydown
40821700, ,keydown
40822100,i,keydown
40822200, ,keydown
40822500,d,keydown
40822700,a,keydown
40822900,v,keydown
40823200,a,keydown
40823600,n,keydown
40823900,t,keydown
40824200,i,keydown
40824500, ,keydown
40825600,d,keydown
40826100,Backspace,keydown
40826400,f,keydown
40826700,a,keydown
40826900, ,keydown
40829000,f,keydown
40829300,i,keydown
40829500,n,keydown
40830100,i,keydown
40830400,",",keydown
40830600, ,keydown
40831000,e,keydown
40831400,p,keydown
40831700,i,keydown
40832100,c,keydown
40832400,o,keydown
40832800,",",keydown
40832900, ,keydown
40833200,n,keydown
40833500,o,keydown
40833700,n,keydown
40833900, ,keydown
40834100,s,keydown
40834300,e,keydown
40834900,Backspace,keydown
40835200,o,keydown
40835300, ,keydown
40836200,s,keydown
40836400,e,keydown
40836600, ,keydown
40837100,m,keydown
40837200,o,keydown
40838000,Backspace,keydown
40838900,i,keydown
40839100, ,keydown
40839400,e,keydown
40839600,s,keydown
40840700,p,keydown
40841100,r,keydown
40841500,i,keydown
40841700,m,keydown
40841900,o,keydown
40844100,.,keydown
40844300,.,keydown
40845500,.,keydown
40846000,#,keydown
40848300,.,keydown
40848500,Enter,keydown
40852700,Backspace,keydown
40853400,Backspace,keydown
40856000,Enter,keydown
40857000,v,keydown
40857300,i,keydown
40857600, ,keydown
40857800,s,keydown
40858300,o,keydown
40858600,n,keydown
40858900,o,keydown
40859100, ,keydown
40860400,#,keydown
40860800,a,keydown
40861100, ,keydown
40861300,v,keydown
40861600,o,keydown
40861800,c,keydown
40862100,e,keydown
40862300, ,keydown
40862400,d,keydown
40862800,i,keydown
40863100,r,keydown
40863200,e,keydown
40863500, ,keydown
40863900,#,keydown
40864300,c,keydown
40864600,i,keydown
40864700, ,keydown
40865000,s,keydown
40865300,o,keydown
40865600,n,keydown
40865900,o,keydown
40866400,#,keydown
40868600,",",keydown
40868800, ,keydown
40868900,m,keydown
40869300,a,keydown
40869500, ,keydown
40869600,p,keydown
40869900,e,keydown
40870100,r,keydown
40870300, ,keydown
40870600,i,keydown
40870800,s,keydown
40871000,c,keydown
40871700,i,keydown
40872000,t,keydown
40872600,o,keydown
40872800,o,keydown
40873800,Backspace,keydown
40874000,Backspace,keydown
40874800,r,keydown
40875200,Backspace,keydown
40875600,t,keydown
40875600,t,keydown
40876000,o,keydown
40876200, ,keydown
40878100,#,keydown
40878400,q,keydown
40878800,u,keydown
40879000,i,keydown
40879200,l,keydown
40879400, ,keydown
40880400,Backspace,keydown
40880600,Backspace,keydown
40881000, ,keydown
40881400,l,keydown
40881700,a,keydown
40881900, ,keydown
40882200,#,keydown
40882500,i,keydown
40882900,#,keydown
40883200, ,keydown
40883500,c,keydown
40883700,i,keydown
40884000, ,keydown
40884200,v,keydown
40884500,i,keydown
40885000,Backspace,keydown
40885200,u,keydown
40885300,o,keydown
40885500,l,keydown
40885800,e,keydown
40886100, ,keydown
40886900,p,keydown
40887200,r,keydown
40887500,o,keydown
40887700,p,keydown
40888100,r,keydown
40888500,i,keydown
40888700,o,keydown
40889000,#,keydown
40894100,Enter,keydown
40895200,e,keydown
40895800,#,keydown
40895900, ,keydown
40897700,m,keydown
40898100,e,keydown
40898400,g,keydown
40898700,l,keydown
40899000,i,keydown
40899100,o,keydown
40899200, ,keydown
40899500,d,keydown
40899800,i,keydown
40900400,r,keydown
40900500,e,keydown
40900800, ,keydown
40901600,#,keydown
40902000,v,keydown
40902300,i,keydown
40902800,#,keydown
40906800,#,keydown
40916300,b,keydown
40916700,a,keydown
40917100,r,keydown
40917400, ,keydown
40917800,e,keydown
40918000, ,keydown
40918200,r,keydown
40918600,i,keydown
40918900,s,keydown
40920500,Backspace,keydown
40920700,Backspace,keydown
40920800,Backspace,keydown
40921100,Backspace,keydown
40921300,Backspace,keydown
40921300,Backspace,keydown
40921500,Backspace,keydown
40921700,Backspace,keydown
40921800,Backspace,keydown
40922100, ,keydown
40922900,b,keydown
40923200,a,keydown
40923500,r,keydown
40923600, ,keydown
40923900,s,keydown
40924200,p,keydown
40924600,e,keydown
40924800,c,keydown
40925100,i,keydown
40925400,a,keydown
40925700,l,keydown
40925900,i,keydown
40926200,z,keydown
40926400,z,keydown
40926500,a,keydown
40926900,t,keydown
40927100,i,keydown
40927300, ,keydown
40927800,i,keydown
40928000,n,keydown
40928100, ,keydown
40928400,t,keydown
40928600,a,keydown
40929000,p,keydown
40929400,a,keydown
40929600,s,keydown
40929700, ,keydown
40931200,#,keydown
40931500,e,keydown
40931700,d,keydown
40931800, ,keydown
40932100,e,keydown
40932300,s,keydown
40932400,s,keydown
40932600,i,keydown
40932900, ,keydown
40933300,s,keydown
40933600,o,keydown
40933900,n,keydown
40934100,o,keydown
40934300, ,keydown
40935300,l,keydown
40935700,a,keydown
40935900, ,keydown
40936100,r,keydown
40936300,e,keydown
40936600,g,keydown
40937000,o,keydown
40937200,l,keydown
40937500,a,keydown
40939000,",",keydown
40939400,Enter,keydown
40940500,n,keydown
40940800,o,keydown
40941000,n,keydown
40941200, ,keydown
40941400,l,keydown
40941700,#,keydown
40942700,e,keydown
40943200,c,keydown
40943300,c,keydown
40943500,e,keydown
40943800,z,keydown
40943900,z,keydown
40944400,i,keydown
40944500,o,keydown
40944800,n,keydown
40945100,e,keydown
40956600, ,keydown
40956900,#,keydown
40958100,d,keydown
40958400,a,keydown
40958800,n,keydown
40959000,n,keydown
40959200,a,keydown
40959400,z,keydown
40959700,i,keydown
40959800,o,keydown
40960000,n,keydown
40960300,e,keydown
40960800,",",keydown
40960900, ,keydown
40961300,q,keydown
40961600,u,keydown
40961900,a,keydown
40962400,n,keydown
40962700,t,keydown
40962800,e,keydown
40963100, ,keydown
40964100,z,keydown
40964200, ,keydown
40964800,c,keydown
40965100,i,keydown
40965300, ,keydown
40965700,v,keydown
40966100,o,keydown
40966700,g,keydown
40967100,l,keydown
40967300,i,keydown
40967500,n,keydown
40967800,o,keydown
40968300,#,keydown
40968700,#,keydown
40971800,Backspace,keydown
40971900,Backspace,keydown
40972100,Backspace,keydown
40972600,Backspace,keydown
40973300,o,keydown
40973600,n,keydown
40973900,o,keydown
40974700,#,keydown
40975100,#,keydown
40977900,#,keydown
40977900,#,keydown
40979200,Backspace,keydown
40979400,Backspace,keydown
40983500,#,keydown
40983900,.,keydown
40988500, ,keydown
40988700,b,keydown
40989100,e,keydown
40989400,n,keydown
40989700,e,keydown
40989900, ,keydown
40991700,Backspace,keydown
40992000,",",keydown
40992200, ,keydown
40992600,s,keydown
40992900,p,keydown
40993400,i,keydown
40994100,e,keydown
40994800,g,keydown
40995700,Backspace,keydown
40995900,Backspace,keydown
40996000,Backspace,keydown
40996200,Backspace,keydown
40997300,p,keydown
40997600,i,keydown
40998000,e,keydown
40998300,g,keydown
40998600,a,keydown
40998800,t,keydown
40999100,e,keydown
40999800,Enter,keydown
41000500,l,keydown
41000800,e,keydown
41001100, ,keydown
41001200,t,keydown
41001400,a,keydown
41001900,p,keydown
41002200,a,keydown
41002300,s,keydown
41003100, ,keydown
41004100,b,keydown
41004300,i,keydown
41004900,s,keydown
41005300,o,keydown
41005600,g,keydown
41005900,n,keydown
41006300,a,keydown
41006500, ,keydown
41007700,s,keydown
41008000,p,keydown
41008200,i,keydown
41008500,e,keydown
41008900,g,keydown
41009100,a,keydown
41009300,r,keydown
41009500,e,keydown
41009800, ,keydown
41009900,i,keydown
41010200,l,keydown
41010300, ,keydown
41010700,t,keydown
41010900,a,keydown
41011300,p,keydown
41011600,e,keydown
41012200,o,keydown
41012700,.,keydown
41013000, ,keydown
41021500,q,keydown
41022200,u,keydown
41022500,e,keydown
41023000,l,keydown
41023100,l,keydown
41023300,o,keydown
41027400,Backspace,keydown
41027500,Backspace,keydown
41027800,Backspace,keydown
41027900,Backspace,keydown
41028000,Backspace,keydown
41028400,Backspace,keydown
41030900,i,keydown
41031300,d,keydown
41031400,d,keydown
41031800,o,keydown
41032000, ,keydown
41032900,#,keydown
41033300,c,keydown
41034300,i,keydown
41034500,o,keydown
41034800,e,keydown
41035000, ,keydown
41035500,Backspace,keydown
41035800,#,keydown
41036000, ,keydown
41038000,e,keydown
41038600,s,keydown
41038700,s,keydown
41040200,o,keydown
41042100,#,keydown
41042300, ,keydown
41043000,e,keydown
41043100, ,keydown
41043600,u,keydown
41043900,n,keydown
41044500, ,keydown
41045800,r,keydown
41046200,i,keydown
41046500,t,keydown
41047000,o,keydown
41048100,Enter,keydown
41050200,m,keydown
41050500,a,keydown
41050900,g,keydown
41051200,i,keydown
41051600,c,keydown
41051900,o,keydown
41052000, ,keydown
41052300,m,keydown
41052500,i,keydown
41052700,s,keydown
41053000,t,keydown
41053400,i,keydown
41053700,c,keydown
41054100,o,keydown
41054200, ,keydown
41054500,r,keydown
41054700,e,keydown
41055000,l,keydown
41055300,i,keydown
41055500,o,keydown
41055800,s,keydown
41056200,o,keydown
41056400, ,keydown
41057600,Backspace,keydown
41057700,Backspace,keydown
41057800,Backspace,keydown
41058000,Backspace,keydown
41059200,g,keydown
41059500,i,keydown
41059700,o,keydown
41060000,s,keydown
41060300,o,keydown
41060500, ,keydown
41060700,#,keydown
41061200,f,keydown
41061500,o,keydown
41061800,r,keydown
41062000,s,keydown
41062100,e,keydown
41062300, ,keydown
41062500,c,keydown
41062900,i,keydown
41063100, ,keydown
41063300,v,keydown
41063600,o,keydown
41063800,l,keydown
41064100,e,keydown
41064600,v,keydown
41064900,a,keydown
41065200,n,keydown
41065600,o,keydown
41065700, ,keydown
41065800,i,keydown
41066000, ,keydown
41066300,t,keydown
41066500,r,keydown
41066700,a,keydown
41066900,t,keydown
41067000,t,keydown
41067400,i,keydown
41067600,n,keydown
41067800,i,keydown
41068400,#,keydown
41070600,",",keydown
41070700, ,keydown
41071000,c,keydown
41071400,o,keydown
41071500,m,keydown
41071800,e,keydown
41072100, ,keydown
41072400,d,keydown
41072500,e,keydown
41073100,l,keydown
41073700,Enter,keydown
41074700,r,keydown
41074900,e,keydown
41075000,s,keydown
41075400,t,keydown
41075700,o,keydown
41076000, ,keydown
41078600,o,keydown
41079000,g,keydown
41079300,n,keydown
41079600,i,keydown
41079700, ,keydown
41081100,#,keydown
41081700,o,keydown
41081900, ,keydown
41082300,l,keydown
41082700,a,keydown
41083000, ,keydown
41083200,m,keydown
41083500,a,keydown
41083900,g,keydown
41084000,g,keydown
41084300,i,keydown
41084500,o,keydown
41084900,r,keydown
41085200, ,keydown
41085400,p,keydown
41085800,a,keydown
41086100,r,keydown
41086300,t,keydown
41086500,e,keydown
41089800,.,keydown
41090000,.,keydown
41090100,.,keydown
41090500, ,keydown
41091000,c,keydown
41093600,Backspace,keydown
41094700,v,keydown
41094900,i,keydown
41095000, ,keydown
41095300,s,keydown
41095700,o,keydown
41095800,n,keydown
41096100,o,keydown
41096300, ,keydown
41096800,e,keydown
41097000,r,keydown
41097200,e,keydown
41097700,s,keydown
41097900,e,keydown
41098400,i,keydown
41098500, ,keydown
41098800,c,keydown
41099000,h,keydown
41099400,e,keydown
41099500, ,keydown
41101500,Backspace,keydown
41101600,Backspace,keydown
41101800,Backspace,keydown
41101900,Backspace,keydown
41102100,Backspace,keydown
41102300,Backspace,keydown
41102400,Backspace,keydown
41103100,i,keydown
41103400,e,keydown
41103600, ,keydown
41103800,c,keydown
41104200,h,keydown
41104500,e,keydown
41104600, ,keydown
41104800,c,keydown
41105300,o,keydown
41105500,n,keydown
41105800,t,keydown
41106000,e,keydown
41106700,s,keydown
41107000,t,keydown
41107300,a,keydown
41107700,n,keydown
41108000,o,keydown
41108600,Enter,keydown
41109500,u,keydown
41109700,n,keydown
41109900, ,keydown
41110200,p,keydown
41110700,a,keydown
41111100,i,keydown
41111300,o,keydown
41111500, ,keydown
41112100,d,keydown
41112500,i,keydown
41112700, ,keydown
41113200,a,keydown
41113600,t,keydown
41113800,t,keydown
41114100,i,keydown
41114300,#,keydown
41114700, ,keydown
41121500,a,keydown
41121800,t,keydown
41121900,t,keydown
41122200,i,keydown
41122500,v,keydown
41122800,i,keydown
41123200,t,keydown
41123500,a,keydown
41125600,#,keydown
41125800, ,keydown
41126000,u,keydown
41126400,m,keydown
41126800,a,keydown
41127100,n,keydown
41127500,a,keydown
41130800,.,keydown
41131200, ,keydown
41132500,o,keydown
41133600,d,keydown
41134300,u,keydown
41134600,n,keydown
41135400,q,keydown
41135800,u,keydown
41136100,e,keydown
41136700,",",keydown
41136900, ,keydown
41137200,i,keydown
41137300,l,keydown
41137500, ,keydown
41138000,t,keydown
41138600,a,keydown
41139000,p,keydown
41139800,e,keydown
41140500,o,keydown
41141500,.,keydown
41141600,.,keydown
41141800,.,keydown
41143000, ,keydown
41145000,#,keydown
41145400,c,keydown
41145800,o,keydown
41146100,n,keydown
41146300,t,keydown
41146700,i,keydown
41147000,n,keydown
41147200,u,keydown
41147500,a,keydown
41148500,#,keydown
