timestamp,key,type
33514700,Backspace,keydown
33514700,Backspace,keydown
33514700,Backspace,keydown
33514700,Backspace,keydown
33514700,Backspace,keydown
33514700,Backspace,keydown
33514700,Backspace,keydown
33514700,Backspace,keydown
33514700,#,keydown
33514700,c,keydown
33515000,i,keydown
33515000,a,keydown
33515200,o,keydown
33515300, ,keydown
33515600,#,keydown
33515800,d,keydown
33516000,a,keydown
33516300,n,keydown
33516300,i,keydown
33516400,e,keydown
33516600,l,keydown
33516700,e,keydown
33517000,",",keydown
33517100, ,keydown
33517600,r,keydown
33517700,i,keydown
33517800,e,keydown
33518000,s,keydown
33518400,Backspace,keydown
33518500,c,keydown
33518700,c,keydown
33518800,o,keydown
33518900,m,keydown
33519100,i,keydown
33519400, ,keydown
33519400,c,keydown
33519500,o,keydown
33519700,n,keydown
33519900, ,keydown
33520000,a,keydown
33520100,l,keydown
33520500,t,keydown
33520700,r,keydown
33520700,e,keydown
33521000, ,keydown
33521300,c,keydown
33521900,a,keydown
33522400,z,keydown
33522700,z,keydown
33523300,Backspace,keydown
33523600,.,keydown
33523900,.,keydown
33524900,.,keydown
33525200,.,keydown
33526000, ,keydown
33527000,a,keydown
33527100,l,keydown
33527200, ,keydown
33527500,t,keydown
33527700,u,keydown
33527800,o,keydown
33527900, ,keydown
33528200,s,keydown
33528300,e,keydown
33528400,r,keydown
33528600,v,keydown
33528800,i,keydown
33528900,z,keydown
33529000,i,keydown
33529100,o,keydown
33529600,.,keydown
33530200, ,keydown
33531200,#,keydown
33531500,s,keydown
33531700,o,keydown
33531800,n,keydown
33531900,o,keydown
33532500, ,keydown
33532600,a,keydown
33532900,r,keydown
33533100,r,keydown
33533200,i,keydown
33533500,v,keydown
33533500,a,keydown
33533600,t,keydown
33533800,o,keydown
33534700,Enter,keydown
33534900,a,keydown
33535000, ,keydown
33535200,m,keydown
33535300,e,keydown
33535500,t,keydown
33535600,a,keydown
33535800,#,keydown
33536000, ,keydown
33536800,p,keydown
33536800,e,keydown
33537000,r,keydown
33537200,c,keydown
33537300,o,keydown
33537500,r,keydown
33537700,s,keydown
33537900,o,keydown
33538100, ,keydown
33538600,p,keydown
33539000,Backspace,keydown
33539300,o,keydown
33539600,p,keydown
33539600,p,keydown
33539900,u,keydown
33540100,r,keydown
33540100,e,keydown
33540300, ,keydown
33542800,c,keydown
33542900,#,keydown
33543100,e,keydown
33543300,#,keydown
33543500, ,keydown
33543800,u,keydown
33544300,Backspace,keydown
33544300,a,keydown
33544500,n,keydown
33544600,c,keydown
33544800,o,keydown
33544900,r,keydown
33545100,a,keydown
33545300, ,keydown
33545400,m,keydown
33545500,o,keydown
33545700,l,keydown
33545800,t,keydown
33546000,a,keydown
33546200, ,keydown
33546300,s,keydown
33546500,t,keydown
33546600,r,keydown
33546700,a,keydown
33546700,d,keydown
33546900,a,keydown
33547000, ,keydown
33547200,a,keydown
33547700,Backspace,keydown
33547800,d,keydown
33547800,a,keydown
33548000, ,keydown
33548700,f,keydown
33548800,a,keydown
33548900,r,keydown
33549000,e,keydown
33549200, ,keydown
33549400,#,keydown
33549500,#,keydown
33550100, ,keydown
33550900,#,keydown
33551100,o,keydown
33551400,g,keydown
33551600,g,keydown
33551700,i,keydown
33552000,Enter,keydown
33552300,p,keydown
33552500,o,keydown
33552700,m,keydown
33552800,e,keydown
33552900,r,keydown
33553000,i,keydown
33553200,g,keydown
33553300,g,keydown
33553400,i,keydown
33553500,o,keydown
33554200, ,keydown
33555800,h,keydown
33556000,o,keydown
33556000, ,keydown
33556700,i,keydown
33556900, ,keydown
33557100,p,keydown
33557200,r,keydown
33557400,i,keydown
33557500,m,keydown
33557700,i,keydown
33557900, ,keydown
33558200,e,keydown
33558400,s,keydown
33558600,a,keydown
33558800,m,keydown
33559000,i,keydown
33559100, ,keydown
33559300,d,keydown
33559400,i,keydown
33559500, ,keydown
33559600,s,keydown
33560000,Backspace,keydown
33560100,#,keydown
33560200,s,keydown
33560300,i,keydown
33560500,s,keydown
33560600,t,keydown
33560800,e,keydown
33560900,m,keydown
33561100,i,keydown
33561200, ,keydown
33561300,#,keydown
33561400,o,keydown
33561600,p,keydown
33561800,e,keydown
33561900,r,keydown
33562100,a,keydown
33562300,t,keydown
33562600,i,keydown
33562700,c,keydown
33562900,i,keydown
33563100,Backspace,keydown
33563200,Backspace,keydown
33563400,v,keydown
33563500,i,keydown
33563600, ,keydown
33564100,e,keydown
33564200, ,keydown
33564300,#,keydown
33564500,s,keydown
33564600,p,keydown
33564800,e,keydown
33564900,r,keydown
33565000,i,keydown
33565200,m,keydown
33565300,e,keydown
33565500,n,keydown
33565500,t,keydown
33565700,a,keydown
33565900,z,keydown
33566100,i,keydown
33566100,o,keydown
33566300,n,keydown
33566600,i,keydown
33567200,Enter,keydown
33567400,d,keydown
33567500,e,keydown
33567600,l,keydown
33567700,l,keydown
33567800,a,keydown
33567900, ,keydown
33568100,n,keydown
33568200,u,keydown
33568400,o,keydown
33569000,v,keydown
33569100,a,keydown
33569200, ,keydown
33569600,l,keydown
33569700,a,keydown
33570200,u,keydown
33570300,r,keydown
33570500,e,keydown
33570800,a,keydown
33570900, ,keydown
33571300,t,keydown
33571400,r,keydown
33571700,i,keydown
33571700,u,keydown
33571700,e,keydown
33572400,Backspace,keydown
33572500,Backspace,keydown
33573300,e,keydown
33573500,n,keydown
33573600,n,keydown
33573700,a,keydown
33573900,l,keydown
33574000,e,keydown
33574300,.,keydown
33574500, ,keydown
33574700,#,keydown
33575000,d,keydown
33575300,e,keydown
33575400,v,keydown
33575600,o,keydown
33575800, ,keydown
33576000,a,keydown
33576300,n,keydown
33576300,c,keydown
33576600,o,keydown
33576800,r,keydown
33576900,a,keydown
33577100, ,keydown
33577500,r,keydown
33577600,i,keydown
33577800,p,keydown
33577900,a,keydown
33578100,s,keydown
33578300,s,keydown
33578400,a,keydown
33578500,r,keydown
33578700,e,keydown
33579000, ,keydown
33579500,b,keydown
33579500,e,keydown
33579700,n,keydown
33579800,e,keydown
33579900, ,keydown
33580100,l,keydown
33580100,e,keydown
33580700, ,keydown
33581300,d,keydown
33581500,o,keydown
33581800,m,keydown
33581900,a,keydown
33582100,n,keydown
33582200,d,keydown
33582600,e,keydown
33583100,Enter,keydown
33583300,c,keydown
33583400,h,keydown
33583600,e,keydown
33583600, ,keydown
33584000,f,keydown
33584100,a,keydown
33584200,r,keydown
33584500,o,keydown
33584600,#,keydown
33585000,.,keydown
33585300, ,keydown
33585400,#,keydown
33585700,i,keydown
33585800,n,keydown
33585900, ,keydown
33586100,p,keydown
33586700,a,keydown
33586900,r,keydown
33587000,t,keydown
33587300,i,keydown
33587400,c,keydown
33587500,o,keydown
33587600,l,keydown
33587800,a,keydown
33587900,r,keydown
33588000,e,keydown
33588400,",",keydown
33588600, ,keydown
33589200,d,keydown
33589300,e,keydown
33589400,v,keydown
33589700,o,keydown
33589700, ,keydown
33590000,c,keydown
33590100,o,keydown
33590200,n,keydown
33590400,t,keydown
33590500,r,keydown
33590600,o,keydown
33590700,l,keydown
33590900,l,keydown
33590900,a,keydown
33591200,r,keydown
33591300,e,keydown
33591500, ,keydown
33591800,l,keydown
33591800,e,keydown
33591900, ,keydown
33592300,p,keydown
33592400,o,keydown
33592500,s,keydown
33592700,s,keydown
33592800,i,keydown
33592900,b,keydown
33593000,i,keydown
33593200,l,keydown
33593400,i,keydown
33593900, ,keydown
33594100,r,keydown
33594200,i,keydown
33594300,s,keydown
33594400,p,keydown
33594500,o,keydown
33594700,s,keydown
33594800,t,keydown
33595000,e,keydown
33595200, ,keydown
33595500,c,keydown
33595700,h,keydown
33595800,e,keydown
33595800, ,keydown
33596500,Enter,keydown
33596600,g,keydown
33596700,l,keydown
33596900,i,keydown
33597000, ,keydown
33597200,s,keydown
33597300,t,keydown
33597400,u,keydown
33597600,d,keydown
33597700,e,keydown
33597800,n,keydown
33598000,t,keydown
33598100,i,keydown
33598200, ,keydown
33598400,m,keydown
33598600,i,keydown
33598700, ,keydown
33599000,f,keydown
33599100,o,keydown
33599300,r,keydown
33599400,n,keydown
33599500,i,keydown
33599800,r,keydown
33599900,a,keydown
33600200,n,keydown
33600300,n,keydown
33600500,o,keydown
33601000,",",keydown
33601300, ,keydown
33601500,i,keydown
33601600,n,keydown
33601800, ,keydown
33602000,m,keydown
33602100,o,keydown
33602300,d,keydown
33602400,o,keydown
33602500, ,keydown
33602800,d,keydown
33602800,a,keydown
33603000, ,keydown
33603400,s,keydown
33603600,a,keydown
33603700,p,keydown
33604000,e,keydown
33604100,r,keydown
33604500, ,keydown
33605100,d,keydown
33605200,i,keydown
33605400,s,keydown
33605700,t,keydown
33605900,i,keydown
33606000,n,keydown
33606200,g,keydown
33606300,u,keydown
33606500,e,keydown
33606700,r,keydown
33606900,e,keydown
33607000, ,keydown
33607400,q,keydown
33607500,u,keydown
33607800,e,keydown
33607900,l,keydown
33608000,l,keydown
33608100,e,keydown
33608300, ,keydown
33609100,g,keydown
33609200,i,keydown
33609300,u,keydown
33609500,s,keydown
33609500,t,keydown
33609700,e,keydown
33609900,Enter,keydown
33610100,d,keydown
33610200,a,keydown
33610400, ,keydown
33610700,q,keydown
33610900,u,keydown
33611000,e,keydown
33611100,l,keydown
33611300,l,keydown
33611300,e,keydown
33611500, ,keydown
33611900,s,keydown
33612000,b,keydown
33612100,a,keydown
33612300,g,keydown
33612500,l,keydown
33612700,i,keydown
33612800,a,keydown
33612900,t,keydown
33613000,e,keydown
33613800,.,keydown
33614000, ,keydown
33615700,#,keydown
33616000,i,keydown
33616200,l,keydown
33616200, ,keydown
33616400,p,keydown
33616600,r,keydown
33616700,o,keydown
33616800,g,keydown
33616900,r,keydown
33617200,m,keydown
33617700,Backspace,keydown
33617900,a,keydown
33618000,",",keydown
33618000,m,keydown
33618200,m,keydown
33618600,Backspace,keydown
33618800,Backspace,keydown
33618900,Backspace,keydown
33619100,m,keydown
33619300,m,keydown
33619500,a,keydown
33619600, ,keydown
33620100,c,keydown
33620100,h,keydown
33620300,e,keydown
33620300, ,keydown
33620500,h,keydown
33620600,o,keydown
33620800, ,keydown
33620900,t,keydown
33621000,r,keydown
33621100,a,keydown
33621200,t,keydown
33621400,t,keydown
33621400,a,keydown
33621600,t,keydown
33621800,i,keydown
33621800,o,keydown
33621900, ,keydown
33622200,Backspace,keydown
33622500,Backspace,keydown
33623000,Backspace,keydown
33623300,o,keydown
33623400, ,keydown
33623600,q,keydown
33623800,u,keydown
33623900,e,keydown
33624100,s,keydown
33624200,t,keydown
33624800,#,keydown
33625000,a,keydown
33625300,n,keydown
33625400,n,keydown
33625500,o,keydown
33625600, ,keydown
33625900,e,keydown
33626100,#,keydown
33626300, ,keydown
33626500,m,keydown
33626600,o,keydown
33626800,l,keydown
33626900,t,keydown
33627100,o,keydown
33627200, ,keydown
33627400,v,keydown
33627500,a,keydown
33627700,s,keydown
33627800,t,keydown
33628000,o,keydown
33628700,Enter,keydown
33629000,e,keydown
33629200, ,keydown
33630100,r,keydown
33630300,i,keydown
33630400,c,keydown
33630600,h,keydown
33630800,i,keydown
33630800,e,keydown
33631100,d,keydown
33631200,e,keydown
33631400, ,keydown
33631800,u,keydown
33631900,n,keydown
33632100,a,keydown
33632200, ,keydown
33632500,a,keydown
33633100,t,keydown
33633200,t,keydown
33633300,e,keydown
33633600,n,keydown
33633900,t,keydown
33634000,a,keydown
33634200, ,keydown
33639000,l,keydown
33639100,e,keydown
33639300,t,keydown
33639500,t,keydown
33639500,u,keydown
33639700,r,keydown
33639900,a,keydown
33640100, ,keydown
33640400,e,keydown
33640600, ,keydown
33641200,a,keydown
33641400,n,keydown
33641600,a,keydown
33641800,l,keydown
33641900,i,keydown
33642100,s,keydown
33642200,i,keydown
33642400, ,keydown
33642600,p,keydown
33642700,e,keydown
33642800,r,keydown
33642900, ,keydown
33645500,a,keydown
33645800,c,keydown
33645900,c,keydown
33645900,o,keydown
33646200,r,keydown
33646300,g,keydown
33646600,e,keydown
33646900,r,keydown
33647100,s,keydown
33647100,i,keydown
33647300, ,keydown
33647400,d,keydown
33647600,e,keydown
33647700,l,keydown
33647900,l,keydown
33649100,e,keydown
33649800, ,keydown
33650000,p,keydown
33650100,i,keydown
33650300,c,keydown
33650500,c,keydown
33650500,o,keydown
33650600,l,keydown
33650800,e,keydown
33651200,Enter,keydown
33653800,s,keydown
33654100,f,keydown
33654300,u,keydown
33654500,m,keydown
33654600,a,keydown
33654700,t,keydown
33655200,u,keydown
33655500,r,keydown
33655500,e,keydown
33655700, ,keydown
33655900,c,keydown
33656200,h,keydown
33657000,e,keydown
33657300, ,keydown
33658400,i,keydown
33658500, ,keydown
33658800,v,keydown
33658900,a,keydown
33659100,r,keydown
33659300,i,keydown
33659400, ,keydown
33659500,a,keydown
33659900,r,keydown
33660000,g,keydown
33660200,o,keydown
33660400,m,keydown
33660500,e,keydown
33660500,n,keydown
33660600,t,keydown
33660800,i,keydown
33660900, ,keydown
33663200,h,keydown
33663300,a,keydown
33663400,n,keydown
33663600,n,keydown
33663800,o,keydown
33664100,.,keydown
33664300, ,keydown
33664600,#,keydown
33664900,p,keydown
33665200,e,keydown
33665300,r,keydown
33665500, ,keydown
33666300,f,keydown
33666400,a,keydown
33666500,r,keydown
33666700,e,keydown
33666800, ,keydown
33667000,u,keydown
33667100,n,keydown
33667300, ,keydown
33667500,e,keydown
33667600,s,keydown
33667800,e,keydown
33668000,m,keydown
33668100,p,keydown
33668200,i,keydown
33668400,o,keydown
33669000,",",keydown
33669200, ,keydown
33670100,q,keydown
33670200,u,keydown
33670300,a,keydown
33670400,n,keydown
33670600,d,keydown
33670700,o,keydown
33670700, ,keydown
33671000,s,keydown
33671200,i,keydown
33671300, ,keydown
33671500,p,keydown
33671600,a,keydown
33671800,r,keydown
33672000,l,keydown
33672200,a,keydown
33672700,Enter,keydown
33672900,d,keydown
33672900,e,keydown
33673100,l,keydown
33673300,l,keydown
33673300,a,keydown
33673500, ,keydown
33673800,g,keydown
33673900,e,keydown
33674100,s,keydown
33674300,t,keydown
33674400,i,keydown
33674500,o,keydown
33674600,n,keydown
33674700,e,keydown
33674900, ,keydown
33675000,d,keydown
33675000,e,keydown
33675200,l,keydown
33675300,l,keydown
33675400,a,keydown
33675600, ,keydown
33675700,m,keydown
33675800,e,keydown
33676000,m,keydown
33676200,o,keydown
33676400,r,keydown
33676500,i,keydown
33676600,a,keydown
33676700, ,keydown
33677100,v,keydown
33677200,i,keydown
33677500,r,keydown
33677700,t,keydown
33677900,u,keydown
33678200,a,keydown
33678300,l,keydown
33678500,e,keydown
33678600, ,keydown
33679100,l,keydown
33679300,e,keydown
33679300, ,keydown
33679900,d,keydown
33679900,o,keydown
33680100,m,keydown
33680300,a,keydown
33680400,n,keydown
33680500,d,keydown
33680700,e,keydown
33680900, ,keydown
33681300,p,keydown
33681400,o,keydown
33681600,s,keydown
33681700,s,keydown
33681800,i,keydown
33681900,b,keydown
33682000,i,keydown
33682200,l,keydown
33682500,i,keydown
33682700, ,keydown
33683000,s,keydown
33683200,o,keydown
33683300,n,keydown
33683400,o,keydown
33683600, ,keydown
33683800,i,keydown
33684000,n,keydown
33684100,f,keydown
33684300,i,keydown
33684600, ,keydown
33685500,Backspace,keydown
33685900,n,keydown
33686000,i,keydown
33686500,r,keydown
33686700,e,keydown
33687100,Enter,keydown
33687500,e,keydown
33687600, ,keydown
33688000,n,keydown
33688000,a,keydown
33688500,s,keydown
33688600,c,keydown
33688800,o,keydown
33689000,n,keydown
33689000,d,keydown
33689200,o,keydown
33689300,n,keydown
33689400,o,keydown
33689600, ,keydown
33690100,u,keydown
33690200,n,keydown
33690400,a,keydown
33690500, ,keydown
33690600,s,keydown
33690800,e,keydown
33690900,r,keydown
33691100,i,keydown
33691200,e,keydown
33691400, ,keydown
33691700,d,keydown
33691900,i,keydown
33692100, ,keydown
33693200,t,keydown
33693200,r,keydown
33693300,a,keydown
33693500,b,keydown
33693700,o,keydown
33694300,c,keydown
33694400,c,keydown
33694500,h,keydown
33694600,e,keydown
33694800,t,keydown
33695000,t,keydown
33695100,i,keydown
33695200, ,keydown
33695500,m,keydown
33695600,i,keydown
33695800,c,keydown
33695900,a,keydown
33696100, ,keydown
33696200,d,keydown
33696200,a,keydown
33696400, ,keydown
33696600,r,keydown
33696700,i,keydown
33696900,f,keydown
33697300,Backspace,keydown
33697400,d,keydown
33697500,e,keydown
33697700,r,keydown
33697800,e,keydown
33698400,",",keydown
33698500, ,keydown
33698700,c,keydown
33698800,h,keydown
33699000,e,keydown
33699100, ,keydown
33701400,a,keydown
33701600,l,keydown
33701900, ,keydown
33702000,c,keydown
33702100,o,keydown
33702200,n,keydown
33702400,f,keydown
33702600,r,keydown
33702700,o,keydown
33702900,n,keydown
33703000,t,keydown
33703200,o,keydown
33704000, ,keydown
33704300,i,keydown
33704700,Enter,keydown
33705700,m,keydown
33705800,o,keydown
33705900,s,keydown
33706100,r,keydown
33706100,t,keydown
33706900,i,keydown
33707300,Backspace,keydown
33707400,Backspace,keydown
33707500,Backspace,keydown
33707700,Backspace,keydown
33708100,Backspace,keydown
33708300,Backspace,keydown
33709900,s,keydown
33710000,e,keydown
33710500,g,keydown
33710500,r,keydown
33710600,e,keydown
33711000,t,keydown
33711000,i,keydown
33711300, ,keydown
33711500,d,keydown
33711600,e,keydown
33711900,i,keydown
33712200, ,keydown
33713100,g,keydown
33713400,i,keydown
33713400,o,keydown
33713800,c,keydown
33714000,h,keydown
33714600,i,keydown
33714900, ,keydown
33715400,a,keydown
33715600,d,keydown
33716000,v,keydown
33716100,e,keydown
33716300,n,keydown
33716400,t,keydown
33716600,u,keydown
33716800,r,keydown
33716800,e,keydown
33717400, ,keydown
33717800,Backspace,keydown
33718100,.,keydown
33718500,Backspace,keydown
33718700,",",keydown
33718900, ,keydown
33719500,t,keydown
33719600,i,keydown
33719700,p,keydown
33719900,o,keydown
33720000, ,keydown
33720200,d,keydown
33720400,o,keydown
33720500,m,keydown
33721000,Backspace,keydown
33721300,o,keydown
33721400,m,keydown
33722000,",",keydown
33722100, ,keydown
33722400,s,keydown
33722600,o,keydown
33722700,n,keydown
33722800,o,keydown
33723100, ,keydown
33723600,n,keydown
33723700,u,keydown
33724000,l,keydown
33724100,l,keydown
33724200,a,keydown
33724700,.,keydown
33725500, ,keydown
33726400,#,keydown
33727200,c,keydown
33727500,o,keydown
33727600,m,keydown
33727800,u,keydown
33727900,n,keydown
33727900,q,keydown
33728200,u,keydown
33728300,e,keydown
33728600,",",keydown
33729100, ,keydown
33729300,g,keydown
33729600,r,keydown
33729600,a,keydown
33729800,z,keydown
33729900,i,keydown
33730000,e,keydown
33730200, ,keydown
33730400,p,keydown
33730500,e,keydown
33730700,r,keydown
33730800, ,keydown
33731100,a,keydown
33731500,v,keydown
33731600,e,keydown
33731700,r,keydown
33731900,m,keydown
33732100,i,keydown
33732300,Enter,keydown
33732800,r,keydown
33733000,i,keydown
33733100,p,keydown
33733200,o,keydown
33733500,r,keydown
33733600,t,keydown
33733900,a,keydown
33734000,t,keydown
33734200,t,keydown
33734700,Backspace,keydown
33735100,o,keydown
33735200, ,keydown
33735700,i,keydown
33735900,l,keydown
33736000, ,keydown
33736100,#,keydown
33736300,d,keydown
33736500,v,keydown
33736700,d,keydown
33737500,",",keydown
33737500, ,keydown
33738900,l,keydown
33739100,o,keydown
33739300, ,keydown
33739500,d,keydown
33739700,e,keydown
33739800,v,keydown
33740100,p,keydown
33740100,o,keydown
33740100, ,keydown
33740700,Backspace,keydown
33740900,Backspace,keydown
33741200,Backspace,keydown
33741900,o,keydown
33741900, ,keydown
33742100,p,keydown
33742300,r,keydown
33742300,e,keydown
33742500,s,keydown
33742600,t,keydown
33742800,a,keydown
33743000,r,keydown
33743100,e,keydown
33743300, ,keydown
33744100,Backspace,keydown
33744700, ,keydown
33744900,a,keydown
33745100, ,keydown
33745700,u,keydown
33745900,n,keydown
33746000, ,keydown
33747200,a,keydown
33747300,m,keydown
33747500,i,keydown
33747700,c,keydown
33747800,o,keydown
33747900, ,keydown
33748300,c,keydown
33748400,h,keydown
33748500,e,keydown
33748600, ,keydown
33749000,s,keydown
33749400,i,keydown
33749600, ,keydown
33749800,e,keydown
33750000,#,keydown
33750200, ,keydown
33750600,c,keydown
33750700,o,keydown
33750800,m,keydown
33751000,p,keydown
33751200,r,keydown
33751300,a,keydown
33751400,t,keydown
33751600,o,keydown
33751700, ,keydown
33751900,u,keydown
33752100,n,keydown
33752200, ,keydown
33752300,p,keydown
33752500,o,keydown
33752800,r,keydown
33752900,t,keydown
33753100,a,keydown
33753300,t,keydown
33753500,i,keydown
33753700,l,keydown
33753800,e,keydown
33754000, ,keydown
33754000,c,keydown
33754200,o,keydown
33754400,n,keydown
33754600,Enter,keydown
33754800,l,keydown
33754900,e,keydown
33755200,t,keydown
33755300,t,keydown
33755400,o,keydown
33755600,r,keydown
33755600,e,keydown
33755800, ,keydown
33756200,#,keydown
33756400,d,keydown
33756600,v,keydown
33756700,d,keydown
33758500, ,keydown
33758700,i,keydown
33758800,n,keydown
33758900,c,keydown
33759100,o,keydown
33759200,r,keydown
33759600,p,keydown
33759800,o,keydown
33760100,r,keydown
33760100,a,keydown
33760300,t,keydown
33760600,o,keydown
33760900, ,keydown
33761000,e,keydown
33761300, ,keydown
33762100,v,keydown
33762200,o,keydown
33762400,l,keydown
33762500,e,keydown
33762800,v,keydown
33762800,a,keydown
33763000, ,keydown
33763500,p,keydown
33763600,r,keydown
33763700,o,keydown
33764000,v,keydown
33764000,a,keydown
33764300,r,keydown
33764500,l,keydown
33764600,o,keydown
33765200,.,keydown
33767100, ,keydown
33767700,#,keydown
33768300,b,keydown
33768500,e,keydown
33768600,n,keydown
33768800,e,keydown
33769200,",",keydown
33769200, ,keydown
33769400,a,keydown
33769600,c,keydown
33770000,Backspace,keydown
33770300,n,keydown
33770400,c,keydown
33770500,h,keydown
33770600,e,keydown
33770700, ,keydown
33770900,o,keydown
33771300,g,keydown
33771400,g,keydown
33771600,i,keydown
33771700, ,keydown
33772200,g,keydown
33772200,h,keydown
33772700,Backspace,keydown
33772900,Backspace,keydown
33773200,j,keydown
33773700,Backspace,keydown
33774100,h,keydown
33774200,o,keydown
33774300, ,keydown
33774700,r,keydown
33774900,i,keydown
33775000,e,keydown
33775100,m,keydown
33775300,p,keydown
33775400,i,keydown
33775700,t,keydown
33775800,o,keydown
33776000, ,keydown
33776500,l,keydown
33776600,a,keydown
33776800,Enter,keydown
33777000,f,keydown
33777100,o,keydown
33777300,r,keydown
33777400,m,keydown
33777500,a,keydown
33777700, ,keydown
33778700,Backspace,keydown
33778900,Backspace,keydown
33779200, ,keydown
33780000,e,keydown
33780200,n,keydown
33780300,l,keydown
33782000,Backspace,keydown
33782200,Backspace,keydown
33782400,Backspace,keydown
33782600,f,keydown
33783000,i,keydown
33783200,n,keydown
33783400,o,keydown
33783700, ,keydown
33783800,a,keydown
33784000,l,keydown
33784200,l,keydown
33784400,a,keydown
33784700, ,keydown
33785100,f,keydown
33785300,i,keydown
33785400,n,keydown
33785600,e,keydown
33787300, ,keydown
33787600,d,keydown
33787600,e,keydown
33787800,l,keydown
33787900,l,keydown
33789000,o,keydown
33789200, ,keydown
33789400,s,keydown
33789500,p,keydown
33789600,a,keydown
33789800,z,keydown
33790000,i,keydown
33790000,o,keydown
33790200, ,keydown
33790500,s,keydown
33790800,Backspace,keydown
33791000,d,keydown
33791200,i,keydown
33791200,s,keydown
33791300,p,keydown
33791500,o,keydown
33791600,n,keydown
33791900,i,keydown
33792000,b,keydown
33792100,i,keydown
33792300,l,keydown
33792500,e,keydown
33792600, ,keydown
33792700,e,keydown
33792800, ,keydown
33793100,s,keydown
33793200,p,keydown
33793300,e,keydown
33793400,r,keydown
33793500,o,keydown
33793600, ,keydown
33793800,c,keydown
33793900,h,keydown
33794100,e,keydown
33794100, ,keydown
33794300,q,keydown
33794400,u,keydown
33794600,e,keydown
33794700,s,keydown
33794800,t,keydown
33795000,o,keydown
33795100, ,keydown
33795300,p,keydown
33795300,#,keydown
33795500,o,keydown
33795700,s,keydown
33796100,s,keydown
33796300,a,keydown
33797600,Enter,keydown
33798200,b,keydown
33798300,a,keydown
33798400,s,keydown
33798600,t,keydown
33798700,a,keydown
33798900,r,keydown
33798900,e,keydown
33799200, ,keydown
33799400,a,keydown
33799500, ,keydown
33799800,r,keydown
33799800,e,keydown
33800100,n,keydown
33800200,d,keydown
33800300,e,keydown
33800500,r,keydown
33800900,t,keydown
33801000,i,keydown
33801200, ,keydown
33801500,f,keydown
33801500,e,keydown
33801800,l,keydown
33802200,i,keydown
33802300,c,keydown
33802400,e,keydown
33802600, ,keydown
33803000,p,keydown
33803000,e,keydown
33803100,r,keydown
33803300, ,keydown
33803900,q,keydown
33804100,u,keydown
33804100,a,keydown
33804300,l,keydown
33804400,c,keydown
33804500,h,keydown
33804600,e,keydown
33804700, ,keydown
33805200,q,keydown
33805700,Backspace,keydown
33805900,a,keydown
33806000,l,keydown
33806300,t,keydown
33806300,r,keydown
33806500,a,keydown
33806700, ,keydown
33806800,o,keydown
33807100,r,keydown
33807200,a,keydown
33807300, ,keydown
33807500,#,keydown
33807700,#,keydown
33807800,#,keydown
33808000,#,keydown
33808800, ,keydown
33808800,#,keydown
33809000,v,keydown
33809300,Backspace,keydown
33809600,c,keydown
33809800,i,keydown
33809900,a,keydown
33810000,o,keydown
33810400, ,keydown
33810600,#,keydown
33810700,m,keydown
33811000,a,keydown
33811200,r,keydown
33811200,c,keydown
33811500,o,keydown
