timestamp,key,type
26588000,Backspace,keydown
26588000,Backspace,keydown
26588000,Backspace,keydown
26588000,Backspace,keydown
26588000,Backspace,keydown
26588000,Backspace,keydown
26588000,Backspace,keydown
26588000,Backspace,keydown
26588000,#,keydown
26588400,a,keydown
26588500, ,keydown
26588700,g,keydown
26588900,e,keydown
26589000,n,keydown
26589200,t,keydown
26589200,i,keydown
26589500,l,keydown
26589600,e,keydown
26589800, ,keydown
26590100,r,keydown
26590200,i,keydown
26590500,c,keydown
26590600,h,keydown
26590700,i,keydown
26590900,e,keydown
26591100,s,keydown
26591300,t,keydown
26591400,a,keydown
26593600,.,keydown
26593800,.,keydown
26593900,.,keydown
26594100,.,keydown
26594200,.,keydown
26600700,Enter,keydown
26603500,#,keydown
26603600,i,keydown
26603800,o,keydown
26604000, ,keydown
26604200,#,keydown
26604300,s,keydown
26604400,o,keydown
26604600,n,keydown
26604800,o,keydown
26614000,Enter,keydown
26616000,#,keydown
26616300,c,keydown
26616500,i,keydown
26616700,o,keydown
26616800, ,keydown
26617200,c,keydown
26617400,h,keydown
26617500,e,keydown
26617600, ,keydown
26618200,d,keydown
26618400,a,keydown
26618700,v,keydown
26618800,v,keydown
26619100,e,keydown
26619300,r,keydown
26619500,o,keydown
26619700, ,keydown
26620400,v,keydown
26620500,o,keydown
26620800,g,keydown
26620900,l,keydown
26621000,i,keydown
26621500,o,keydown
26622800,",",keydown
26622900, ,keydown
26623400,t,keydown
26624400,Backspace,keydown
26624700,o,keydown
26625000,t,keydown
26625200,t,keydown
26625400,e,keydown
26625400,n,keydown
26625600,g,keydown
26625800,o,keydown
26627300,.,keydown
26627600,Enter,keydown
26628000,#,keydown
26628300,c,keydown
26628400,i,keydown
26628500,o,keydown
26629100,#,keydown
26630200,#,keydown
26630800,#,keydown
26631800,#,keydown
26632300,#,keydown
26633100, ,keydown
26634100,c,keydown
26634200,h,keydown
26634400,e,keydown
26634500, ,keydown
26635000,e,keydown
26635200,#,keydown
26635300, ,keydown
26636300,r,keydown
26636500,a,keydown
26637000,g,keydown
26637100,i,keydown
26637200,o,keydown
26637400,n,keydown
26637600,a,keydown
26638200,Backspace,keydown
26638300,e,keydown
26638700,v,keydown
26638900,o,keydown
26639100,l,keydown
26639200,e,keydown
26639500, ,keydown
26639700,p,keydown
26639900,e,keydown
26640100,r,keydown
26640400,s,keydown
26640700,e,keydown
26641100,g,keydown
26641200,u,keydown
26641300,i,keydown
26641600,r,keydown
26641800,e,keydown
26642600,",",keydown
26642800, ,keydown
26643100,p,keydown
26643200,e,keydown
26643500,r,keydown
26643800,s,keydown
26643900,e,keydown
26644200,g,keydown
26644300,u,keydown
26644500,i,keydown
26644900,Backspace,keydown
26645200,o,keydown
26645600,.,keydown
26646200,Enter,keydown
26646600,#,keydown
26646700,l,keydown
26647000,i,keydown
26647300,b,keydown
26647400,e,keydown
26647700,r,keydown
26648000,o,keydown
26648100, ,keydown
26648600,d,keydown
26648800,a,keydown
26648900,i,keydown
26649200, ,keydown
26649900,d,keydown
26650100,e,keydown
26650300,s,keydown
26650600,i,keydown
26650800,d,keydown
26651100,e,keydown
26651300,r,keydown
26651500,i,keydown
26651700, ,keydown
26651800,v,keydown
26652200,a,keydown
26652700,c,keydown
26652900,h,keydown
26653500,Backspace,keydown
26653900,u,keydown
26654100,i,keydown
26672900,",",keydown
26673200, ,keydown
26673400,d,keydown
26673600,a,keydown
26673700,l,keydown
26673900,l,keydown
26674000,e,keydown
26674200, ,keydown
26674800,i,keydown
26675000,l,keydown
26675200,l,keydown
26675400,u,keydown
26675800,z,keydown
26675800,x,keydown
26676400,Backspace,keydown
26676500,Backspace,keydown
26676700,z,keydown
26676900,i,keydown
26677000,o,keydown
26677600,Backspace,keydown
26677700,Backspace,keydown
26677700,Backspace,keydown
26679000,s,keydown
26679200,i,keydown
26679400,o,keydown
26679500,n,keydown
26679600,i,keydown
26681200,",",keydown
26681400, ,keydown
26681600,d,keydown
26681800,a,keydown
26681900,g,keydown
26682000,l,keydown
26682200,i,keydown
26682400, ,keydown
26682600,o,keydown
26682900,b,keydown
26683100,b,keydown
26683400,i,keydown
26684400,e,keydown
26684600,t,keydown
26684900,t,keydown
26685200,i,keydown
26685500,v,keydown
26685800,i,keydown
26691200, ,keydown
26691500,c,keydown
26691600,h,keydown
26691900,e,keydown
26692300,Enter,keydown
26693400,n,keydown
26693600,o,keydown
26693800,n,keydown
26693900, ,keydown
26694200,m,keydown
26694300,i,keydown
26694600, ,keydown
26694900,a,keydown
26695000,p,keydown
26695100,p,keydown
26695300,a,keydown
26695700,r,keydown
26696100,t,keydown
26696300,e,keydown
26696400,n,keydown
26696700,g,keydown
26696800,o,keydown
26697100,n,keydown
26697300,o,keydown
26699200,.,keydown
26699500,Enter,keydown
26699800,#,keydown
26700000,c,keydown
26700200,i,keydown
26700400, ,keydown
26700700,s,keydown
26700800,o,keydown
26700900,n,keydown
26701000,o,keydown
26701300, ,keydown
26701900,c,keydown
26702100,a,keydown
26702500,u,keydown
26703000,Backspace,keydown
26704000,u,keydown
26704300,s,keydown
26704400,e,keydown
26705400, ,keydown
26705800,c,keydown
26706000,h,keydown
26706000,e,keydown
26706200, ,keydown
26706400,n,keydown
26706500,o,keydown
26706700,n,keydown
26706800, ,keydown
26707400,d,keydown
26707700,e,keydown
26708300,v,keydown
26708500,o,keydown
26708600, ,keydown
26708800,d,keydown
26708900,i,keydown
26709100,f,keydown
26709400,e,keydown
26709500,n,keydown
26709700,t,keydown
26710300,Backspace,keydown
26710400,d,keydown
26710700,d,keydown
26711200,Backspace,keydown
26711400,e,keydown
26711500,r,keydown
26711600,e,keydown
26714900,",",keydown
26715100, ,keydown
26715300,c,keydown
26715400,i,keydown
26715600, ,keydown
26715800,s,keydown
26715900,o,keydown
26716100,n,keydown
26716200,o,keydown
26716400, ,keydown
26716700,b,keydown
26716800,a,keydown
26717100,t,keydown
26717200,t,keydown
26717400,a,keydown
26717600,g,keydown
26717800,l,keydown
26718000,i,keydown
26718100,e,keydown
26718300, ,keydown
26718700,c,keydown
26718900,h,keydown
26719000,e,keydown
26719200, ,keydown
26719400,n,keydown
26719600,o,keydown
26719800,n,keydown
26720100,Enter,keydown
26720300,c,keydown
26720400,o,keydown
26720700,m,keydown
26721400,b,keydown
26721700,a,keydown
26722000,t,keydown
26722100,t,keydown
26722300,e,keydown
26722400,r,keydown
26722600,o,keydown
26723000,#,keydown
26725100,",",keydown
26725400, ,keydown
26725600,i,keydown
26725800,d,keydown
26725900,e,keydown
26726600,e,keydown
26726900, ,keydown
26727300,i,keydown
26727400,n,keydown
26727600, ,keydown
26727700,c,keydown
26728700,u,keydown
26728800,i,keydown
26728900, ,keydown
26729100,n,keydown
26729300,o,keydown
26729500,n,keydown
26729600, ,keydown
26742100,m,keydown
26742200,i,keydown
26742400, ,keydown
26742700,e,keydown
26742800,#,keydown
26743100, ,keydown
26744200,c,keydown
26744600,u,keydown
26744900,n,keydown
26746600,Backspace,keydown
26746800,Backspace,keydown
26747400,o,keydown
26747600,n,keydown
26747800,c,keydown
26747900,e,keydown
26748200,s,keydown
26748400,s,keydown
26748500,o,keydown
26748700, ,keydown
26748900,c,keydown
26749100,r,keydown
26749300,e,keydown
26749500,d,keydown
26749700,e,keydown
26749900,r,keydown
26750000,e,keydown
26750400,.,keydown
26778400,Enter,keydown
26778900,#,keydown
26779200,s,keydown
26779500,o,keydown
26779900,n,keydown
26780000,o,keydown
26780200, ,keydown
26780300,c,keydown
26780600,o,keydown
26781100,s,keydown
26781400,c,keydown
26781600,i,keydown
26781900,e,keydown
26782200,n,keydown
26782300,t,keydown
26782500,e,keydown
26784200,.,keydown
26784500, ,keydown
26784700,#,keydown
26784800,s,keydown
26784900,o,keydown
26785200,n,keydown
26785200,o,keydown
26785400, ,keydown
26785700,c,keydown
26785700,o,keydown
26786000,n,keydown
26786200,s,keydown
26786500,a,keydown
26787100,p,keydown
26787400,e,keydown
26787500,l,keydown
26787900,Backspace,keydown
26788100,v,keydown
26788300,o,keydown
26788500,l,keydown
26788500,e,keydown
26792000,.,keydown
26792200,Enter,keydown
26792700,#,keydown
26793300,s,keydown
26793600,c,keydown
26793900,i,keydown
26794600,Backspace,keydown
26795400,o,keydown
26795700,n,keydown
26795900,f,keydown
26795900,i,keydown
26796200,c,keydown
26796500,Backspace,keydown
26796700,g,keydown
26796900,g,keydown
26797100,o,keydown
26797200, ,keydown
26797400,l,keydown
26797500,a,keydown
26797600, ,keydown
26798200,d,keydown
26798200,i,keydown
26798400,s,keydown
26798700,t,keydown
26799000,r,keydown
26799000,a,keydown
26799800,z,keydown
26800000,i,keydown
26800100,o,keydown
26800300,n,keydown
26800500,e,keydown
26802900,",",keydown
26803200, ,keydown
26803300,s,keydown
26803600,c,keydown
26803600,o,keydown
26803900,n,keydown
26804000,f,keydown
26804200,i,keydown
26804700,g,keydown
26804800,g,keydown
26805000,o,keydown
26805100, ,keydown
26805200,i,keydown
26805400,l,keydown
26805600, ,keydown
26805800,d,keydown
26806100,u,keydown
26806300,b,keydown
26806400,b,keydown
26806700,i,keydown
26806900,o,keydown
26807200,.,keydown
26808200,Enter,keydown
26808500,#,keydown
26808700,l,keydown
26808900,a,keydown
26809300, ,keydown
26810100,s,keydown
26810300,c,keydown
26810800,Backspace,keydown
26810900,t,keydown
26811100,r,keydown
26811200,a,keydown
26811500,d,keydown
26811700,a,keydown
26811900, ,keydown
26812000,c,keydown
26812200,h,keydown
26812200,e,keydown
26812400, ,keydown
26812600,o,keydown
26813300,Backspace,keydown
26813700,h,keydown
26813800,o,keydown
26814000, ,keydown
26814200,d,keydown
26814300,a,keydown
26814600,v,keydown
26814800,a,keydown
26815000,n,keydown
26815300,t,keydown
26815400,i,keydown
26815500, ,keydown
26817600,o,keydown
26817900,r,keydown
26818000,a,keydown
26818100, ,keydown
26818500,e,keydown
26818700,#,keydown
26819000, ,keydown
26819400,r,keydown
26819500,e,keydown
26819800,t,keydown
26820000,t,keydown
26820200,a,keydown
26822100,",",keydown
26822600,Backspace,keydown
26822900,.,keydown
26823100,Enter,keydown
26823400,#,keydown
26823600,l,keydown
26823800,a,keydown
26824000, ,keydown
26824400,s,keydown
26824700,t,keydown
26825000,r,keydown
26825100,a,keydown
26825500,d,keydown
26825700,a,keydown
26826700, ,keydown
26826900,c,keydown
26827100,h,keydown
26827300,e,keydown
26827300, ,keydown
26828400,h,keydown
26828500,o,keydown
26828700, ,keydown
26829200,d,keydown
26829500,a,keydown
26829900,v,keydown
26830200,a,keydown
26830300,n,keydown
26830600,t,keydown
26830700,i,keydown
26831000, ,keydown
26831800,o,keydown
26832100,r,keydown
26832300,e,keydown
26832800,Backspace,keydown
26833000,a,keydown
26833100, ,keydown
26833800,e,keydown
26833900,#,keydown
26834200, ,keydown
26834500,d,keydown
26834700,i,keydown
26834900,r,keydown
26834900,i,keydown
26835300,t,keydown
26835500,t,keydown
26835700,a,keydown
26835900,#,keydown
26836800,Backspace,keydown
26837700,.,keydown
26838500,Enter,keydown
26838900,#,keydown
26839100,l,keydown
26839400,a,keydown
26839400, ,keydown
26839800,c,keydown
26839900,o,keydown
26840400,Backspace,keydown
26840600,Backspace,keydown
26840800,v,keydown
26841000,o,keydown
26841200,l,keydown
26841400,o,keydown
26841700,n,keydown
26841900,t,keydown
26842000,a,keydown
26842500,#,keydown
26843500, ,keydown
26843700,c,keydown
26843800,o,keydown
26843900,n,keydown
26844500,t,keydown
26844600,i,keydown
26845000,n,keydown
26845200,u,keydown
26845600,a,keydown
26845800, ,keydown
26846000,l,keydown
26846100,a,keydown
26846300, ,keydown
26846500,t,keydown
26846800,r,keydown
26846900,a,keydown
26847100,m,keydown
26847400,a,keydown
26848800, ,keydown
26849100,d,keydown
26849300,e,keydown
26849500,i,keydown
26849600, ,keydown
26851000,m,keydown
26851200,i,keydown
26851700,e,keydown
26851800,i,keydown
26852200, ,keydown
26852600,g,keydown
26852700,i,keydown
26853100,o,keydown
26853300,r,keydown
26853600,n,keydown
26854100,i,keydown
26855700,",",keydown
26855900, ,keydown
26856100,s,keydown
26856200,o,keydown
26856400,n,keydown
26856400,o,keydown
26856600, ,keydown
26856800,c,keydown
26856900,o,keydown
26857100,n,keydown
26857300,c,keydown
26857500,e,keydown
26857800,n,keydown
26857900,t,keydown
26858200,r,keydown
26858300,a,keydown
26858500,t,keydown
26858600,o,keydown
26859300,Enter,keydown
26859700,s,keydown
26859900,o,keydown
26860100,n,keydown
26860800,Backspace,keydown
26861100,l,keydown
26861300,o,keydown
26861700, ,keydown
26862000,s,keydown
26862200,u,keydown
26862500, ,keydown
26862800,c,keydown
26863000,u,keydown
26863300,i,keydown
26863700,Backspace,keydown
26863900,Backspace,keydown
26864600,i,keydown
26864800,o,keydown
26865100,#,keydown
26865400, ,keydown
26865600,c,keydown
26865600,h,keydown
26865800,e,keydown
26865900, ,keydown
26866400,f,keydown
26866600,a,keydown
26867200,g,keydown
26867700,Backspace,keydown
26867900,c,keydown
26868000,c,keydown
26868300,i,keydown
26868500,o,keydown
26870300,",",keydown
26877800, ,keydown
26878000,s,keydown
26878600,u,keydown
26878800, ,keydown
26878900,c,keydown
26879000,i,keydown
26879900,o,keydown
26881300,#,keydown
26881600, ,keydown
26881800,c,keydown
26881900,h,keydown
26882000,e,keydown
26882100, ,keydown
26882700,e,keydown
26882900,#,keydown
26883100, ,keydown
26883900,g,keydown
26884200,i,keydown
26884400,u,keydown
26884800,s,keydown
26885000,t,keydown
26885800,o,keydown
26886000, ,keydown
26886200,c,keydown
26886300,h,keydown
26886400,e,keydown
26891000, ,keydown
26891300,i,keydown
26891400,o,keydown
26891700, ,keydown
26892000,f,keydown
26892100,a,keydown
26892400,c,keydown
26892600,c,keydown
26892700,i,keydown
26892900,a,keydown
26896000,.,keydown
26896300,Enter,keydown
26896800,#,keydown
26897200,e,keydown
26897500,#,keydown
26897600, ,keydown
26897800,g,keydown
26897900,i,keydown
26898100,u,keydown
26898600,s,keydown
26898800,t,keydown
26898900,o,keydown
26899000, ,keydown
26899600,p,keydown
26899700,e,keydown
26899900,r,keydown
26900100,c,keydown
26900400,h,keydown
26900700,e,keydown
26900900,#,keydown
26901100, ,keydown
26901400,l,keydown
26902500,#,keydown
26902800,h,keydown
26903000,o,keydown
26903400, ,keydown
26904700,d,keydown
26904800,e,keydown
26905200,c,keydown
26905400,i,keydown
26905600,s,keydown
26905700,o,keydown
26906000, ,keydown
26906400,i,keydown
26906600,o,keydown
26907600, ,keydown
26907900,d,keydown
26908000,i,keydown
26908200, ,keydown
26908300,c,keydown
26908500,o,keydown
26908800,m,keydown
26909000,u,keydown
26910100,n,keydown
26910400,e,keydown
26910500, ,keydown
26910700,a,keydown
26911000,c,keydown
26911100,c,keydown
26911200,o,keydown
26911400,r,keydown
26911600,d,keydown
26911800,o,keydown
26912000, ,keydown
26913300,c,keydown
26913400,o,keydown
26913700,n,keydown
26913900, ,keydown
26914300,t,keydown
26914400,u,keydown
26914500,t,keydown
26914700,t,keydown
26914900,o,keydown
26915100, ,keydown
26915300,c,keydown
26915500,i,keydown
26915700,o,keydown
26916900,#,keydown
26917200,Enter,keydown
26917500,c,keydown
26917700,h,keydown
26917900,e,keydown
26918000, ,keydown
26918300,v,keydown
26918400,i,keydown
26919000,v,keydown
26919200,e,keydown
26919400, ,keydown
26919500,i,keydown
26919700,n,keydown
26919900, ,keydown
26920100,m,keydown
26920200,e,keydown
26920600,.,keydown
26921500,Enter,keydown
26921900,#,keydown
26922000,l,keydown
26922200,a,keydown
26922300, ,keydown
26922800,m,keydown
26923000,i,keydown
26923400,a,keydown
26923500, ,keydown
26923800,v,keydown
26924000,i,keydown
26924300,t,keydown
26924400,a,keydown
26925600, ,keydown
26925900,e,keydown
26926100,#,keydown
26926200, ,keydown
26926600,e,keydown
26926800,t,keydown
26927000,e,keydown
26927500,r,keydown
26927700,n,keydown
26927800,a,keydown
26929500,.,keydown
26929600, ,keydown
26929900,#,keydown
26929900,l,keydown
26930200,e,keydown
26930200, ,keydown
26930500,m,keydown
26930600,i,keydown
26930700,e,keydown
26930900, ,keydown
26931000,e,keydown
26931400,s,keydown
26931600,i,keydown
26931800,s,keydown
26931900,t,keydown
26932000,e,keydown
26932200,n,keydown
26932800,z,keydown
26933600,e,keydown
26934000, ,keydown
26934300,d,keydown
26934800,e,keydown
26935100,v,keydown
26935300,o,keydown
26935500,n,keydown
26935600,o,keydown
26935800, ,keydown
26936100,i,keydown
26936400,m,keydown
26936800,Backspace,keydown
26937100,n,keydown
26937400,s,keydown
26937500,e,keydown
26937800,g,keydown
26938000,n,keydown
26938200,a,keydown
26938300,r,keydown
26938600,m,keydown
26938800,i,keydown
26940100, ,keydown
26940500,q,keydown
26940600,u,keydown
26940800,a,keydown
26941100,l,keydown
26941400,c,keydown
26941400,o,keydown
26941700,s,keydown
26942000,a,keydown
26944600,.,keydown
26945300,Enter,keydown
26946800,#,keydown
26947800,q,keydown
26948000,u,keydown
26948100,a,keydown
26948300,l,keydown
26948500,c,keydown
26948700,o,keydown
26948900,s,keydown
26949100,a,keydown
26949200, ,keydown
26949400,a,keydown
26949500,p,keydown
26949700,p,keydown
26950400,r,keydown
26950600,e,keydown
26950800,n,keydown
26951200,d,keydown
26951300,o,keydown
26951500, ,keydown
26951600, ,keydown
26952800,o,keydown
26953100,g,keydown
26953200,n,keydown
26953300,i,keydown
26953600, ,keydown
26953900,g,keydown
26954000,i,keydown
26954000,o,keydown
26954200,r,keydown
26954300,n,keydown
26954500,o,keydown
26956100,.,keydown
26956300, ,keydown
26956500,#,keydown
26956600,i,keydown
26956800,l,keydown
26957000, ,keydown
26957100,d,keydown
26957300,i,keydown
26957500,v,keydown
26957600,i,keydown
26958000,n,keydown
26958300,o,keydown
26958500, ,keydown
26958700,e,keydown
26958800,.,keydown
26959000, ,keydown
26959400,Backspace,keydown
26959600,Backspace,keydown
26960400,#,keydown
26960700, ,keydown
26961000,c,keydown
26961000,o,keydown
26961200,n,keydown
26961300, ,keydown
26961500,m,keydown
26961600,e,keydown
26962700,.,keydown
26963000,Enter,keydown
26965000,#,keydown
26965100,i,keydown
26965400,l,keydown
26965500, ,keydown
26965800,d,keydown
26966000,i,keydown
26966200,v,keydown
26966400,i,keydown
26966600,n,keydown
26966800,o,keydown
26966900, ,keydown
26967300,e,keydown
26967600,#,keydown
26967800, ,keydown
26968300,d,keydown
26968400,e,keydown
26968600,n,keydown
26968700,t,keydown
26968900,r,keydown
26969100,o,keydown
26969300, ,keydown
26969500,d,keydown
26969500,i,keydown
26969700, ,keydown
26970100,m,keydown
26970400,e,keydown
26971200,.,keydown
26972000,Enter,keydown
26972100,Enter,keydown
26985400,#,keydown
26985900,m,keydown
26986200,i,keydown
26986400,s,keydown
26986700,o,keydown
26987100,Backspace,keydown
26987300,Backspace,keydown
26987500,s,keydown
26987700,o,keydown
26988100,Backspace,keydown
26988500,Backspace,keydown
26989100,a,keydown
26989700,o,keydown
26990300, ,keydown
26990600,#,keydown
26991000,y,keydown
26991200,i,keydown
26991400,n,keydown
26991900, ,keydown
26992400,#,keydown
26992500,#,keydown
26993000,c,keydown
26993000,h,keydown
26993200,e,keydown
26993200, ,keydown
26993500,n,keydown
26993500,o,keydown
26993700,n,keydown
26993900, ,keydown
26994000,e,keydown
26994200,#,keydown
26994300, ,keydown
26994600,u,keydown
26994700,n,keydown
26994900, ,keydown
26995100,g,keydown
26995300,a,keydown
26995400,t,keydown
26995600,t,keydown
26995700,o,keydown
26996200, ,keydown
26996500,#,keydown
26996700,#,keydown
26997100,-,keydown
26997300,#,keydown
26997400,#,keydown
26998600,#,keydown
26998900,#,keydown
27050200,Backspace,keydown
