timestamp,key,type
36435400,Backspace,keydown
36435400,Backspace,keydown
36435400,Backspace,keydown
36435400,Backspace,keydown
36435400,Backspace,keydown
36435400,Backspace,keydown
36435400,Backspace,keydown
36435400,Backspace,keydown
36435400,#,keydown
36435600,o,keydown
36436000,k,keydown
36436300,.,keydown
36436400, ,keydown
36436700,#,keydown
36437400,c,keydown
36437800,o,keydown
36438000,m,keydown
36438100,i,keydown
36438200,n,keydown
36438700,c,keydown
36438700,i,keydown
36438800,a,keydown
36439000,m,keydown
36439000,o,keydown
36439400, ,keydown
36439600,l,keydown
36439800,#,keydown
36440000,e,keydown
36440100,s,keydown
36440400,e,keydown
36440600,r,keydown
36440700,c,keydown
36440900,i,keydown
36441200,z,keydown
36441400,i,keydown
36441500,o,keydown
36442200, ,keydown
36442400,d,keydown
36442500,i,keydown
36442500, ,keydown
36442700,s,keydown
36442900,c,keydown
36443100,r,keydown
36443200,i,keydown
36443300,t,keydown
36443500,t,keydown
36443600,u,keydown
36443900,r,keydown
36444000,a,keydown
36444300, ,keydown
36444500,d,keydown
36444500,e,keydown
36444700,l,keydown
36444800,l,keydown
36444900,a,keydown
36445100, ,keydown
36445400,s,keydown
36445600,o,keydown
36445800,l,keydown
36446000,i,keydown
36446100,t,keydown
36446200,a,keydown
36446400, ,keydown
36447300,f,keydown
36447400,r,keydown
36447500,a,keydown
36447800,s,keydown
36447900,e,keydown
36448500, ,keydown
36448700,s,keydown
36448900,e,keydown
36449300,n,keydown
36449300,z,keydown
36449500,a,keydown
36449600, ,keydown
36449800,c,keydown
36449800,a,keydown
36450000,p,keydown
36450100,o,keydown
36450300, ,keydown
36450600,n,keydown
36450700,e,keydown
36450800, ,keydown
36450900,c,keydown
36451100,o,keydown
36451300,s,keydown
36451400,a,keydown
36452100,Backspace,keydown
36452300,Backspace,keydown
36452400,d,keydown
36452400,a,keydown
36452600,Enter,keydown
36453500,c,keydown
36453600,h,keydown
36453700,e,keydown
36453800, ,keydown
36454000,s,keydown
36454200,e,keydown
36454300,r,keydown
36454400,v,keydown
36454500,e,keydown
36454700, ,keydown
36455200,g,keydown
36455300,i,keydown
36455300,u,keydown
36455500,s,keydown
36455600,t,keydown
36455800,o,keydown
36455900, ,keydown
36456100,p,keydown
36456300,e,keydown
36456400,r,keydown
36456500, ,keydown
36456800,r,keydown
36457100,i,keydown
36457300,e,keydown
36457500,m,keydown
36458200,p,keydown
36458400,i,keydown
36458600,r,keydown
36458700,e,keydown
36458800, ,keydown
36459000,l,keydown
36459200,o,keydown
36459300, ,keydown
36459400,s,keydown
36459500,p,keydown
36459700,a,keydown
36460000,z,keydown
36460100,i,keydown
36460100,o,keydown
36460600, ,keydown
36460800,a,keydown
36461100, ,keydown
36461300,d,keydown
36461400,i,keydown
36461600,s,keydown
36461800,p,keydown
36461900,o,keydown
36462200,s,keydown
36462300,i,keydown
36462500,z,keydown
36462600,i,keydown
36462700,o,keydown
36462900,n,keydown
36463100,e,keydown
36463300, ,keydown
36463400,i,keydown
36464000,l,keydown
36464200, ,keydown
36464500,p,keydown
36464600,i,keydown
36464800,u,keydown
36465000,#,keydown
36465200, ,keydown
36465800,i,keydown
36465900,n,keydown
36466000, ,keydown
36466300,f,keydown
36466500,e,keydown
36467100,Backspace,keydown
36467300,r,keydown
36467400,e,keydown
36467600,t,keydown
36467700,e,keydown
36468200,Backspace,keydown
36468600,t,keydown
36469100,a,keydown
36469600,Enter,keydown
36469900,p,keydown
36470000,o,keydown
36470100,s,keydown
36470200,s,keydown
36470400,i,keydown
36470600,b,keydown
36470700,i,keydown
36470900,l,keydown
36471000,e,keydown
36471200, ,keydown
36471300,i,keydown
36471500,n,keydown
36471500, ,keydown
36471700,m,keydown
36471800,o,keydown
36472000,d,keydown
36472200,o,keydown
36472300, ,keydown
36472700,d,keydown
36472800,a,keydown
36472900, ,keydown
36473100,f,keydown
36473200,i,keydown
36473300,n,keydown
36473400,i,keydown
36473500,r,keydown
36473600,e,keydown
36473800, ,keydown
36474100,i,keydown
36474200,l,keydown
36474400, ,keydown
36474500,p,keydown
36474700,i,keydown
36474900,u,keydown
36475000,#,keydown
36475000, ,keydown
36475700,p,keydown
36475900,r,keydown
36476000,e,keydown
36476200,s,keydown
36476300,t,keydown
36476500,o,keydown
36476600, ,keydown
36476800,p,keydown
36477000,o,keydown
36477100,s,keydown
36477300,s,keydown
36477400,i,keydown
36477600,b,keydown
36477700,i,keydown
36477800,l,keydown
36477900,e,keydown
36478100,.,keydown
36478300, ,keydown
36478400,#,keydown
36478600,o,keydown
36479600,g,keydown
36479800,g,keydown
36479900,i,keydown
36480000, ,keydown
36480200,h,keydown
36480400,o,keydown
36480500, ,keydown
36480700,c,keydown
36480900,o,keydown
36481100,m,keydown
36481300,i,keydown
36481500,n,keydown
36481700,c,keydown
36482000,i,keydown
36482100,a,keydown
36482500,t,keydown
36482700,o,keydown
36482900,Enter,keydown
36483100,a,keydown
36483300,l,keydown
36483500,l,keydown
36483500,e,keydown
36483700, ,keydown
36484200,1,keydown
36484400,7,keydown
36484700,#,keydown
36484900,#,keydown
36485400,4,keydown
36485700,Backspace,keydown
36485900,5,keydown
36486000,0,keydown
36487100, ,keydown
36488300,p,keydown
36488500,r,keydown
36488600,o,keydown
36488800,p,keydown
36489000,o,keydown
36489100,r,keydown
36489500,Backspace,keydown
36489800,r,keydown
36489900,i,keydown
36490100,o,keydown
36490400,Backspace,keydown
36490600,Backspace,keydown
36490700,Backspace,keydown
36490900,Backspace,keydown
36491500,r,keydown
36491700,i,keydown
36491800,o,keydown
36492400, ,keydown
36492600,p,keydown
36492800,r,keydown
36493000,i,keydown
36493100,m,keydown
36493200,a,keydown
36493300, ,keydown
36493500,d,keydown
36493600,i,keydown
36493800, ,keydown
36495100,u,keydown
36495300,s,keydown
36495400,c,keydown
36495600,i,keydown
36495700,r,keydown
36495800,e,keydown
36495900, ,keydown
36496200,p,keydown
36496300,e,keydown
36496500,r,keydown
36496600, ,keydown
36496700,a,keydown
36497000,n,keydown
36497100,d,keydown
36497100,a,keydown
36497400,r,keydown
36497500,e,keydown
36497600, ,keydown
36497800,a,keydown
36497800, ,keydown
36498000,a,keydown
36498200,c,keydown
36498400,a,keydown
36498800,s,keydown
36499000,a,keydown
36499300,Backspace,keydown
36499500,Backspace,keydown
36499700,Backspace,keydown
36499900,Backspace,keydown
36500500,Backspace,keydown
36500600,s,keydown
36500700,a,keydown
36500900,s,keydown
36501300,Backspace,keydown
36501500,Backspace,keydown
36501600,c,keydown
36501800,a,keydown
36502100,Backspace,keydown
36502300,Backspace,keydown
36502500,Backspace,keydown
36502500,c,keydown
36502600,a,keydown
36502900,s,keydown
36502900,a,keydown
36503200, ,keydown
36503400,a,keydown
36503500, ,keydown
36503800,r,keydown
36504000,i,keydown
36504200,s,keydown
36504200,p,keydown
36504600,Backspace,keydown
36504800,Backspace,keydown
36505000,p,keydown
36505100,o,keydown
36505300,s,keydown
36505400,a,keydown
36505600,r,keydown
36505700,e,keydown
36506200,.,keydown
36506400, ,keydown
36507100,#,keydown
36507900,#,keydown
36508100,n,keydown
36508300,o,keydown
36508600,n,keydown
36508900,Enter,keydown
36509200,e,keydown
36509400,#,keydown
36509500, ,keydown
36509700,c,keydown
36509800,h,keydown
36509900,e,keydown
36510000, ,keydown
36510300,a,keydown
36510500,b,keydown
36510600,b,keydown
36510700,i,keydown
36510900,a,keydown
36511000, ,keydown
36511200,l,keydown
36511300,a,keydown
36511600,v,keydown
36511700,o,keydown
36512000,r,keydown
36512200,a,keydown
36512300,t,keydown
36512500,o,keydown
36512700, ,keydown
36513000,#,keydown
36513200,#,keydown
36513800,n,keydown
36513900,e,keydown
36514000,l,keydown
36514100, ,keydown
36514200,s,keydown
36514500,e,keydown
36514600,n,keydown
36514800,s,keydown
36514900,o,keydown
36514900, ,keydown
36515400,d,keydown
36515500,i,keydown
36515600, ,keydown
36515700,p,keydown
36515900,r,keydown
36516000,o,keydown
36516200,f,keydown
36516500,Backspace,keydown
36516700,d,keydown
36516800,o,keydown
36517000,t,keydown
36517100,t,keydown
36517400,o,keydown
36517500, ,keydown
36518100,i,keydown
36518300,n,keydown
36518500,t,keydown
36518600,e,keydown
36518800,r,keydown
36518900,n,keydown
36519100,o,keydown
36519400, ,keydown
36519600,l,keydown
36519900,o,keydown
36519900,r,keydown
36520300,d,keydown
36520500,o,keydown
36520600,#,keydown
36520800,#,keydown
36521200, ,keydown
36521600,m,keydown
36521700,o,keydown
36521800,l,keydown
36522600,t,keydown
36523000,o,keydown
36523600,Enter,keydown
36523900,o,keydown
36524200,g,keydown
36524300,g,keydown
36524500,i,keydown
36524900,",",keydown
36525000, ,keydown
36525300,m,keydown
36525400,a,keydown
36525700, ,keydown
36526100,h,keydown
36526200,o,keydown
36526400, ,keydown
36526500,l,keydown
36526700,e,keydown
36526800,t,keydown
36527000,t,keydown
36527200,p,keydown
36527200,o,keydown
36527700,Backspace,keydown
36528500,Backspace,keydown
36528900,o,keydown
36529200,",",keydown
36529200, ,keydown
36529600,d,keydown
36529700,i,keydown
36529900,s,keydown
36530100,c,keydown
36530200,u,keydown
36530300,s,keydown
36530500,s,keydown
36530600,o,keydown
36530700, ,keydown
36530900,e,keydown
36531100, ,keydown
36532500,r,keydown
36532700,i,keydown
36532900,c,keydown
36533000,o,keydown
36533500,Backspace,keydown
36533600,Backspace,keydown
36533700,s,keydown
36533900,o,keydown
36534000,l,keydown
36534300,t,keydown
36534400,o,keydown
36534500, ,keydown
36534700,a,keydown
36535000,l,keydown
36535100,c,keydown
36535200,u,keydown
36535400,n,keydown
36535600,i,keydown
36535800, ,keydown
36535800,p,keydown
36536100,r,keydown
36536100,o,keydown
36536400,b,keydown
36536500,l,keydown
36536900,e,keydown
36537200,m,keydown
36537300,i,keydown
36537500, ,keydown
36537900,c,keydown
36538000,h,keydown
36538000,e,keydown
36538200, ,keydown
36538300,o,keydown
36538600,r,keydown
36538700,a,keydown
36538900, ,keydown
36539100,m,keydown
36539200,i,keydown
36539500, ,keydown
36540000,p,keydown
36540100,e,keydown
36540200,r,keydown
36540500,m,keydown
36540500,e,keydown
36540800,t,keydown
36540900,t,keydown
36541200,e,keydown
36541500,r,keydown
36541600,a,keydown
36541900,n,keydown
36541900,n,keydown
36542200,o,keydown
36542400,Enter,keydown
36543000,d,keydown
36543200,i,keydown
36543200, ,keydown
36543400,p,keydown
36544100,r,keydown
36544300,o,keydown
36544700,s,keydown
36544800,e,keydown
36544900,g,keydown
36545100,u,keydown
36545200,i,keydown
36545400,r,keydown
36545500,e,keydown
36545500, ,keydown
36545800,n,keydown
36546000,e,keydown
36546100,l,keydown
36546200, ,keydown
36546500,l,keydown
36546600,a,keydown
36546700,v,keydown
36546900,o,keydown
36547000,r,keydown
36547100,o,keydown
36547300, ,keydown
36547400,p,keydown
36547600,i,keydown
36547700,u,keydown
36547900,#,keydown
36548000, ,keydown
36548400,s,keydown
36548500,p,keydown
36548700,e,keydown
36548900,d,keydown
36549000,i,keydown
36549400,t,keydown
36549500,a,keydown
36549800,m,keydown
36549800,e,keydown
36550000,n,keydown
36550200,t,keydown
36550200,e,keydown
36550500,.,keydown
36550600, ,keydown
36550700,#,keydown
36550900,a,keydown
36551200,d,keydown
36551300, ,keydown
36551600,e,keydown
36551700,s,keydown
36551900,e,keydown
36552000,m,keydown
36552100,p,keydown
36552400,i,keydown
36552400,o,keydown
36552500, ,keydown
36552700,h,keydown
36552900,o,keydown
36553100, ,keydown
36553200,r,keydown
36553400,i,keydown
36553600,s,keydown
36553700,o,keydown
36553800,l,keydown
36554100,t,keydown
36554200,o,keydown
36554400, ,keydown
36554500,a,keydown
36554900,l,keydown
36555200,c,keydown
36555200,u,keydown
36555400,n,keydown
36555800,i,keydown
36555800,o,keydown
36556300,Backspace,keydown
36556600,Enter,keydown
36557400,p,keydown
36557600,r,keydown
36557700,o,keydown
36557900,b,keydown
36558000,l,keydown
36558200,e,keydown
36558200,m,keydown
36558400,i,keydown
36558500, ,keydown
36558900,d,keydown
36559200,#,keydown
36559200,Backspace,keydown
36559300,r,keydown
36559400,i,keydown
36559700,g,keydown
36560000,u,keydown
36560200,a,keydown
36560400,r,keydown
36560900,f,keydown
36560900,d,keydown
36561200,o,keydown
36561600,Backspace,keydown
36561700,Backspace,keydown
36561800,Backspace,keydown
36562700,f,keydown
36563000,Backspace,keydown
36563100,d,keydown
36563300,o,keydown
36563300, ,keydown
36563500,a,keydown
36563700,l,keydown
36563800, ,keydown
36564500,m,keydown
36564700,a,keydown
36564900,t,keydown
36565100,e,keydown
36565200,r,keydown
36565400,i,keydown
36565600,a,keydown
36565700,l,keydown
36565900,e,keydown
36566000, ,keydown
36566100,d,keydown
36566300,e,keydown
36566300,l,keydown
36566400, ,keydown
36566800,c,keydown
36567000,o,keydown
36567300,r,keydown
36567400,s,keydown
36567600,o,keydown
36567800, ,keydown
36568100,d,keydown
36568200,i,keydown
36568200, ,keydown
36568400,#,keydown
36568500,i,keydown
36568700,n,keydown
36569100,t,keydown
36569200,e,keydown
36569300,l,keydown
36569400,l,keydown
36569600,i,keydown
36569900,g,keydown
36570200,e,keydown
36570300,n,keydown
36570600,z,keydown
36570700,a,keydown
36570900, ,keydown
36571100,#,keydown
36571100,a,keydown
36571400,r,keydown
36571500,t,keydown
36572000,i,keydown
36572300,f,keydown
36572400,i,keydown
36572500,c,keydown
36572700,i,keydown
36572900,a,keydown
36573500,l,keydown
36573800,e,keydown
36574100,Enter,keydown
36574700,#,keydown
36575300,m,keydown
36575400,e,keydown
36575800,c,keydown
36575900,c,keydown
36576000,a,keydown
36576300,n,keydown
36576400,i,keydown
36576500,s,keydown
36576700,m,keydown
36576700,i,keydown
36576800, ,keydown
36577100,d,keydown
36577200,i,keydown
36577200, ,keydown
36577400,#,keydown
36577500,r,keydown
36577600,a,keydown
36577800,g,keydown
36577900,i,keydown
36578100,o,keydown
36578200,n,keydown
36578300,a,keydown
36578400,m,keydown
36578600,e,keydown
36578700,n,keydown
36578800,t,keydown
36578900,o,keydown
36578900, ,keydown
36579200,c,keydown
36579300,h,keydown
36579500,e,keydown
36579600, ,keydown
36580000,c,keydown
36580200,o,keydown
36580400,m,keydown
36580600,i,keydown
36580800,n,keydown
36581000,c,keydown
36581200,e,keydown
36581400,r,keydown
36581700,a,keydown
36581800,#,keydown
36582400, ,keydown
36582500,l,keydown
36582700,a,keydown
36582800, ,keydown
36582900,p,keydown
36583000,r,keydown
36583200,o,keydown
36583300,s,keydown
36583400,s,keydown
36583500,i,keydown
36583600,m,keydown
36583700,a,keydown
36583900, ,keydown
36584300,s,keydown
36584400,e,keydown
36584600,t,keydown
36584700,t,keydown
36585000,i,keydown
36585200,m,keydown
36585200,a,keydown
36585500,n,keydown
36585600,a,keydown
36586900,#,keydown
36587000,#,keydown
36587200, ,keydown
36587500,h,keydown
36587600,o,keydown
36588300,Enter,keydown
36589600,l,keydown
36589600,e,keydown
36590000,t,keydown
36590100,t,keydown
36590100,o,keydown
36590300, ,keydown
36590400,u,keydown
36590500,n,keydown
36590500, ,keydown
36591200,p,keydown
36591200,o,keydown
36591300, ,keydown
36591700,#,keydown
36591900, ,keydown
36592200,d,keydown
36592300,i,keydown
36592400, ,keydown
36592500,m,keydown
36592700,a,keydown
36592900,t,keydown
36593100,e,keydown
36593300,r,keydown
36593400,i,keydown
36593600,a,keydown
36593700,l,keydown
36593800,e,keydown
36594000, ,keydown
36594800,s,keydown
36594900,u,keydown
36595000, ,keydown
36595400,a,keydown
36595800,r,keydown
36596000,g,keydown
36596100,o,keydown
36596300,m,keydown
36596500,e,keydown
36596600,n,keydown
36596800,t,keydown
36596900,i,keydown
36596900, ,keydown
36597200,o,keydown
36597400,s,keydown
36597600,t,keydown
36597800,i,keydown
36598000,c,keydown
36598100,i,keydown
36598300, ,keydown
36598500,q,keydown
36598700,u,keydown
36598700,a,keydown
36598900,l,keydown
36599100,i,keydown
36599300, ,keydown
36600100,i,keydown
36600200, ,keydown
36600600,t,keydown
36600800,r,keydown
36601100,u,keydown
36601400,t,keydown
36601500,h,keydown
36601600, ,keydown
36602000,m,keydown
36602200,a,keydown
36602400,i,keydown
36602400,n,keydown
36602700,t,keydown
36602800,a,keydown
36603100,n,keydown
36603500,Backspace,keydown
36603700,Backspace,keydown
36603800,e,keydown
36604000,n,keydown
36604900,a,keydown
36605100,n,keydown
36605800,c,keydown
36605800,e,keydown
36606000,Enter,keydown
36606200,s,keydown
36606500,u,keydown
36606900,Backspace,keydown
36607100,y,keydown
36607300,s,keydown
36607400,t,keydown
36607500,e,keydown
36607700,m,keydown
36607900, ,keydown
36609100,Backspace,keydown
36609200,s,keydown
36609300, ,keydown
36609500,e,keydown
36609600, ,keydown
36610200,l,keydown
36610300,a,keydown
36610400, ,keydown
36610600,l,keydown
36610700,o,keydown
36611100,g,keydown
36611300,i,keydown
36612100,c,keydown
36612800,a,keydown
36613000, ,keydown
36613300,n,keydown
36613400,o,keydown
36613500,n,keydown
36613700, ,keydown
36613900,m,keydown
36614000,o,keydown
36614200,n,keydown
36614300,o,keydown
36614600,t,keydown
36614800,o,keydown
36615000,n,keydown
36615200,a,keydown
36615800,.,keydown
36616300, ,keydown
36616400,#,keydown
36616600,i,keydown
36616800,n,keydown
36617000,o,keydown
36617100,l,keydown
36617200,t,keydown
36617400,r,keydown
36617400,e,keydown
36617800, ,keydown
36618100,h,keydown
36618200,o,keydown
36618200, ,keydown
36618500,t,keydown
36618600,r,keydown
36618900,o,keydown
36619000,v,keydown
36619100,a,keydown
36619200,t,keydown
36619500,o,keydown
36619600, ,keydown
36620000,d,keydown
36620100,e,keydown
36620100,l,keydown
36620300,l,keydown
36620400,e,keydown
36620500, ,keydown
36621000,b,keydown
36621000,e,keydown
36621200,l,keydown
36621400,l,keydown
36621400,e,keydown
36621600, ,keydown
36622100,d,keydown
36622200,i,keydown
36622300,s,keydown
36622400,p,keydown
36622600,e,keydown
36622800,n,keydown
36623300,s,keydown
36623400,e,keydown
36623600,Enter,keydown
36624200,s,keydown
36624300,u,keydown
36624500,l,keydown
36624700, ,keydown
36625000,r,keydown
36625300,a,keydown
36625500,g,keydown
36625700,i,keydown
36625700,o,keydown
36625800,n,keydown
36625900,a,keydown
36626000,m,keydown
36626100,e,keydown
36626300,n,keydown
36626300,t,keydown
36626500,o,keydown
36626500, ,keydown
36626900,q,keydown
36627100,u,keydown
36627200,a,keydown
36627500,l,keydown
36627600,i,keydown
36627800,t,keydown
36627900,a,keydown
36628000,t,keydown
36628200,i,keydown
36628400,v,keydown
36628600,o,keydown
36629400,",",keydown
36629600, ,keydown
36629900,a,keydown
36630300,r,keydown
36630600,g,keydown
36630700,o,keydown
36630900,m,keydown
36631000,e,keydown
36631100,n,keydown
36631200,t,keydown
36631400,o,keydown
36631500, ,keydown
36631700,c,keydown
36631800,h,keydown
36632000,e,keydown
36632100, ,keydown
36632200,#,keydown
36632300,l,keydown
36632500,u,keydown
36632700,c,keydown
36632800,a,keydown
36632900, ,keydown
36633400,t,keydown
36633500,r,keydown
36633700,a,keydown
36633900,t,keydown
36634000,t,keydown
36634100,a,keydown
36634300,v,keydown
36634400,a,keydown
36634700, ,keydown
36635200,c,keydown
36635600,Backspace,keydown
36636000,s,keydown
36636300,Backspace,keydown
36636400,a,keydown
36636600,p,keydown
36636800,p,keydown
36636900,o,keydown
36637200,g,keydown
36637500,i,keydown
36637800,Backspace,keydown
36637900,g,keydown
36638100,i,keydown
36638200,a,keydown
36638400,n,keydown
36638700,d,keydown
36638900,o,keydown
36639100,s,keydown
36639300,i,keydown
36639700,Enter,keydown
36640100,s,keydown
36640300,u,keydown
36640400, ,keydown
36640500,u,keydown
36640700,n,keydown
36640700, ,keydown
36641200,c,keydown
36641400,c,keydown
36641500,a,keydown
36641800,p,keydown
36641900,i,keydown
36642200,t,keydown
36642300,o,keydown
36642500,l,keydown
36642700,o,keydown
36642800, ,keydown
36643300,d,keydown
36643400,i,keydown
36643400, ,keydown
36643600,l,keydown
36643900,o,keydown
36644300,Backspace,keydown
36644400,i,keydown
36644700,b,keydown
36644900,r,keydown
36645100,o,keydown
36645200, ,keydown
36646200,s,keydown
36646400,c,keydown
36646500,r,keydown
36646700,i,keydown
36646800,t,keydown
36647000,t,keydown
36647000,o,keydown
36647200, ,keydown
36647300,i,keydown
36647400,n,keydown
36647600, ,keydown
36647900,f,keydown
36648000,r,keydown
36648100,a,keydown
36648400,n,keydown
36648600,c,keydown
36648700,e,keydown
36648800,s,keydown
36649000,e,keydown
36649100, ,keydown
36649400,c,keydown
36649800,Backspace,keydown
36649900,e,keydown
36650100, ,keydown
36650200,c,keydown
36650400,h,keydown
36650400,e,keydown
36650500, ,keydown
36651200,o,keydown
36651500,v,keydown
36651600,v,keydown
36651700,i,keydown
36651700,a,keydown
36651900,m,keydown
36652000,e,keydown
36652100,n,keydown
36652300,t,keydown
36652300,e,keydown
36652500, ,keydown
36653200,g,keydown
36653300,l,keydown
36653400,i,keydown
36653700,Enter,keydown
36653900,s,keydown
36654100,t,keydown
36654200,u,keydown
36654400,d,keydown
36654500,e,keydown
36654700,n,keydown
36654800,t,keydown
36655000,i,keydown
36655100, ,keydown
36655300,a,keydown
36655600,b,keydown
36655800,o,keydown
36656200,r,keydown
36656300,r,keydown
36656400,i,keydown
36656600,v,keydown
36656900,i,keydown
36657100,n,keydown
36657700,Backspace,keydown
36658500,Backspace,keydown
36659000,a,keydown
36659200,n,keydown
36659400,o,keydown
36660600, ,keydown
36660700,e,keydown
36660900, ,keydown
36661000,c,keydown
36661100,h,keydown
36661300,e,keydown
36661300, ,keydown
36661500,n,keydown
36661600,o,keydown
36661700,n,keydown
36661800, ,keydown
36662000,l,keydown
36662000,e,keydown
36662200,g,keydown
36662400,g,keydown
36662500,e,keydown
36662700,v,keydown
36663000,a,keydown
36663300,n,keydown
36663500,o,keydown
36663500, ,keydown
36663800,n,keydown
36663900,e,keydown
36664100,a,keydown
36664300,n,keydown
36664400,c,keydown
36664500,h,keydown
36664700,e,keydown
36664800, ,keydown
36665200,e,keydown
36665800,Backspace,keydown
36665900,Backspace,keydown
36666100,s,keydown
36666600,Backspace,keydown
36666800, ,keydown
36667000,s,keydown
36667200,e,keydown
36667400, ,keydown
36667500,l,keydown
36667700,e,keydown
36667800,g,keydown
36668000,a,keydown
36668200,t,keydown
36668300,i,keydown
36668500, ,keydown
36670300,s,keydown
36670400,u,keydown
36670600,l,keydown
36670700,l,keydown
36670800,a,keydown
36671000, ,keydown
36671200,s,keydown
36671500,e,keydown
36671600,d,keydown
36671700,i,keydown
36671800,a,keydown
36672700,Enter,keydown
36673100,e,keydown
36673200,l,keydown
36673400,e,keydown
36673600,t,keydown
36673700,t,keydown
36673900,r,keydown
36674000,i,keydown
36674200,c,keydown
36674300,a,keydown
36674500, ,keydown
36674600,p,keydown
36674900,r,keydown
36675000,i,keydown
36675100,m,keydown
36675200,a,keydown
36675400, ,keydown
36675500,d,keydown
36675700,i,keydown
36675800, ,keydown
36677400,m,keydown
36677500,o,keydown
36677800,r,keydown
36677900,i,keydown
36678200,r,keydown
36678200,e,keydown
36678300, ,keydown
36678600,p,keydown
36678700,e,keydown
36678900, ,keydown
36679400,Backspace,keydown
36679500,r,keydown
36679700, ,keydown
36679800,l,keydown
36680000,a,keydown
36680000, ,keydown
36680300,s,keydown
36680400,c,keydown
36680800,o,keydown
36681000,s,keydown
36681100,s,keydown
36681100,a,keydown
36681400,.,keydown
36682100, ,keydown
36682200,#,keydown
36682900,b,keydown
36683300,e,keydown
36683400,n,keydown
36683600,e,keydown
36683700,",",keydown
36684000, ,keydown
36684600,r,keydown
36684700,i,keydown
36684800,e,keydown
36685100,m,keydown
36685400,p,keydown
36685500,i,keydown
36685900,t,keydown
36685900,o,keydown
36686100, ,keydown
36686200,o,keydown
36686600,Backspace,keydown
36686900,i,keydown
36687200,l,keydown
36687500, ,keydown
36688000,f,keydown
36688900,r,keydown
36689600,a,keydown
36690500,Backspace,keydown
36690700,Backspace,keydown
36691200,o,keydown
36691500,r,keydown
36691600,m,keydown
36691900, ,keydown
36692100,p,keydown
36692200,o,keydown
36692300,s,keydown
36692400,s,keydown
36692600,o,keydown
36692800,Enter,keydown
36693100,a,keydown
36693300,n,keydown
36693400,c,keydown
36693500,h,keydown
36693700,e,keydown
36693700, ,keydown
36694100,s,keydown
36694300,a,keydown
36694500,l,keydown
36694700,u,keydown
36695000,t,keydown
36695100,a,keydown
36695200,r,keydown
36695300,t,keydown
36695600,i,keydown
36695600, ,keydown
36695800,e,keydown
36695900, ,keydown
36696200,a,keydown
36696500,n,keydown
36696700,d,keydown
36696800,a,keydown
36697100,r,keydown
36697300,m,keydown
36697400,e,keydown
36697500,n,keydown
36698000,e,keydown
36698300, ,keydown
36698500,a,keydown
36698600, ,keydown
36698900,c,keydown
36699100,a,keydown
36699300,s,keydown
36699400,a,keydown
36699500, ,keydown
36699700,a,keydown
36699900, ,keydown
36699900,r,keydown
36700200,i,keydown
36700300,l,keydown
36700500,a,keydown
36700700,s,keydown
36700900,s,keydown
36701000,a,keydown
36701300,r,keydown
36701400,m,keydown
36701600,i,keydown
36701600, ,keydown
36701900,e,keydown
36702000, ,keydown
36702800,g,keydown
36703000,i,keydown
36703000,o,keydown
36703200,c,keydown
36703200,a,keydown
36703500,r,keydown
36703600,e,keydown
36703800, ,keydown
36703900,u,keydown
36704100,n,keydown
36704100, ,keydown
36704200,p,keydown
36704400,o,keydown
36704500,#,keydown
36704800, ,keydown
36705000,l,keydown
36705100,a,keydown
36705200, ,keydown
36705500,p,keydown
36705500,l,keydown
36705700,a,keydown
36705900,y,keydown
36706200,s,keydown
36706200,t,keydown
36706300,a,keydown
36707000,t,keydown
36707000,i,keydown
36707000,o,keydown
36707300,n,keydown
36707600,.,keydown
