timestamp,key,type
31717700,Backspace,keydown
31717700,Backspace,keydown
31717700,Backspace,keydown
31717700,Backspace,keydown
31717700,Backspace,keydown
31717700,Backspace,keydown
31717700,Backspace,keydown
31717700,Backspace,keydown
31717700,#,keydown
31718000,e,keydown
31718200,c,keydown
31718400,c,keydown
31718400,o,keydown
31718600,m,keydown
31718800,i,keydown
31718800, ,keydown
31719400,q,keydown
31719500,i,keydown
31719500,u,keydown
31720000,Backspace,keydown
31720200,Backspace,keydown
31720700,u,keydown
31720900,i,keydown
31720900,o,keydown
31721000, ,keydown
31721100,a,keydown
31721400,Backspace,keydown
31721600,Backspace,keydown
31721600,Backspace,keydown
31721900, ,keydown
31722000,a,keydown
31722600, ,keydown
31723400,f,keydown
31723500,a,keydown
31723700,r,keydown
31723700,e,keydown
31723800, ,keydown
31724400,l,keydown
31724900,#,keydown
31725100,u,keydown
31725400,l,keydown
31725500,t,keydown
31725500,i,keydown
31725700,m,keydown
31725900,o,keydown
31726000, ,keydown
31726100,c,keydown
31726400,a,keydown
31726600,m,keydown
31727100,p,keydown
31727300,i,keydown
31727400,o,keydown
31727800,n,keydown
31727900,e,keydown
31728100, ,keydown
31728200,d,keydown
31728400,e,keydown
31728400,l,keydown
31728500,l,keydown
31728600,a,keydown
31728900, ,keydown
31729100,s,keydown
31729300,e,keydown
31729500,r,keydown
31729900,i,keydown
31730000,e,keydown
31730100, ,keydown
31730300,p,keydown
31730300,e,keydown
31730400,r,keydown
31730600, ,keydown
31731000,l,keydown
31731500,#,keydown
31731700,e,keydown
31731900,s,keydown
31732000,p,keydown
31732200,e,keydown
31732300,r,keydown
31732400,i,keydown
31732700,m,keydown
31732700,e,keydown
31732800,n,keydown
31733000,t,keydown
31733100,o,keydown
31734200,",",keydown
31734600,Enter,keydown
31735100,i,keydown
31735300,n,keydown
31735700,c,keydown
31735800,r,keydown
31735900,e,keydown
31736100,d,keydown
31736100,i,keydown
31736700,b,keydown
31736800,i,keydown
31737000,l,keydown
31737100,e,keydown
31737300, ,keydown
31737400,m,keydown
31737500,a,keydown
31737600, ,keydown
31737800,v,keydown
31738000,e,keydown
31738100,r,keydown
31738200,o,keydown
31738300, ,keydown
31738500,s,keydown
31738800,t,keydown
31738900,o,keydown
31739000, ,keydown
31739600,f,keydown
31739800,i,keydown
31739900,n,keydown
31740000,e,keydown
31740200,n,keydown
31740400,d,keydown
31741700,o,keydown
31741800, ,keydown
31741800,a,keydown
31742100,n,keydown
31742200,c,keydown
31742400,h,keydown
31743000,#,keydown
31743300,i,keydown
31743400,o,keydown
31744500,.,keydown
31744900, ,keydown
31745100,#,keydown
31745500,f,keydown
31745800,a,keydown
31746100,c,keydown
31746200,c,keydown
31746400,i,keydown
31746500,o,keydown
31746500, ,keydown
31747000,a,keydown
31747200,n,keydown
31747400,c,keydown
31747500,o,keydown
31747600,r,keydown
31747800,a,keydown
31747900, ,keydown
31748100,l,keydown
31748200,e,keydown
31748300, ,keydown
31748600,m,keydown
31748700,i,keydown
31749100,e,keydown
31750000, ,keydown
31750100,s,keydown
31750300,c,keydown
31750600,u,keydown
31750700,s,keydown
31750900,e,keydown
31751300,Enter,keydown
31751700,p,keydown
31751800,e,keydown
31751900,r,keydown
31752100, ,keydown
31752600,e,keydown
31752900,s,keydown
31753000,s,keydown
31753100,e,keydown
31753300,r,keydown
31753300,e,keydown
31753600, ,keydown
31753800,s,keydown
31754000,t,keydown
31754100,a,keydown
31754100,t,keydown
31754300,a,keydown
31754600, ,keydown
31754900,l,keydown
31755300,#,keydown
31755800,Backspace,keydown
31755900,Backspace,keydown
31756100,Backspace,keydown
31756200,Backspace,keydown
31756400,Backspace,keydown
31756500,Backspace,keydown
31756600,Backspace,keydown
31756700,Backspace,keydown
31757300,l,keydown
31757700,#,keydown
31758100,u,keydown
31758300,l,keydown
31758700,t,keydown
31758800,i,keydown
31759100,m,keydown
31759100,a,keydown
31759400, ,keydown
31759700,a,keydown
31759800, ,keydown
31760900,f,keydown
31760900,i,keydown
31761200,n,keydown
31761700,i,keydown
31761900,r,keydown
31761900,e,keydown
31762300, ,keydown
31818800,Backspace,keydown
31819500,",",keydown
31819600, ,keydown
31819800,m,keydown
31819900,a,keydown
31820000, ,keydown
31820700,s,keydown
31820800,p,keydown
31821000,e,keydown
31821200,r,keydown
31821300,o,keydown
31828000, ,keydown
31839600,c,keydown
31839800,h,keydown
31839900,e,keydown
31840000, ,keydown
31840800,d,keydown
31841200,Backspace,keydown
31841400,s,keydown
31841600,e,keydown
31841900,r,keydown
31842600,c,keydown
31842900,Backspace,keydown
31843100,v,keydown
31843200,e,keydown
31843500, ,keydown
31845000,Backspace,keydown
31845100,Backspace,keydown
31845300,a,keydown
31846300,#,keydown
31846600,#,keydown
31847400, ,keydown
31902800,#,keydown
31903000,a,keydown
31903000,l,keydown
31903200,l,keydown
31903300,o,keydown
31904000,r,keydown
31904300,a,keydown
31904500,",",keydown
31904700, ,keydown
31947900,q,keydown
31948000,u,keydown
31948200,a,keydown
31948300,n,keydown
31948300,d,keydown
31949400,#,keydown
31949600,e,keydown
31949900,#,keydown
31950100, ,keydown
31950400,c,keydown
31950500,h,keydown
31950700,e,keydown
31950700, ,keydown
31951400,Enter,keydown
31952000,c,keydown
31952200,i,keydown
31952200, ,keydown
31952500,f,keydown
31952700,a,keydown
31953000,t,keydown
31953000,r,keydown
31953000,e,keydown
31953000, ,keydown
31953400,Backspace,keydown
31953600,Backspace,keydown
31953600,Backspace,keydown
31954100,e,keydown
31954200, ,keydown
31954600,u,keydown
31954800,n,keydown
31954900, ,keydown
31955100,s,keydown
31955100,e,keydown
31955200,m,keydown
31955400,i,keydown
31956000,n,keydown
31956100,a,keydown
31956700,r,keydown
31956900,i,keydown
31957100,o,keydown
31978900, ,keydown
31999500,p,keydown
31999600,e,keydown
31999700,r,keydown
31999800, ,keydown
32000200,s,keydown
32000200,p,keydown
32001000,i,keydown
32001000,e,keydown
32001800,g,keydown
32002000,a,keydown
32002300,r,keydown
32002500,c,keydown
32002600,i,keydown
32003300, ,keydown
32010900,t,keydown
32011000,u,keydown
32011200,t,keydown
32011300,t,keydown
32011300,o,keydown
32011500, ,keydown
32012000,v,keydown
32012000,c,keydown
32012100,i,keydown
32012600,Backspace,keydown
32012700,Backspace,keydown
32012800,Backspace,keydown
32013400,o,keydown
32013500, ,keydown
32013800,q,keydown
32013900,u,keydown
32014000,a,keydown
32014200,l,keydown
32014200,s,keydown
32014800,Backspace,keydown
32014900,Backspace,keydown
32015000,s,keydown
32015300,i,keydown
32015400, ,keydown
32015700,c,keydown
32015900,i,keydown
32016200,o,keydown
32016500,#,keydown
32016700, ,keydown
32017000,c,keydown
32017100,h,keydown
32017300,e,keydown
32017300, ,keydown
32017500,f,keydown
32017700,a,keydown
32018000,t,keydown
32018100,e,keydown
32019100,#,keydown
32019200,#,keydown
32019900,Enter,keydown
32020700,#,keydown
32021600,c,keydown
32021800,i,keydown
32022000, ,keydown
32022000,s,keydown
32022100,i,keydown
32022300,a,keydown
32022400,m,keydown
32022700,o,keydown
32022800, ,keydown
32023200,Backspace,keydown
32023400,Backspace,keydown
32023700,Backspace,keydown
32023800,Backspace,keydown
32024000,Backspace,keydown
32024100,Backspace,keydown
32024300,Backspace,keydown
32024400,Backspace,keydown
32024600,Backspace,keydown
32025200,#,keydown
32025500,c,keydown
32025800,r,keydown
32025900,e,keydown
32027100,d,keydown
32027200,o,keydown
32027300, ,keydown
32027400,c,keydown
32027600,h,keydown
32027600,e,keydown
32027800, ,keydown
32027900,c,keydown
32028300,i,keydown
32028600, ,keydown
32028900,s,keydown
32029300,a,keydown
32029900,Backspace,keydown
32030700,i,keydown
32030700,a,keydown
32030900, ,keydown
32031400,t,keydown
32031600,u,keydown
32031700,t,keydown
32031800,t,keydown
32031900,o,keydown
32032000, ,keydown
32032200,i,keydown
32032700,Backspace,keydown
32033200,u,keydown
32033500,n,keydown
32033500, ,keydown
32048700,p,keydown
32048900,u,keydown
32049100,b,keydown
32049200,b,keydown
32049500,l,keydown
32049700,i,keydown
32049700,c,keydown
32049800,o,keydown
32050100, ,keydown
32050500,p,keydown
32050700,r,keydown
32050800,o,keydown
32051300,n,keydown
32051400,t,keydown
32051600,o,keydown
32051600, ,keydown
32052600,a,keydown
32052700,d,keydown
32052900, ,keydown
32053300,a,keydown
32053400,s,keydown
32053600,c,keydown
32053800,o,keydown
32054000,l,keydown
32055300,t,keydown
32055500,a,keydown
32056000,r,keydown
32056700,v,keydown
32056900,i,keydown
32068600,",",keydown
32068900, ,keydown
32069600,a,keydown
32069700,n,keydown
32069900,c,keydown
32070000,h,keydown
32070100,e,keydown
32070500,Enter,keydown
32071000,m,keydown
32071100,o,keydown
32071300,l,keydown
32071400,t,keydown
32071500,o,keydown
32072000, ,keydown
32072400,i,keydown
32072700,n,keydown
32072800,t,keydown
32072900,e,keydown
32072900,r,keydown
32073000,e,keydown
32073600,s,keydown
32073700,s,keydown
32073900,a,keydown
32074200,t,keydown
32074400,o,keydown
32097300,.,keydown
32097900, ,keydown
32170400,#,keydown
32170900,d,keydown
32171200,a,keydown
32171300,n,keydown
32171500,i,keydown
32171700,e,keydown
32171700,l,keydown
32172200,e,keydown
32172400, ,keydown
32172800,m,keydown
32173000,i,keydown
32173100, ,keydown
32173400,h,keydown
32173500,a,keydown
32173600, ,keydown
32173800,d,keydown
32173800,e,keydown
32174000,t,keydown
32174200,t,keydown
32174300,o,keydown
32174400, ,keydown
32174700,c,keydown
32174800,h,keydown
32174900,e,keydown
32175000, ,keydown
32175700,e,keydown
32175900,s,keydown
32176100,i,keydown
32176100,s,keydown
32176300,t,keydown
32176400,e,keydown
32176600, ,keydown
32177000,u,keydown
32177200,n,keydown
32177400, ,keydown
32177400,t,keydown
32177700,o,keydown
32177800,o,keydown
32177900,t,keydown
32178200,l,keydown
32178500,Backspace,keydown
32178600,Backspace,keydown
32178900,l,keydown
32179200, ,keydown
32179800,p,keydown
32179800,e,keydown
32180000,r,keydown
32181700, ,keydown
32182300,p,keydown
32182500,r,keydown
32182600,o,keydown
32182800,v,keydown
32183100,a,keydown
32183200,r,keydown
32183400,e,keydown
32183500,Enter,keydown
32183900,a,keydown
32184000, ,keydown
32185200,v,keydown
32185300,e,keydown
32185500,d,keydown
32185700,e,keydown
32185900,r,keydown
32186000,e,keydown
32186100, ,keydown
32186400,s,keydown
32186600,e,keydown
32186800, ,keydown
32187000,e,keydown
32187200,#,keydown
32187400, ,keydown
32187700,p,keydown
32187900,o,keydown
32188000,s,keydown
32188200,s,keydown
32188200,i,keydown
32188900,b,keydown
32189000,i,keydown
32189300,l,keydown
32189300,e,keydown
32189500, ,keydown
32189800,s,keydown
32190100,Backspace,keydown
32190200,e,keydown
32190400,s,keydown
32190800,s,keydown
32191100,e,keydown
32191300,r,keydown
32191500,e,keydown
32191600, ,keydown
32192100,r,keydown
32192300,i,keydown
32192500,v,keydown
32192600,o,keydown
32192900,Backspace,keydown
32193200,Backspace,keydown
32193400,c,keydown
32194000,o,keydown
32194200,n,keydown
32194500,o,keydown
32194800,s,keydown
32195000,c,keydown
32195200,i,keydown
32195500,u,keydown
32195600,t,keydown
32195800,o,keydown
32196300,Backspace,keydown
32196600,i,keydown
32196700, ,keydown
32197100,d,keydown
32197300,a,keydown
32197400,l,keydown
32197400,l,keydown
32197600,a,keydown
32197700, ,keydown
32198300,Backspace,keydown
32198700,Backspace,keydown
32198800,Backspace,keydown
32199000,Backspace,keydown
32199100,Backspace,keydown
32199300,Backspace,keydown
32199800,a,keydown
32200100, ,keydown
32200200,p,keydown
32200400,a,keydown
32200500,r,keydown
32200700,t,keydown
32200900,i,keydown
32201300,r,keydown
32201300,e,keydown
32201500, ,keydown
32201600,d,keydown
32201800,a,keydown
32201900,l,keydown
32202000,l,keydown
32202200,a,keydown
32202300, ,keydown
32202800,p,keydown
32203000,r,keydown
32203100,o,keydown
32203700,p,keydown
32204500,r,keydown
32204700,i,keydown
32205000,a,keydown
32206100,Enter,keydown
32206400,s,keydown
32206600,c,keydown
32206800,r,keydown
32207000,i,keydown
32207100,t,keydown
32207100,t,keydown
32207400,u,keydown
32207600,r,keydown
32207800,e,keydown
32208500,Backspace,keydown
32208600,a,keydown
32208900,.,keydown
32209100, ,keydown
32209400,#,keydown
32209800,u,keydown
32209900,n,keydown
32210100, ,keydown
32210800,g,keydown
32210900,i,keydown
32211000,o,keydown
32211200,r,keydown
32211300,n,keydown
32211400,o,keydown
32211600, ,keydown
32211700,o,keydown
32211900, ,keydown
32212300,l,keydown
32212900,#,keydown
32213100,a,keydown
32213300,l,keydown
32213500,t,keydown
32213600,r,keydown
32213700,o,keydown
32213700, ,keydown
32213900,l,keydown
32214200,o,keydown
32214300, ,keydown
32214500,p,keydown
32214700,r,keydown
32214700,o,keydown
32215400,v,keydown
32215500,e,keydown
32215700,r,keydown
32215800,o,keydown
32216100,#,keydown
32217000,.,keydown
32217100,.,keydown
32217200,.,keydown
32217600, ,keydown
32218000,#,keydown
32219000,m,keydown
32219200,a,keydown
32219300, ,keydown
32219600,e,keydown
32220000,#,keydown
32220000, ,keydown
32220800,p,keydown
32220900,i,keydown
32221400,Backspace,keydown
32221600,o,keydown
32221800,s,keydown
32221900,s,keydown
32222100,i,keydown
32222600,b,keydown
32222900,i,keydown
32223000,l,keydown
32223000,e,keydown
32223300, ,keydown
32223400,c,keydown
32223600,a,keydown
32223700,p,keydown
32223900,o,keydown
32224400,Backspace,keydown
32224800,i,keydown
32225000,r,keydown
32225100,e,keydown
32225700,Enter,keydown
32226500,s,keydown
32226700,e,keydown
32226800, ,keydown
32226900,q,keydown
32226900,#,keydown
32227100,u,keydown
32227200,a,keydown
32227300,l,keydown
32227800,Backspace,keydown
32227800,Backspace,keydown
32228000,Backspace,keydown
32228100,Backspace,keydown
32228900,u,keydown
32230100,a,keydown
32230200,l,keydown
32230800,c,keydown
32231000,u,keydown
32231200,n,keydown
32232200,o,keydown
32232300, ,keydown
32232400,e,keydown
32232700,#,keydown
32232800, ,keydown
32233400,c,keydown
32233600,h,keydown
32233700,i,keydown
32233800, ,keydown
32233900,d,keydown
32234100,i,keydown
32234200,c,keydown
32234400,e,keydown
32234400, ,keydown
32234600,d,keydown
32234700,i,keydown
32234800, ,keydown
32235100,e,keydown
32235200,s,keydown
32235400,s,keydown
32235500,e,keydown
32235700,r,keydown
32235800,e,keydown
32235900, ,keydown
32236600,s,keydown
32236800,o,keydown
32237200,Backspace,keydown
32237300,Backspace,keydown
32237500,s,keydown
32238100,o,keydown
32238200,l,keydown
32239100,a,keydown
32239400,t,keydown
32239600,Backspace,keydown
32239800,Backspace,keydown
32239800,t,keydown
32240100,a,keydown
32240200,m,keydown
32240700,Backspace,keydown
32241000,n,keydown
32241300,t,keydown
32241400,o,keydown
32241700, ,keydown
32242400,d,keydown
32242500,i,keydown
32242800,g,keydown
32242900,i,keydown
32243600,t,keydown
32243800,a,keydown
32244000,n,keydown
32244100,d,keydown
32244200,o,keydown
32244200,p,keydown
32244200, ,keydown
32244800,Backspace,keydown
32244900,Backspace,keydown
32245100, ,keydown
32245400,l,keydown
32245500,o,keydown
32245900,g,keydown
32245900,i,keydown
32246200,n,keydown
32246300, ,keydown
32246500,e,keydown
32246600, ,keydown
32247100,p,keydown
32247300,a,keydown
32247500,s,keydown
32247600,s,keydown
32247800,w,keydown
32248500,o,keydown
32248600,r,keydown
32248800,d,keydown
32249200,",",keydown
32249400,Enter,keydown
32250000,o,keydown
32250200,p,keydown
32250300,p,keydown
32250600,u,keydown
32250700,r,keydown
32250800,e,keydown
32250900, ,keydown
32251200,i,keydown
32251500,n,keydown
32251600, ,keydown
32251900,q,keydown
32252000,u,keydown
32252100,e,keydown
32252400,s,keydown
32252600,t,keydown
32252700,i,keydown
32252700, ,keydown
32253100,c,keydown
32253100,i,keydown
32253300, ,keydown
32253700,s,keydown
32253900,o,keydown
32254100,n,keydown
32254300,o,keydown
32254500, ,keydown
32254600,t,keydown
32254600,r,keydown
32255300,o,keydown
32255500,p,keydown
32255600,p,keydown
32255800,i,keydown
32255900, ,keydown
32256100,p,keydown
32256300,o,keydown
32256500,c,keydown
32256700,h,keydown
32256800,i,keydown
32256800, ,keydown
32257000,c,keydown
32257200,a,keydown
32257500,r,keydown
32257600,a,keydown
32258000,t,keydown
32258000,t,keydown
32258300,e,keydown
32258500,r,keydown
32259500,i,keydown
32259900,#,keydown
32260000,#,keydown
32260700, ,keydown
32261900,#,keydown
32262200,s,keydown
32262500,a,keydown
32262700,r,keydown
32262900,e,keydown
32262900,b,keydown
32263000,b,keydown
32263200,e,keydown
32263200, ,keydown
32264300,b,keydown
32264300,e,keydown
32264500,l,keydown
32264600,l,keydown
32264800,o,keydown
32265300, ,keydown
32265600,f,keydown
32265800,u,keydown
32265900,n,keydown
32266200,z,keydown
32266400,i,keydown
32266500,o,keydown
32267400,n,keydown
32267600,a,keydown
32267900,s,keydown
32268000,s,keydown
32268200,e,keydown
32268500,Enter,keydown
32268800,a,keydown
32268900,n,keydown
32269000,c,keydown
32269200,h,keydown
32269200,e,keydown
32269400, ,keydown
32269800,i,keydown
32270000,n,keydown
32270200, ,keydown
32270500,q,keydown
32270800,u,keydown
32270800,e,keydown
32270900,s,keydown
32271200,t,keydown
32271200,o,keydown
32271400, ,keydown
32271600,m,keydown
32271800,o,keydown
32271900,d,keydown
32272000,o,keydown
32272900,.,keydown
32273100, ,keydown
32276600,#,keydown
32276900,m,keydown
32276900,a,keydown
32277200,g,keydown
32277400,a,keydown
32277600,r,keydown
32277600,i,keydown
32278000,s,keydown
32278200,c,keydown
32278400,e,keydown
32278700,g,keydown
32278900,l,keydown
32279000,e,keydown
32279000,i,keydown
32279400,d,keydown
32279500,n,keydown
32279900,Backspace,keydown
32280000,Backspace,keydown
32280500,Backspace,keydown
32280600,Backspace,keydown
32280800,Backspace,keydown
32280900,Backspace,keydown
32281100,Backspace,keydown
32281200,Backspace,keydown
32281400,Backspace,keydown
32281900,Backspace,keydown
32282100,Backspace,keydown
32282200,Backspace,keydown
32282400,Backspace,keydown
32282500,Backspace,keydown
32282600,Backspace,keydown
32282900,#,keydown
32283200,m,keydown
32283400,a,keydown
32283600,g,keydown
32283800,a,keydown
32284000,r,keydown
32284100,i,keydown
32284200, ,keydown
32284500,s,keydown
32284700,c,keydown
32284800,e,keydown
32285100,g,keydown
32285200,l,keydown
32285400,i,keydown
32285500,e,keydown
32286100,n,keydown
32286700,d,keydown
32286800,o,keydown
32286900, ,keydown
32287100,p,keydown
32287300,a,keydown
32287400,s,keydown
32287600,s,keydown
32287700,w,keydown
32288300,r,keydown
32288500,o,keydown
32289100,d,keydown
32289200, ,keydown
32289500,l,keydown
32289700,Backspace,keydown
32289800,Backspace,keydown
32290000,Backspace,keydown
32290200,Backspace,keydown
32290200,Backspace,keydown
32290800,o,keydown
32291000,r,keydown
32291200,d,keydown
32291200,s,keydown
32291300, ,keydown
32291600,l,keydown
32291800,o,keydown
32292000,n,keydown
32292700,Backspace,keydown
32292800,Backspace,keydown
32293100,u,keydown
32293400,n,keydown
32293500,g,keydown
32293700,h,keydown
32293900,e,keydown
32293900, ,keydown
32294100,a,keydown
32294200, ,keydown
32294900,s,keydown
32295100,u,keydown
32295400,f,keydown
32295500,f,keydown
32295600,i,keydown
32295900,c,keydown
32296000,i,keydown
32296200,e,keydown
32296300,n,keydown
32297300,z,keydown
32297600,a,keydown
32298200,",",keydown
32298500,Enter,keydown
32298600,a,keydown
32298900,j,keydown
32299000,d,keydown
32299400,Backspace,keydown
32299600,Backspace,keydown
32300600,Backspace,keydown
32302600,s,keydown
32302800,e,keydown
32302800, ,keydown
32303000,n,keydown
32303100,e,keydown
32303200, ,keydown
32303800,v,keydown
32303900,a,keydown
32304100,l,keydown
32304100,e,keydown
32304300,s,keydown
32304400,s,keydown
32304600,e,keydown
32304700, ,keydown
32304900,l,keydown
32305000,a,keydown
32305200, ,keydown
32305400,p,keydown
32305500,4,keydown
32305500,e,keydown
32306100,Backspace,keydown
32306200,Backspace,keydown
32306400,e,keydown
32306900,n,keydown
32307000,a,keydown
32307300,.,keydown
32307500, ,keydown
32307600,#,keydown
32307900,b,keydown
32308200,e,keydown
32308300,n,keydown
32308300,e,keydown
32308600,",",keydown
32308800, ,keydown
32309100,#,keydown
32309200,b,keydown
32309900,#,keydown
32310500,Backspace,keydown
32311000,b,keydown
32311100,e,keydown
32311200,n,keydown
32311500,e,keydown
32312000,",",keydown
32312100, ,keydown
32312200,m,keydown
32312400,i,keydown
32312500, ,keydown
32312700,s,keydown
32312900,t,keydown
32313000,o,keydown
32313100, ,keydown
32313500,a,keydown
32313700,v,keydown
32313900,v,keydown
32314000,i,keydown
32314300,c,keydown
32315000,i,keydown
32315400,n,keydown
32315500,a,keydown
32315700,n,keydown
32316200,d,keydown
32316400,o,keydown
32316400, ,keydown
32316500,a,keydown
32316700,l,keydown
32316800,l,keydown
32316800,a,keydown
32317200, ,keydown
32317500,f,keydown
32317800,i,keydown
32318000,n,keydown
32318000,e,keydown
32318800,.,keydown
32318900,.,keydown
32319100,.,keydown
32319900, ,keydown
32320100,#,keydown
32320300,f,keydown
32320600,Backspace,keydown
32321500,f,keydown
32321700,i,keydown
32321900,e,keydown
32322200,n,keydown
32322500,Backspace,keydown
32322600,Backspace,keydown
32323000,n,keydown
32323100,e,keydown
32323400,#,keydown
32323700,#,keydown
