timestamp,key,type
3598200,Backspace,keydown
3598200,Backspace,keydown
3598200,Backspace,keydown
3598200,Backspace,keydown
3598200,Backspace,keydown
3598200,Backspace,keydown
3598200,Backspace,keydown
3598200,Backspace,keydown
3598200,e,keydown
3598400,#,keydown
3598700, ,keydown
3599000,l,keydown
3599400,#,keydown
3599800,u,keydown
3600100,l,keydown
3600100,t,keydown
3600300,i,keydown
3600500,m,keydown
3601000,o,keydown
3601200, ,keydown
3605000,f,keydown
3605100,o,keydown
3605200,r,keydown
3605500,m,keydown
3605800, ,keydown
3606000,d,keydown
3606100,i,keydown
3606200, ,keydown
3606500,q,keydown
3606600,u,keydown
3606800,e,keydown
3606900,s,keydown
3607100,t,keydown
3607200,o,keydown
3607300, ,keydown
3607600,e,keydown
3607700,s,keydown
3607800,p,keydown
3608000,e,keydown
3608200,r,keydown
3608500,i,keydown
3608700,m,keydown
3608700,e,keydown
3608800,n,keydown
3609000,t,keydown
3609100,o,keydown
3609300, ,keydown
3609500,c,keydown
3609600,h,keydown
3609700,e,keydown
3609800, ,keydown
3610000,c,keydown
3610200,o,keydown
3610300,m,keydown
3610500,p,keydown
3610600,i,keydown
3610900,l,keydown
3611300,e,keydown
3611600,r,keydown
3611900,o,keydown
3612000,#,keydown
3612800,#,keydown
3613000, ,keydown
3613600,u,keydown
3613800,n,keydown
3614200, ,keydown
3614700,Backspace,keydown
3614800,Backspace,keydown
3615600,n,keydown
3615800, ,keydown
3616000,p,keydown
3616300,o,keydown
3616600,#,keydown
3616900, ,keydown
3617500,m,keydown
3617700,i,keydown
3617900, ,keydown
3618100,d,keydown
3618200,i,keydown
3618300,s,keydown
3618500,p,keydown
3618700,i,keydown
3618900,a,keydown
3619100,c,keydown
3619200,e,keydown
3619800,#,keydown
3619900, ,keydown
3620200,i,keydown
3620400,n,keydown
3620500, ,keydown
3621000,f,keydown
3621200,o,keydown
3621300,n,keydown
3621600,d,keydown
3621700,o,keydown
3621800, ,keydown
3622100,m,keydown
3622300,i,keydown
3622400, ,keydown
3622800,e,keydown
3623000,r,keydown
3623100,o,keydown
3623200, ,keydown
3623400,a,keydown
3623700,f,keydown
3623800,f,keydown
3624000,e,keydown
3624500,z,keydown
3624900,i,keydown
3625000,o,keydown
3625200,n,keydown
3625300,a,keydown
3625500,t,keydown
3625800,o,keydown
3625800, ,keydown
3626100,a,keydown
3627200, ,keydown
3627500,q,keydown
3627700,u,keydown
3627800,e,keydown
3628000,s,keydown
3628200,t,keydown
3628400,o,keydown
3628600, ,keydown
3628800,e,keydown
3629100,s,keydown
3629200,p,keydown
3629300,e,keydown
3629600,r,keydown
3629700,i,keydown
3629900,m,keydown
3630000,e,keydown
3630000,n,keydown
3630200,t,keydown
3630300,o,keydown
3630600, ,keydown
3630900,a,keydown
3630900,n,keydown
3631100,c,keydown
3631200,h,keydown
3631300,e,keydown
3631500, ,keydown
3631700,s,keydown
3632000,e,keydown
3632100, ,keydown
3632500,d,keydown
3632600,i,keydown
3632800, ,keydown
3633000,s,keydown
3633200,o,keydown
3633400,l,keydown
3633600,i,keydown
3633700,t,keydown
3633900,o,keydown
3634000, ,keydown
3634200,e,keydown
3634400,r,keydown
3634700,a,keydown
3634700, ,keydown
3635000,u,keydown
3635200,n,keydown
3635400,a,keydown
3635600, ,keydown
3635800,b,keydown
3636000,e,keydown
3636100,l,keydown
3636300,l,keydown
3636400,a,keydown
3636500, ,keydown
3636700,r,keydown
3636900,o,keydown
3637000,t,keydown
3637100,t,keydown
3637300,u,keydown
3637800,r,keydown
3637900,a,keydown
3638200, ,keydown
3638500,d,keydown
3638600,i,keydown
3638800, ,keydown
3638900,s,keydown
3639100,c,keydown
3639400,a,keydown
3639600,t,keydown
3639800,o,keydown
3640200,l,keydown
3640400,e,keydown
3640600, ,keydown
3640700,c,keydown
3641300,Backspace,keydown
3642300,l,keydown
3643200,a,keydown
3643300, ,keydown
3643500,m,keydown
3643700,a,keydown
3643900,i,keydown
3644400,l,keydown
3644500, ,keydown
3644800,d,keydown
3644900,i,keydown
3645100, ,keydown
3646600,d,keydown
3647100,Backspace,keydown
3647400,d,keydown
3647600,a,keydown
3648000,n,keydown
3648300,i,keydown
3648600,e,keydown
3648700,l,keydown
3649000,e,keydown
3649100, ,keydown
3649300,c,keydown
3649400,h,keydown
3649500,e,keydown
3649800, ,keydown
3650100,m,keydown
3650200,i,keydown
3650400, ,keydown
3650700,p,keydown
3650800,e,keydown
3650900,r,keydown
3651100,s,keydown
3651300,e,keydown
3651500,g,keydown
3651700,u,keydown
3651900,i,keydown
3652000,t,keydown
3652300,a,keydown
3652700,v,keydown
3652900,a,keydown
3653000, ,keydown
3653300,t,keydown
3653400,u,keydown
3653700,t,keydown
3653800,t,keydown
3654000,i,keydown
3654200, ,keydown
3654400,i,keydown
3654600, ,keydown
3655200,g,keydown
3655400,i,keydown
3655500,o,keydown
3656100,r,keydown
3656300,n,keydown
3656500,i,keydown
3656600, ,keydown
3656800,l,keydown
3657000,a,keydown
3657300, ,keydown
3657700,c,keydown
3657800,a,keydown
3658000,s,keydown
3658300,e,keydown
3658500,l,keydown
3658700,l,keydown
3658800,a,keydown
3658900, ,keydown
3659100,p,keydown
3659200,o,keydown
3659600,s,keydown
3659800,t,keydown
3660100,a,keydown
3660200,l,keydown
3660400,e,keydown
3660500, ,keydown
3660700,r,keydown
3660800,i,keydown
3661000,c,keydown
3661200,o,keydown
3661300,r,keydown
3661500,d,keydown
3661800,a,keydown
3662300,n,keydown
3662500,d,keydown
3662700,o,keydown
3663200,m,keydown
3663400,i,keydown
3663500, ,keydown
3663700,d,keydown
3663900,i,keydown
3664000, ,keydown
3664500,f,keydown
3664800,a,keydown
3664900,r,keydown
3665600,e,keydown
3666000, ,keydown
3666600,l,keydown
3667100,#,keydown
3667500,e,keydown
3667700,s,keydown
3667800,p,keydown
3668000,e,keydown
3668200,r,keydown
3668200,i,keydown
3668500,m,keydown
3668500,e,keydown
3668600,n,keydown
3668800,t,keydown
3669100,o,keydown
3669200, ,keydown
3669300,s,keydown
3669600,e,keydown
3669600, ,keydown
3669900,n,keydown
3670100,e,keydown
3670200, ,keydown
3670400,a,keydown
3670600,v,keydown
3670800,e,keydown
3671000,v,keydown
3671300,o,keydown
3671500, ,keydown
3671600,v,keydown
3671800,o,keydown
3672100,g,keydown
3672200,l,keydown
3672400,i,keydown
3672600,a,keydown
3672800,#,keydown
3673100, ,keydown
3674300,Enter,keydown
3676300,a,keydown
3676400,n,keydown
3676500,c,keydown
3676600,h,keydown
3676700,e,keydown
3676900, ,keydown
3677100,p,keydown
3677200,e,keydown
3677400,r,keydown
3677700,c,keydown
3677700,h,keydown
3677900,e,keydown
3678100,#,keydown
3678300, ,keydown
3681200,q,keydown
3681400,u,keydown
3681500,e,keydown
3681700,s,keydown
3681900,t,keydown
3682100,a,keydown
3682200, ,keydown
3682400,a,keydown
3682600,r,keydown
3682800,r,keydown
3682900,i,keydown
3683100,v,keydown
3683300,a,keydown
3683600,v,keydown
3683900,a,keydown
3684000, ,keydown
3684200,t,keydown
3684300,u,keydown
3684500,t,keydown
3684700,t,keydown
3685400,i,keydown
3685500, ,keydown
3685800,i,keydown
3686000, ,keydown
3686400,g,keydown
3686500,i,keydown
3686800,o,keydown
3687100,r,keydown
3687300,n,keydown
3687500,i,keydown
3688100,1,keydown
3688600, ,keydown
3689100,p,keydown
3689700,u,keydown
3690000,n,keydown
3690100,t,keydown
3690400,u,keydown
3690500,a,keydown
3690700,l,keydown
3690800,e,keydown
3692300,#,keydown
3692500, ,keydown
3693300,p,keydown
3693500,r,keydown
3693700,e,keydown
3694000,c,keydown
3694300,i,keydown
3694400,s,keydown
3694700,a,keydown
3695500,#,keydown
3695700, ,keydown
3697300,c,keydown
3697500,o,keydown
3697700,n,keydown
3697800, ,keydown
3697900,i,keydown
3698100,l,keydown
3698300, ,keydown
3698500,s,keydown
3698600,u,keydown
3698800,o,keydown
3699000, ,keydown
3699300,s,keydown
3699400,e,keydown
3699700,m,keydown
3699800,p,keydown
3700100,l,keydown
3700200,i,keydown
3700400,c,keydown
3700600,e,keydown
3700800, ,keydown
3701300,m,keydown
3701300,e,keydown
3701600,s,keydown
3701800,s,keydown
3702000,a,keydown
3702200,g,keydown
3702400,g,keydown
3702600,i,keydown
3703000,o,keydown
3703400, ,keydown
3704900,c,keydown
3705100,h,keydown
3705200,e,keydown
3705500, ,keydown
3706600,m,keydown
3706800,i,keydown
3706900, ,keydown
3707200,i,keydown
3707300,n,keydown
3707600,v,keydown
3707800,i,keydown
3708100,t,keydown
3708300,a,keydown
3708600,t,keydown
3709200,Backspace,keydown
3709400,v,keydown
3709500,a,keydown
3709800, ,keydown
3710200,a,keydown
3710600, ,keydown
3711100,c,keydown
3712500,l,keydown
3712800,i,keydown
3713000,c,keydown
3713100,c,keydown
3713300,a,keydown
3713500,r,keydown
3713700,e,keydown
3713900, ,keydown
3716400,l,keydown
3716800,#,keydown
3717100,i,keydown
3717300,n,keydown
3717500,d,keydown
3717700,i,keydown
3717800,r,keydown
3718000,i,keydown
3718300,z,keydown
3718500,z,keydown
3718600,o,keydown
3718800, ,keydown
3718900,d,keydown
3719100,i,keydown
3719200, ,keydown
3722900,Backspace,keydown
3723100,Backspace,keydown
3724200,Backspace,keydown
3725400,l,keydown
3725700,i,keydown
3726000,#,keydown
3726300, ,keydown
3726700,d,keydown
3727100,i,keydown
3727200, ,keydown
3727400,s,keydown
3727600,e,keydown
3727800,g,keydown
3728000,u,keydown
3728200,i,keydown
3728500,t,keydown
3728800,o,keydown
3729200,#,keydown
3729300, ,keydown
3730900,b,keydown
3731100,e,keydown
3731300,h,keydown
3732200,#,keydown
3732400, ,keydown
3732900,o,keydown
3733100,r,keydown
3733200,a,keydown
3733500, ,keydown
3733600,e,keydown
3734000,#,keydown
3734200, ,keydown
3734400,f,keydown
3734600,i,keydown
3734700,n,keydown
3734800,i,keydown
3735100,t,keydown
3735200,a,keydown
3735800,#,keydown
3736000, ,keydown
3736900,l,keydown
3737200,o,keydown
3737400, ,keydown
3737600,r,keydown
3737700,i,keydown
3737900,c,keydown
3738100,o,keydown
3738200,r,keydown
3738300,d,keydown
3738600,e,keydown
3738700,r,keydown
3739000,o,keydown
3739200,#,keydown
3739300, ,keydown
3739500,c,keydown
3739700,o,keydown
3739800,n,keydown
3740000, ,keydown
3740300,a,keydown
3740500,f,keydown
3740700,f,keydown
3740900,e,keydown
3741100,t,keydown
3741300,t,keydown
3742000,o,keydown
3742200, ,keydown
3743700,f,keydown
3743800,o,keydown
3744000,r,keydown
3744100,s,keydown
3744300,e,keydown
3744500, ,keydown
3744800,t,keydown
3744900,r,keydown
3745200,a,keydown
3745300, ,keydown
3746000,q,keydown
3746200,u,keydown
3746300,a,keydown
3746500,l,keydown
3746600,c,keydown
3746800,h,keydown
3746900,e,keydown
3747100, ,keydown
3749200,a,keydown
3749400,n,keydown
3749500,n,keydown
3749800,o,keydown
3750100,#,keydown
3750300, ,keydown
3751300,n,keydown
3751600,e,keydown
3751700, ,keydown
3752000,p,keydown
3752200,a,keydown
3752400,r,keydown
3752600,l,keydown
3752700,e,keydown
3752900,r,keydown
3753100,o,keydown
3753400,#,keydown
3753500, ,keydown
3753700,c,keydown
3753800,o,keydown
3754000,n,keydown
3754100, ,keydown
3754600,g,keydown
3754700,l,keydown
3754800,i,keydown
3755000, ,keydown
3755200,a,keydown
3755500,m,keydown
3755600,i,keydown
3755800,c,keydown
3755900,i,keydown
3756200, ,keydown
3756300,c,keydown
3756500,o,keydown
3756700,m,keydown
3757400,e,keydown
3757600, ,keydown
3757700,o,keydown
3757900,r,keydown
3758100,a,keydown
3758200, ,keydown
3758500,p,keydown
3758700,a,keydown
3758800,r,keydown
3759100,l,keydown
3759400,o,keydown
3759500, ,keydown
3759600,d,keydown
3759800,e,keydown
3760000,l,keydown
3760200, ,keydown
3760600,m,keydown
3761100,i,keydown
3761400,l,keydown
3761600,i,keydown
3761800,t,keydown
3762100,a,keydown
3762300,r,keydown
3762500,e,keydown
3763700, ,keydown
3763900,i,keydown
3764200,n,keydown
3764400, ,keydown
3764900,m,keydown
3765100,o,keydown
3765900,d,keydown
3766100,o,keydown
3766300, ,keydown
3766400,a,keydown
3767000,f,keydown
3767100,f,keydown
3767300,e,keydown
3767600,t,keydown
3767800,t,keydown
3767900,u,keydown
3768100,o,keydown
3768400,s,keydown
3768500,o,keydown
3768800, ,keydown
3768900,p,keydown
3769000,e,keydown
3769200,r,keydown
3769600,c,keydown
3769800,h,keydown
3769900,e,keydown
3770200,#,keydown
3770500, ,keydown
3770700,o,keydown
3771000,r,keydown
3771200,a,keydown
3771400,m,keydown
3771500,a,keydown
3771800,i,keydown
3771900, ,keydown
3772100,l,keydown
3772300,o,keydown
3773000,n,keydown
3773100,t,keydown
3773400,a,keydown
3773500,n,keydown
3773600,o,keydown
3773800, ,keydown
3774100,e,keydown
3774200, ,keydown
3774400,s,keydown
3774600,o,keydown
3774800,l,keydown
3775000,o,keydown
3775200, ,keydown
3775700,i,keydown
3775800, ,keydown
3776100,r,keydown
3776300,i,keydown
3776400,c,keydown
3776500,o,keydown
3776700,r,keydown
3776800,d,keydown
3777000,i,keydown
3777200, ,keydown
3777400,p,keydown
3777600,o,keydown
3777800,s,keydown
3777900,i,keydown
3778200,t,keydown
3778500,i,keydown
3778600,v,keydown
3778700,i,keydown
3778900, ,keydown
3779200,s,keydown
3779300,o,keydown
3779500,n,keydown
3779600,o,keydown
3779800, ,keydown
3780300,r,keydown
3780400,i,keydown
3780700,m,keydown
3780900,a,keydown
3781100,s,keydown
3781400,t,keydown
3781600,i,keydown
3781700, ,keydown
3781800,m,keydown
3782000,e,keydown
3782300,n,keydown
3782500,t,keydown
3782700,r,keydown
3782900,e,keydown
3783100, ,keydown
3783400,q,keydown
3783600,u,keydown
3783600,e,keydown
3784100,l,keydown
3784300,l,keydown
3784400,i,keydown
3784600, ,keydown
3784900,n,keydown
3785000,e,keydown
3785500,g,keydown
3785700,a,keydown
3785800,t,keydown
3786100,i,keydown
3786400,v,keydown
3786600,i,keydown
3786800, ,keydown
3787200,s,keydown
3787400,e,keydown
3787600,n,keydown
3788200,Backspace,keydown
3788300, ,keydown
3788500,n,keydown
3788700,e,keydown
3788900, ,keydown
3789200,s,keydown
3789300,o,keydown
3789500,n,keydown
3789700,o,keydown
3789900, ,keydown
3791500,c,keydown
3791700,a,keydown
3792000,n,keydown
3792200,c,keydown
3792700,e,keydown
3792900,l,keydown
3793000,l,keydown
3793300,a,keydown
3793500,t,keydown
3795200,Backspace,keydown
3796500,Backspace,keydown
3796700,Backspace,keydown
3797300,o,keydown
3797600,n,keydown
3797700,o,keydown
3797900, ,keydown
3798400,a,keydown
3798600,n,keydown
3798700,d,keydown
3799000,a,keydown
3799100,t,keydown
3800000,i,keydown
3800100, ,keydown
3800400,v,keydown
3802600,i,keydown
3802700,a,keydown
3803000, ,keydown
3803400,d,keydown
3803500,a,keydown
3803800,l,keydown
3803900,l,keydown
3804000,a,keydown
3804300, ,keydown
3804500,m,keydown
3804700,e,keydown
3804800,n,keydown
3805000,t,keydown
3805100,e,keydown
3805600,#,keydown
3805800,#,keydown
3805900,#,keydown
3806300,Backspace,keydown
3806500,Backspace,keydown
3807000,Enter,keydown
3808000,m,keydown
3808200,a,keydown
3808400, ,keydown
3808700,q,keydown
3808800,u,keydown
3809000,a,keydown
3809200,n,keydown
3809400,t,keydown
3809600,e,keydown
3809800, ,keydown
3810000,c,keydown
3810200,a,keydown
3810500,v,keydown
3810600,o,keydown
3810800,l,keydown
3810900,a,keydown
3811100,t,keydown
3811400,e,keydown
3811400, ,keydown
3811800,c,keydown
3811900,h,keydown
3812100,e,keydown
3812100, ,keydown
3812800,h,keydown
3812800,o,keydown
3813000, ,keydown
3813200,s,keydown
3813400,c,keydown
3813600,r,keydown
3813800,i,keydown
3813900,t,keydown
3814100,t,keydown
3814200,o,keydown
3814300, ,keydown
3814400,a,keydown
3814500,n,keydown
3814700,c,keydown
3814800,h,keydown
3814900,e,keydown
3815000, ,keydown
3815200,o,keydown
3815500,g,keydown
3815600,g,keydown
3815700,i,keydown
3816100,1,keydown
