timestamp,key,type
45362400,Backspace,keydown
45362400,Backspace,keydown
45362400,Backspace,keydown
45362400,Backspace,keydown
45362400,Backspace,keydown
45362400,Backspace,keydown
45362400,Backspace,keydown
45362400,Backspace,keydown
45362400,#,keydown
45363800,e,keydown
45364000,c,keydown
45364100,c,keydown
45364300,o,keydown
45364400,m,keydown
45364600,i,keydown
45364700, ,keydown
45365200,n,keydown
45365300,u,keydown
45365400,o,keydown
45365700,v,keydown
45365700,a,keydown
45365900,m,keydown
45366000,e,keydown
45366200,n,keydown
45366300,t,keydown
45366300,e,keydown
45366500, ,keydown
45366700,q,keydown
45366800,u,keydown
45367000,a,keydown
45367600,",",keydown
45367700, ,keydown
45367900,p,keydown
45368100,e,keydown
45368100,r,keydown
45368300, ,keydown
45368600,s,keydown
45368700,c,keydown
45368900,r,keydown
45369100,i,keydown
45369200,v,keydown
45369300,e,keydown
45369500,r,keydown
45369500,e,keydown
45369700, ,keydown
45370000,a,keydown
45370100,l,keydown
45370300,t,keydown
45370400,r,keydown
45370400,e,keydown
45370600, ,keydown
45370800,f,keydown
45371000,r,keydown
45371200,a,keydown
45371400,s,keydown
45371500,i,keydown
45371700, ,keydown
45372200,i,keydown
45372300,n,keydown
45372400, ,keydown
45372500,m,keydown
45372600,o,keydown
45372800,d,keydown
45372900,o,keydown
45373000, ,keydown
45374300,c,keydown
45374300,h,keydown
45374400,e,keydown
45374500, ,keydown
45374800,s,keydown
45374900,i,keydown
45374900, ,keydown
45375900,p,keydown
45375900,o,keydown
45376100,s,keydown
45376300,s,keydown
45376300,a,keydown
45376600,Enter,keydown
45376900,v,keydown
45377000,e,keydown
45377200,d,keydown
45377200,e,keydown
45377500,r,keydown
45377500,e,keydown
45377600, ,keydown
45377700,s,keydown
45378000,e,keydown
45378000, ,keydown
45378200,s,keydown
45378400,o,keydown
45379200,n,keydown
45379300,o,keydown
45379400,n,keydown
45379600, ,keydown
45380200,Backspace,keydown
45380400,Backspace,keydown
45380700, ,keydown
45380900,s,keydown
45381200,e,keydown
45381300,m,keydown
45381400,p,keydown
45381500,r,keydown
45381600,e,keydown
45381700, ,keydown
45382200,l,keydown
45382500,o,keydown
45382500, ,keydown
45382700,s,keydown
45382900,t,keydown
45383000,e,keydown
45383200,s,keydown
45383300,s,keydown
45383400,o,keydown
45383500, ,keydown
45383700,p,keydown
45384800,Backspace,keydown
45385200,o,keydown
45385400,p,keydown
45385500,p,keydown
45385700,u,keydown
45385900,r,keydown
45385900,e,keydown
45386000, ,keydown
45386200,n,keydown
45386300,o,keydown
45386900,",",keydown
45387000, ,keydown
45387200,m,keydown
45387300,a,keydown
45387700,g,keydown
45387700,a,keydown
45388000,r,keydown
45388100,i,keydown
45388100, ,keydown
45389000,c,keydown
45389000,a,keydown
45389600,m,keydown
45389900,b,keydown
45390000,i,keydown
45390100,a,keydown
45390200, ,keydown
45390400,i,keydown
45390500,l,keydown
45390600, ,keydown
45390800,m,keydown
45390900,i,keydown
45390900,o,keydown
45391000, ,keydown
45391300,m,keydown
45391400,o,keydown
45391600,d,keydown
45391700,o,keydown
45392200,Enter,keydown
45392700,d,keydown
45392800,i,keydown
45392900, ,keydown
45393000,s,keydown
45393100,c,keydown
45393300,r,keydown
45393400,i,keydown
45393600,v,keydown
45393700,e,keydown
45393800,r,keydown
45393900,e,keydown
45393900, ,keydown
45394300,a,keydown
45394500,n,keydown
45394500,c,keydown
45394700,h,keydown
45394800,e,keydown
45394900, ,keydown
45395100,i,keydown
45395300,n,keydown
45395300, ,keydown
45395600,f,keydown
45395700,u,keydown
45395800,n,keydown
45395900,z,keydown
45396000,i,keydown
45396100,o,keydown
45396300,n,keydown
45396400,e,keydown
45396400, ,keydown
45396600,d,keydown
45396600,e,keydown
45396900,l,keydown
45397000,l,keydown
45397200,#,keydown
45397500,u,keydown
45397700,m,keydown
45397800,o,keydown
45398000,r,keydown
45398000,e,keydown
45399300,",",keydown
45399500, ,keydown
45399700,a,keydown
45400600,d,keydown
45400700, ,keydown
45401100,e,keydown
45401400,s,keydown
45401500,e,keydown
45401600,m,keydown
45401900,p,keydown
45402100,i,keydown
45402100,o,keydown
45402100, ,keydown
45402400,s,keydown
45402500,e,keydown
45402700, ,keydown
45403000,s,keydown
45403100,o,keydown
45403200,n,keydown
45403300,o,keydown
45403400, ,keydown
45404600,u,keydown
45404600,n,keydown
45405000,Enter,keydown
45405300,p,keydown
45405300,o,keydown
45405800,#,keydown
45405900, ,keydown
45406300,p,keydown
45406400,i,keydown
45406600,u,keydown
45407100,#,keydown
45407100, ,keydown
45407200,a,keydown
45407500,r,keydown
45407700,r,keydown
45407700,a,keydown
45407900,b,keydown
45408100,b,keydown
45408200,i,keydown
45408300,a,keydown
45408600,t,keydown
45408700,o,keydown
45409000, ,keydown
45409300,s,keydown
45409500,c,keydown
45409900,i,keydown
45410700,Backspace,keydown
45411100,r,keydown
45411200,i,keydown
45411400,v,keydown
45411500,o,keydown
45411600, ,keydown
45411800,p,keydown
45412100,i,keydown
45412300,u,keydown
45412600,#,keydown
45412700, ,keydown
45413000,i,keydown
45413100,n,keydown
45413200, ,keydown
45413500,f,keydown
45413500,r,keydown
45413600,e,keydown
45413900,t,keydown
45414000,t,keydown
45414100,a,keydown
45414500,",",keydown
45414500, ,keydown
45414800,m,keydown
45415000,a,keydown
45415000, ,keydown
45415500,c,keydown
45415600,o,keydown
45415800,n,keydown
45416000, ,keydown
45416200,p,keydown
45416300,i,keydown
45416500,u,keydown
45416900,#,keydown
45417100, ,keydown
45417200,e,keydown
45417200,w,keydown
45418300,Backspace,keydown
45418400,r,keydown
45418700,r,keydown
45419300,o,keydown
45419400,r,keydown
45419400,i,keydown
45420500,.,keydown
45421300,Enter,keydown
45424000,#,keydown
45426000,r,keydown
45426200,i,keydown
45426400,p,keydown
45426500,r,keydown
45426500,e,keydown
45426700,n,keydown
45426800,d,keydown
45426900,o,keydown
45427000, ,keydown
45427200,d,keydown
45427300,a,keydown
45427500,l,keydown
45427600,l,keydown
45427700,a,keydown
45427800, ,keydown
45428000,t,keydown
45428100,u,keydown
45428300,a,keydown
45428400, ,keydown
45428500,m,keydown
45428700,a,keydown
45428900,i,keydown
45428900,l,keydown
45429000, ,keydown
45429200,i,keydown
45429300,n,keydown
45429400,i,keydown
45429700,z,keydown
45429800,i,keydown
45429800,a,keydown
45429900,l,keydown
45430600,e,keydown
45431600,",",keydown
45431800, ,keydown
45432000,c,keydown
45432200,h,keydown
45432300,e,keydown
45432500, ,keydown
45432700,l,keydown
45433000,#,keydown
45433400,o,keydown
45434000,b,keydown
45434100,i,keydown
45434500,e,keydown
45434700,t,keydown
45434900,t,keydown
45435100,i,keydown
45435200,v,keydown
45435300,o,keydown
45435800, ,keydown
45459100,e,keydown
45459400,#,keydown
45459600, ,keydown
45460000,q,keydown
45460500,u,keydown
45460600,e,keydown
45460700,l,keydown
45460900,l,keydown
45461100,o,keydown
45461200, ,keydown
45461300,d,keydown
45461400,i,keydown
45461900,Enter,keydown
45462400,r,keydown
45462400,a,keydown
45462700,c,keydown
45462900,c,keydown
45463000,o,keydown
45463200,g,keydown
45463300,l,keydown
45463500,i,keydown
45463500,e,keydown
45463600,r,keydown
45463700,e,keydown
45463900, ,keydown
45466000,a,keydown
45466100,l,keydown
45466500,m,keydown
45466600,e,keydown
45466600,n,keydown
45466900,o,keydown
45467100, ,keydown
45467700,u,keydown
45467900,n,keydown
45468300,d,keydown
45468500,i,keydown
45468600,c,keydown
45468700,i,keydown
45468800, ,keydown
45469000,c,keydown
45469100,a,keydown
45469200,m,keydown
45469400,p,keydown
45469500,i,keydown
45469700,o,keydown
45469800,n,keydown
45469800,i,keydown
45470400, ,keydown
45471300,d,keydown
45471400,i,keydown
45471400, ,keydown
45474400,o,keydown
45474700,g,keydown
45474800,n,keydown
45474900,i,keydown
45475000, ,keydown
45475300,p,keydown
45475300,e,keydown
45475500,r,keydown
45475600,s,keydown
45475700,o,keydown
45475800,n,keydown
45475900,a,keydown
45476100, ,keydown
45476200,c,keydown
45476300,h,keydown
45476400,e,keydown
45476500, ,keydown
45476800,p,keydown
45476800,a,keydown
45476900,r,keydown
45477100,t,keydown
45477200,e,keydown
45477400,c,keydown
45477600,i,keydown
45477900,p,keydown
45478000,a,keydown
45478500, ,keydown
45478700,a,keydown
45478800,l,keydown
45479000,l,keydown
45480200,#,keydown
45480600,Backspace,keydown
45480800,#,keydown
45481200,e,keydown
45481500,s,keydown
45481500,p,keydown
45481700,e,keydown
45481900,r,keydown
45482000,i,keydown
45482100,m,keydown
45482200,e,keydown
45482300,n,keydown
45482400,t,keydown
45482500,o,keydown
45482700,",",keydown
45483100,Enter,keydown
45486400,c,keydown
45486500,o,keydown
45486600,m,keydown
45486700,p,keydown
45487000,r,keydown
45487000,e,keydown
45487300,s,keydown
45487300,o,keydown
45487400, ,keydown
45487600,m,keydown
45487700,e,keydown
45488200,",",keydown
45488300, ,keydown
45488600,q,keydown
45488700,u,keydown
45488800,i,keydown
45489000,n,keydown
45489100,d,keydown
45489200,i,keydown
45489900,.,keydown
45492200, ,keydown
45492800,#,keydown
45494000,s,keydown
45494100,o,keydown
45494300,l,keydown
45494400,o,keydown
45494500, ,keydown
45494700,a,keydown
45494700,l,keydown
45494900,l,keydown
45495100,o,keydown
45495200,r,keydown
45495300,a,keydown
45495300, ,keydown
45495600,n,keydown
45495700,o,keydown
45495800,n,keydown
45495800, ,keydown
45496200,r,keydown
45496300,i,keydown
45496400,c,keydown
45496500,e,keydown
45496700,v,keydown
45496700,e,keydown
45497000,r,keydown
45497100,e,keydown
45497600,Backspace,keydown
45497800,Backspace,keydown
45498500,e,keydown
45498900,Backspace,keydown
45498900,r,keydown
45499100,e,keydown
45499600,m,keydown
45499700,o,keydown
45499700, ,keydown
45499900,p,keydown
45500100,i,keydown
45500300,u,keydown
45500700,#,keydown
45500800, ,keydown
45501100,l,keydown
45501300,a,keydown
45501400, ,keydown
45501700,m,keydown
45501900,i,keydown
45502000,l,keydown
45502900, ,keydown
45503600,Backspace,keydown
45503800,Backspace,keydown
45504000,Backspace,keydown
45504100,a,keydown
45504900,i,keydown
45504900,l,keydown
45505100, ,keydown
45505200,m,keydown
45505300,a,keydown
45505600,t,keydown
45505700,t,keydown
45505900,i,keydown
45506000,n,keydown
45506000,i,keydown
45506100,e,keydown
45506400,r,keydown
45506400,a,keydown
45507800,",",keydown
45507900,Enter,keydown
45508100,c,keydown
45508300,h,keydown
45508500,e,keydown
45508600, ,keydown
45508800,c,keydown
45508900,i,keydown
45509000, ,keydown
45509100,r,keydown
45509300,i,keydown
45509400,c,keydown
45509600,o,keydown
45509700,r,keydown
45510000,d,keydown
45510000,a,keydown
45510200, ,keydown
45510300,c,keydown
45510400,h,keydown
45510600,e,keydown
45510700, ,keydown
45511700,t,keydown
45511800,i,keydown
45512000, ,keydown
45512200,d,keydown
45512200,o,keydown
45512700,b,keydown
45512800,b,keydown
45512900,i,keydown
45513000,a,keydown
45513100,m,keydown
45513200,o,keydown
45513300, ,keydown
45513500,s,keydown
45513600,c,keydown
45513800,r,keydown
45513900,i,keydown
45514000,v,keydown
45514100,e,keydown
45514300,r,keydown
45514400,e,keydown
45514600, ,keydown
45515800,d,keydown
45515800,e,keydown
45516400,n,keydown
45516700,t,keydown
45516700,r,keydown
45516800,o,keydown
45516900, ,keydown
45517200,q,keydown
45517300,u,keydown
45517500,e,keydown
45518800,s,keydown
45518900,o,keydown
45519500,Backspace,keydown
45519700,t,keydown
45519800,o,keydown
45519900, ,keydown
45520200,f,keydown
45520400,o,keydown
45520500,r,keydown
45520700,m,keydown
45521400,.,keydown
45522500, ,keydown
45524900,#,keydown
45525100,p,keydown
45525300,e,keydown
45525400,r,keydown
45525500,Enter,keydown
45525900,p,keydown
45526000,r,keydown
45526000,o,keydown
45526200,v,keydown
45526400,a,keydown
45526600,r,keydown
45526600,e,keydown
45526700, ,keydown
45526900,c,keydown
45527000,i,keydown
45527100, ,keydown
45527400,d,keydown
45527500,o,keydown
45527700,b,keydown
45527900,b,keydown
45528000,i,keydown
45528200,a,keydown
45528300,m,keydown
45528400,o,keydown
45528500, ,keydown
45529400,c,keydown
45529500,o,keydown
45529700,l,keydown
45529800,l,keydown
45530000,e,keydown
45530200,g,keydown
45530300,a,keydown
45530600,r,keydown
45530600,e,keydown
45531700, ,keydown
45531800,a,keydown
45531900, ,keydown
45532600,h,keydown
45532800,t,keydown
45533000,t,keydown
45533400,p,keydown
45533700,#,keydown
45533800,#,keydown
45534000,#,keydown
45534100,#,keydown
45535300,w,keydown
45535500,w,keydown
45535600,w,keydown
45535700,.,keydown
45536300,d,keydown
45536600,i,keydown
45536900,.,keydown
45537100,u,keydown
45537200,n,keydown
45537300,i,keydown
45537700,t,keydown
45537700,o,keydown
45538100,.,keydown
45538700,i,keydown
45538700,t,keydown
45540000,#,keydown
45540200,#,keydown
45540500,#,keydown
45541100,b,keydown
45541100,e,keydown
45541300,r,keydown
45541600,g,keydown
45541700,a,keydown
45541900,d,keydown
45542000,a,keydown
45542100,n,keydown
45544000,#,keydown
45544800,k,keydown
45544900,e,keydown
45545000,y,keydown
45545200,s,keydown
45545900,#,keydown
45547400,",",keydown
45547500,k,keydown
45548500,Backspace,keydown
45548700,Backspace,keydown
45549500,k,keydown
45549700,e,keydown
45550000,y,keydown
45550200,s,keydown
45550600,3,keydown
45551000,.,keydown
45552400,h,keydown
45552400,t,keydown
45552700,m,keydown
45552800,l,keydown
45553400,",",keydown
45553600,Enter,keydown
45554400,c,keydown
45554500,h,keydown
45554600,e,keydown
45554700, ,keydown
45555000,c,keydown
45555200,i,keydown
45555200, ,keydown
45555600,f,keydown
45555700,o,keydown
45555800,r,keydown
45555900,n,keydown
45556000,i,keydown
45556200,s,keydown
45556300,c,keydown
45557000,e,keydown
45557100, ,keydown
45557400,q,keydown
45557600,u,keydown
45557900,e,keydown
45558100,s,keydown
45558400,t,keydown
45558400,o,keydown
45558600, ,keydown
45559000,f,keydown
45559100,o,keydown
45559200,r,keydown
45559300,m,keydown
45560000, ,keydown
45560400,d,keydown
45560400,a,keydown
45560500, ,keydown
45560700,c,keydown
45560700,o,keydown
45560800,m,keydown
45561000,p,keydown
45561000,l,keydown
45561100,e,keydown
45561300,t,keydown
45561500,a,keydown
45561700,r,keydown
45561800,e,keydown
45564000,.,keydown
45564500, ,keydown
45566500,#,keydown
45567600,q,keydown
45567800,u,keydown
45567900,a,keydown
45568100,n,keydown
45568100,d,keydown
45568300,o,keydown
45568700, ,keydown
45569200,a,keydown
45569700,b,keydown
45569800,b,keydown
45570000,i,keydown
45570200,a,keydown
45570400,m,keydown
45570400,o,keydown
45570400, ,keydown
45570700,r,keydown
45570800,i,keydown
45571000,e,keydown
45571000,m,keydown
45571200,p,keydown
45571400,i,keydown
45571800,t,keydown
45571900,o,keydown
45572600,Enter,keydown
45574700,l,keydown
45574800,a,keydown
45574900, ,keydown
45575100,#,keydown
45575200,u,keydown
45575400,r,keydown
45575700,l,keydown
45576100, ,keydown
45576300,a,keydown
45576400,l,keydown
45576600,l,keydown
45576700,o,keydown
45577100,r,keydown
45577200,a,keydown
45577300, ,keydown
45577400,p,keydown
45577400,o,keydown
45577600,s,keydown
45577800,s,keydown
45577900,i,keydown
45578100,a,keydown
45578200,m,keydown
45578300,o,keydown
45578300, ,keydown
45578600,c,keydown
45578600,l,keydown
45578800,i,keydown
45578900,c,keydown
45579100,c,keydown
45579200,a,keydown
45579400,r,keydown
45579500,e,keydown
45579500, ,keydown
45579900,s,keydown
45580100,u,keydown
45580200,l,keydown
45580400, ,keydown
45581100,t,keydown
45581200,a,keydown
45581300,s,keydown
45581700,t,keydown
45581700,o,keydown
45581900, ,keydown
45582500,d,keydown
45582500,i,keydown
45582700, ,keydown
45583300,s,keydown
45583400,o,keydown
45583600,t,keydown
45583800,t,keydown
45583900,o,keydown
45584000,m,keydown
45584100,i,keydown
45584200,s,keydown
45584400,s,keydown
45584600,i,keydown
45584600,o,keydown
45584800,n,keydown
45584900,e,keydown
45585000, ,keydown
45585200,d,keydown
45585300,e,keydown
45586300,l,keydown
45586400,l,keydown
45586700,a,keydown
45586900,Enter,keydown
45587200,f,keydown
45587300,o,keydown
45587500,r,keydown
45587600,m,keydown
45587900, ,keydown
45588500,e,keydown
45588600, ,keydown
45589000,q,keydown
45589100,u,keydown
45589200,e,keydown
45589500,s,keydown
45589600,t,keydown
45589800,a,keydown
45589800, ,keydown
45590100,v,keydown
45590200,i,keydown
45590400,e,keydown
45590400,n,keydown
45590600,e,keydown
45590700, ,keydown
45590900,i,keydown
45591000,n,keydown
45591300,v,keydown
45591400,i,keydown
45591600,a,keydown
45591700,t,keydown
45591900,a,keydown
45592500, ,keydown
45593000,r,keydown
45593100,i,keydown
45593300,s,keydown
45593400,p,keydown
45593500,o,keydown
45593700,n,keydown
45593800,d,keydown
45593900,e,keydown
45594400,n,keydown
45594600,c,keydown
45594700,o,keydown
45596400,Backspace,keydown
45596700,Backspace,keydown
45597100,d,keydown
45597400,o,keydown
45597400,c,keydown
45597500,i,keydown
45600300, ,keydown
45601900,c,keydown
45602100,h,keydown
45602200,e,keydown
45602300, ,keydown
45602800,e,keydown
45602900,#,keydown
45603100, ,keydown
45603200,s,keydown
45603300,t,keydown
45603500,a,keydown
45603700,t,keydown
45603700,a,keydown
45603900, ,keydown
45604200,s,keydown
45604400,o,keydown
45604600,t,keydown
45604800,t,keydown
45604800,o,keydown
45605000,m,keydown
45605000,e,keydown
45605300,s,keydown
45605500,s,keydown
45605600,a,keydown
45606700,.,keydown
