timestamp,key,type
17100,Backspace,keydown
17100,Backspace,keydown
17100,Backspace,keydown
17100,Backspace,keydown
17100,Backspace,keydown
17100,Backspace,keydown
17100,Backspace,keydown
17100,Backspace,keydown
17100,a,keydown
17300,n,keydown
17600,c,keydown
17800,h,keydown
17900,e,keydown
18000, ,keydown
18300,o,keydown
18500,g,keydown
18600,g,keydown
18900,i,keydown
19700, ,keydown
21600,Backspace,keydown
22500,Backspace,keydown
23100,e,keydown
23300,s,keydown
23500,a,keydown
23700,m,keydown
23800,i,keydown
24000, ,keydown
24300,a,keydown
24500,d,keydown
25100, ,keydown
25500,a,keydown
26100,l,keydown
26300,e,keydown
26500,s,keydown
26700,s,keydown
27000,a,keydown
27100,n,keydown
27300,d,keydown
27600,r,keydown
27800,i,keydown
28000,a,keydown
28900,#,keydown
29100, ,keydown
34700,c,keydown
35000,a,keydown
35100,n,keydown
35300,d,keydown
35400,i,keydown
35600,d,keydown
35800,a,keydown
36000,t,keydown
36100,i,keydown
36200, ,keydown
36400,p,keydown
36600,r,keydown
36800,e,keydown
36900,s,keydown
37000,e,keydown
37200,n,keydown
37400,t,keydown
37500,a,keydown
37700,t,keydown
37900,i,keydown
38000, ,keydown
38900,u,keydown
39100,n,keydown
39300,o,keydown
39500, ,keydown
39700,s,keydown
39800,o,keydown
40100,l,keydown
40300,o,keydown
40600,#,keydown
40800, ,keydown
42000,q,keydown
42300,u,keydown
42500,i,keydown
42600,n,keydown
42800,d,keydown
43000,i,keydown
45300, ,keydown
45600,a,keydown
46100,p,keydown
46200,p,keydown
46400,e,keydown
46600,n,keydown
47200,a,keydown
47500,Enter,keydown
48000,f,keydown
48200,i,keydown
48300,n,keydown
48500,i,keydown
48600,t,keydown
48700,o,keydown
49000, ,keydown
49800,g,keydown
50000,l,keydown
50100,i,keydown
50300, ,keydown
50500,e,keydown
51800,s,keydown
52000,a,keydown
52200,m,keydown
52300,i,keydown
52400, ,keydown
52700,s,keydown
52900,o,keydown
53100,n,keydown
53200,o,keydown
53400, ,keydown
53600,c,keydown
53800,o,keydown
53900,r,keydown
54100,s,keydown
54200,o,keydown
54400, ,keydown
54700,v,keydown
54900,e,keydown
55000,r,keydown
55200,s,keydown
55400,o,keydown
55500, ,keydown
55600,i,keydown
55900,l,keydown
56000, ,keydown
56200,t,keydown
56400,r,keydown
56600,e,keydown
56800,m,keydown
57200,Backspace,keydown
57400,n,keydown
57600,o,keydown
57700, ,keydown
60300,c,keydown
60300,h,keydown
60500,e,keydown
60600, ,keydown
60800,p,keydown
61000,u,keydown
61200,r,keydown
61400,t,keydown
61600,r,keydown
61800,o,keydown
62000,p,keydown
62100,p,keydown
62300,o,keydown
62400, ,keydown
62600,c,keydown
62700,o,keydown
62900,m,keydown
63200,e,keydown
63400, ,keydown
63600,a,keydown
63700,l,keydown
63900, ,keydown
64100,s,keydown
64200,o,keydown
64400,l,keydown
64500,i,keydown
64800,t,keydown
65000,o,keydown
65100, ,keydown
65500,e,keydown
65700,r,keydown
65900,a,keydown
66000, ,keydown
66200,i,keydown
66500,n,keydown
67900, ,keydown
68100,r,keydown
68200,i,keydown
68400,t,keydown
68600,a,keydown
68800,r,keydown
69000,d,keydown
69200,o,keydown
69500, ,keydown
70800,d,keydown
71000,i,keydown
71300, ,keydown
71400,c,keydown
71600,i,keydown
71700,r,keydown
72200,c,keydown
72300,a,keydown
72600, ,keydown
72800,2,keydown
73200,0,keydown
73800,#,keydown
74200,3,keydown
74400,0,keydown
74600, ,keydown
74800,m,keydown
75000,i,keydown
75200,n,keydown
75300,u,keydown
75600,t,keydown
75700,i,keydown
76000,#,keydown
76400,Enter,keydown
79100,a,keydown
79400,r,keydown
79500,r,keydown
79800,i,keydown
79900,v,keydown
80000,a,keydown
80200,t,keydown
80300,o,keydown
80400, ,keydown
80600,a,keydown
80800, ,keydown
81200,t,keydown
81400,o,keydown
81400,r,keydown
82700,i,keydown
82800,n,keydown
83000,o,keydown
83200, ,keydown
84300,s,keydown
84400,o,keydown
84600,n,keydown
84800,o,keydown
84900, ,keydown
85200,a,keydown
85300,n,keydown
85400,d,keydown
86800,a,keydown
87000,t,keydown
88300,o,keydown
88500, ,keydown
88900,v,keydown
89100,e,keydown
89300,r,keydown
89600,s,keydown
89700,o,keydown
89900, ,keydown
90000,c,keydown
90300,a,keydown
90400,s,keydown
90900,o,keydown
91400,Backspace,keydown
91500,a,keydown
95700,#,keydown
95900, ,keydown
96200,d,keydown
96300,o,keydown
96500,p,keydown
96700,o,keydown
96800, ,keydown
97000,e,keydown
97200,s,keydown
97400,s,keydown
97600,e,keydown
97700,r,keydown
97900,e,keydown
98100, ,keydown
98300,p,keydown
98400,a,keydown
98700,s,keydown
98800,s,keydown
99000,a,keydown
99200,t,keydown
99300,o,keydown
99400, ,keydown
99600,d,keydown
103300,Backspace,keydown
106500,Backspace,keydown
106700,Backspace,keydown
106800,Backspace,keydown
106900,Backspace,keydown
107100,Backspace,keydown
107300,Backspace,keydown
107500,Backspace,keydown
107600,Backspace,keydown
107900,Backspace,keydown
108000,Backspace,keydown
108500,m,keydown
108700,i,keydown
108800, ,keydown
109100,f,keydown
109300,e,keydown
109400,r,keydown
109600,m,keydown
109700,a,keydown
109900,t,keydown
110100,o,keydown
110300, ,keydown
111100,i,keydown
111200,n,keydown
111400, ,keydown
111600,u,keydown
111700,n,keydown
111900, ,keydown
112000,r,keydown
112300,i,keydown
112400,s,keydown
112600,t,keydown
113000,o,keydown
113200,r,keydown
113600,a,keydown
113800,n,keydown
114000,t,keydown
114100,e,keydown
114300, ,keydown
114500,c,keydown
114600,i,keydown
114800,n,keydown
115000,e,keydown
115500,s,keydown
115800,e,keydown
115900, ,keydown
116100,p,keydown
116300,e,keydown
116500,r,keydown
116600, ,keydown
117000,p,keydown
117200,r,keydown
117400,a,keydown
117500,n,keydown
118100,z,keydown
118200,a,keydown
118500,r,keydown
118700,e,keydown
119600,#,keydown
120800,Enter,keydown
121300,i,keydown
121400,l,keydown
121600, ,keydown
121900,p,keydown
122100,r,keydown
122300,a,keydown
122400,n,keydown
122800,z,keydown
123000,o,keydown
123100, ,keydown
124100,a,keydown
124200,l,keydown
124400, ,keydown
124900,r,keydown
125000,i,keydown
125200,s,keydown
125300,o,keydown
126700,Backspace,keydown
126900,t,keydown
127100,o,keydown
127600,r,keydown
127800,a,keydown
127900,n,keydown
128100,t,keydown
128200,e,keydown
128400, ,keydown
128700,c,keydown
129000,i,keydown
129100,n,keydown
129300,e,keydown
129600,s,keydown
129700,e,keydown
129800, ,keydown
130000,n,keydown
130200,o,keydown
130300,n,keydown
130500, ,keydown
130700,e,keydown
130800,r,keydown
131000,a,keydown
131100, ,keydown
131300,u,keydown
131500,n,keydown
131700, ,keydown
131900,g,keydown
132200,r,keydown
132500,a,keydown
132600,n,keydown
134200,c,keydown
134400,h,keydown
134700,e,keydown
135700,#,keydown
138300,#,keydown
138400, ,keydown
138600,i,keydown
138800,n,keydown
139000,v,keydown
139200,o,keydown
139400,l,keydown
139500,t,keydown
139700,i,keydown
139800,m,keydown
140400,Backspace,keydown
140600,n,keydown
140800,o,keydown
140900, ,keydown
141100,p,keydown
141300,r,keydown
141400,i,keydown
141600,m,keydown
141800,a,keydown
142100,v,keydown
142300,e,keydown
142500,r,keydown
142900,a,keydown
144400,#,keydown
144700, ,keydown
145000,w,keydown
145200,o,keydown
145400,n,keydown
145700,m,keydown
145900,t,keydown
146100,o,keydown
146400,n,keydown
146600, ,keydown
146800,f,keydown
147000,r,keydown
147200,i,keydown
147300,t,keydown
147500,t,keydown
147800,o,keydown
148200, ,keydown
148600,9,keydown
149000,u,keydown
149100,n,keydown
149300, ,keydown
149500,p,keydown
149700,o,keydown
150100,#,keydown
150400, ,keydown
150500,t,keydown
150700,r,keydown
150900,o,keydown
151200,p,keydown
151300,p,keydown
151500,o,keydown
151600, ,keydown
152600,f,keydown
152900,r,keydown
153100,i,keydown
153400,t,keydown
153500,t,keydown
153700,o,keydown
154600,#,keydown
154800,#,keydown
155000,#,keydown
155400,0,keydown
157300,#,keydown
157500, ,keydown
158600,s,keydown
158800,p,keydown
159300,a,keydown
159600,g,keydown
159700,h,keydown
159900,e,keydown
160100,t,keydown
160200,t,keydown
160400,i,keydown
160600, ,keydown
160700,d,keydown
160900,i,keydown
161000, ,keydown
161200,r,keydown
161400,i,keydown
161500,s,keydown
161600,o,keydown
161700, ,keydown
161900,c,keydown
162000,o,keydown
162200,n,keydown
163100, ,keydown
163300,v,keydown
163500,e,keydown
163700,r,keydown
164000,d,keydown
164100,u,keydown
164300,r,keydown
164400,e,keydown
164900,#,keydown
165100, ,keydown
166300,p,keydown
166400,o,keydown
166600,l,keydown
166800,l,keydown
167000,o,keydown
167200, ,keydown
167500,c,keydown
167800,o,keydown
168000,n,keydown
168200, ,keydown
170300,b,keydown
170400,a,keydown
170700,m,keydown
171000,b,keydown
171400,u,keydown
172100,#,keydown
172300, ,keydown
172600,e,keydown
172800, ,keydown
175900,f,keydown
176100,u,keydown
176200,n,keydown
176900,g,keydown
177100,h,keydown
177200,i,keydown
177400, ,keydown
177600,c,keydown
177700,i,keydown
177900,n,keydown
178000,e,keydown
178300,s,keydown
178700,i,keydown
182300,#,keydown
182500,Enter,keydown
183700,i,keydown
183900,l,keydown
184200, ,keydown
184300,p,keydown
184500,r,keydown
184700,o,keydown
184900,b,keydown
185300,l,keydown
185400,e,keydown
185700,m,keydown
185800,a,keydown
185900, ,keydown
186200,e,keydown
186400,#,keydown
186700, ,keydown
186900,s,keydown
187100,o,keydown
187400,r,keydown
187600,t,keydown
187700,o,keydown
187900, ,keydown
188200,p,keydown
188400,a,keydown
188600,g,keydown
188800,a,keydown
189000,n,keydown
189100,d,keydown
189300,o,keydown
189600,#,keydown
189800, ,keydown
190300,l,keydown
190500,a,keydown
190700, ,keydown
190800,t,keydown
191000,i,keydown
191200,p,keydown
191500,a,keydown
191600, ,keydown
191800,a,keydown
192400,l,keydown
192600,l,keydown
192800,a,keydown
192900, ,keydown
193200,c,keydown
193300,a,keydown
193500,s,keydown
193700,s,keydown
193900,o,keydown
194300,Backspace,keydown
194500,a,keydown
194800, ,keydown
195000,n,keydown
195200,o,keydown
195400,n,keydown
195500, ,keydown
195800,s,keydown
196100,a,keydown
196300,p,keydown
196300,e,keydown
196800,v,keydown
197100,a,keydown
197100, ,keydown
197300,m,keydown
197500,i,keydown
197700,n,keydown
197900,i,keydown
198300,m,keydown
198600,a,keydown
199000,n,keydown
199200,e,keydown
199600,t,keydown
199800,e,keydown
200000, ,keydown
202100,Backspace,keydown
202300,Backspace,keydown
202500,Backspace,keydown
202700,Backspace,keydown
204200,Backspace,keydown
205700,m,keydown
205900,e,keydown
205900,n,keydown
206000,t,keydown
206200,e,keydown
206400, ,keydown
206600,c,keydown
206600,o,keydown
206800,m,keydown
207200,e,keydown
207300, ,keydown
207500,u,keydown
207700,t,keydown
207800,i,keydown
208100,l,keydown
208300,i,keydown
208400,z,keydown
208700,z,keydown
208800,a,keydown
209100,r,keydown
209200,e,keydown
209400, ,keydown
212100,l,keydown
212300,a,keydown
212400, ,keydown
212700,s,keydown
213000,m,keydown
213200,a,keydown
213400,r,keydown
213600,t,keydown
213800, ,keydown
213900,c,keydown
214100,a,keydown
214300,r,keydown
214500,d,keydown
215000, ,keydown
215200,d,keydown
215700,e,keydown
215900,l,keydown
216100,l,keydown
216300,a,keydown
216400, ,keydown
216700,b,keydown
216900,u,keydown
217000,o,keydown
217400,n,keydown
217700, ,keydown
217900,c,keydown
218100,h,keydown
218300,e,keydown
218800,f,keydown
220400,#,keydown
220600, ,keydown
221800,e,keydown
222100,r,keydown
222300,a,keydown
222400, ,keydown
222700,l,keydown
222800,a,keydown
222900, ,keydown
223100,p,keydown
223300,r,keydown
223500,i,keydown
223600,m,keydown
223800,a,keydown
223900, ,keydown
224200,v,keydown
224400,o,keydown
224600,l,keydown
224900,t,keydown
225100,a,keydown
225300, ,keydown
225400,c,keydown
225600,h,keydown
225700,e,keydown
225800, ,keydown
227200,q,keydown
227300,u,keydown
227500,a,keydown
227600,l,keydown
227800,c,keydown
228000,u,keydown
228200,n,keydown
228400,o,keydown
228600, ,keydown
229600,l,keydown
229700,a,keydown
229900, ,keydown
230100,p,keydown
230200,r,keydown
230400,e,keydown
230700,s,keydown
230800,e,keydown
230900,n,keydown
231100,t,keydown
231200,a,keydown
231600,v,keydown
231700,a,keydown
232200,#,keydown
232600,#,keydown
233100,Backspace,keydown
234200, ,keydown
235400,q,keydown
235600,u,keydown
235700,i,keydown
235900,n,keydown
236100,d,keydown
236200,i,keydown
236400, ,keydown
236900,g,keydown
237000,l,keydown
237200,i,keydown
237300, ,keydown
237700,Backspace,keydown
237900,Backspace,keydown
238000,Backspace,keydown
238200,Backspace,keydown
238500,l,keydown
239000,e,keydown
239100, ,keydown
239300,h,keydown
239400,o,keydown
239500, ,keydown
239700,d,keydown
239800,o,keydown
240100,v,keydown
240200,u,keydown
240400,t,keydown
240500,o,keydown
240600, ,keydown
241000,s,keydown
241400,p,keydown
241600,i,keydown
241900,e,keydown
242200,g,keydown
242400,a,keydown
242600,r,keydown
242700,e,keydown
243000, ,keydown
243300,i,keydown
243500,o,keydown
243700, ,keydown
244100,c,keydown
244300,o,keydown
244500,m,keydown
244700,e,keydown
244800, ,keydown
244900,u,keydown
245100,s,keydown
245400,a,keydown
245800,r,keydown
246000,l,keydown
246200,a,keydown
247700,#,keydown
248100, ,keydown
249400,i,keydown
249500,o,keydown
249700, ,keydown
250000,c,keydown
250100,h,keydown
250300,e,keydown
250300, ,keydown
250500,e,keydown
250700,r,keydown
250900,a,keydown
251100, ,keydown
251600,l,keydown
251700,a,keydown
251900, ,keydown
252400,s,keydown
252700,e,keydown
252900,c,keydown
253000,o,keydown
253200,n,keydown
253200,d,keydown
253400,a,keydown
253500, ,keydown
253800,o,keydown
254000, ,keydown
254300,t,keydown
254500,e,keydown
254600,r,keydown
255200,z,keydown
255400,a,keydown
255500, ,keydown
255800,v,keydown
255900,o,keydown
256000,l,keydown
256100,t,keydown
256300,a,keydown
256500, ,keydown
256600,c,keydown
256700,h,keydown
256800,e,keydown
256900, ,keydown
258300,l,keydown
258500,a,keydown
258700, ,keydown
259100,u,keydown
259200,t,keydown
259400,i,keydown
259500,l,keydown
259800,i,keydown
259900,z,keydown
260000,z,keydown
260300,a,keydown
260500,v,keydown
260600,o,keydown
261600,#,keydown
261800, ,keydown
262300,u,keydown
262500,n,keydown
262700, ,keydown
263100,q,keydown
263200,u,keydown
263400,a,keydown
263700,r,keydown
263800,t,keydown
264000,o,keydown
264200, ,keydown
264400,d,keydown
264700,#,keydown
265000,o,keydown
265300,r,keydown
265400,a,keydown
265500, ,keydown
265700,p,keydown
265800,e,keydown
266000,r,keydown
266200, ,keydown
266400,p,keydown
266600,a,keydown
267000,g,keydown
267100,a,keydown
267400,r,keydown
267600,e,keydown
268000,1,keydown
