timestamp,key,type
35988700,Backspace,keydown
35988700,Backspace,keydown
35988700,Backspace,keydown
35988700,Backspace,keydown
35988700,Backspace,keydown
35988700,Backspace,keydown
35988700,Backspace,keydown
35988700,Backspace,keydown
35988700,#,keydown
35989000,e,keydown
35989300,c,keydown
35989400,c,keydown
35989500,o,keydown
35989700,d,keydown
35989900,i,keydown
35990300,Backspace,keydown
35990500,Backspace,keydown
35990600,c,keydown
35990800,i,keydown
35990900, ,keydown
35991300,q,keydown
35991400,u,keydown
35991500,i,keydown
35992000,.,keydown
35992200, ,keydown
35992600,#,keydown
35993400,o,keydown
35993700,g,keydown
35993900,g,keydown
35994000,i,keydown
35994000,o,keydown
35994700,Backspace,keydown
35995200, ,keydown
35995300,e,keydown
35995500,#,keydown
35995600, ,keydown
35996200,l,keydown
35996500,u,keydown
35996500,n,keydown
35996700,e,keydown
35996900,d,keydown
35997000,i,keydown
35997100,#,keydown
35997300, ,keydown
35997500,e,keydown
35997600, ,keydown
35998300,h,keydown
35998400,o,keydown
35998500, ,keydown
35998700,u,keydown
35998700,n,keydown
35998900,a,keydown
35999000, ,keydown
35999200,b,keydown
35999400,e,keydown
35999400,l,keydown
35999600,l,keydown
35999700,a,keydown
35999800, ,keydown
36000000,b,keydown
36000100,a,keydown
36000300,r,keydown
36000600,z,keydown
36000800,e,keydown
36000900,l,keydown
36001000,l,keydown
36001200,e,keydown
36001300,t,keydown
36001700,t,keydown
36001900,a,keydown
36002100, ,keydown
36002300,d,keydown
36002300,a,keydown
36002500, ,keydown
36002800,s,keydown
36002800,o,keydown
36003100,p,keydown
36004200,p,keydown
36004400,o,keydown
36005200,t,keydown
36005500,o,keydown
36005800,r,keydown
36006000,t,keydown
36006300,i,keydown
36007100,.,keydown
36007800,Enter,keydown
36008400,Enter,keydown
36008600,#,keydown
36009400,#,keydown
36010000,#,keydown
36010300,q,keydown
36010600,u,keydown
36010600,a,keydown
36010700,n,keydown
36010900,d,keydown
36011100,o,keydown
36011100, ,keydown
36011500,#,keydown
36011800,d,keydown
36012000,i,keydown
36012200,o,keydown
36012500, ,keydown
36013000,f,keydown
36013200,e,keydown
36013300,c,keydown
36013400,e,keydown
36013600, ,keydown
36013800,i,keydown
36013900,l,keydown
36014000, ,keydown
36014200,m,keydown
36014300,o,keydown
36014900,n,keydown
36015100,d,keydown
36015200,o,keydown
36015700,",",keydown
36015900, ,keydown
36016500,p,keydown
36016600,e,keydown
36016700,r,keydown
36016900,c,keydown
36017100,h,keydown
36017200,e,keydown
36017400,#,keydown
36017600, ,keydown
36018400,g,keydown
36018600,l,keydown
36018600,i,keydown
36018800, ,keydown
36019500,u,keydown
36019700,o,keydown
36020000,m,keydown
36020100,i,keydown
36020400,n,keydown
36020400,i,keydown
36021000, ,keydown
36021600,v,keydown
36021700,i,keydown
36021800, ,keydown
36022000,p,keydown
36022200,r,keydown
36022300,o,keydown
36022500,s,keydown
36022700,p,keydown
36022900,e,keydown
36023000,r,keydown
36023100,a,keydown
36023700,s,keydown
36023700,s,keydown
36024000,e,keydown
36024100,r,keydown
36024600,o,keydown
36024800, ,keydown
36025100,d,keydown
36025300,e,keydown
36025500,c,keydown
36025700,i,keydown
36025800,s,keydown
36026100,e,keydown
36026400, ,keydown
36026700,d,keydown
36026800,i,keydown
36027000, ,keydown
36027100,d,keydown
36027100,a,keydown
36027700,r,keydown
36027800,e,keydown
36028000,Enter,keydown
36028200,a,keydown
36028400, ,keydown
36028500,c,keydown
36028800,u,keydown
36029100,Backspace,keydown
36029400,i,keydown
36029500,a,keydown
36029600,s,keydown
36029800,c,keydown
36029900,u,keydown
36030300,n,keydown
36030300,o,keydown
36030600, ,keydown
36032300,Backspace,keydown
36032400,Backspace,keydown
36032700, ,keydown
36032900,p,keydown
36033100,o,keydown
36033400,p,keydown
36033500,o,keydown
36033800,l,keydown
36034000,o,keydown
36034100, ,keydown
36034900,d,keydown
36036400,i,keydown
36036700,Backspace,keydown
36037000,u,keydown
36037100,e,keydown
36037300, ,keydown
36037700,v,keydown
36038000,i,keydown
36038200,r,keydown
36038400,t,keydown
36038500,u,keydown
36039000,#,keydown
36039300,.,keydown
36040600, ,keydown
36040800,#,keydown
36041100,c,keydown
36041400,o,keydown
36041600,s,keydown
36041700,i,keydown
36041900,#,keydown
36042000, ,keydown
36042300,r,keydown
36042400,e,keydown
36042600,s,keydown
36042800,e,keydown
36043100, ,keydown
36044900,g,keydown
36045000,l,keydown
36045200,i,keydown
36045300, ,keydown
36045500,a,keydown
36045600,m,keydown
36045800,e,keydown
36046000,r,keydown
36046300,i,keydown
36046400,c,keydown
36046600,a,keydown
36046700,n,keydown
36046800,i,keydown
36047900, ,keydown
36048300,o,keydown
36048500,r,keydown
36048700,d,keydown
36048900,i,keydown
36049100,n,keydown
36049200,a,keydown
36049400,t,keydown
36049600,i,keydown
36049700, ,keydown
36049900,e,keydown
36050000, ,keydown
36050200,r,keydown
36050300,i,keydown
36050600,s,keydown
36050800,p,keydown
36051000,e,keydown
36051300,t,keydown
36051400,t,keydown
36051500,o,keydown
36051700,s,keydown
36051800,i,keydown
36052000, ,keydown
36052100,d,keydown
36052200,e,keydown
36052400,l,keydown
36052500,l,keydown
36052600,a,keydown
36052800, ,keydown
36052900,l,keydown
36053200,e,keydown
36053800,g,keydown
36053900,g,keydown
36054000,e,keydown
36054300,",",keydown
36054600,Enter,keydown
36055600,i,keydown
36055700, ,keydown
36055900,t,keydown
36056000,e,keydown
36056300,d,keydown
36056400,e,keydown
36056700,s,keydown
36056800,c,keydown
36057000,h,keydown
36057100,i,keydown
36058100, ,keydown
36058800,t,keydown
36058800,e,keydown
36059100,n,keydown
36059400,a,keydown
36059700,c,keydown
36060000,i,keydown
36060300, ,keydown
36060900,e,keydown
36061000, ,keydown
36061200,s,keydown
36061400,t,keydown
36061700,u,keydown
36061900,d,keydown
36062000,i,keydown
36062100,o,keydown
36062500,s,keydown
36062800,i,keydown
36063300,",",keydown
36063600, ,keydown
36064600,i,keydown
36065000, ,keydown
36065300,g,keydown
36065500,i,keydown
36065700,a,keydown
36066000,p,keydown
36066100,p,keydown
36066200,o,keydown
36066500,n,keydown
36066600,e,keydown
36066900,s,keydown
36067000,i,keydown
36067700, ,keydown
36068100,l,keydown
36068200,a,keydown
36068500,v,keydown
36068600,o,keydown
36068900,r,keydown
36069000,a,keydown
36069200,t,keydown
36069400,o,keydown
36069700,r,keydown
36069900,i,keydown
36070400, ,keydown
36070700,e,keydown
36070900, ,keydown
36071300,p,keydown
36071300,a,keydown
36071600,z,keydown
36071800,i,keydown
36071900,e,keydown
36072000,n,keydown
36072300,t,keydown
36072500,i,keydown
36072800,.,keydown
36073600, ,keydown
36074000,#,keydown
36074800,Backspace,keydown
36075000,Enter,keydown
36075400,#,keydown
36075700,g,keydown
36075900,i,keydown
36076100,u,keydown
36076200,n,keydown
36076300,t,keydown
36076500,o,keydown
36076600, ,keydown
36076700,a,keydown
36077300,g,keydown
36077400,l,keydown
36077500,i,keydown
36077600, ,keydown
36078000,i,keydown
36078200,t,keydown
36078300,a,keydown
36078400,l,keydown
36078600,i,keydown
36078800,a,keydown
36079000,n,keydown
36079100,i,keydown
36079900,",",keydown
36080100, ,keydown
36080700,d,keydown
36080900,i,keydown
36081000,s,keydown
36081200,s,keydown
36081300,e,keydown
36081500, ,keydown
36081600,a,keydown
36081700,l,keydown
36082000,l,keydown
36082100,#,keydown
36082300,a,keydown
36082800,Backspace,keydown
36083000,#,keydown
36083100,a,keydown
36083300,r,keydown
36083400,c,keydown
36083700,a,keydown
36083800,n,keydown
36084100,g,keydown
36084300,e,keydown
36084400,l,keydown
36084600,o,keydown
36084800, ,keydown
36084800,#,keydown
36084900,g,keydown
36085100,a,keydown
36085700,b,keydown
36085800,r,keydown
36085900,i,keydown
36086100,e,keydown
36086200,l,keydown
36086300,e,keydown
36087500,Backspace,keydown
36087700,Backspace,keydown
36087800,Backspace,keydown
36088000,Backspace,keydown
36088100,Backspace,keydown
36088300,Backspace,keydown
36088400,Backspace,keydown
36088900,Backspace,keydown
36089100,#,keydown
36089300,g,keydown
36089500,a,keydown
36089800,b,keydown
36089900,r,keydown
36090100,i,keydown
36090400,e,keydown
36090600,l,keydown
36090700,e,keydown
36091300,#,keydown
36092200, ,keydown
36092600,d,keydown
36092800,i,keydown
36092900, ,keydown
36093000,a,keydown
36093100,n,keydown
36093300,n,keydown
36093400,o,keydown
36093800,t,keydown
36093800,a,keydown
36094100,r,keydown
36094300,e,keydown
36096700, ,keydown
36097300,s,keydown
36097500,u,keydown
36097700, ,keydown
36097800,u,keydown
36098000,n,keydown
36098000, ,keydown
36098500,q,keydown
36098600,u,keydown
36098800,a,keydown
36099000,d,keydown
36099200,e,keydown
36099300,r,keydown
36099500,n,keydown
36099600,o,keydown
36100300,#,keydown
36100600,#,keydown
36100900,Enter,keydown
36101300,#,keydown
36101900,#,keydown
36102300,q,keydown
36102600,e,keydown
36102800,u,keydown
36103500,Backspace,keydown
36103700,Backspace,keydown
36104000,u,keydown
36104000,e,keydown
36104300,s,keydown
36104400,t,keydown
36105000,i,keydown
36105000, ,keydown
36105200,s,keydown
36105300,a,keydown
36105400,r,keydown
36105600,a,keydown
36106000,n,keydown
36106100,n,keydown
36106800,o,keydown
36107900, ,keydown
36108200,i,keydown
36108300,n,keydown
36108600,t,keydown
36108700,e,keydown
36109000,l,keydown
36109200,l,keydown
36109300,i,keydown
36109600,g,keydown
36109700,e,keydown
36109800,n,keydown
36109900,t,keydown
36110100,i,keydown
36111500,",",keydown
36111600, ,keydown
36111900,o,keydown
36112200,n,keydown
36112200,e,keydown
36112600,s,keydown
36112900,t,keydown
36113000,i,keydown
36113200, ,keydown
36114800,e,keydown
36115000, ,keydown
36115800,v,keydown
36116000,o,keydown
36116200,t,keydown
36116300,e,keydown
36116500,r,keydown
36116600,a,keydown
36117100,b,keydown
36117200,b,keydown
36117500,Backspace,keydown
36117700,Backspace,keydown
36117900,n,keydown
36118000,n,keydown
36118200,o,keydown
36118400, ,keydown
36118600,#,keydown
36119000,f,keydown
36119300,o,keydown
36119400,r,keydown
36119900,z,keydown
36120100,a,keydown
36120400, ,keydown
36120400,#,keydown
36120600,i,keydown
36120800,t,keydown
36120800,a,keydown
36121000,#,keydown
36121000,l,keydown
36121300,i,keydown
36121300,a,keydown
36121900,#,keydown
36122100,#,keydown
36122600,Backspace,keydown
36122800,Backspace,keydown
36123000,Backspace,keydown
36123100,Backspace,keydown
36123300,Backspace,keydown
36123900,l,keydown
36124000,i,keydown
36124100,a,keydown
36124400,#,keydown
36125300,#,keydown
36125600,#,keydown
36126300,.,keydown
36129000, ,keydown
36129100,#,keydown
36129500,q,keydown
36129700,u,keydown
36129800,a,keydown
36130000,n,keydown
36130100,d,keydown
36130300,o,keydown
36130500,Enter,keydown
36130800,t,keydown
36130900,e,keydown
36131000,r,keydown
36131100,m,keydown
36131300,o,keydown
36131800,Backspace,keydown
36132000,i,keydown
36132100,n,keydown
36132300,o,keydown
36132800,#,keydown
36133100, ,keydown
36134000,d,keydown
36134500,i,keydown
36134700, ,keydown
36135200,f,keydown
36135200,a,keydown
36135400,r,keydown
36135500,e,keydown
36135700, ,keydown
36135900,i,keydown
36136000,l,keydown
36136000, ,keydown
36136200,m,keydown
36136400,o,keydown
36136500,n,keydown
36136700,d,keydown
36136800,o,keydown
36138000,",",keydown
36138100, ,keydown
36138600,l,keydown
36138800,#,keydown
36138900,a,keydown
36139200,r,keydown
36139500,c,keydown
36139600,a,keydown
36139900,n,keydown
36140100,g,keydown
36140200,e,keydown
36140400,l,keydown
36140600,o,keydown
36141700, ,keydown
36143400,l,keydown
36143500,o,keydown
36143600, ,keydown
36143800,c,keydown
36143900,h,keydown
36144100,i,keydown
36144100,a,keydown
36144300,m,keydown
36144400,o,keydown
36144600,#,keydown
36144900, ,keydown
36145600,e,keydown
36145700, ,keydown
36146000,g,keydown
36146200,l,keydown
36146300,i,keydown
36146400, ,keydown
36147000,d,keydown
36147100,i,keydown
36147400,s,keydown
36147500,s,keydown
36147700,e,keydown
36148000,#,keydown
36148100,#,keydown
36148500, ,keydown
36149600,#,keydown
36149700,p,keydown
36150100,a,keydown
36150200,d,keydown
36150300,r,keydown
36150500,e,keydown
36152500, ,keydown
36152800,b,keydown
36152800,u,keydown
36153000,o,keydown
36153200,n,keydown
36153300,o,keydown
36153600,",",keydown
36154100,Enter,keydown
36155800,h,keydown
36155900,a,keydown
36156100,i,keydown
36156200, ,keydown
36156500,d,keydown
36156500,a,keydown
36156700,t,keydown
36157000,o,keydown
36157100, ,keydown
36157200,a,keydown
36157300, ,keydown
36157700,t,keydown
36157700,u,keydown
36157900,t,keydown
36158000,t,keydown
36158200,i,keydown
36158800, ,keydown
36159300,i,keydown
36159500, ,keydown
36159600,p,keydown
36159800,o,keydown
36160000,o,keydown
36160300,Backspace,keydown
36160600,p,keydown
36160800,o,keydown
36161000,l,keydown
36161200,i,keydown
36161700, ,keydown
36162500,d,keydown
36162500,e,keydown
36162700,l,keydown
36163000, ,keydown
36163200,n,keydown
36163300,o,keydown
36164000,Backspace,keydown
36164100,Backspace,keydown
36164400,m,keydown
36164500,o,keydown
36164800,n,keydown
36164900,d,keydown
36165100,o,keydown
36167700, ,keydown
36168100,d,keydown
36168200,u,keydown
36168300,e,keydown
36168500, ,keydown
36168900,v,keydown
36169000,i,keydown
36169400,r,keydown
36169600,t,keydown
36169700,u,keydown
36169800,#,keydown
36170800,",",keydown
36170900, ,keydown
36171200,m,keydown
36171200,a,keydown
36171400, ,keydown
36171600,a,keydown
36171900,g,keydown
36172000,l,keydown
36172200,i,keydown
36172300, ,keydown
36172600,i,keydown
36172900,t,keydown
36173000,a,keydown
36173200,l,keydown
36173300,i,keydown
36173400,a,keydown
36173500,n,keydown
36173800,i,keydown
36174600, ,keydown
36176100,n,keydown
36176200,e,keydown
36176300, ,keydown
36176500,h,keydown
36176600,a,keydown
36176800,i,keydown
36176800, ,keydown
36177000,d,keydown
36177100,a,keydown
36177700,t,keydown
36177700,e,keydown
36177900,Enter,keydown
36178200,t,keydown
36178200,r,keydown
36178400,e,keydown
36179500,.,keydown
36179700, ,keydown
36179800,#,keydown
36179900,q,keydown
36180100,u,keydown
36180200,e,keydown
36180400,s,keydown
36180500,t,keydown
36180700,o,keydown
36180900, ,keydown
36182400,f,keydown
36182400,a,keydown
36182900,r,keydown
36183000,a,keydown
36183500,#,keydown
36183700, ,keydown
36184000,s,keydown
36184100,i,keydown
36184400, ,keydown
36184700,c,keydown
36185100,h,keydown
36185300,e,keydown
36185500, ,keydown
36185700,e,keydown
36186000,s,keydown
36186200,s,keydown
36186300,i,keydown
36186500, ,keydown
36186700,p,keydown
36187000,r,keydown
36187000,e,keydown
36187300,v,keydown
36187300,a,keydown
36187500,r,keydown
36187700,r,keydown
36187700,a,keydown
36188000,n,keydown
36188100,m,keydown
36188300,n,keydown
36188900,Backspace,keydown
36189000,Backspace,keydown
36190000,n,keydown
36190100,o,keydown
36190300, ,keydown
36191700,s,keydown
36191900,u,keydown
36191900, ,keydown
36192200,t,keydown
36192300,u,keydown
36192400,t,keydown
36192600,t,keydown
36192700,i,keydown
36192800, ,keydown
36193700,g,keydown
36193800,l,keydown
36193900,i,keydown
36194000, ,keydown
36194200,a,keydown
36194200,l,keydown
36194500,t,keydown
36194600,r,keydown
36194700,i,keydown
36194900, ,keydown
36195000,p,keydown
36195100,o,keydown
36195300,p,keydown
36195500,o,keydown
36195700,l,keydown
36195900,i,keydown
36197300,Enter,keydown
36198200,d,keydown
36198200,e,keydown
36198400,l,keydown
36198600, ,keydown
36198700,m,keydown
36198900,o,keydown
36199000,n,keydown
36199200,d,keydown
36199400,o,keydown
36200300,.,keydown
36200500, ,keydown
36200700,#,keydown
36201000,e,keydown
36201300,#,keydown
36201400, ,keydown
36201700,q,keydown
36202100,u,keydown
36202300,e,keydown
36202500,s,keydown
36202600,t,keydown
36202800,a,keydown
36203000, ,keydown
36203200,l,keydown
36203400,a,keydown
36203500, ,keydown
36204200,#,keydown
36204300,t,keydown
36204400,u,keydown
36204600,a,keydown
36204800, ,keydown
36205200,v,keydown
36205500,o,keydown
36205700,l,keydown
36205800,o,keydown
36206000,n,keydown
36206200,t,keydown
36206400,a,keydown
36206500,#,keydown
36207200,#,keydown
36207500,#,keydown
36207900,#,keydown
36208600, ,keydown
36209900,#,keydown
36210500,#,keydown
36211100,h,keydown
36211200,a,keydown
36211400,i,keydown
36211500, ,keydown
36211800,r,keydown
36211800,a,keydown
36212000,g,keydown
36212200,i,keydown
36212300,o,keydown
36212500,n,keydown
36212600,e,keydown
36213600, ,keydown
36214000,Backspace,keydown
36214300,-,keydown
36214600, ,keydown
36214900,Backspace,keydown
36215000,Backspace,keydown
36215200, ,keydown
36215400,-,keydown
36215500, ,keydown
36216200,d,keydown
36216300,i,keydown
36216500,s,keydown
36216700,s,keydown
36216800,e,keydown
36216900, ,keydown
36217000,#,keydown
36217300,d,keydown
36217800,i,keydown
36217900,o,keydown
36218600, ,keydown
36218800,-,keydown
36218900, ,keydown
36220100,n,keydown
36220300,o,keydown
36220400,n,keydown
36220700,Enter,keydown
36221100,s,keydown
36221100,a,keydown
36221400,r,keydown
36221500,e,keydown
36221600,b,keydown
36221700,b,keydown
36221900,e,keydown
36222100, ,keydown
36222800,g,keydown
36223000,i,keydown
36223000,u,keydown
36223200,s,keydown
36223300,t,keydown
36223500,o,keydown
36223800,.,keydown
36224100, ,keydown
36224500,#,keydown
36225200,m,keydown
36225400,a,keydown
36225600, ,keydown
36225700,s,keydown
36225900,i,keydown
36226000,c,keydown
36226200,c,keydown
36226400,o,keydown
36226500,m,keydown
36226600,e,keydown
36226700, ,keydown
36227100,n,keydown
36227200,o,keydown
36227300,n,keydown
36227500, ,keydown
36227700,p,keydown
36227900,o,keydown
36228000,s,keydown
36228100,s,keydown
36228300,o,keydown
36228500,n,keydown
36228500,o,keydown
36228900, ,keydown
36229100,e,keydown
36229600,s,keydown
36229700,s,keydown
36229900,e,keydown
36230000,r,keydown
36230100,e,keydown
36230300, ,keydown
36231100,t,keydown
36231200,i,keydown
36231500,Backspace,keydown
36231700,Backspace,keydown
36231800,r,keydown
36231900,i,keydown
36232200,t,keydown
36232300,i,keydown
36232800,r,keydown
36233000,a,keydown
36233400,t,keydown
36233600,i,keydown
36236000, ,keydown
36236900,i,keydown
36237000, ,keydown
36237200,d,keydown
36237300,o,keydown
36237500,n,keydown
36237700,i,keydown
36237800, ,keydown
36238000,c,keydown
36238100,h,keydown
36238200,e,keydown
36238300, ,keydown
36238500,h,keydown
36238600,o,keydown
36238700, ,keydown
36239000,f,keydown
36239200,a,keydown
36239300,t,keydown
36239400,t,keydown
36240200,o,keydown
36240300,Enter,keydown
36244200,d,keydown
36244200,e,keydown
36244800,Backspace,keydown
36245000,o,keydown
36245400,v,keydown
36245500,r,keydown
36245600,e,keydown
36245800,m,keydown
36246000,o,keydown
36246000, ,keydown
36246400,r,keydown
36246600,i,keydown
36246700,m,keydown
36246900,e,keydown
36247100,d,keydown
36247200,i,keydown
36247400,a,keydown
36247600,r,keydown
36247900,e,keydown
36248500, ,keydown
36249100,a,keydown
36249300, ,keydown
36249600,q,keydown
36249800,u,keydown
36249900,e,keydown
36250000,s,keydown
36250100,t,keydown
36250200,a,keydown
36250400, ,keydown
36250600,s,keydown
36250700,i,keydown
36250900,t,keydown
36251100,u,keydown
36251300,a,keydown
36251400,z,keydown
36251600,i,keydown
36251600,o,keydown
36251800,n,keydown
36252000,e,keydown
36253700,.,keydown
36254200, ,keydown
36254300,#,keydown
36255000,d,keydown
36255100,#,keydown
36255300, ,keydown
36255700,Backspace,keydown
36256000,o,keydown
36256100,r,keydown
36256400,a,keydown
36256600, ,keydown
36256800,i,keydown
36257000,n,keydown
36257400,Backspace,keydown
36257500,Backspace,keydown
36257600,Backspace,keydown
36257700,Backspace,keydown
36258000,Backspace,keydown
36258100,Backspace,keydown
36258600,Backspace,keydown
36259000,#,keydown
36259200, ,keydown
36259600,Backspace,keydown
36259900,o,keydown
36260000,r,keydown
36260200,a,keydown
36260400, ,keydown
36260500,i,keydown
36260700,n,keydown
36260700, ,keydown
36261000,a,keydown
36261100,v,keydown
36261200,a,keydown
36261300,n,keydown
36261600,t,keydown
36261700,i,keydown
36264500,",",keydown
36264500, ,keydown
36264900,g,keydown
36265000,l,keydown
36265200,i,keydown
36265200, ,keydown
36265300,i,keydown
36265700,t,keydown
36265800,a,keydown
36266000,l,keydown
36266200,i,keydown
36266300,a,keydown
36266400,n,keydown
36266500,i,keydown
36266500,o,keydown
36267800,Backspace,keydown
36268700,Enter,keydown
36272000,c,keydown
36272200,o,keydown
36272400,m,keydown
36272700,e,keydown
36272800, ,keydown
36273000,p,keydown
36273100,o,keydown
36273400,p,keydown
36273400,o,keydown
36273700,l,keydown
36273900,o,keydown
36274100, ,keydown
36274400,c,keydown
36274500,o,keydown
36274800,n,keydown
36275100,s,keydown
36275300,e,keydown
36275400,r,keydown
36275500,v,keydown
36275700,e,keydown
36275900,r,keydown
36276100,a,keydown
36276300,n,keydown
36276300,n,keydown
36276600,o,keydown
36276700, ,keydown
36280000,q,keydown
36280200,u,keydown
36280200,e,keydown
36280400,s,keydown
36280500,t,keydown
36280700,e,keydown
36280900, ,keydown
36281100,t,keydown
36281200,r,keydown
36281300,e,keydown
36281600, ,keydown
36282100,v,keydown
36282400,i,keydown
36282500,r,keydown
36282800,t,keydown
36282900,u,keydown
36283100,#,keydown
36283800,",",keydown
36283900, ,keydown
36284500,m,keydown
36284600,a,keydown
36284900, ,keydown
36285400,a,keydown
36286000,f,keydown
36286100,f,keydown
36286200,i,keydown
36286300,n,keydown
36286500,c,keydown
36286600,h,keydown
36286700,e,keydown
36287000,#,keydown
36287200, ,keydown
36291000,n,keydown
36291200,o,keydown
36291500,n,keydown
36292000,Backspace,keydown
36292200,Backspace,keydown
36292400,Backspace,keydown
36292500,e,keydown
36292800,s,keydown
36293000,s,keydown
36293100,i,keydown
36293200, ,keydown
36293400,n,keydown
36293500,o,keydown
36293700,n,keydown
36293700, ,keydown
36294200,p,keydown
36294300,r,keydown
36294300,e,keydown
36294600,v,keydown
36294700,a,keydown
36294800,l,keydown
36295100,g,keydown
36295200,a,keydown
36295400,n,keydown
36295500,o,keydown
36295700, ,keydown
36297200,Enter,keydown
36297400,s,keydown
36297500,u,keydown
36298000,g,keydown
36298000,l,keydown
36298200,i,keydown
36298200, ,keydown
36298400,a,keydown
36298500,l,keydown
36298800,t,keydown
36298900,r,keydown
36299000,i,keydown
36299100, ,keydown
36299200,p,keydown
36299400,o,keydown
36299600,p,keydown
36299800,o,keydown
36300000,l,keydown
36300200,i,keydown
36302500, ,keydown
36303000,n,keydown
36303200,e,keydown
36303300,s,keydown
36303500,s,keydown
36303600,u,keydown
36303900,n,keydown
36303900,o,keydown
36304000,i,keydown
36304000, ,keydown
36304800,Backspace,keydown
36305000,Backspace,keydown
36305600, ,keydown
36305800,d,keydown
36305900,i,keydown
36305900, ,keydown
36306100,l,keydown
36306400,o,keydown
36306500,r,keydown
36306600,o,keydown
36306800, ,keydown
36307200,p,keydown
36307300,o,keydown
36307600,t,keydown
36307700,r,keydown
36307800,a,keydown
36308000,#,keydown
36308200, ,keydown
36310600,a,keydown
36310900,v,keydown
36311100,v,keydown
36311100,a,keydown
36311300,l,keydown
36311500,e,keydown
36311600,r,keydown
36311900,s,keydown
36312000,i,keydown
36312100, ,keydown
36312200,d,keydown
36312400,i,keydown
36312400, ,keydown
36312700,p,keydown
36312900,i,keydown
36313100,u,keydown
36313200,#,keydown
36313300, ,keydown
36318400,d,keydown
36319000,i,keydown
36319200, ,keydown
36319700,d,keydown
36319800,u,keydown
36320000,e,keydown
36320300, ,keydown
36321300,d,keydown
36321400,i,keydown
36321500, ,keydown
36321700,e,keydown
36321900,s,keydown
36322100,s,keydown
36322400,e,keydown
36322900,Enter,keydown
36323100,p,keydown
36323300,e,keydown
36323300,r,keydown
36323400, ,keydown
36323700,v,keydown
36323800,o,keydown
36324000,l,keydown
36324200,t,keydown
36324400,a,keydown
36324800,.,keydown
36325100,#,keydown
36325800,#,keydown
36327100, ,keydown
36327300,#,keydown
36327600,e,keydown
36327700,#,keydown
36327900, ,keydown
36328200,p,keydown
36328400,e,keydown
36328400,r,keydown
36328500, ,keydown
36328800,q,keydown
36328900,u,keydown
36329100,e,keydown
36329200,s,keydown
36329400,t,keydown
36329400,a,keydown
36329600, ,keydown
36329900,r,keydown
36329900,a,keydown
36330000,g,keydown
36330300,i,keydown
36330300,o,keydown
36330500,n,keydown
36330600,e,keydown
36330800, ,keydown
36332400,c,keydown
36332400,h,keydown
36332600,e,keydown
36332700, ,keydown
36333900,Backspace,keydown
36334200,",",keydown
36334400, ,keydown
36334500,d,keydown
36334500,a,keydown
36334700, ,keydown
36334900,a,keydown
36335000,l,keydown
36335200,l,keydown
36335400,o,keydown
36335500,r,keydown
36335700,a,keydown
36336000,",",keydown
36336100, ,keydown
36338300,l,keydown
36338400,#,keydown
36339600,i,keydown
36339900,r,keydown
36339900,t,keydown
36339900,a,keydown
36340300,Backspace,keydown
36340500,Backspace,keydown
36341100,Backspace,keydown
36341400,t,keydown
36341500,a,keydown
36341700,l,keydown
36341800,i,keydown
36342000,a,keydown
36342100,n,keydown
36342200,o,keydown
36342300, ,keydown
36342500,c,keydown
36342600,h,keydown
36342800,e,keydown
36343100, ,keydown
36343900,v,keydown
36344000,o,keydown
36344200,t,keydown
36344300,a,keydown
36344400, ,keydown
36344800,#,keydown
36344900,f,keydown
36345200,o,keydown
36345300,r,keydown
36345700,z,keydown
36345700,a,keydown
36346000, ,keydown
36346000,#,keydown
36346200,i,keydown
36346400,t,keydown
36346400,a,keydown
36346500,l,keydown
36346800,i,keydown
36346800,a,keydown
36348100,Enter,keydown
36348900,e,keydown
36349100,d,keydown
36349600, ,keydown
36349900,e,keydown
36350000,#,keydown
36350300, ,keydown
36350500,o,keydown
36350700,n,keydown
36350900,e,keydown
36351000,s,keydown
36351100,t,keydown
36351300,i,keydown
36351400,o,keydown
36351800,Backspace,keydown
36352500,Backspace,keydown
36352900,o,keydown
36353000, ,keydown
36354600,n,keydown
36354700,o,keydown
36354900,n,keydown
36355000, ,keydown
36355300,p,keydown
36355400,i,keydown
36355400,u,keydown
36355800,Backspace,keydown
36356400,Backspace,keydown
36356800,u,keydown
36356800,o,keydown
36357000,#,keydown
36357100, ,keydown
36357500,e,keydown
36357600,s,keydown
36357900,s,keydown
36358000,e,keydown
36358200,r,keydown
36358400,e,keydown
36358600, ,keydown
36359000,i,keydown
36359000,o,keydown
36359400,n,keydown
36359700,t,keydown
36359700,e,keydown
36360000,l,keydown
36360100,l,keydown
36360400,i,keydown
36360700,Backspace,keydown
36360800,Backspace,keydown
36360900,Backspace,keydown
36361100,Backspace,keydown
36361200,Backspace,keydown
36361400,Backspace,keydown
36361500,Backspace,keydown
36362200,n,keydown
36362300,t,keydown
36362400,e,keydown
36362500,l,keydown
36362700,l,keydown
36362900,i,keydown
36363200,g,keydown
36363200,e,keydown
36363300,n,keydown
36363700,t,keydown
36363800,e,keydown
36366600,",",keydown
36366700, ,keydown
36366900,q,keydown
36367000,u,keydown
36367200,e,keydown
36367300,l,keydown
36367500,l,keydown
36367700,o,keydown
36367900, ,keydown
36368500,c,keydown
36368700,h,keydown
36368800,e,keydown
36368900, ,keydown
36369200,#,keydown
36369600,Backspace,keydown
36370400,e,keydown
36370500,#,keydown
36370600, ,keydown
36371100,i,keydown
36371200,n,keydown
36371400,t,keydown
36371600,e,keydown
36371800,l,keydown
36371900,l,keydown
36372000,i,keydown
36372200,g,keydown
36372300,e,keydown
36372400,n,keydown
36372600,t,keydown
36372600,e,keydown
36373200,Enter,keydown
36374900,e,keydown
36375100, ,keydown
36375300,c,keydown
36375600,h,keydown
36375600,e,keydown
36375800, ,keydown
36376400,v,keydown
36376600,o,keydown
36376700,t,keydown
36376800,a,keydown
36377000, ,keydown
36377400,#,keydown
36377600,f,keydown
36377700,o,keydown
36377900,r,keydown
36378100,z,keydown
36378200,a,keydown
36378400, ,keydown
36378500,#,keydown
36378600,i,keydown
36378800,t,keydown
36378800,a,keydown
36379000,l,keydown
36379200,i,keydown
36379300,a,keydown
36380300, ,keydown
36380600,n,keydown
36380700,o,keydown
36380900,n,keydown
36380900, ,keydown
36381100,p,keydown
36381300,u,keydown
36381400,#,keydown
36381600,o,keydown
36381800, ,keydown
36382400,Backspace,keydown
36382500,Backspace,keydown
36382900,Backspace,keydown
36383100,o,keydown
36383300,#,keydown
36383500, ,keydown
36383900,e,keydown
36384100,s,keydown
36384500,s,keydown
36384600,e,keydown
36385000,r,keydown
36385000,e,keydown
36385300, ,keydown
36386800,a,keydown
36387000,n,keydown
36387100,c,keydown
36387300,h,keydown
36387300,e,keydown
36387400, ,keydown
36387700,o,keydown
36387800,n,keydown
36387900,e,keydown
36388100,s,keydown
36388200,t,keydown
36388500,o,keydown
36389300,",",keydown
36389400, ,keydown
36389600,e,keydown
36389700, ,keydown
36390000,q,keydown
36390300,u,keydown
36390300,e,keydown
36390600,l,keydown
36390600,l,keydown
36390800,o,keydown
36390900, ,keydown
36391100,c,keydown
36391300,h,keydown
36391400,e,keydown
36391600, ,keydown
36391800,e,keydown
36392000,#,keydown
36392200, ,keydown
36393100,Enter,keydown
36393400,i,keydown
36393400,n,keydown
36393700,t,keydown
36393800,e,keydown
36394100,l,keydown
36394200,l,keydown
36394400,i,keydown
36394600,g,keydown
36394700,e,keydown
36394900,n,keydown
36395000,t,keydown
36395000,e,keydown
36395200, ,keydown
36395300,e,keydown
36395400, ,keydown
36395700,o,keydown
36395800,n,keydown
36396000,e,keydown
36396200,s,keydown
36396300,t,keydown
36396400,o,keydown
36397200, ,keydown
36397900,n,keydown
36398100,n,keydown
36399000,Backspace,keydown
36399600,o,keydown
36399700,n,keydown
36399800, ,keydown
36400000,p,keydown
36400200,o,keydown
36400500,t,keydown
36400500,r,keydown
36400700,a,keydown
36400900,#,keydown
36401100, ,keydown
36401300,m,keydown
36401500,a,keydown
36402000,i,keydown
36402100, ,keydown
36402500,v,keydown
36402600,o,keydown
36402900,t,keydown
36403000,a,keydown
36403300,r,keydown
36403400,e,keydown
36403500, ,keydown
36404300,#,keydown
36404500,f,keydown
36404700,o,keydown
36404900,r,keydown
36405000,z,keydown
36405200,a,keydown
36405400, ,keydown
36405400,#,keydown
36405600,i,keydown
36405800,t,keydown
36405800,a,keydown
36406000,l,keydown
36406200,i,keydown
36406300,a,keydown
36406900,.,keydown
36409500,Enter,keydown
36409800,#,keydown
36410200,b,keydown
36410300,e,keydown
36410400,n,keydown
36410500,e,keydown
36411000,",",keydown
36411200, ,keydown
36411500,s,keydown
36411700,p,keydown
36411800,e,keydown
36411900,r,keydown
36412000,o,keydown
36412100, ,keydown
36412200,c,keydown
36412300,h,keydown
36412400,e,keydown
36412500, ,keydown
36413000,t,keydown
36413000,i,keydown
36413100, ,keydown
36413300,s,keydown
36413500,i,keydown
36413600,a,keydown
36413700, ,keydown
36413900,p,keydown
36414000,i,keydown
36414000,a,keydown
36414300,c,keydown
36414600,u,keydown
36415400,Backspace,keydown
36415900,i,keydown
36416000,u,keydown
36416200,t,keydown
36416300,a,keydown
36417500,.,keydown
36417600, ,keydown
36417800,#,keydown
36418000,m,keydown
36418300,i,keydown
36418400, ,keydown
36418600,p,keydown
36418800,a,keydown
36419000,r,keydown
36419100,e,keydown
36419300, ,keydown
36420500,c,keydown
36420700,h,keydown
36420900,e,keydown
36421000, ,keydown
36421200,s,keydown
36421200,i,keydown
36421400,a,keydown
36421500, ,keydown
36421700,m,keydown
36421900,o,keydown
36422000,l,keydown
36422100,t,keydown
36422200,o,keydown
36422300, ,keydown
36422700,c,keydown
36422700,a,keydown
36423000,r,keydown
36423100,i,keydown
36423100,n,keydown
36423300,a,keydown
36423500, ,keydown
36423900,Backspace,keydown
36424200,e,keydown
36424300, ,keydown
36424700,s,keydown
36424800,p,keydown
36424900,i,keydown
36425900,Backspace,keydown
36426000,Backspace,keydown
36426200,Backspace,keydown
36426400,Backspace,keydown
36426500,Backspace,keydown
36426700, ,keydown
36426800,e,keydown
36427000, ,keydown
36427200,s,keydown
36427300,p,keydown
36427500,i,keydown
36427800,e,keydown
36428000,g,keydown
36428100,h,keydown
36428400,i,keydown
36428400, ,keydown
36428700,u,keydown
36428700,n,keydown
36428800, ,keydown
36429200,s,keydown
36429300,a,keydown
36429500,c,keydown
36429600,c,keydown
36429800,o,keydown
36430100, ,keydown
36430300,d,keydown
36430400,i,keydown
36430500, ,keydown
36430700,c,keydown
36430800,o,keydown
36430900,s,keydown
36431200,e,keydown
36431400,.,keydown
