timestamp,key,type
25506700,Backspace,keydown
25506700,Backspace,keydown
25506700,Backspace,keydown
25506700,Backspace,keydown
25506700,Backspace,keydown
25506700,Backspace,keydown
25506700,Backspace,keydown
25506700,Backspace,keydown
25506700,#,keydown
25507700,#,keydown
25509900,#,keydown
25510100,c,keydown
25510700,o,keydown
25510900,b,keydown
25511400,Backspace,keydown
25511600,Backspace,keydown
25512400,o,keydown
25512600,n,keydown
25512700,t,keydown
25513000,r,keydown
25513000,a,keydown
25513200,s,keydown
25513400,t,keydown
25513500,o,keydown
25515200,Enter,keydown
25516300,#,keydown
25516500,p,keydown
25516700,r,keydown
25516800,i,keydown
25517000,m,keydown
25517100,a,keydown
25517300, ,keydown
25517500,d,keydown
25517600,i,keydown
25517700, ,keydown
25517900,s,keydown
25518200,v,keydown
25518400,u,keydown
25518800,o,keydown
25519900,t,keydown
25520000,a,keydown
25520200,r,keydown
25520300,e,keydown
25521600,",",keydown
25521700, ,keydown
25522000,b,keydown
25522100,i,keydown
25522200,s,keydown
25522400,o,keydown
25522700,g,keydown
25522800,n,keydown
25522900,o,keydown
25523400,Backspace,keydown
25523600,a,keydown
25523700, ,keydown
25524200,r,keydown
25524300,i,keydown
25524600,e,keydown
25525200,m,keydown
25525400,p,keydown
25525800,i,keydown
25526200,r,keydown
25526300,e,keydown
25526900,.,keydown
25527400,Enter,keydown
25527800,#,keydown
25527900,p,keydown
25528300,i,keydown
25528900,Backspace,keydown
25529000,r,keydown
25529200,i,keydown
25529500,m,keydown
25529700,a,keydown
25529900, ,keydown
25530100,d,keydown
25530200,i,keydown
25530300, ,keydown
25530900,r,keydown
25531000,i,keydown
25531300,n,keydown
25531700,Backspace,keydown
25532100,m,keydown
25532300,p,keydown
25533000,i,keydown
25533200,c,keydown
25533400,c,keydown
25533600,i,keydown
25533700,o,keydown
25533900,l,keydown
25534000,i,keydown
25534300,r,keydown
25534400,e,keydown
25534700, ,keydown
25536300,Backspace,keydown
25536800,",",keydown
25537100, ,keydown
25537600,b,keydown
25537900,i,keydown
25538100,s,keydown
25538300,o,keydown
25538500,g,keydown
25538600,n,keydown
25538700, ,keydown
25538800,a,keydown
25539000, ,keydown
25539200,i,keydown
25539300,n,keydown
25539800,Backspace,keydown
25540000,Backspace,keydown
25540100,Backspace,keydown
25540200,Backspace,keydown
25540400,Backspace,keydown
25540700,a,keydown
25540800, ,keydown
25541100,i,keydown
25541200,n,keydown
25541700,g,keydown
25541800,r,keydown
25542000,a,keydown
25542200,n,keydown
25542300,d,keydown
25542500,i,keydown
25542800,r,keydown
25542900,e,keydown
25544700,.,keydown
25544900,Enter,keydown
25545100,#,keydown
25545400,p,keydown
25545600,r,keydown
25545700,i,keydown
25546000,m,keydown
25546100,a,keydown
25546200, ,keydown
25546300,d,keydown
25546300,i,keydown
25546500, ,keydown
25546800,c,keydown
25547000,a,keydown
25547300,d,keydown
25547400,e,keydown
25547700,r,keydown
25547800,e,keydown
25548600,",",keydown
25548700, ,keydown
25549100,b,keydown
25549300,i,keydown
25549600,s,keydown
25549600,o,keydown
25549900,g,keydown
25550100,n,keydown
25550100,a,keydown
25550300, ,keydown
25551200,s,keydown
25551300,a,keydown
25551600,l,keydown
25551900,i,keydown
25552100,r,keydown
25552200,e,keydown
25552500,.,keydown
25553400,Enter,keydown
25553900,#,keydown
25554100,p,keydown
25554500,e,keydown
25554600,r,keydown
25554900, ,keydown
25555300,d,keydown
25555500,i,keydown
25555700,s,keydown
25556100,c,keydown
25556500,Backspace,keydown
25556600,t,keydown
25556700,r,keydown
25556900,u,keydown
25557300,g,keydown
25557400,g,keydown
25557600,e,keydown
25557800,r,keydown
25558000,e,keydown
25558200, ,keydown
25558500,q,keydown
25558700,u,keydown
25558800,a,keydown
25559100,l,keydown
25559400,c,keydown
25559500,o,keydown
25559800,s,keydown
25560000,a,keydown
25562800,",",keydown
25563100, ,keydown
25563300,p,keydown
25563500,o,keydown
25563600,r,keydown
25563800,t,keydown
25563900,e,keydown
25565100,Backspace,keydown
25565200,a,keydown
25565700,l,keydown
25566000,e,keydown
25566700,l,keydown
25566900,o,keydown
25567000, ,keydown
25567200,a,keydown
25567400,l,keydown
25567600,l,keydown
25568000,#,keydown
25568400,t,keydown
25569100,Backspace,keydown
25569300,e,keydown
25569500,s,keydown
25569700,t,keydown
25569900,r,keydown
25570100,e,keydown
25570400,m,keydown
25570600,o,keydown
25571000,.,keydown
25571900,Enter,keydown
25572300,#,keydown
25572400,p,keydown
25572800,e,keydown
25573100,t,keydown
25573700,Backspace,keydown
25573800,r,keydown
25573900, ,keydown
25574300,c,keydown
25574500,o,keydown
25574600,n,keydown
25574800,s,keydown
25575300,e,keydown
25575500,r,keydown
25575700,v,keydown
25575900,a,keydown
25576100,r,keydown
25576300,e,keydown
25576500, ,keydown
25576700,q,keydown
25576900,u,keydown
25577100,a,keydown
25577200,l,keydown
25577700,v,keydown
25577700,c,keydown
25578200,Backspace,keydown
25578300,Backspace,keydown
25578500,c,keydown
25578700,o,keydown
25579100,l,keydown
25579400,Backspace,keydown
25579600,s,keydown
25579800,a,keydown
25582800,",",keydown
25583000, ,keydown
25583200,t,keydown
25583400,e,keydown
25583500,n,keydown
25583700,e,keydown
25584700,t,keydown
25584900,e,keydown
25586400,l,keydown
25586700,o,keydown
25586900, ,keydown
25587000,n,keydown
25587100,e,keydown
25587700,l,keydown
25587900, ,keydown
25588000,m,keydown
25588200,e,keydown
25588600,z,keydown
25588700,z,keydown
25589000,a,keydown
25589500,Backspace,keydown
25590100,o,keydown
25590500,.,keydown
25590700,Enter,keydown
25592100,#,keydown
25592400,e,keydown
25592800,#,keydown
25593100, ,keydown
25593400,i,keydown
25593500,m,keydown
25593700,p,keydown
25593800,o,keydown
25594000,r,keydown
25594200,t,keydown
25594400,a,keydown
25594500,n,keydown
25594700,t,keydown
25595000,e,keydown
25595400, ,keydown
25595600,c,keydown
25596100,a,keydown
25596500,p,keydown
25596700,i,keydown
25597100,i,keydown
25597700,Backspace,keydown
25597800,r,keydown
25598000,e,keydown
25598300, ,keydown
25598700,c,keydown
25598800,h,keydown
25598900,e,keydown
25599000, ,keydown
25599300,g,keydown
25599400,l,keydown
25599600,i,keydown
25599700, ,keydown
25600200,o,keydown
25600500,p,keydown
25600700,p,keydown
25600800,o,keydown
25601200,s,keydown
25601300,t,keydown
25601500,i,keydown
25601600, ,keydown
25601800,n,keydown
25602000,o,keydown
25602200,n,keydown
25602300, ,keydown
25602400,s,keydown
25602600,o,keydown
25603000,n,keydown
25603100,o,keydown
25603200, ,keydown
25603700,g,keydown
25603700,l,keydown
25603900,i,keydown
25604200, ,keydown
25604400,e,keydown
25604500,l,keydown
25604700,e,keydown
25605000,m,keydown
25605200,e,keydown
25605400,n,keydown
25605600,t,keydown
25605800,i,keydown
25606800,Enter,keydown
25607200,t,keydown
25607300,r,keydown
25607600,a,keydown
25607700, ,keydown
25608100,l,keydown
25608300,o,keydown
25608800,r,keydown
25609000,o,keydown
25609200, ,keydown
25609400,c,keydown
25609600,o,keydown
25609800,n,keydown
25609900,t,keydown
25610100,r,keydown
25610300,a,keydown
25610700,r,keydown
25610900,i,keydown
25611300,",",keydown
25612000,Backspace,keydown
25624000,#,keydown
25624300,#,keydown
25624700,#,keydown
25624800,#,keydown
25624900,#,keydown
25624900,#,keydown
25624900,#,keydown
25624900,#,keydown
25625000,#,keydown
25625000,#,keydown
25625000,#,keydown
25625100,#,keydown
25625200,#,keydown
25625200,#,keydown
25625200,#,keydown
25625300,#,keydown
25625300,#,keydown
25625300,#,keydown
25625300,#,keydown
25625400,#,keydown
25625400,#,keydown
25625400,#,keydown
25625500,#,keydown
25625600,#,keydown
25625600,#,keydown
25625600,#,keydown
25625600,#,keydown
25625700,#,keydown
25625800,#,keydown
25626600,#,keydown
25626800,#,keydown
25626900,#,keydown
25627200,#,keydown
25627300,#,keydown
25627800,Backspace,keydown
25628000,Backspace,keydown
25628200,Backspace,keydown
25628300,Backspace,keydown
25629100,#,keydown
25631800,",",keydown
25632000, ,keydown
25632200,m,keydown
25632400,a,keydown
25632500, ,keydown
25632700,c,keydown
25632800,o,keydown
25633000,m,keydown
25633200,p,keydown
25633500,o,keydown
25633900,n,keydown
25634700,g,keydown
25634800,o,keydown
25635300,n,keydown
25635500,o,keydown
25636400, ,keydown
25636700,l,keydown
25637200,Backspace,keydown
25637400,u,keydown
25637700,n,keydown
25637900,a,keydown
25638000, ,keydown
25638300,s,keydown
25638500,t,keydown
25638700,e,keydown
25639000,s,keydown
25639100,s,keydown
25639400,a,keydown
25639600, ,keydown
25643600, ,keydown
25643900,u,keydown
25644000,n,keydown
25644100,i,keydown
25644300,t,keydown
25644500,a,keydown
25644800,#,keydown
25645800,",",keydown
25646500,Backspace,keydown
25647200,.,keydown
25648000,Enter,keydown
25648300,#,keydown
25648600,c,keydown
25649400,e,keydown
25649500,o,keydown
25649700,m,keydown
25650000,Backspace,keydown
25650100,Backspace,keydown
25650300,Backspace,keydown
25650700,o,keydown
25650800,m,keydown
25651000,e,keydown
25651100, ,keydown
25651900,l,keydown
25652100,a,keydown
25652300, ,keydown
25652500,t,keydown
25652700,e,keydown
25653000,s,keydown
25653200,t,keydown
25653400,a,keydown
25653500, ,keydown
25653800,e,keydown
25654000, ,keydown
25654200,l,keydown
25654400,a,keydown
25654500, ,keydown
25655000,c,keydown
25655300,o,keydown
25655500,d,keydown
25655600,a,keydown
25655700, ,keydown
25655900,d,keydown
25656200,e,keydown
25656300,l,keydown
25656400,l,keydown
25657400,#,keydown
25657900,a,keydown
25658100,n,keydown
25658300,i,keydown
25658400,m,keydown
25658600,a,keydown
25658800,l,keydown
25659000,e,keydown
25659200, ,keydown
25659700,Backspace,keydown
25660200,",",keydown
25660300, ,keydown
25660500,g,keydown
25660600,l,keydown
25660800,i,keydown
25660900,i,keydown
25660900, ,keydown
25661200,o,keydown
25661400,p,keydown
25661400,p,keydown
25661700,o,keydown
25662000,s,keydown
25662100,t,keydown
25662300,i,keydown
25663200, ,keydown
25663400,r,keydown
25663700,a,keydown
25663900,p,keydown
25664100,p,keydown
25664500,r,keydown
25664600,e,keydown
25664900,s,keydown
25665000,e,keydown
25665300,n,keydown
25665400,t,keydown
25665500,a,keydown
25666200,b,keydown
25670700,Backspace,keydown
25671200,n,keydown
25671400,o,keydown
25673000,Enter,keydown
25673600,d,keydown
25674300,u,keydown
25674600,e,keydown
25674700, ,keydown
25675000,p,keydown
25675000,a,keydown
25675300,r,keydown
25675500,t,keydown
25675600,i,keydown
25675900, ,keydown
25676700,c,keydown
25676800,h,keydown
25677000,e,keydown
25677000, ,keydown
25677200,a,keydown
25677500,p,keydown
25677600,p,keydown
25677800,a,keydown
25678000,r,keydown
25678200,t,keydown
25678500,e,keydown
25678600,n,keydown
25679000,g,keydown
25679200,o,keydown
25679400,n,keydown
25679500,o,keydown
25680400, ,keydown
25681000,a,keydown
25681200,d,keydown
25681700, ,keydown
25681900,u,keydown
25682100,n,keydown
25682800,#,keydown
25683100,u,keydown
25683300,n,keydown
25683500,i,keydown
25683600,c,keydown
25683800,a,keydown
25685500, ,keydown
25685900,e,keydown
25686100,n,keydown
25686200,t,keydown
25686300,i,keydown
25686800,t,keydown
25687100,a,keydown
25687300,#,keydown
25688300,",",keydown
25688700,Backspace,keydown
25689100,.,keydown
25690700, ,keydown
25691000,#,keydown
25691200,l,keydown
25691500,#,keydown
25692000,u,keydown
25692200,n,keydown
25692400,o,keydown
25692600, ,keydown
25693000,d,keydown
25693200,e,keydown
25693500,t,keydown
25693600,e,keydown
25693700,r,keydown
25694000,m,keydown
25694500,i,keydown
25694800,n,keydown
25695000,a,keydown
25695200,Enter,keydown
25695600,l,keydown
25696000,#,keydown
25696400,a,keydown
25696700,l,keydown
25696900,t,keydown
25697100,r,keydown
25697200,o,keydown
25700400,",",keydown
25700600, ,keydown
25700800,p,keydown
25700900,r,keydown
25701100,o,keydown
25701300,p,keydown
25701500,r,keydown
25701700,i,keydown
25701900,o,keydown
25702000, ,keydown
25702200,c,keydown
25702400,o,keydown
25702700,m,keydown
25702800,e,keydown
25703000, ,keydown
25703100,i,keydown
25703300,l,keydown
25703500, ,keydown
25703700,c,keydown
25703800,a,keydown
25704100,l,keydown
25704300,d,keydown
25704500,o,keydown
25705600, ,keydown
25705900,d,keydown
25706200,e,keydown
25706600,t,keydown
25706700,e,keydown
25706800,r,keydown
25707400,m,keydown
25707700,i,keydown
25707900,n,keydown
25708100,a,keydown
25708200, ,keydown
25708500,e,keydown
25708700,l,keydown
25709100,Backspace,keydown
25709200,Backspace,keydown
25709500,i,keydown
25709800,l,keydown
25709900, ,keydown
25710200,f,keydown
25710500,r,keydown
25710900,e,keydown
25711200,d,keydown
25711400,d,keydown
25711600,o,keydown
25713800,",",keydown
25713900, ,keydown
25714100,e,keydown
25714300, ,keydown
25714400,s,keydown
25714500,i,keydown
25714700, ,keydown
25715000,s,keydown
25715200,u,keydown
25715300,c,keydown
25715500,c,keydown
25715700,e,keydown
25715900,d,keydown
25716100,o,keydown
25716300,n,keydown
25717200,o,keydown
25718100,Enter,keydown
25718400,c,keydown
25718500,o,keydown
25718600,n,keydown
25719200,t,keydown
25719300,i,keydown
25719800,n,keydown
25720000,u,keydown
25720100,a,keydown
25720400,m,keydown
25720600,e,keydown
25720700,n,keydown
25720900,t,keydown
25721100,e,keydown
25723200,",",keydown
25723400, ,keydown
25723500,c,keydown
25723600,o,keydown
25724100,s,keydown
25724200,i,keydown
25724500,#,keydown
25724600, ,keydown
25724900,c,keydown
25725000,o,keydown
25725400,m,keydown
25725700,e,keydown
25725700, ,keydown
25726000,i,keydown
25726200,l,keydown
25726300, ,keydown
25727000,g,keydown
25727100,i,keydown
25727200,o,keydown
25727500,r,keydown
25727800,n,keydown
25728200,o,keydown
25729000, ,keydown
25730100,s,keydown
25730300,u,keydown
25730500,c,keydown
25730700,c,keydown
25730900,e,keydown
25731100,d,keydown
25731300,e,keydown
25732100, ,keydown
25732500,a,keydown
25732600,l,keydown
25732800,l,keydown
25732900,a,keydown
25733100, ,keydown
25733300,n,keydown
25733600,o,keydown
25733800,t,keydown
25733900,t,keydown
25734200,e,keydown
25736000,.,keydown
25736300, ,keydown
25736400,#,keydown
25737100,q,keydown
25737300,u,keydown
25737500,a,keydown
25737600,n,keydown
25737700,d,keydown
25737900,o,keydown
25738300, ,keydown
25738600,q,keydown
25738700,u,keydown
25738800,a,keydown
25739000,l,keydown
25739500,c,keydown
25739700,o,keydown
25739800,s,keydown
25740000,a,keydown
25740800,Enter,keydown
25741400,d,keydown
25741500,i,keydown
25741900,v,keydown
25742200,e,keydown
25742300,r,keydown
25742800,Backspace,keydown
25743100,n,keydown
25743200,t,keydown
25743500,a,keydown
25744500, ,keydown
25744800,e,keydown
25745100,s,keydown
25745200,t,keydown
25745400,r,keydown
25745800,e,keydown
25746000,m,keydown
25746200,o,keydown
25746800,",",keydown
25748000, ,keydown
25748200,u,keydown
25748500,Backspace,keydown
25748900,m,keydown
25749300,u,keydown
25749700,t,keydown
25749900,a,keydown
25750100, ,keydown
25750900,t,keydown
25751100,r,keydown
25751200,a,keydown
25751400,n,keydown
25751900,Backspace,keydown
25752000,s,keydown
25752300,f,keydown
25752600,o,keydown
25752800,r,keydown
25753000,m,keydown
25753100,a,keydown
25753300,n,keydown
25753600,d,keydown
25753600,o,keydown
25754200,s,keydown
25754400,i,keydown
25754600, ,keydown
25755400,n,keydown
25755600,e,keydown
25755700,l,keydown
25755900, ,keydown
25756100,p,keydown
25756300,r,keydown
25756500,o,keydown
25757100,r,keydown
25757300,p,keydown
25757600,i,keydown
25758000,Backspace,keydown
25758200,Backspace,keydown
25758200,Backspace,keydown
25759000,p,keydown
25759100,r,keydown
25759400,i,keydown
25759500,o,keydown
25759700, ,keydown
25759900,o,keydown
25760200,p,keydown
25760400,p,keydown
25760600,o,keydown
25760900,s,keydown
25761300,t,keydown
25761400,o,keydown
25774100,#,keydown
25774500,#,keydown
25775300,#,keydown
25776700,#,keydown
25777500,#,keydown
25777900,#,keydown
25778000,#,keydown
25778100,#,keydown
25778100,#,keydown
25778100,#,keydown
25778200,#,keydown
25778200,#,keydown
25778200,#,keydown
25778200,#,keydown
25778200,#,keydown
25778300,#,keydown
25778300,#,keydown
25778300,#,keydown
25778400,#,keydown
25779600,Backspace,keydown
25780400,#,keydown
25783200,#,keydown
25786000,#,keydown
25787000,#,keydown
25788400,#,keydown
25788700,#,keydown
25789100,#,keydown
25789100,#,keydown
25789100,#,keydown
25789200,#,keydown
25789300,#,keydown
25789300,#,keydown
25791000,#,keydown
25791300,#,keydown
25791400,#,keydown
25791500,#,keydown
25791500,#,keydown
25791500,#,keydown
25791600,#,keydown
25791600,#,keydown
25791600,#,keydown
25791600,#,keydown
25791700,#,keydown
25798400,#,keydown
25798700,#,keydown
25799000, ,keydown
25799200,c,keydown
25799400,o,keydown
25799600,s,keydown
25799700,i,keydown
25800000,#,keydown
25801800,",",keydown
25801900, ,keydown
25802100,a,keydown
25802100,n,keydown
25802300,d,keydown
25802600,c,keydown
25802600,h,keydown
25802900,e,keydown
25803000,Enter,keydown
25807900,#,keydown
25808400,#,keydown
25808400,#,keydown
25808400,#,keydown
25808500,#,keydown
25808600,#,keydown
25808600,#,keydown
25808600,#,keydown
25808600,#,keydown
25808700,#,keydown
25808700,#,keydown
25808800,#,keydown
25808800,#,keydown
25809500,#,keydown
25809900,#,keydown
25810400,#,keydown
25810400,#,keydown
25810400,#,keydown
25810500,#,keydown
25810500,#,keydown
25810500,#,keydown
25810500,#,keydown
25810600,#,keydown
25810700,#,keydown
25810700,#,keydown
25810700,#,keydown
25810700,#,keydown
25810700,#,keydown
25810800,#,keydown
25810900,#,keydown
25810900,#,keydown
25810900,#,keydown
25811000,#,keydown
25811000,#,keydown
25811000,#,keydown
25811000,#,keydown
25811100,#,keydown
25811200,#,keydown
25811200,#,keydown
25811200,#,keydown
25811300,#,keydown
25811300,#,keydown
25811300,#,keydown
25811300,#,keydown
25811300,#,keydown
25811400,#,keydown
25811400,#,keydown
25811400,#,keydown
25811500,#,keydown
25811600,#,keydown
25811600,#,keydown
25811700,#,keydown
25811700,#,keydown
25811700,#,keydown
25811700,#,keydown
25811800,#,keydown
25811800,#,keydown
25811800,#,keydown
25811900,#,keydown
25812000,#,keydown
25812000,#,keydown
25812000,#,keydown
25812100,#,keydown
25812100,#,keydown
25812100,#,keydown
25812100,#,keydown
25812100,#,keydown
25812200,#,keydown
25812200,#,keydown
25812200,#,keydown
25812300,#,keydown
25812700,#,keydown
25813800,Enter,keydown
25814300,#,keydown
25814600,#,keydown
25815000,#,keydown
25815000,#,keydown
25815000,#,keydown
25815100,#,keydown
25815200,#,keydown
25815200,#,keydown
25816000,#,keydown
25816700,#,keydown
25817600,Backspace,keydown
25818400,#,keydown
25818800,#,keydown
25820700,#,keydown
25821300, ,keydown
25821500,d,keydown
25822300,o,keydown
25822500,p,keydown
25822600,o,keydown
25822800, ,keydown
25822900,u,keydown
25823100,n,keydown
25823300,a,keydown
25823300, ,keydown
25824100,g,keydown
25824300,u,keydown
25824500,a,keydown
25825000,Backspace,keydown
25825100,e,keydown
25825400,r,keydown
25825600,r,keydown
25826200,a,keydown
25826600, ,keydown
25827200,c,keydown
25827500,r,keydown
25827800,u,keydown
25828100,d,keydown
25828400,a,keydown
25828900, ,keydown
25829300,s,keydown
25829400,i,keydown
25829500, ,keydown
25830000,t,keydown
25830100,o,keydown
25830400,r,keydown
25830500,m,keydown
25830700,a,keydown
25831100,Backspace,keydown
25831300,Backspace,keydown
25831500,n,keydown
25831700,a,keydown
25832000, ,keydown
25832200,a,keydown
25832500,l,keydown
25833000,l,keydown
25833200,a,keydown
25833300, ,keydown
25833600,p,keydown
25833800,a,keydown
25834200,c,keydown
25834400,e,keydown
25835500, ,keydown
25835700,e,keydown
25836400, ,keydown
25837000,a,keydown
25837500,d,keydown
25837900, ,keydown
25838200,u,keydown
25838400,n,keydown
25838600, ,keydown
25838900,i,keydown
25839100,n,keydown
25839400,v,keydown
25839600,e,keydown
25839700,r,keydown
25840200,n,keydown
25840400,o,keydown
25840900,Enter,keydown
25841300,r,keydown
25841400,i,keydown
25841700,g,keydown
25841900,i,keydown
25842700,d,keydown
25842900,o,keydown
25843300, ,keydown
25844300,s,keydown
25844400,u,keydown
25844800,b,keydown
25844900,e,keydown
25845200,n,keydown
25845500,t,keydown
25845800,r,keydown
25845900,a,keydown
25846900, ,keydown
25847300,a,keydown
25847600,d,keydown
25847700, ,keydown
25848000,u,keydown
25848200,n,keydown
25848400,a,keydown
25848500, ,keydown
25848900,t,keydown
25849100,o,keydown
25849400,r,keydown
25849500,r,keydown
25849700,i,keydown
25850000,d,keydown
25850100,a,keydown
25850300, ,keydown
25850600,e,keydown
25850800,s,keydown
25850900,t,keydown
25851100,a,keydown
25851600,t,keydown
25851800,e,keydown
25853700,.,keydown
25853900,Enter,keydown
25854100,#,keydown
25854400,q,keydown
25854500,u,keydown
25854600,i,keydown
25854900,n,keydown
25855100,d,keydown
25855200,i,keydown
25856400,",",keydown
25856500, ,keydown
25856700,s,keydown
25856900,e,keydown
25857000, ,keydown
25857500,v,keydown
25857700,o,keydown
25858100,g,keydown
25858200,l,keydown
25858400,i,keydown
25858500,a,keydown
25858700,m,keydown
25858800,o,keydown
25859000, ,keydown
25859100,e,keydown
25859200,l,keydown
25859500,i,keydown
25859700,m,keydown
25859800,i,keydown
25860000,n,keydown
25860500,a,keydown
25860600,r,keydown
25862300,e,keydown
25862500, ,keydown
25862800,q,keydown
25862900,u,keydown
25863100,a,keydown
25863200,l,keydown
25863500,c,keydown
25863700,o,keydown
25864000,s,keydown
25864300,a,keydown
25865100,",",keydown
25865300, ,keydown
25865400,d,keydown
25865500,o,keydown
25865800,b,keydown
25866000,b,keydown
25866100,i,keydown
25866300,a,keydown
25866500,n,keydown
25866800,o,keydown
25867600,Backspace,keydown
25867800,Backspace,keydown
25868500,m,keydown
25868800,o,keydown
25868900, ,keydown
25869100,s,keydown
25869200,o,keydown
25869400,l,keydown
25869500,o,keydown
25876000, ,keydown
25876400,p,keydown
25876500,o,keydown
25876700,r,keydown
25876900,t,keydown
25877100,a,keydown
25877300,r,keydown
25877600,l,keydown
25877900,o,keydown
25878800,Backspace,keydown
25878900,Backspace,keydown
25879000,Backspace,keydown
25879200,Backspace,keydown
25879400,Backspace,keydown
25879500,Backspace,keydown
25879700,Backspace,keydown
25879900,Backspace,keydown
25881900,Backspace,keydown
25882600,#,keydown
25885700, ,keydown
25886100,p,keydown
25886200,o,keydown
25886400,r,keydown
25887600,t,keydown
25887800,a,keydown
25888200,r,keydown
25888500,l,keydown
25888700,o,keydown
25888900, ,keydown
25889200,a,keydown
25889400,l,keydown
25889500,l,keydown
25890200,#,keydown
25890700,e,keydown
25890900,s,keydown
25891100,t,keydown
25891300,r,keydown
25891500,e,keydown
25891800,m,keydown
25891900,o,keydown
25899200,",",keydown
25899500,Enter,keydown
25899900,o,keydown
25900100,p,keydown
25900200,p,keydown
25900600,u,keydown
25900800,r,keydown
25900900,e,keydown
25901000, ,keydown
25901200,d,keydown
25901600,i,keydown
25901700,s,keydown
25902100,t,keydown
25902200,r,keydown
25902500,u,keydown
25902800,g,keydown
25903000,g,keydown
25903100,e,keydown
25903300,r,keydown
25903700,l,keydown
25903900,o,keydown
25905200, ,keydown
25905500,s,keydown
25905600,u,keydown
25905700,l,keydown
25905900, ,keydown
25906200,n,keydown
25906400,a,keydown
25906800,s,keydown
25907000,c,keydown
25907300,e,keydown
25907500,r,keydown
25907700,e,keydown
25909800,.,keydown
25909900,Enter,keydown
25910100,#,keydown
25910300,s,keydown
25910500,o,keydown
25910600,m,keydown
25910800,o,keydown
25911100,Backspace,keydown
25911400,Backspace,keydown
25911800,n,keydown
25912000,o,keydown
25912200, ,keydown
25912500,d,keydown
25912600,u,keydown
25912800,e,keydown
25913200, ,keydown
25913500,m,keydown
25913900,Backspace,keydown
25914200,i,keydown
25914400, ,keydown
25914600,m,keydown
25914700,o,keydown
25914900,m,keydown
25915100,e,keydown
25915300,n,keydown
25915400,t,keydown
25915500,i,keydown
25917100, ,keydown
25917500,m,keydown
25917700,i,keydown
25918100,g,keydown
25918200,l,keydown
25918400,i,keydown
25918600,o,keydown
25918900,r,keydown
25919000,i,keydown
25919200, ,keydown
25919400,p,keydown
25919500,e,keydown
25919600,r,keydown
25919800, ,keydown
25920000,a,keydown
25920300,b,keydown
25920400,b,keydown
25920600,a,keydown
25921000,t,keydown
25921100,t,keydown
25921400,e,keydown
25921600,r,keydown
25921800,e,keydown
25923200, ,keydown
25923400,u,keydown
25923600,n,keydown
25923700, ,keydown
25924000,a,keydown
25924200,l,keydown
25924400,b,keydown
25924700,e,keydown
25925000,r,keydown
25925300,o,keydown
25925700,#,keydown
25926000,#,keydown
25926600, ,keydown
25927000,o,keydown
25927300, ,keydown
25927500,q,keydown
25927600,u,keydown
25927900,a,keydown
25928100,n,keydown
25928300,d,keydown
25928400,o,keydown
25928900, ,keydown
25929300,e,keydown
25929500,#,keydown
25929700, ,keydown
25930000,t,keydown
25930200,a,keydown
25930400,n,keydown
25930500,t,keydown
25930800,o,keydown
25931100,Enter,keydown
25931600,a,keydown
25931800,l,keydown
25932200,t,keydown
25932300,o,keydown
25933500, ,keydown
25933700,c,keydown
25933700,h,keydown
25933900,e,keydown
25934000, ,keydown
25934200,r,keydown
25934400,i,keydown
25934600,s,keydown
25935000,c,keydown
25935400,h,keydown
25935700,i,keydown
25936000,a,keydown
25936100, ,keydown
25936300,d,keydown
25936400,i,keydown
25936600, ,keydown
25936900,c,keydown
25937100,a,keydown
25937300,d,keydown
25937600,e,keydown
25937900,r,keydown
25938000,e,keydown
25938200, ,keydown
25938400,d,keydown
25938600,a,keydown
25938700, ,keydown
25938800,s,keydown
25939000,o,keydown
25939200,l,keydown
25939500,o,keydown
25942900,",",keydown
25943100, ,keydown
25943300,o,keydown
25943400, ,keydown
25943700,q,keydown
25943800,u,keydown
25944100,a,keydown
25944200,n,keydown
25944400,d,keydown
25944400,o,keydown
25944600, ,keydown
25945200,e,keydown
25945500,#,keydown
25945800, ,keydown
25946000,t,keydown
25946200,a,keydown
25946300,n,keydown
25946400,t,keydown
25946600,o,keydown
25946800, ,keydown
25947300,p,keydown
25947600,i,keydown
25948000,c,keydown
25948100,c,keydown
25948300,o,keydown
25948400,l,keydown
25948600,o,keydown
25951000, ,keydown
25951200,d,keydown
25951300,a,keydown
25951400, ,keydown
25952000,p,keydown
25952200,o,keydown
25952500,t,keydown
25952600,e,keydown
25952800,r,keydown
25953300,Enter,keydown
25953600,s,keydown
25954100,Backspace,keydown
25954200,e,keydown
25954500,s,keydown
25954700,s,keydown
25955000,e,keydown
25955300,r,keydown
25955500,e,keydown
25955700, ,keydown
25956000,s,keydown
25956700,r,keydown
25957100,a,keydown
25957500,d,keydown
25957700,i,keydown
25958100,c,keydown
25958400,a,keydown
25958800,t,keydown
25958900,o,keydown
25960200, ,keydown
25960600,s,keydown
25960700,e,keydown
25960900,n,keydown
25961300,z,keydown
25961600,a,keydown
25961700, ,keydown
25961900,f,keydown
25962100,a,keydown
25962600,t,keydown
25962700,i,keydown
25962900,c,keydown
25963100,a,keydown
25963400,.,keydown
25964700, ,keydown
25965000,#,keydown
25965000,p,keydown
25965300,o,keydown
25965700,t,keydown
25966000,r,keydown
25966200,e,keydown
25966500,n,keydown
25966700,n,keydown
25966800,o,keydown
25967100, ,keydown
25967400,i,keydown
25967900,Backspace,keydown
25968000,Backspace,keydown
25968200,Backspace,keydown
25968300,Backspace,keydown
25968500,Backspace,keydown
25969300,m,keydown
25969400,m,keydown
25969600,o,keydown
25969800, ,keydown
25969900,i,keydown
25970100,n,keydown
25970300,v,keydown
25970400,e,keydown
25970600,r,keydown
25971100,Backspace,keydown
25971200,c,keydown
25971400,e,keydown
25974100, ,keydown
25974300,e,keydown
25974600,s,keydown
25974900,p,keydown
25975300,r,keydown
25975500,i,keydown
25975700,m,keydown
25975900,e,keydown
25976300,r,keydown
25976400,e,keydown
25976600, ,keydown
25977900,l,keydown
25978000,a,keydown
25978200, ,keydown
25978400,s,keydown
25978500,a,keydown
25978900,g,keydown
25979000,g,keydown
25979200,e,keydown
25979700,z,keydown
25979800,z,keydown
25980100,a,keydown
25981100,Enter,keydown
25981500,i,keydown
25981900,n,keydown
25982200,s,keydown
25982300,i,keydown
25982600,t,keydown
25982800,a,keydown
25983700, ,keydown
25984200,n,keydown
25984300,e,keydown
25984500,l,keydown
25984500,l,keydown
25984700,a,keydown
25984800, ,keydown
25985300,v,keydown
25985400,i,keydown
25985600,a,keydown
25985800, ,keydown
25985900,d,keydown
25986100,i,keydown
25986200, ,keydown
25986400,m,keydown
25986600,e,keydown
25986900,z,keydown
25987100,z,keydown
25987300,o,keydown
25988600, ,keydown
25988800,t,keydown
25989000,a,keydown
25989500,c,keydown
25989600,l,keydown
25989900,i,keydown
25990200,Backspace,keydown
25990400,Backspace,keydown
25990600,Backspace,keydown
25990800,g,keydown
25990900,l,keydown
25991100,i,keydown
25991200,a,keydown
25991500,n,keydown
25991600,d,keydown
25991700,o,keydown
25992900, ,keydown
25993200,u,keydown
25993400,n,keydown
25993600, ,keydown
25993700,r,keydown
25993900,a,keydown
25994100,m,keydown
25994300,o,keydown
25994500,s,keydown
25994700,c,keydown
25995000,e,keydown
25995100,l,keydown
25995300,l,keydown
25995500,o,keydown
25996400, ,keydown
25996700,d,keydown
25997200,Backspace,keydown
25997700,d,keydown
25997700,a,keydown
25997900, ,keydown
25998100,u,keydown
25998400,n,keydown
25998500, ,keydown
25998700,v,keydown
25998800,e,keydown
25999200,c,keydown
25999300,c,keydown
25999500,h,keydown
25999600,i,keydown
25999900,o,keydown
26001300,Enter,keydown
26001500,a,keydown
26001600,l,keydown
26002000,b,keydown
26002200,e,keydown
26002600,r,keydown
26002700,o,keydown
26002900, ,keydown
26003200,e,keydown
26003400,d,keydown
26003600, ,keydown
26003700,i,keydown
26003800,n,keydown
26004400,n,keydown
26004700,e,keydown
26005000,s,keydown
26005200,t,keydown
26005300,a,keydown
26005600,r,keydown
26006000,l,keydown
26006100,o,keydown
26007200, ,keydown
26007700,i,keydown
26007900,n,keydown
26008100, ,keydown
26008200,u,keydown
26008400,n,keydown
26008700,o,keydown
26008900, ,keydown
26009200,p,keydown
26009900,i,keydown
26010100,u,keydown
26010300,#,keydown
26010500, ,keydown
26010700,g,keydown
26010900,i,keydown
26011000,o,keydown
26011300,v,keydown
26011500,a,keydown
26011600,n,keydown
26011700,e,keydown
26013100,.,keydown
26013200, ,keydown
26013400,#,keydown
26013600,e,keydown
26013800,d,keydown
26013900, ,keydown
26014000,e,keydown
26014400,#,keydown
26014600, ,keydown
26015000,p,keydown
26015100,r,keydown
26015300,i,keydown
26016000,Backspace,keydown
26017100,o,keydown
26017200,p,keydown
26017900,i,keydown
26018300,o,keydown
26018600,Backspace,keydown
26018800,Backspace,keydown
26019100,r,keydown
26019200,i,keydown
26019500,o,keydown
26021100, ,keydown
26021400,q,keydown
26021700,u,keydown
26021800,e,keydown
26022100,s,keydown
26022300,t,keydown
26022400,o,keydown
26022600, ,keydown
26022800,c,keydown
26023000,i,keydown
26024000,o,keydown
26024300,#,keydown
26024600,Enter,keydown
26025900,c,keydown
26026000,h,keydown
26026100,e,keydown
26026200, ,keydown
26026400,f,keydown
26026500,a,keydown
26027100,n,keydown
26027300,n,keydown
26027500,o,keydown
26027600, ,keydown
26028100,i,keydown
26028300, ,keydown
26028500,s,keydown
26028600,e,keydown
26028900,g,keydown
26029200,u,keydown
26029300,a,keydown
26029800,c,keydown
26029900,i,keydown
26030200, ,keydown
26030200,d,keydown
26030500,e,keydown
26030600,l,keydown
26030800, ,keydown
26030900,#,keydown
26031100,t,keydown
26031400,a,keydown
26031600,o,keydown
26032000,#,keydown
26032400,#,keydown
26032900, ,keydown
26033600,q,keydown
26033700,u,keydown
26033800,a,keydown
26034000,n,keydown
26034100,d,keydown
26034300,o,keydown
26034500, ,keydown
26034600,u,keydown
26034900,n,keydown
26035000,a,keydown
26035100, ,keydown
26035400,c,keydown
26035500,i,keydown
26035700,r,keydown
26036100,c,keydown
26036200,o,keydown
26036500,s,keydown
26036700,t,keydown
26036900,a,keydown
26037200,n,keydown
26037800,z,keydown
26038000,a,keydown
26040600, ,keydown
26041200,r,keydown
26041400,e,keydown
26041700,Backspace,keydown
26041900,a,keydown
26042100,g,keydown
26042300,g,keydown
26042500,i,keydown
26042600,u,keydown
26042800,n,keydown
26043500,g,keydown
26043700,e,keydown
26043800, ,keydown
26044000,i,keydown
26044100,l,keydown
26044300, ,keydown
26044500,s,keydown
26044700,u,keydown
26044800,o,keydown
26045300,Enter,keydown
26045600,c,keydown
26045800,u,keydown
26045900,l,keydown
26046300,m,keydown
26046800,i,keydown
26047000,n,keydown
26047200,e,keydown
26049300,",",keydown
26049500, ,keydown
26049600,l,keydown
26049800,a,keydown
26049900, ,keydown
26050100,m,keydown
26050300,o,keydown
26050300,d,keydown
26050500,i,keydown
26050700,f,keydown
26050800,i,keydown
26050900,c,keydown
26051100,a,keydown
26051400,n,keydown
26051600,o,keydown
26053500,#,keydown
26053700, ,keydown
26054000,d,keydown
26054200,e,keydown
26054800,d,keydown
26054800,i,keydown
26055200,c,keydown
26055300,a,keydown
26055400,n,keydown
26055700,d,keydown
26055800,o,keydown
26056300,s,keydown
26056700,i,keydown
26056900, ,keydown
26057200,a,keydown
26057500,s,keydown
26058100,Backspace,keydown
26058500,d,keydown
26058500, ,keydown
26058900,u,keydown
26059200,n,keydown
26059900,a,keydown
26060000, ,keydown
26060600,n,keydown
26060800,u,keydown
26061000,o,keydown
26061300,v,keydown
26061500,a,keydown
26061700, ,keydown
26062000,s,keydown
26062100,i,keydown
26062300,t,keydown
26062500,u,keydown
26062700,a,keydown
26063100,z,keydown
26063200,i,keydown
26063300,o,keydown
26063500,n,keydown
26063500,e,keydown
26065100,",",keydown
26065300, ,keydown
26065600,p,keydown
26066100,r,keydown
26066400,o,keydown
26066800,n,keydown
26066900,t,keydown
26067100,a,keydown
26067400,Enter,keydown
26067800,a,keydown
26067900, ,keydown
26068300,c,keydown
26068500,r,keydown
26068700,e,keydown
26068900,a,keydown
26069300,r,keydown
26069700,s,keydown
26069900,i,keydown
26070700,",",keydown
26071400, ,keydown
26072200,e,keydown
26074000,s,keydown
26074200,s,keydown
26074500,i,keydown
26074900, ,keydown
26075200,r,keydown
26075400,a,keydown
26075800,g,keydown
26076000,g,keydown
26076300,i,keydown
26076500,u,keydown
26076800,n,keydown
26077100,c,keydown
26077500,Backspace,keydown
26077600,g,keydown
26077800,o,keydown
26078000,n,keydown
26078200,o,keydown
26078300, ,keydown
26078500,l,keydown
26078900,#,keydown
26079100,e,keydown
26079400,t,keydown
26079600,e,keydown
26079900,r,keydown
26080000,n,keydown
26080200,i,keydown
26080500,t,keydown
26080700,a,keydown
26080900,#,keydown
26081600,",",keydown
26082300,Backspace,keydown
26082600,.,keydown
26083000,Enter,keydown
26098900,#,keydown
26099200,d,keydown
26099700,a,keydown
26100100, ,keydown
26115300,Backspace,keydown
26115400,Backspace,keydown
26115500,Backspace,keydown
26116000,#,keydown
26116100,a,keydown
26116200,l,keydown
26116400,l,keydown
26116500,a,keydown
26116700, ,keydown
26117200,o,keydown
26117400,r,keydown
26117700,Backspace,keydown
26117900,Backspace,keydown
26118400,p,keydown
26118500,r,keydown
26118500,o,keydown
26118800,s,keydown
26119000,s,keydown
26119000,i,keydown
26119200,m,keydown
26119300,a,keydown
26119400, ,keydown
26119700,p,keydown
26119800,e,keydown
26120000,r,keydown
26120200,l,keydown
26120300,a,keydown
26120500, ,keydown
26120600,d,keydown
26120600,i,keydown
26120800, ,keydown
26121100,s,keydown
26121400,a,keydown
26121600,g,keydown
26121800,g,keydown
26121900,e,keydown
26122300,z,keydown
26122500,z,keydown
26122700,a,keydown
26122900, ,keydown
26123300,#,keydown
26123500,t,keydown
26123700,a,keydown
26124000,o,keydown
26124300,",",keydown
26124800,Backspace,keydown
26125300,.,keydown
26125900,Enter,keydown
