timestamp,key,type
24317200,Backspace,keydown
24317200,Backspace,keydown
24317200,Backspace,keydown
24317200,Backspace,keydown
24317200,Backspace,keydown
24317200,Backspace,keydown
24317200,Backspace,keydown
24317200,Backspace,keydown
24317200,#,keydown
24317300,n,keydown
24317600,e,keydown
24317800,l,keydown
24317900,l,keydown
24317900,a,keydown
24318100, ,keydown
24318400,t,keydown
24318600,e,keydown
24318700,s,keydown
24318900,i,keydown
24319000, ,keydown
24319400,v,keydown
24319500,e,keydown
24319700,r,keydown
24319800,r,keydown
24320100,a,keydown
24320300,#,keydown
24320500, ,keydown
24320700,s,keydown
24320900,c,keydown
24321500,Backspace,keydown
24321600,v,keydown
24321600,i,keydown
24321800,l,keydown
24322000,u,keydown
24322300,p,keydown
24322500,p,keydown
24322600,a,keydown
24323000,t,keydown
24323200,a,keydown
24324400, ,keydown
24324600,u,keydown
24324700,n,keydown
24324900,a,keydown
24325100, ,keydown
24325400,m,keydown
24325500,e,keydown
24325700,t,keydown
24325800,o,keydown
24326000,d,keydown
24326200,o,keydown
24326300,l,keydown
24326500,o,keydown
24326800,g,keydown
24326900,i,keydown
24327000,a,keydown
24327200, ,keydown
24327300,d,keydown
24327400,i,keydown
24327600, ,keydown
24327900,c,keydown
24328000,o,keydown
24328100,n,keydown
24328300,s,keydown
24328700,r,keydown
24328800,u,keydown
24329500,Backspace,keydown
24329600,Backspace,keydown
24329900,t,keydown
24330100,r,keydown
24330200,u,keydown
24330800,z,keydown
24330900,i,keydown
24331000,o,keydown
24331200,n,keydown
24331200,e,keydown
24331400, ,keydown
24332300,d,keydown
24332400,i,keydown
24332700, ,keydown
24332900,m,keydown
24333000,o,keydown
24333200,d,keydown
24333600,e,keydown
24334000,l,keydown
24334100,l,keydown
24334400, ,keydown
24335000,Backspace,keydown
24335900,i,keydown
24336000,Enter,keydown
24336300,i,keydown
24336600,n,keydown
24336700, ,keydown
24337300,r,keydown
24337500,e,keydown
24337700,t,keydown
24337800,i,keydown
24337900, ,keydown
24338100,d,keydown
24338100,i,keydown
24338300, ,keydown
24338500,#,keydown
24338500,p,keydown
24338700,e,keydown
24338900,t,keydown
24339100,r,keydown
24339200,i,keydown
24340400, ,keydown
24340600,b,keydown
24340800,a,keydown
24341100,s,keydown
24341200,a,keydown
24341600,t,keydown
24341700,i,keydown
24341900, ,keydown
24342400,s,keydown
24342600,u,keydown
24342700,l,keydown
24342800,l,keydown
24342900,a,keydown
24343000, ,keydown
24343500,d,keydown
24343700,e,keydown
24343800,s,keydown
24343900,c,keydown
24344200,r,keydown
24344400,i,keydown
24344900,z,keydown
24344900,i,keydown
24345100,o,keydown
24345200,n,keydown
24345400,e,keydown
24346700, ,keydown
24346900,#,keydown
24347000,u,keydown
24347200,m,keydown
24347400,l,keydown
24347600, ,keydown
24348000,d,keydown
24348000,i,keydown
24348200, ,keydown
24348500,s,keydown
24348700,i,keydown
24348800,s,keydown
24348900,t,keydown
24349200,e,keydown
24349200,m,keydown
24349400,i,keydown
24349600, ,keydown
24349900,s,keydown
24350100,o,keydown
24350600,f,keydown
24350700,t,keydown
24351300,e,keydown
24351700,a,keydown
24351900,Backspace,keydown
24352100,Backspace,keydown
24352700,w,keydown
24352800,a,keydown
24353100,r,keydown
24353200,e,keydown
24353500,Enter,keydown
24353800,d,keydown
24353900,i,keydown
24354000,s,keydown
24354600,t,keydown
24354800,r,keydown
24355000,i,keydown
24355400,n,keydown
24355700,u,keydown
24356000,Backspace,keydown
24356100,Backspace,keydown
24356600,b,keydown
24356700,u,keydown
24356900,i,keydown
24356900,o,keydown
24357100,t,keydown
24357300,i,keydown
24357700,Backspace,keydown
24357900,Backspace,keydown
24358000,Backspace,keydown
24358700,t,keydown
24358800,i,keydown
24360600, ,keydown
24360800,e,keydown
24360800, ,keydown
24361100,t,keydown
24361200,o,keydown
24361400,l,keydown
24361500,l,keydown
24361600,e,keydown
24361800,r,keydown
24362000,a,keydown
24362100,n,keydown
24362400,t,keydown
24362500,i,keydown
24363000, ,keydown
24363500,a,keydown
24363600,i,keydown
24363700, ,keydown
24364000,g,keydown
24364000,u,keydown
24364300,a,keydown
24364800,s,keydown
24365000,t,keydown
24365200,i,keydown
24365300, ,keydown
24365500,a,keydown
24365700,p,keydown
24365800,p,keydown
24366500,l,keydown
24366600,i,keydown
24366900,c,keydown
24367100,a,keydown
24367200,t,keydown
24367600,Backspace,keydown
24367900,b,keydown
24368100,i,keydown
24368300,l,keydown
24368400,e,keydown
24369400, ,keydown
24369700,a,keydown
24369800, ,keydown
24370000,p,keydown
24370100,a,keydown
24370400,r,keydown
24370600,t,keydown
24370700,i,keydown
24371100,r,keydown
24371300,e,keydown
24371400, ,keydown
24371600,d,keydown
24371700,a,keydown
24371900,l,keydown
24372100,l,keydown
24372200,e,keydown
24373800,Backspace,keydown
24374600,a,keydown
24374700,Enter,keydown
24375400,f,keydown
24375500,a,keydown
24375800,s,keydown
24375900,e,keydown
24376200, ,keydown
24376600,i,keydown
24376800,n,keydown
24376800,i,keydown
24377200,z,keydown
24377300,i,keydown
24377400,a,keydown
24377600,l,keydown
24377900,e,keydown
24378500, ,keydown
24378800,d,keydown
24378800,i,keydown
24379400,Backspace,keydown
24379700,e,keydown
24379800,l,keydown
24380100, ,keydown
24380200,p,keydown
24380500,r,keydown
24380700,o,keydown
24380900,c,keydown
24381200,e,keydown
24381400,s,keydown
24381500,s,keydown
24381600,o,keydown
24381800, ,keydown
24382000,d,keydown
24382000,i,keydown
24383100, ,keydown
24383400,s,keydown
24383600,v,keydown
24383700,i,keydown
24383900,l,keydown
24384300,u,keydown
24384700,p,keydown
24384800,p,keydown
24385100,o,keydown
24385300, ,keydown
24385500,d,keydown
24385600,e,keydown
24385700,l,keydown
24385900, ,keydown
24386200,s,keydown
24386300,o,keydown
24387100,f,keydown
24388200,t,keydown
24388400,w,keydown
24388600,a,keydown
24388800,r,keydown
24388900,e,keydown
24391500,.,keydown
24392000,Enter,keydown
24392200,#,keydown
24392400,v,keydown
24392700,e,keydown
24392900,r,keydown
24393100,r,keydown
24393200,a,keydown
24393400,#,keydown
24393600, ,keydown
24393800,i,keydown
24394000,n,keydown
24394100,o,keydown
24394400,l,keydown
24394600,t,keydown
24394900,r,keydown
24395000,e,keydown
24395200, ,keydown
24395500,p,keydown
24395900,r,keydown
24396000,o,keydown
24396100,p,keydown
24396300,o,keydown
24396600,s,keydown
24396800,t,keydown
24396900,o,keydown
24398100, ,keydown
24398400,u,keydown
24398600,n,keydown
24398800, ,keydown
24399200,m,keydown
24399300,e,keydown
24399600,t,keydown
24399700,o,keydown
24399900,d,keydown
24400000,o,keydown
24400200, ,keydown
24400300,d,keydown
24400400,i,keydown
24400600, ,keydown
24400800,t,keydown
24400900,r,keydown
24401100,a,keydown
24401400,d,keydown
24401500,u,keydown
24401700,z,keydown
24401800,i,keydown
24402000,o,keydown
24402100,n,keydown
24402200,e,keydown
24403600, ,keydown
24403900,a,keydown
24404100,u,keydown
24404700,o,keydown
24405400,Backspace,keydown
24405800,t,keydown
24405900,o,keydown
24406200,m,keydown
24406300,a,keydown
24406500,t,keydown
24406600,i,keydown
24406700,c,keydown
24406900,a,keydown
24408600, ,keydown
24408800,d,keydown
24409200,e,keydown
24409600,Backspace,keydown
24409900,i,keydown
24410000, ,keydown
24410300,q,keydown
24410300,u,keydown
24410400,i,keydown
24410700,e,keydown
24411000,Backspace,keydown
24411200,Backspace,keydown
24411300,e,keydown
24411500,i,keydown
24411900,Enter,keydown
24412500,d,keydown
24412500,i,keydown
24413000,g,keydown
24413400,Backspace,keydown
24413500,a,keydown
24413700,g,keydown
24414000,r,keydown
24414100,a,keydown
24414400,m,keydown
24414600,m,keydown
24414800,i,keydown
24414900, ,keydown
24415300,#,keydown
24415400,u,keydown
24415500,m,keydown
24415800,l,keydown
24416900, ,keydown
24417200,c,keydown
24417300,h,keydown
24417400,e,keydown
24417500, ,keydown
24417700,d,keydown
24417900,e,keydown
24418200,s,keydown
24418300,c,keydown
24418600,r,keydown
24418900,i,keydown
24419200,v,keydown
24419300,o,keydown
24419700,l,keydown
24420100,Backspace,keydown
24420300,n,keydown
24420400,o,keydown
24421700, ,keydown
24421900,l,keydown
24422000,e,keydown
24422200, ,keydown
24422300,c,keydown
24422600,a,keydown
24422700,r,keydown
24422900,r,keydown
24423300,Backspace,keydown
24423400,a,keydown
24423700,t,keydown
24423900,t,keydown
24424000,e,keydown
24424100,r,keydown
24424300,i,keydown
24424500,s,keydown
24424700,t,keydown
24424800,i,keydown
24425100,c,keydown
24425300,h,keydown
24425500,e,keydown
24426500, ,keydown
24426900,c,keydown
24427000,o,keydown
24427200,m,keydown
24427300,p,keydown
24427400,o,keydown
24427800,r,keydown
24428000,t,keydown
24428200,a,keydown
24428400,m,keydown
24428500,e,keydown
24428700,n,keydown
24428700,t,keydown
24429100,a,keydown
24429300,l,keydown
24429500,i,keydown
24430600,Enter,keydown
24430900,d,keydown
24431200,e,keydown
24431300,l,keydown
24431400, ,keydown
24431600,s,keydown
24431700,i,keydown
24431900,s,keydown
24432000,t,keydown
24432300,e,keydown
24432300,m,keydown
24432600,a,keydown
24433800,",",keydown
24434100, ,keydown
24434200,e,keydown
24434400, ,keydown
24434800,c,keydown
24435000,h,keydown
24435200,e,keydown
24435200, ,keydown
24435500,q,keydown
24435600,u,keydown
24435700,i,keydown
24435900,n,keydown
24436200,g,keydown
24436600,Backspace,keydown
24436800,d,keydown
24437000,i,keydown
24437900, ,keydown
24438200,s,keydown
24438400,o,keydown
24438400,n,keydown
24438500,o,keydown
24438700, ,keydown
24438900,u,keydown
24439200,t,keydown
24439500,i,keydown
24439900,l,keydown
24440000,i,keydown
24440300,z,keydown
24440500,z,keydown
24440600,a,keydown
24440900,t,keydown
24441000,i,keydown
24441600, ,keydown
24442900,n,keydown
24443000,o,keydown
24443100,r,keydown
24443500,m,keydown
24443800,a,keydown
24444100,l,keydown
24444500,m,keydown
24444600,e,keydown
24444700,n,keydown
24444900,t,keydown
24445300,e,keydown
24445500, ,keydown
24445800,n,keydown
24446000,e,keydown
24446400,l,keydown
24446600,l,keydown
24446700,a,keydown
24446800, ,keydown
24447000,s,keydown
24447100,u,keydown
24447400,c,keydown
24447600,c,keydown
24447800,e,keydown
24448000,s,keydown
24448200,s,keydown
24448400,i,keydown
24448600,v,keydown
24448800,a,keydown
24448900,Enter,keydown
24449300,f,keydown
24449500,a,keydown
24450000,s,keydown
24450200,e,keydown
24450300, ,keydown
24451700,d,keydown
24451800,i,keydown
24452000, ,keydown
24452100,d,keydown
24452400,e,keydown
24452600,s,keydown
24453400,i,keydown
24453600,g,keydown
24453600,b,keydown
24454200,Backspace,keydown
24455400,n,keydown
24455500, ,keydown
24455700,q,keydown
24455800,u,keydown
24456100,a,keydown
24456200,n,keydown
24456400,d,keydown
24456500,o,keydown
24457700, ,keydown
24457900,v,keydown
24458100,e,keydown
24458300,n,keydown
24458900,g,keydown
24458900,o,keydown
24459200,n,keydown
24459300,o,keydown
24459600, ,keydown
24459900,d,keydown
24460100,e,keydown
24460300,r,keydown
24460800,Backspace,keydown
24460900,t,keydown
24461000,e,keydown
24461200,r,keydown
24461300,m,keydown
24461600,i,keydown
24461800,n,keydown
24462100,a,keydown
24462300,t,keydown
24462500,e,keydown
24462600, ,keydown
24463100,l,keydown
24463400,e,keydown
24463600, ,keydown
24463900,s,keydown
24464100,p,keydown
24464200,e,keydown
24464400,c,keydown
24464500,i,keydown
24464700,f,keydown
24464900,i,keydown
24465100,c,keydown
24465400,h,keydown
24465500,e,keydown
24465600, ,keydown
24465800,d,keydown
24465800,i,keydown
24466000, ,keydown
24466400,p,keydown
24466500,r,keydown
24466500,o,keydown
24467000,g,keydown
24467200,e,keydown
24467500,t,keydown
24467600,t,keydown
24467800,o,keydown
24468000,.,keydown
24469300,Enter,keydown
24469500,#,keydown
24469900,l,keydown
24470100,a,keydown
24470500, ,keydown
24470900,s,keydown
24471000,c,keydown
24471400,e,keydown
24471600,l,keydown
24472900,t,keydown
24473000,a,keydown
24473100, ,keydown
24473300,d,keydown
24473400,e,keydown
24473700,l,keydown
24473800, ,keydown
24474000,f,keydown
24474200,o,keydown
24474300,r,keydown
24474400,m,keydown
24474600,a,keydown
24475100,l,keydown
24475200,i,keydown
24475400,s,keydown
24475800,m,keydown
24475900,o,keydown
24476200, ,keydown
24476300,d,keydown
24476500,e,keydown
24476600,l,keydown
24476700,l,keydown
24476900,e,keydown
24477000, ,keydown
24477400,r,keydown
24477700,e,keydown
24477900,t,keydown
24478000,i,keydown
24478200, ,keydown
24478400,d,keydown
24478500,i,keydown
24478700, ,keydown
24478800,#,keydown
24478900,a,keydown
24479000,p,keydown
24479500,Backspace,keydown
24479600,Backspace,keydown
24479800,#,keydown
24479900,o,keydown
24480500,Backspace,keydown
24480700,#,keydown
24481000,p,keydown
24481300,e,keydown
24481500,t,keydown
24481700,r,keydown
24481700,i,keydown
24483000, ,keydown
24483500,e,keydown
24483700,#,keydown
24483800, ,keydown
24484000,m,keydown
24484200,o,keydown
24484500,d,keydown
24485000,Backspace,keydown
24485100,t,keydown
24485200,i,keydown
24485300,v,keydown
24485600,a,keydown
24486000,t,keydown
24486200,a,keydown
24486600, ,keydown
24487000,d,keydown
24487300,a,keydown
24487400,l,keydown
24487500, ,keydown
24487800,f,keydown
24488000,a,keydown
24488600,t,keydown
24488800,t,keydown
24488900,o,keydown
24489300,Enter,keydown
24489500,c,keydown
24489600,h,keydown
24489800,e,keydown
24490100, ,keydown
24490900,Backspace,keydown
24491100,#,keydown
24491200,#,keydown
24491300, ,keydown
24491600,1,keydown
24491900,#,keydown
24492000,#,keydown
24496800, ,keydown
24497000,p,keydown
24497100,e,keydown
24497200,r,keydown
24497500,m,keydown
24497700,e,keydown
24497900,t,keydown
24497900,t,keydown
24498200,e,keydown
24498300, ,keydown
24498500,d,keydown
24498500,i,keydown
24498600, ,keydown
24498900,r,keydown
24499000,a,keydown
24499200,p,keydown
24499400,p,keydown
24499600,r,keydown
24499700,e,keydown
24500000,s,keydown
24500100,e,keydown
24500300,n,keydown
24500500,t,keydown
24500600,a,keydown
24500900,r,keydown
24501100,e,keydown
24501400, ,keydown
24501600,i,keydown
24501900,n,keydown
24502100, ,keydown
24502500,Backspace,keydown
24502800,Backspace,keydown
24504200, ,keydown
24504600,Backspace,keydown
24504800,Backspace,keydown
24505300,s,keydown
24505300,i,keydown
24505700,t,keydown
24505700,u,keydown
24505900,a,keydown
24506400,z,keydown
24506400,i,keydown
24506600,o,keydown
24506700,n,keydown
24506800,i,keydown
24507000, ,keydown
24507200,d,keydown
24507200,i,keydown
24507400, ,keydown
24507600,c,keydown
24507800,o,keydown
24507900,n,keydown
24508200,c,keydown
24508300,o,keydown
24508600,r,keydown
24508700,r,keydown
24508900,e,keydown
24509000,n,keydown
24509200,t,keydown
24509600,Backspace,keydown
24509700,z,keydown
24510000,a,keydown
24511300,",",keydown
24511800, ,keydown
24512200,s,keydown
24512300,i,keydown
24513200, ,keydown
24513400,d,keydown
24513400,i,keydown
24513900,Backspace,keydown
24514100,Backspace,keydown
24514300,Backspace,keydown
24514400,Backspace,keydown
24515100,i,keydown
24515200,n,keydown
24515500,c,keydown
24515700,r,keydown
24515900,o,keydown
24515900,n,keydown
24516100,i,keydown
24516500,z,keydown
24516700,z,keydown
24516800,a,keydown
24517600,z,keydown
24517900,i,keydown
24517900,o,keydown
24518100,n,keydown
24518300,e,keydown
24518500,Enter,keydown
24522600,#,keydown
24522900,#,keydown
24523300,#,keydown
24523400,#,keydown
24523400,#,keydown
24523400,#,keydown
24523400,#,keydown
24523500,#,keydown
24523500,#,keydown
24523500,#,keydown
24523600,#,keydown
24523600,#,keydown
24523700,#,keydown
24523700,#,keydown
24523700,#,keydown
24523800,#,keydown
24523900,#,keydown
24523900,#,keydown
24523900,#,keydown
24524000,#,keydown
24524000,#,keydown
24524000,#,keydown
24524100,#,keydown
24524100,#,keydown
24524100,#,keydown
24524100,#,keydown
24524200,#,keydown
24524300,#,keydown
24524300,#,keydown
24524300,#,keydown
24524300,#,keydown
24524400,#,keydown
24524400,#,keydown
24524400,#,keydown
24524500,#,keydown
24524600,#,keydown
24524600,#,keydown
24524600,#,keydown
24524600,#,keydown
24524700,#,keydown
24524700,#,keydown
24524700,#,keydown
24524700,#,keydown
24524800,#,keydown
24524900,#,keydown
24524900,#,keydown
24524900,#,keydown
24524900,#,keydown
24524900,#,keydown
24525000,#,keydown
24525100,#,keydown
24525100,#,keydown
24525100,#,keydown
24525200,#,keydown
24525200,#,keydown
24525200,#,keydown
24525200,#,keydown
24525400,#,keydown
24525400,#,keydown
24525400,#,keydown
24525400,#,keydown
24525500,#,keydown
24525500,#,keydown
24525500,#,keydown
24525500,#,keydown
24525500,#,keydown
24525600,#,keydown
24525600,#,keydown
24525700,#,keydown
24525700,#,keydown
24525800,#,keydown
24525800,#,keydown
24525900,#,keydown
24525900,#,keydown
24525900,#,keydown
24526000,#,keydown
24526000,#,keydown
24526100,#,keydown
24526100,#,keydown
24526100,#,keydown
24526200,#,keydown
24526200,#,keydown
24526200,#,keydown
24527800,c,keydown
24527900,a,keydown
24528000,u,keydown
24528300,s,keydown
24528400,l,keydown
24529100,Backspace,keydown
24529500,a,keydown
24529600,l,keydown
24529800,i,keydown
24530100,t,keydown
24530200,a,keydown
24530400,#,keydown
24531500, ,keydown
24532300,Backspace,keydown
24533200,Backspace,keydown
24533300,Backspace,keydown
24533500,Backspace,keydown
24533700,Backspace,keydown
24533800,Backspace,keydown
24534000,Backspace,keydown
24534100,Backspace,keydown
24534300,Backspace,keydown
24534400,Backspace,keydown
24534600,Backspace,keydown
24535200,e,keydown
24535300, ,keydown
24535500,c,keydown
24535700,a,keydown
24535900,u,keydown
24536000,s,keydown
24536300,a,keydown
24536700,l,keydown
24536800,i,keydown
24537000,t,keydown
24537300,a,keydown
24537400,#,keydown
24538600, ,keydown
24538800,c,keydown
24538800,h,keydown
24539000,e,keydown
24539100, ,keydown
24539300,c,keydown
24539500,a,keydown
24539800,r,keydown
24539900,r,keydown
24540300,Backspace,keydown
24540400,a,keydown
24540700,t,keydown
24540800,t,keydown
24541000,e,keydown
24541100,r,keydown
24541200,i,keydown
24541600,z,keydown
24541700,z,keydown
24542000,a,keydown
24542400,n,keydown
24542500,o,keydown
24542700, ,keydown
24542800,i,keydown
24543000, ,keydown
24543300,s,keydown
24543400,i,keydown
24543500,s,keydown
24543700,t,keydown
24543800,e,keydown
24543900,m,keydown
24544000,i,keydown
24544200, ,keydown
24544600,d,keydown
24544800,i,keydown
24544900,s,keydown
24545100,t,keydown
24545400,r,keydown
24545600,i,keydown
24545800,b,keydown
24546200,u,keydown
24546400,i,keydown
24546700,t,keydown
24546800,i,keydown
24548500,#,keydown
24548700, ,keydown
24548900,#,keydown
24549300,2,keydown
24549700,#,keydown
24549700,#,keydown
24550300,Enter,keydown
24551600,e,keydown
24551800,s,keydown
24551900,i,keydown
24552100,s,keydown
24552400,t,keydown
24552800,m,keydown
24552900,o,keydown
24553600,Backspace,keydown
24553900,Backspace,keydown
24554100,o,keydown
24554400,n,keydown
24554400,o,keydown
24554600, ,keydown
24554900,t,keydown
24555100,e,keydown
24555400,c,keydown
24555700,n,keydown
24556000,i,keydown
24556100,c,keydown
24556200,h,keydown
24556400,e,keydown
24558100, ,keydown
24558200,c,keydown
24558400,o,keydown
24558500,n,keydown
24558700,s,keydown
24558900,i,keydown
24559400,Backspace,keydown
24559800,o,keydown
24560100,l,keydown
24560300,i,keydown
24560700,d,keydown
24560800,a,keydown
24561200,t,keydown
24561400,e,keydown
24561500, ,keydown
24561700,s,keydown
24561800,i,keydown
24562000,a,keydown
24562100, ,keydown
24562300,p,keydown
24562500,e,keydown
24562600,r,keydown
24562800, ,keydown
24562900,l,keydown
24562900,a,keydown
24563000, ,keydown
24563300,v,keydown
24563500,e,keydown
24563700,r,keydown
24563800,i,keydown
24564000,f,keydown
24564100,i,keydown
24564300,c,keydown
24564700,a,keydown
24565800, ,keydown
24566100,d,keydown
24566200,i,keydown
24566400, ,keydown
24566700,p,keydown
24566900,r,keydown
24567000,o,keydown
24567200,p,keydown
24567600,r,keydown
24567800,i,keydown
24567900,e,keydown
24568200,t,keydown
24568400,a,keydown
24568500,#,keydown
24569500, ,keydown
24569700,d,keydown
24569800,i,keydown
24569900, ,keydown
24570100,c,keydown
24570200,o,keydown
24570500,r,keydown
24570600,r,keydown
24570800,e,keydown
24571100,t,keydown
24571300,t,keydown
24571500,e,keydown
24571900,z,keydown
24572000,z,keydown
24572300,a,keydown
24574200, ,keydown
24574400,d,keydown
24574600,e,keydown
24574700,l,keydown
24574800, ,keydown
24575100,s,keydown
24575200,i,keydown
24575300,s,keydown
24575500,t,keydown
24575600,e,keydown
24575800,m,keydown
24575900,i,keydown
24576300,Backspace,keydown
24576600,a,keydown
24576800,Enter,keydown
24579100,m,keydown
24579200,o,keydown
24579400,d,keydown
24579500,e,keydown
24579600,l,keydown
24579700,l,keydown
24579900,a,keydown
24580200,t,keydown
24580200,o,keydown
24581300, ,keydown
24581500,#,keydown
24581600,#,keydown
24582000,t,keydown
24582100,e,keydown
24582400,c,keydown
24582600,n,keydown
24582700,i,keydown
24582800,c,keydown
24583000,h,keydown
24583100,e,keydown
24583100, ,keydown
24583500,b,keydown
24583600,a,keydown
24583800,s,keydown
24584100,a,keydown
24584300,r,keydown
24584700,Backspace,keydown
24584700,t,keydown
24584900,e,keydown
24585500, ,keydown
24586100,s,keydown
24586200,u,keydown
24586300,l,keydown
24586500,l,keydown
24586700,o,keydown
24587100, ,keydown
24587700,d,keydown
24588100,Backspace,keydown
24588200,s,keydown
24588400,t,keydown
24588600,u,keydown
24588900,d,keydown
24589000,i,keydown
24589200,o,keydown
24589300, ,keydown
24589500,d,keydown
24589800,e,keydown
24589900,l,keydown
24590000, ,keydown
24590300,g,keydown
24590500,r,keydown
24590700,a,keydown
24590900,f,keydown
24591000,o,keydown
24591200, ,keydown
24591300,d,keydown
24591500,e,keydown
24591700,l,keydown
24591900,l,keydown
24592100,a,keydown
24592200, ,keydown
24592400,r,keydown
24592700,e,keydown
24593000,t,keydown
24593200,e,keydown
24594900,",",keydown
24595000, ,keydown
24595300,c,keydown
24595700,Backspace,keydown
24595900,t,keydown
24596000,e,keydown
24596300,c,keydown
24596900,n,keydown
24597100,i,keydown
24597300,c,keydown
24597400,h,keydown
24597500,e,keydown
24597600, ,keydown
24597800,a,keydown
24597900,l,keydown
24598100,g,keydown
24598300,e,keydown
24598500,b,keydown
24598600,r,keydown
24598800,i,keydown
24598900,c,keydown
24599000,h,keydown
24599200,e,keydown
24601900,",",keydown
24602000,Enter,keydown
24602700,t,keydown
24602800,e,keydown
24602900,c,keydown
24603100,n,keydown
24603200,i,keydown
24603400,c,keydown
24603500,h,keydown
24603600,e,keydown
24603800, ,keydown
24603900,d,keydown
24604600,#,keydown
24605000,i,keydown
24605100,n,keydown
24605500,d,keydown
24605700,a,keydown
24606000,g,keydown
24606200,i,keydown
24606500,n,keydown
24606500,e,keydown
24608300, ,keydown
24608700,n,keydown
24608900,e,keydown
24609000,l,keydown
24609200,l,keydown
24609500,o,keydown
24609700, ,keydown
24610100,s,keydown
24610300,p,keydown
24610700,a,keydown
24610900,c,keydown
24611100,i,keydown
24611300,o,keydown
24611500,Backspace,keydown
24611700,Backspace,keydown
24612000,Backspace,keydown
24612200,z,keydown
24612500,i,keydown
24613200,o,keydown
24613300,n,keydown
24613900,Backspace,keydown
24614100, ,keydown
24614100,d,keydown
24614400,e,keydown
24614800,g,keydown
24614900,l,keydown
24615100,i,keydown
24615300, ,keydown
24615500,s,keydown
24615800,t,keydown
24615800,a,keydown
24616000,t,keydown
24616100,i,keydown
24618200,#,keydown
24618500,#,keydown
24618900,",",keydown
24619100, ,keydown
24619300,c,keydown
24619400,h,keydown
24619500,e,keydown
24619600, ,keydown
24619800,p,keydown
24619900,e,keydown
24620000,r,keydown
24620100, ,keydown
24620200,l,keydown
24620400,a,keydown
24620400, ,keydown
24620600,v,keydown
24621700,a,keydown
24621900,l,keydown
24622100,i,keydown
24622900,d,keydown
24623000,a,keydown
24623300,z,keydown
24623400,i,keydown
24623500,o,keydown
24623700,n,keydown
24623800,e,keydown
24625400, ,keydown
24625600,d,keydown
24625700,i,keydown
24625900, ,keydown
24626100,p,keydown
24626400,r,keydown
24626600,o,keydown
24626900,p,keydown
24627300,r,keydown
24627400,i,keydown
24627600,e,keydown
24627900,t,keydown
24628100,a,keydown
24628400,#,keydown
24628600, ,keydown
24629000,Enter,keydown
24629500,q,keydown
24629600,u,keydown
24630200,a,keydown
24630300,l,keydown
24630500,i,keydown
24630700,t,keydown
24630800,a,keydown
24631000,t,keydown
24631100,i,keydown
24631900,v,keydown
24632100,e,keydown
24632700, ,keydown
24632800,#,keydown
24632900,#,keydown
24633200,m,keydown
24633400,e,keydown
24633600,t,keydown
24633700,o,keydown
24634800,d,keydown
24634800,i,keydown
24636700, ,keydown
24637100,a,keydown
24637100,n,keydown
24637300,a,keydown
24637400,l,keydown
24637700,i,keydown
24638000,s,keydown
24638100,i,keydown
24638400,Backspace,keydown
24638600,Backspace,keydown
24638900,t,keydown
24639000,i,keydown
24639200,c,keydown
24639300,i,keydown
24640800, ,keydown
24641000,e,keydown
24641100, ,keydown
24641700,t,keydown
24641800,e,keydown
24642100,c,keydown
24642500,n,keydown
24642500,i,keydown
24642800,c,keydown
24642900,h,keydown
24643000,e,keydown
24643100, ,keydown
24643200,d,keydown
24643400,i,keydown
24643500, ,keydown
24643800,s,keydown
24643900,i,keydown
24644100,m,keydown
24644400,u,keydown
24644700,l,keydown
24645000,a,keydown
24645300,z,keydown
24645300,i,keydown
24645500,o,keydown
24645700,n,keydown
24645800,e,keydown
24647100, ,keydown
24647400,p,keydown
24647400,e,keydown
24647600,r,keydown
24647600, ,keydown
24648000,i,keydown
24648200,l,keydown
24648400, ,keydown
24649000,c,keydown
24649200,a,keydown
24649500,l,keydown
24650300,c,keydown
24650500,o,keydown
24650700,l,keydown
24651300,o,keydown
24651700, ,keydown
24652300,d,keydown
24652500,e,keydown
24652800,g,keydown
24652800,l,keydown
24653000,i,keydown
24653200, ,keydown
24653300,i,keydown
24653500,n,keydown
24653800,d,keydown
24653800,i,keydown
24654100,c,keydown
24654200,i,keydown
24655000,Enter,keydown
24655400,d,keydown
24655500,i,keydown
24655600, ,keydown
24656100,p,keydown
24656400,e,keydown
24656600,r,keydown
24656900,Backspace,keydown
24657100,Backspace,keydown
24657600,r,keydown
24657700,e,keydown
24658000,s,keydown
24658200,t,keydown
24658300,a,keydown
24658500,z,keydown
24658600,i,keydown
24658800,o,keydown
24659300,n,keydown
24659400,e,keydown
24660700, ,keydown
24660800,e,keydown
24661000, ,keydown
24661200,d,keydown
24661400,i,keydown
24661500, ,keydown
24661800,a,keydown
24661900,f,keydown
24662100,f,keydown
24662200,i,keydown
24662600,d,keydown
24662700,a,keydown
24663000,b,keydown
24663200,i,keydown
24663400,l,keydown
24663600,i,keydown
24663800,t,keydown
24663900,a,keydown
24664100,#,keydown
24665100, ,keydown
24665200,d,keydown
24665700,Backspace,keydown
24666200,i,keydown
24666300,n,keydown
24666500, ,keydown
24666600,c,keydown
24666700,o,keydown
24666800,n,keydown
24667000,d,keydown
24667100,i,keydown
24667500,z,keydown
24667600,i,keydown
24667800,o,keydown
24667800,n,keydown
24668000,i,keydown
24668200, ,keydown
24668300,d,keydown
24668400,i,keydown
24668600, ,keydown
24668800,e,keydown
24669100,q,keydown
24669300,u,keydown
24669400,i,keydown
24670000,l,keydown
24670200,i,keydown
24670400,b,keydown
24670700,r,keydown
24670900,i,keydown
24671100,o,keydown
24672300, ,keydown
24672500,e,keydown
24672600, ,keydown
24672800,n,keydown
24673000,e,keydown
24673000,l,keydown
24673200, ,keydown
24673600,t,keydown
24673800,r,keydown
24673900,a,keydown
24673900,n,keydown
24674200,s,keydown
24674500,i,keydown
24674900,t,keydown
24675100,o,keydown
24675300,r,keydown
24675400,i,keydown
24675500,o,keydown
24677200,",",keydown
24677300,Enter,keydown
24677900,t,keydown
24678000,e,keydown
24678200,c,keydown
24678800,n,keydown
24678900,i,keydown
24679100,c,keydown
24679100,h,keydown
24679200,e,keydown
24679800, ,keydown
24680400,b,keydown
24680600,a,keydown
24680700,s,keydown
24680900,a,keydown
24681200,t,keydown
24681300,e,keydown
24681700, ,keydown
24682000,s,keydown
24682000,u,keydown
24682200,l,keydown
24682400, ,keydown
24682600,c,keydown
24682800,a,keydown
24683100,l,keydown
24683500,c,keydown
24683500,o,keydown
24683700,l,keydown
24684100,o,keydown
24684600, ,keydown
24684800,d,keydown
24685100,e,keydown
24685600,i,keydown
24685800, ,keydown
24686000,b,keydown
24686300,o,keydown
24686400,u,keydown
24687300,n,keydown
24687700,d,keydown
24688100,#,keydown
24688200,#,keydown
24688500,.,keydown
