timestamp,key,type
8187300,Backspace,keydown
8187300,Backspace,keydown
8187400,Backspace,keydown
8187400,Backspace,keydown
8187400,Backspace,keydown
8187400,Backspace,keydown
8187400,Backspace,keydown
8187400,Backspace,keydown
8187400,#,keydown
8187500,b,keydown
8187700,u,keydown
8187900,o,keydown
8188100,n,keydown
8188300,g,keydown
8188400,i,keydown
8188600,o,keydown
8188700,r,keydown
8188900,n,keydown
8189000,o,keydown
8191300,",",keydown
8191500, ,keydown
8192400,q,keydown
8192500,u,keydown
8192600,e,keydown
8192900,s,keydown
8193100,t,keydown
8193200,a,keydown
8193500,m,keydown
8194000,Backspace,keydown
8284800,Backspace,keydown
8285000,Backspace,keydown
8285100,Backspace,keydown
8285300,Backspace,keydown
8285400,Backspace,keydown
8285600,Backspace,keydown
8287700,s,keydown
8287900,i,keydown
8288000,m,keydown
8288200,a,keydown
8288300,o,keydown
8288700,Backspace,keydown
8288900,Backspace,keydown
8289000,Backspace,keydown
8289300,a,keydown
8290200,m,keydown
8290400,o,keydown
8290500, ,keydown
8293300,g,keydown
8293500,i,keydown
8293900,a,keydown
8384700,#,keydown
8385000, ,keydown
8385300,a,keydown
8385400, ,keydown
8385800,m,keydown
8386000,e,keydown
8386200,t,keydown
8386300,a,keydown
8386700,#,keydown
8386900, ,keydown
8387200,a,keydown
8387600,p,keydown
8387900,r,keydown
8388000,i,keydown
8388300,l,keydown
8388400,e,keydown
8484700,.,keydown
8484900,.,keydown
8485000,.,keydown
8485800,i,keydown
8485900,l,keydown
8486100, ,keydown
8486400,t,keydown
8486500,e,keydown
8486600,m,keydown
8486700,p,keydown
8486900,o,keydown
8487500, ,keydown
8487900,p,keydown
8488100,a,keydown
8488300,s,keydown
8488500,s,keydown
8488700,a,keydown
8489000, ,keydown
8489300,i,keydown
8489400,n,keydown
8489700,e,keydown
8490300,s,keydown
8490600,o,keydown
8491200,Backspace,keydown
8491300,Backspace,keydown
8491600,Backspace,keydown
8491700,Backspace,keydown
8491900,Backspace,keydown
8492200,t,keydown
8492300,r,keydown
8492600,o,keydown
8492800,p,keydown
8493000,p,keydown
8493100,o,keydown
8493500, ,keydown
8493700,v,keydown
8493900,e,keydown
8494200,l,keydown
8494300,o,keydown
8584700,c,keydown
8585200,e,keydown
8588000,#,keydown
8588400,#,keydown
8589000,Enter,keydown
8590000,#,keydown
8590500,q,keydown
8590600,u,keydown
8590800,e,keydown
8591000,s,keydown
8591200,t,keydown
8591300,o,keydown
8591500, ,keydown
8592700,f,keydown
8592800,i,keydown
8593000,n,keydown
8593200,e,keydown
8593400, ,keydown
8593600,s,keydown
8593800,e,keydown
8594400,t,keydown
8685200,t,keydown
8685400,i,keydown
8685600,m,keydown
8685800,a,keydown
8686100,n,keydown
8686300,a,keydown
8686500, ,keydown
8687000,s,keydown
8687100,o,keydown
8687400,n,keydown
8687600,o,keydown
8687800, ,keydown
8691900,t,keydown
8692200,o,keydown
8692500,r,keydown
8692900,n,keydown
8693100,a,keydown
8693700,t,keydown
8693800,a,keydown
8693900, ,keydown
8694100,a,keydown
8694200, ,keydown
8694500,c,keydown
8784700,a,keydown
8784900,s,keydown
8785100,a,keydown
8786800, ,keydown
8787000,#,keydown
8787100,#,keydown
8787600,d,keydown
8787800,a,keydown
8787800,l,keydown
8788000, ,keydown
8788200,m,keydown
8788400,o,keydown
8788800,m,keydown
8789000,e,keydown
8789100,n,keydown
8789200,t,keydown
8789400,o,keydown
8790000, ,keydown
8790200,c,keydown
8790400,h,keydown
8790500,e,keydown
8790600, ,keydown
8791300,l,keydown
8791500,a,keydown
8791600, ,keydown
8792000,s,keydown
8792400,c,keydown
8792500,o,keydown
8792700,r,keydown
8793100,s,keydown
8793200,a,keydown
8793500,Enter,keydown
8794000,s,keydown
8794200,e,keydown
8884900,t,keydown
8885100,t,keydown
8885200,i,keydown
8885700,Backspace,keydown
8885900,Backspace,keydown
8886000,Backspace,keydown
8886200,Backspace,keydown
8886500,Backspace,keydown
8887100,Backspace,keydown
8887300,Backspace,keydown
8887900,Backspace,keydown
8888000,Backspace,keydown
8888200,Backspace,keydown
8888300,Backspace,keydown
8888500,Backspace,keydown
8888700,Backspace,keydown
8888800,Backspace,keydown
8889000,Backspace,keydown
8890200,l,keydown
8890300,a,keydown
8890400, ,keydown
8890600,s,keydown
8890900,c,keydown
8891100,o,keydown
8891300,r,keydown
8891600,s,keydown
8891800,a,keydown
8892000, ,keydown
8892300,d,keydown
8892700,e,keydown
8893500,Backspace,keydown
8893800,Backspace,keydown
8894600,Backspace,keydown
8985000,Backspace,keydown
8985100,Backspace,keydown
8985100,Backspace,keydown
8985100,Backspace,keydown
8985200,Backspace,keydown
8985200,Backspace,keydown
8985300,Backspace,keydown
8985300,Backspace,keydown
8985900,Backspace,keydown
8986400,d,keydown
8986600,o,keydown
8986900,m,keydown
8987000,e,keydown
8987300,n,keydown
8987600,i,keydown
8987700,c,keydown
8987900,a,keydown
8988100,Enter,keydown
8989200,s,keydown
8990400,c,keydown
8990500,o,keydown
8990700,r,keydown
8991000,s,keydown
8991300,a,keydown
8991500, ,keydown
8991900,l,keydown
8992600,#,keydown
8993000,h,keydown
8993200,o,keydown
8993400, ,keydown
8993500,p,keydown
8993700,a,keydown
9084600,s,keydown
9084800,s,keydown
9084900,a,keydown
9085200,t,keydown
9085400,a,keydown
9085700, ,keydown
9086000,s,keydown
9086100,u,keydown
9086300,i,keydown
9086500, ,keydown
9086700,l,keydown
9086900,i,keydown
9087300,b,keydown
9087600,r,keydown
9087700,i,keydown
9090200, ,keydown
9090800,#,keydown
9092100,Backspace,keydown
9186400, ,keydown
9189300,a,keydown
9189400, ,keydown
9189800,s,keydown
9190000,t,keydown
9190200,u,keydown
9190400,d,keydown
9190500,i,keydown
9190700,a,keydown
9191000,r,keydown
9191200,e,keydown
9192900,#,keydown
9193400,#,keydown
9288400,Backspace,keydown
9289400,#,keydown
9289700,#,keydown
9290400,#,keydown
9291000,#,keydown
9291500,#,keydown
9291900,#,keydown
9292300,#,keydown
9292600,#,keydown
9292800,#,keydown
9294200,#,keydown
9385000,Backspace,keydown
9386500,Backspace,keydown
9386900,Backspace,keydown
9387000,Backspace,keydown
9387000,Backspace,keydown
9387100,Backspace,keydown
9387100,Backspace,keydown
9387100,Backspace,keydown
9387200,Backspace,keydown
9387200,Backspace,keydown
9387300,Backspace,keydown
9387300,Backspace,keydown
9387300,Backspace,keydown
9387400,Backspace,keydown
9387400,Backspace,keydown
9387400,Backspace,keydown
9387400,Backspace,keydown
9387400,Backspace,keydown
9387500,Backspace,keydown
9387500,Backspace,keydown
9387500,Backspace,keydown
9387600,Backspace,keydown
9387700,Backspace,keydown
9387700,Backspace,keydown
9387700,Backspace,keydown
9387700,Backspace,keydown
9387800,Backspace,keydown
9387800,Backspace,keydown
9387800,Backspace,keydown
9387800,Backspace,keydown
9387900,Backspace,keydown
9388000,Backspace,keydown
9388000,Backspace,keydown
9388100,Backspace,keydown
9388100,Backspace,keydown
9388200,Backspace,keydown
9388200,Backspace,keydown
9388200,Backspace,keydown
9388200,Backspace,keydown
9388200,Backspace,keydown
9388300,Backspace,keydown
9388400,Backspace,keydown
9388800,Backspace,keydown
9389200,Backspace,keydown
9393500,#,keydown
9394000,#,keydown
9394500,#,keydown
9394500,#,keydown
9394500,#,keydown
9394500,#,keydown
9394600,#,keydown
9484600,#,keydown
9484700,#,keydown
9484700,#,keydown
9485300,#,keydown
9485500,#,keydown
9486300,Backspace,keydown
9486900,Backspace,keydown
9486900,Backspace,keydown
9486900,Backspace,keydown
9487000,Backspace,keydown
9487000,Backspace,keydown
9487000,Backspace,keydown
9487000,Backspace,keydown
9487300,Backspace,keydown
9487400,Backspace,keydown
9487700,Backspace,keydown
9487800,Backspace,keydown
9488400,#,keydown
9488600,p,keydown
9488800,o,keydown
9488900,i,keydown
9489900,#,keydown
9490100,#,keydown
9491000,#,keydown
9491700,#,keydown
9492500,#,keydown
9492700,#,keydown
9493200,#,keydown
9493500,#,keydown
9493600,#,keydown
9493800,#,keydown
9494000,#,keydown
9494200,#,keydown
9585000,Backspace,keydown
9585300, ,keydown
9585600,#,keydown
9586100,#,keydown
9586100,#,keydown
9586100,#,keydown
9586200,#,keydown
9586300,#,keydown
9586300,#,keydown
9586300,#,keydown
9586400,#,keydown
9586400,#,keydown
9586400,#,keydown
9586400,#,keydown
9586500,#,keydown
9586600,#,keydown
9586600,#,keydown
9586600,#,keydown
9586700,#,keydown
9586700,#,keydown
9586800,#,keydown
9586800,#,keydown
9586800,#,keydown
9586900,#,keydown
9586900,#,keydown
9586900,#,keydown
9586900,#,keydown
9587000,#,keydown
9587000,#,keydown
9587100,#,keydown
9587100,#,keydown
9587100,#,keydown
9587100,#,keydown
9587200,#,keydown
9587300,#,keydown
9587300,#,keydown
9587300,#,keydown
9587400,#,keydown
9587400,#,keydown
9587700,#,keydown
9587800,#,keydown
9588700,#,keydown
9589600,",",keydown
9589800, ,keydown
9590000,q,keydown
9590000,u,keydown
9590100,e,keydown
9590400,s,keydown
9590600,t,keydown
9590600,o,keydown
9591000, ,keydown
9591300,Enter,keydown
9591600,f,keydown
9591700,i,keydown
9591900,n,keydown
9592100,e,keydown
9592200, ,keydown
9592500,s,keydown
9592700,e,keydown
9593000,t,keydown
9593100,t,keydown
9593200,i,keydown
9593400,m,keydown
9593500,a,keydown
9594000,n,keydown
9594200,a,keydown
9594300, ,keydown
9684700,s,keydown
9684900,o,keydown
9685100,n,keydown
9685200,o,keydown
9685300, ,keydown
9685600,t,keydown
9685700,o,keydown
9685900,r,keydown
9686200,n,keydown
9686400,a,keydown
9686800,t,keydown
9687000,a,keydown
9687200, ,keydown
9687300,a,keydown
9687400, ,keydown
9687800,c,keydown
9687900,a,keydown
9688500,s,keydown
9688600,a,keydown
9688900, ,keydown
9689600,d,keydown
9689700,a,keydown
9690000,i,keydown
9690200, ,keydown
9690300,m,keydown
9690600,i,keydown
9691000,e,keydown
9691300,i,keydown
9693300,.,keydown
9789000,Backspace,keydown
9789500, ,keydown
9789800,p,keydown
9790000,e,keydown
9790100,r,keydown
9790100, ,keydown
9790600,f,keydown
9790900,e,keydown
9791100,s,keydown
9791200,t,keydown
9791500,e,keydown
9791800,g,keydown
9792000,g,keydown
9792100,i,keydown
9792200,a,keydown
9792400,r,keydown
9792600,e,keydown
9792900, ,keydown
9793300,m,keydown
9793500,i,keydown
9793600,a,keydown
9793900,Enter,keydown
9794300,s,keydown
9794500,o,keydown
9884900,r,keydown
9885200,e,keydown
9885400,l,keydown
9885500,l,keydown
9885700,a,keydown
9885800, ,keydown
9886200,c,keydown
9886300,h,keydown
9886400,e,keydown
9886500, ,keydown
9886700,s,keydown
9886800,i,keydown
9887000, ,keydown
9887500,e,keydown
9888300,#,keydown
9888500, ,keydown
9888900,l,keydown
9889100,a,keydown
9889300,u,keydown
9889600,r,keydown
9889700,e,keydown
9890000,a,keydown
9890200,t,keydown
9890600,a,keydown
9890700, ,keydown
9891000,p,keydown
9891100,e,keydown
9891200,r,keydown
9891400, ,keydown
9891500,l,keydown
9891600,a,keydown
9891800, ,keydown
9892100,s,keydown
9892300,e,keydown
9892600,c,keydown
9892800,o,keydown
9892900,n,keydown
9893100,d,keydown
9893300,a,keydown
9893600, ,keydown
9894000,v,keydown
9894300,o,keydown
9894400,l,keydown
9894700,t,keydown
9984900,a,keydown
9986900, ,keydown
9987200,#,keydown
9987800,Backspace,keydown
9988400,.,keydown
9990000,Enter,keydown
9990600,#,keydown
9990700,i,keydown
9990900,l,keydown
9991000, ,keydown
9991300,t,keydown
9991400,e,keydown
9991500,m,keydown
9991700,p,keydown
9991900,o,keydown
9992000, ,keydown
9992200,n,keydown
9992300,o,keydown
9992500,n,keydown
9992900, ,keydown
9993200,e,keydown
9993300,#,keydown
9993600, ,keydown
9994400,Backspace,keydown
10084900,Backspace,keydown
10085000,Backspace,keydown
10085000,Backspace,keydown
10085000,Backspace,keydown
10085000,Backspace,keydown
10085100,Backspace,keydown
10085100,Backspace,keydown
10085100,Backspace,keydown
10085100,Backspace,keydown
10085300,Backspace,keydown
10085300,Backspace,keydown
10085300,Backspace,keydown
10085500,Backspace,keydown
10085700,Backspace,keydown
10085800,Backspace,keydown
10093900,#,keydown
10094000,n,keydown
10094200,o,keydown
10094400,n,keydown
10094500, ,keydown
10184900,v,keydown
10185100,e,keydown
10185400,d,keydown
10185500,o,keydown
10185700, ,keydown
10186100,l,keydown
10186400,Enter,keydown
10187600,Backspace,keydown
10188800,#,keydown
10189200,o,keydown
10189300,r,keydown
10189400,a,keydown
10189600, ,keydown
10189700,d,keydown
10189800,i,keydown
10190000, ,keydown
10190300,a,keydown
10190400,n,keydown
10190600,c,keydown
10191200,Backspace,keydown
10191400,d,keydown
10191500,a,keydown
10191800,r,keydown
10191900,e,keydown
10192200, ,keydown
10192600,i,keydown
10192800,n,keydown
10193000, ,keydown
10193200,v,keydown
10193300,a,keydown
10193600,c,keydown
10193900,a,keydown
10194000,n,keydown
10194300,z,keydown
10284700,a,keydown
10285400, ,keydown
10285800,d,keydown
10286100,a,keydown
10286200, ,keydown
10287100,q,keydown
10287200,u,keydown
10287600,Backspace,keydown
10288000,Backspace,keydown
10288000,Backspace,keydown
10288200,Backspace,keydown
10288200,Backspace,keydown
10288200,Backspace,keydown
10288200,Backspace,keydown
10288200,Backspace,keydown
10288300,Backspace,keydown
10288300,Backspace,keydown
10288300,Backspace,keydown
10288400,Backspace,keydown
10288400,Backspace,keydown
10288500,Backspace,keydown
10288600,Backspace,keydown
10288600,Backspace,keydown
10288600,Backspace,keydown
10288600,Backspace,keydown
10288700,Backspace,keydown
10288700,Backspace,keydown
10288800,Backspace,keydown
10288800,Backspace,keydown
10288800,Backspace,keydown
10288900,Backspace,keydown
10288900,Backspace,keydown
10288900,Backspace,keydown
10288900,Backspace,keydown
10288900,Backspace,keydown
10289000,Backspace,keydown
10289100,Backspace,keydown
10289100,Backspace,keydown
10289100,Backspace,keydown
10289200,Backspace,keydown
10289200,Backspace,keydown
10289200,Backspace,keydown
10289200,Backspace,keydown
10289300,Backspace,keydown
10289300,Backspace,keydown
10289400,Backspace,keydown
10289400,Backspace,keydown
10289700,Backspace,keydown
10386500,#,keydown
10386600,i,keydown
10387000,l,keydown
10387200, ,keydown
10387800,b,keydown
10388000,r,keydown
10388200,u,keydown
10388600,t,keydown
10388600,t,keydown
10388800,o,keydown
10389000, ,keydown
10389600,t,keydown
10389800,e,keydown
10390000,m,keydown
10390100,p,keydown
10390300,o,keydown
10390500, ,keydown
10391100,m,keydown
10391200,i,keydown
10391400, ,keydown
10391500,a,keydown
10391700,n,keydown
10391900,c,keydown
10392400,Backspace,keydown
10392500,g,keydown
10392600,o,keydown
10393200,s,keydown
10393400,c,keydown
10393600,i,keydown
10393800,a,keydown
10394100, ,keydown
10484900,s,keydown
10485000,p,keydown
10485100,e,keydown
10485300,r,keydown
10485500,i,keydown
10485700,a,keydown
10486100,m,keydown
10486300,o,keydown
10486500, ,keydown
10486800,c,keydown
10486900,h,keydown
10487000,e,keydown
10487100, ,keydown
10489500,p,keydown
10490300,Backspace,keydown
10490800,Backspace,keydown
10490800,Backspace,keydown
10490800,Backspace,keydown
10490800,Backspace,keydown
10490900,Backspace,keydown
10491000,Backspace,keydown
10491000,Backspace,keydown
10491000,Backspace,keydown
10491100,Backspace,keydown
10491100,Backspace,keydown
10491100,Backspace,keydown
10491100,Backspace,keydown
10491100,Backspace,keydown
10491800,Backspace,keydown
10492600,#,keydown
10492800,#,keydown
10492900, ,keydown
10493200,n,keydown
10493300,o,keydown
10493400,n,keydown
10493600, ,keydown
10493900,v,keydown
10494000,e,keydown
10494200,d,keydown
10494400,o,keydown
10494500, ,keydown
10584700,l,keydown
10585100,#,keydown
10585500,o,keydown
10585700,r,keydown
10585900,a,keydown
10586100, ,keydown
10586200,d,keydown
10586400,i,keydown
10586600, ,keydown
10586900,a,keydown
10587000,n,keydown
10587400,d,keydown
10587600,a,keydown
10588200,Backspace,keydown
10588400,Backspace,keydown
10588600,Backspace,keydown
10588600,Backspace,keydown
10589000,p,keydown
10589200,a,keydown
10589400,r,keydown
10589600,t,keydown
10589700,i,keydown
10590100,r,keydown
10590200,e,keydown
10590400, ,keydown
10591500,p,keydown
10591700,e,keydown
10591700,r,keydown
10591900, ,keydown
10592100,l,keydown
10592200,e,keydown
10592300, ,keydown
10592600,Enter,keydown
10593300,v,keydown
10593500,a,keydown
10594000,c,keydown
10594100,a,keydown
10594300,n,keydown
10685900,z,keydown
10686400,e,keydown
10688200, ,keydown
10688700,e,keydown
10689700, ,keydown
10689900,a,keydown
10690100,n,keydown
10690900,a,keydown
10691300,r,keydown
10691500,e,keydown
10692100,Backspace,keydown
10692200,Backspace,keydown
10692600,Backspace,keydown
10692900,d,keydown
10693000,a,keydown
10693200,r,keydown
10693400,e,keydown
10694700, ,keydown
10789400,d,keydown
10789700,a,keydown
10789800, ,keydown
10790200,q,keydown
10790300,u,keydown
10790500,a,keydown
10791000,l,keydown
10791300,c,keydown
10791400,h,keydown
10791500,e,keydown
10791700, ,keydown
10792100,p,keydown
10792300,a,keydown
10792500,r,keydown
10792800,t,keydown
10793000,e,keydown
10793400,Backspace,keydown
10793900,Backspace,keydown
10793900,Backspace,keydown
10793900,Backspace,keydown
10794000,Backspace,keydown
10794100,Backspace,keydown
10794100,Backspace,keydown
10794100,Backspace,keydown
10794100,Backspace,keydown
10794200,Backspace,keydown
10794200,Backspace,keydown
10794200,Backspace,keydown
10794200,Backspace,keydown
10794300,Backspace,keydown
10794300,Backspace,keydown
10794300,Backspace,keydown
10794400,Backspace,keydown
10794400,Backspace,keydown
10794500,Backspace,keydown
10794500,Backspace,keydown
10794500,Backspace,keydown
10794600,Backspace,keydown
10794600,Backspace,keydown
10794600,Backspace,keydown
10794700,Backspace,keydown
10884800,Backspace,keydown
10884800,Backspace,keydown
10884800,Backspace,keydown
10884800,Backspace,keydown
10884900,Backspace,keydown
10884900,Backspace,keydown
10884900,Backspace,keydown
10884900,Backspace,keydown
10885000,Backspace,keydown
10885100,Backspace,keydown
10885100,Backspace,keydown
10885100,Backspace,keydown
10885100,Backspace,keydown
10885200,Backspace,keydown
10885200,Backspace,keydown
10885200,Backspace,keydown
10885300,Backspace,keydown
10885300,Backspace,keydown
10885400,Backspace,keydown
10885400,Backspace,keydown
10885400,Backspace,keydown
10885400,Backspace,keydown
10885400,Backspace,keydown
10885500,Backspace,keydown
10885600,Backspace,keydown
10885600,Backspace,keydown
10885600,Backspace,keydown
10885600,Backspace,keydown
10885700,Backspace,keydown
10885700,Backspace,keydown
10885700,Backspace,keydown
10885800,Backspace,keydown
10885800,Backspace,keydown
10885900,Backspace,keydown
10885900,Backspace,keydown
10885900,Backspace,keydown
10886000,Backspace,keydown
10886100,Backspace,keydown
10886200,Backspace,keydown
10886400,Backspace,keydown
10886500,Backspace,keydown
10886700,Backspace,keydown
10888000,n,keydown
10888300,o,keydown
10888600,n,keydown
10888800, ,keydown
10889100,v,keydown
10889300,e,keydown
10889600,d,keydown
10889800,o,keydown
10890000, ,keydown
10890500,l,keydown
10891200,Enter,keydown
10891800,Enter,keydown
10892500,Backspace,keydown
10892600,Backspace,keydown
10893800,#,keydown
10894100,o,keydown
10894200,r,keydown
10894400,a,keydown
10894500, ,keydown
10984800,d,keydown
10984900,i,keydown
10985000, ,keydown
10985200,p,keydown
10985400,a,keydown
10985500,r,keydown
10985800,t,keydown
10986000,i,keydown
10986500,r,keydown
10986600,e,keydown
10986700, ,keydown
10987000,p,keydown
10987200,e,keydown
10987300,r,keydown
10987400, ,keydown
10987600,l,keydown
10987800,e,keydown
10988000,Enter,keydown
10988400,v,keydown
10988600,a,keydown
10988900,c,keydown
10989100,a,keydown
10989500,n,keydown
10990300,z,keydown
10990600,e,keydown
10991600,.,keydown
10991800,Enter,keydown
10992200,#,keydown
10992600,p,keydown
10993100,e,keydown
10993200,r,keydown
10993700, ,keydown
10993900,i,keydown
10994100,l,keydown
10994200, ,keydown
10994500,m,keydown
10994700,o,keydown
11085200,m,keydown
11085300,e,keydown
11085400,n,keydown
11085600,t,keydown
11085700,o,keydown
11086000, ,keydown
11089100,r,keydown
11089300,e,keydown
11089500,s,keydown
11089600,t,keydown
11089800,o,keydown
11090000, ,keydown
11091000,q,keydown
11091300,u,keydown
11091400,i,keydown
11092600, ,keydown
11093500,c,keydown
11093600,o,keydown
11093800,n,keydown
11094500,s,keydown
11094600,o,keydown
11184900,l,keydown
11185200,a,keydown
11185400,n,keydown
11185600,d,keydown
11185800,o,keydown
11186300,m,keydown
11186400,i,keydown
11187600, ,keydown
11188100,c,keydown
11188500,Backspace,keydown
11188900,Backspace,keydown
11189000,Backspace,keydown
11189000,Backspace,keydown
11189000,Backspace,keydown
11189000,Backspace,keydown
11189100,Backspace,keydown
11189200,Backspace,keydown
11189200,Backspace,keydown
11189200,Backspace,keydown
11189200,Backspace,keydown
11189300,Backspace,keydown
11189400,Backspace,keydown
11189600,Backspace,keydown
11189800,Backspace,keydown
11191400,Backspace,keydown
11191800,Backspace,keydown
11191900,Backspace,keydown
11191900,Backspace,keydown
11191900,Backspace,keydown
11192000,Backspace,keydown
11192000,Backspace,keydown
11192100,Backspace,keydown
11192100,Backspace,keydown
11192100,Backspace,keydown
11192200,Backspace,keydown
11192200,Backspace,keydown
11192200,Backspace,keydown
11192200,Backspace,keydown
11192300,Backspace,keydown
11192400,Backspace,keydown
11192400,Backspace,keydown
11192400,Backspace,keydown
11192400,Backspace,keydown
11192500,Backspace,keydown
11192600,Backspace,keydown
11192900,Backspace,keydown
11193000,Backspace,keydown
11193400,Backspace,keydown
11291600,#,keydown
11291700,n,keydown
11292000,o,keydown
11292100,n,keydown
11292200, ,keydown
11292400,m,keydown
11292600,i,keydown
11292800, ,keydown
11293100,v,keydown
11293200,i,keydown
11293500,e,keydown
11293500,n,keydown
11293600,e,keydown
11293800, ,keydown
11294300,i,keydown
11294400,n,keydown
11385000, ,keydown
11385400,m,keydown
11385600,e,keydown
11385700,n,keydown
11385900,t,keydown
11386100,e,keydown
11386300, ,keydown
11386700,s,keydown
11387100,Backspace,keydown
11387300,n,keydown
11387500,u,keydown
11387700,l,keydown
11387900,l,keydown
11388100,a,keydown
11388200, ,keydown
11388400,d,keydown
11388500,a,keydown
11388700, ,keydown
11389300,s,keydown
11389500,c,keydown
11389700,r,keydown
11389800,i,keydown
11390200,v,keydown
11390300,e,keydown
11390400,r,keydown
11390600,e,keydown
11390800, ,keydown
11391100,o,keydown
11391500,g,keydown
11391600,g,keydown
11391800,i,keydown
11489100,",",keydown
11489400, ,keydown
11490700,q,keydown
11490800,u,keydown
11491700,Backspace,keydown
11491800,Backspace,keydown
11492300,v,keydown
11492500,i,keydown
11492600, ,keydown
11493300,Backspace,keydown
11493500,Backspace,keydown
11493600,Backspace,keydown
11493900,c,keydown
11494000,i,keydown
11494100,t,keydown
11494300,o,keydown
11494400, ,keydown
11494700,u,keydown
11585000,n,keydown
11585800,a,keydown
11585900, ,keydown
11586200,p,keydown
11586400,o,keydown
11586700,e,keydown
11587100,s,keydown
11587400,i,keydown
11587600,a,keydown
11587700, ,keydown
11588200,d,keydown
11588300,e,keydown
11588600,l,keydown
11588900,Enter,keydown
11589800,#,keydown
11589800,m,keydown
11590100,a,keydown
11590300,g,keydown
11590600,n,keydown
11590700,i,keydown
11591300,f,keydown
11591300,i,keydown
11591500,c,keydown
11591700,o,keydown
11592400, ,keydown
11593500,c,keydown
11593700,o,keydown
11594000,s,keydown
11594100,i,keydown
11685000,#,keydown
11685200, ,keydown
11685500,t,keydown
11685700,e,keydown
11685800,r,keydown
11686000,m,keydown
11686100,i,keydown
11686500,n,keydown
11686700,o,keydown
11687000, ,keydown
11687300,l,keydown
11687500,e,keydown
11687600, ,keydown
11689100,r,keydown
11689300,i,keydown
11689600,g,keydown
11689900,h,keydown
11690000,e,keydown
11690400, ,keydown
11691000,c,keydown
11691100,h,keydown
11691200,e,keydown
11691500, ,keydown
11691900,m,keydown
11692000,i,keydown
11692200, ,keydown
11692500,r,keydown
11692600,e,keydown
11692800,s,keydown
11693000,t,keydown
11693100,a,keydown
11693300,m,keydown
11693900,Backspace,keydown
11694200,n,keydown
11694400,o,keydown
11694700,#,keydown
11785100,#,keydown
11785800, ,keydown
11786100,#,keydown
11786300,#,keydown
11786900,q,keydown
11787500,u,keydown
11788700,a,keydown
11788800,n,keydown
11789000,t,keydown
11789600,#,keydown
11789700,e,keydown
11789900,#,keydown
11790300, ,keydown
11790600,b,keydown
11790800,e,keydown
11790900,l,keydown
11791100,l,keydown
11791300,a,keydown
11791500,Enter,keydown
11792000,g,keydown
11792100,i,keydown
11792600,o,keydown
11792900,v,keydown
11793000,i,keydown
11793300,n,keydown
11793500,e,keydown
11794200,z,keydown
11794300,z,keydown
11794700,a,keydown
11885300, ,keydown
11885700,c,keydown
11885800,h,keydown
11886000,e,keydown
11886100, ,keydown
11887500,s,keydown
11887600,i,keydown
11887700, ,keydown
11888400,Backspace,keydown
11888600,Backspace,keydown
11888700,Backspace,keydown
11889200,f,keydown
11889400,u,keydown
11890700,Backspace,keydown
11890800,Backspace,keydown
11891000,s,keydown
11891000,i,keydown
11891200, ,keydown
11891400,v,keydown
11891700,o,keydown
11891900,Backspace,keydown
11892100,Backspace,keydown
11892300,f,keydown
11892500,u,keydown
11892900,g,keydown
11893100,g,keydown
11893300,e,keydown
11893600, ,keydown
11893700,t,keydown
11893900,u,keydown
11894100,t,keydown
11894300,t,keydown
11894600,a,keydown
11894600, ,keydown
11984800,v,keydown
11985000,i,keydown
11985100,a,keydown
11985600,",",keydown
11985900, ,keydown
11986000,c,keydown
11986100,h,keydown
11986200,e,keydown
11986400,i,keydown
11986500, ,keydown
11986900,Backspace,keydown
11987100,Backspace,keydown
11987400,Backspace,keydown
11988000,i,keydown
11988100, ,keydown
11988300,v,keydown
11988500,u,keydown
11988700,o,keydown
11988800,l,keydown
11989000, ,keydown
11989300,e,keydown
11989400,s,keydown
11989600,s,keydown
11989800,e,keydown
11990000,r,keydown
11990200, ,keydown
11991600,l,keydown
11991700,i,keydown
11991900,e,keydown
11992200,t,keydown
11992300,o,keydown
11992600, ,keydown
11992700,s,keydown
11992800,i,keydown
11993100,a,keydown
11993300, ,keydown
11993700,d,keydown
11993700,i,keydown
11994000,Enter,keydown
11994700,d,keydown
12084800,o,keydown
12085100,m,keydown
12085300,i,keydown
12085900,Backspace,keydown
12086200,a,keydown
12086500,n,keydown
12086900, ,keydown
12087600,v,keydown
12088100,Backspace,keydown
12088300,n,keydown
12088400,o,keydown
12088600,n,keydown
12088800, ,keydown
12090800,v,keydown
12091000,i,keydown
12091100, ,keydown
12091200,e,keydown
12091300,#,keydown
12091500, ,keydown
12092900,Backspace,keydown
12093000,Backspace,keydown
12093200,Backspace,keydown
12093300,Backspace,keydown
12093700,Backspace,keydown
12094600,#,keydown
12184900,e,keydown
12185100,#,keydown
12185500, ,keydown
12187200,c,keydown
12187300,e,keydown
12187500,r,keydown
12187700,t,keydown
12187900,e,keydown
12188200,z,keydown
12188400,z,keydown
12188700,a,keydown
12189000,#,keydown
12189300,#,keydown
12189800,.,keydown
12190100,Enter,keydown
12191400,#,keydown
12192400,a,keydown
12192700,l,keydown
12192800,l,keydown
12192900,a,keydown
12193000, ,keydown
12193500,p,keydown
12193700,r,keydown
12193700,o,keydown
12194100,s,keydown
12194200,s,keydown
12194300,i,keydown
12194500,m,keydown
12194700,a,keydown
12194800,o,keydown
12285100,Backspace,keydown
12285300,Backspace,keydown
12285500,a,keydown
12286500,.,keydown
