timestamp,key,type
45610700,Backspace,keydown
45610700,Backspace,keydown
45610700,Backspace,keydown
45610700,Backspace,keydown
45610700,Backspace,keydown
45610700,Backspace,keydown
45610700,Backspace,keydown
45610700,Backspace,keydown
45610700,#,keydown
45611100,e,keydown
45611200,c,keydown
45611500,c,keydown
45611700,o,keydown
45611800,c,keydown
45611900,i,keydown
45612200, ,keydown
45612600,q,keydown
45612700,u,keydown
45612800,a,keydown
45613200,",",keydown
45613600, ,keydown
45613900,e,keydown
45614200,#,keydown
45614200, ,keydown
45614500,d,keydown
45614700,i,keydown
45614800, ,keydown
45615000,n,keydown
45615100,u,keydown
45615100,o,keydown
45615500,v,keydown
45615600,o,keydown
45615700, ,keydown
45615800,l,keydown
45616000,u,keydown
45616200,n,keydown
45616300,e,keydown
45616500,d,keydown
45616600,i,keydown
45617000,#,keydown
45617400,",",keydown
45617400, ,keydown
45617900,e,keydown
45618000, ,keydown
45618400,v,keydown
45618500,i,keydown
45618600,s,keydown
45618800,t,keydown
45619000,o,keydown
45619000, ,keydown
45619200,c,keydown
45619300,h,keydown
45619400,e,keydown
45619500, ,keydown
45620000,h,keydown
45620200,o,keydown
45620500, ,keydown
45620700,a,keydown
45621200,p,keydown
45621300,p,keydown
45621500,e,keydown
45621600,n,keydown
45621700,a,keydown
45621800, ,keydown
45621900,p,keydown
45622100,r,keydown
45622100,a,keydown
45622300,n,keydown
45622400,z,keydown
45622600,a,keydown
45623200,t,keydown
45623200,o,keydown
45624100,Enter,keydown
45625000,t,keydown
45625100,i,keydown
45625200, ,keydown
45625500,i,keydown
45625700,l,keydown
45625900,l,keydown
45626000,u,keydown
45626300,s,keydown
45626500,t,keydown
45626500,r,keydown
45626600,o,keydown
45626800, ,keydown
45626900,c,keydown
45627000,h,keydown
45627100,e,keydown
45627100, ,keydown
45627400,c,keydown
45627700,o,keydown
45627800,s,keydown
45627900,a,keydown
45627900, ,keydown
45628400,h,keydown
45628500,a,keydown
45628500, ,keydown
45628900,m,keydown
45628900,a,keydown
45629100,n,keydown
45629200,g,keydown
45629400,i,keydown
45629500,a,keydown
45629700,t,keydown
45629800,o,keydown
45629900, ,keydown
45630400,e,keydown
45630400, ,keydown
45630600,m,keydown
45630700,a,keydown
45630800,n,keydown
45631200,g,keydown
45631300,e,keydown
45631500,r,keydown
45631800,a,keydown
45632100,#,keydown
45632200, ,keydown
45632500,i,keydown
45632600,l,keydown
45632600, ,keydown
45632800,s,keydown
45632900,o,keydown
45633100,t,keydown
45633300,t,keydown
45633400,o,keydown
45633500,s,keydown
45633600,c,keydown
45633800,r,keydown
45633900,i,keydown
45634400,t,keydown
45634500,t,keydown
45634700,o,keydown
45635300,#,keydown
45635700,#,keydown
45635900, ,keydown
45636200,m,keydown
45636300,i,keydown
45636700,Enter,keydown
45636800,s,keydown
45637000,o,keydown
45637100,n,keydown
45637300,o,keydown
45637400, ,keydown
45637700,m,keydown
45637800,a,keydown
45638000,n,keydown
45638200,g,keydown
45639100,i,keydown
45639600,a,keydown
45639700,t,keydown
45639900,o,keydown
45640000, ,keydown
45640200,u,keydown
45640200,n,keydown
45640300, ,keydown
45640700,p,keydown
45640900,a,keydown
45641000,n,keydown
45641200,o,keydown
45641600,n,keydown
45641700,i,keydown
45642600,Backspace,keydown
45642800,Backspace,keydown
45643100,Backspace,keydown
45643500,i,keydown
45643600,n,keydown
45643800,o,keydown
45644400, ,keydown
45644600,a,keydown
45644700, ,keydown
45645300,t,keydown
45645400,o,keydown
45646200,Backspace,keydown
45646400,Backspace,keydown
45646500,Backspace,keydown
45647300,l,keydown
45647300, ,keydown
45647500,t,keydown
45647700,o,keydown
45648000,n,keydown
45648200,n,keydown
45648300,o,keydown
45648600,",",keydown
45648800, ,keydown
45648900,m,keydown
45649100,a,keydown
45649300,i,keydown
45649300,o,keydown
45649500,n,keydown
45649600,e,keydown
45649900,s,keydown
45650000,e,keydown
45650200, ,keydown
45650400,e,keydown
45650400, ,keydown
45650600,c,keydown
45650600,a,keydown
45650900,r,keydown
45651100,c,keydown
45651200,i,keydown
45651200,o,keydown
45651800,f,keydown
45651800,i,keydown
45652000,n,keydown
45652200,i,keydown
45653600,",",keydown
45654100, ,keydown
45654400,a,keydown
45654700,n,keydown
45654900,c,keydown
45655000,h,keydown
45655100,e,keydown
45655700,Enter,keydown
45656100,s,keydown
45656200,e,keydown
45656300, ,keydown
45656700,d,keydown
45656800,i,keydown
45656800, ,keydown
45657100,s,keydown
45657200,o,keydown
45657400,l,keydown
45657500,i,keydown
45657600,t,keydown
45657700,o,keydown
45657800, ,keydown
45657900,p,keydown
45658000,r,keydown
45658000,e,keydown
45658200,f,keydown
45658300,e,keydown
45658500,r,keydown
45658700,i,keydown
45658800,s,keydown
45659000,c,keydown
45659300,o,keydown
45659300, ,keydown
45659400,m,keydown
45659600,a,keydown
45659700,n,keydown
45660000,g,keydown
45660200,i,keydown
45660300,a,keydown
45660400,r,keydown
45660500,e,keydown
45660600, ,keydown
45660800,q,keydown
45660900,u,keydown
45661100,a,keydown
45661100,l,keydown
45661300,l,keydown
45661700,o,keydown
45661800, ,keydown
45662100,a,keydown
45662900,l,keydown
45663000, ,keydown
45663300,t,keydown
45663400,o,keydown
45663700,n,keydown
45663800,n,keydown
45664000,o,keydown
45664200,",",keydown
45664300, ,keydown
45664600,m,keydown
45664800,a,keydown
45665000,i,keydown
45665100,o,keydown
45665300,n,keydown
45665400,e,keydown
45665600,s,keydown
45665800,e,keydown
45666600, ,keydown
45666900,e,keydown
45667300, ,keydown
45668300,f,keydown
45668400,u,keydown
45668500,n,keydown
45668700,g,keydown
45668800,h,keydown
45669000,e,keydown
45669300,t,keydown
45669400,t,keydown
45669600,i,keydown
45670500,",",keydown
45670800,Enter,keydown
45671000,p,keydown
45671100,o,keydown
45671400,i,keydown
45671400, ,keydown
45672700,c,keydown
45672900,r,keydown
45673000,e,keydown
45673400,d,keydown
45673500,o,keydown
45673500, ,keydown
45673700,c,keydown
45673900,h,keydown
45674300,e,keydown
45674300, ,keydown
45674500,m,keydown
45674700,i,keydown
45674700, ,keydown
45674900,m,keydown
45675000,a,keydown
45675500,n,keydown
45675800,g,keydown
45675800,e,keydown
45675900,r,keydown
45676100,o,keydown
45676400,#,keydown
45677000, ,keydown
45677200,u,keydown
45677200,n,keydown
45677400, ,keydown
45677700,p,keydown
45677800,a,keydown
45677800,n,keydown
45678000,i,keydown
45678100,n,keydown
45678200,o,keydown
45678400, ,keydown
45678700,a,keydown
45678700,l,keydown
45678800, ,keydown
45679000,p,keydown
45679100,r,keydown
45679200,o,keydown
45679400,s,keydown
45679500,c,keydown
45679700,i,keydown
45679800,u,keydown
45680000,t,keydown
45680100,t,keydown
45680200,o,keydown
45680500,",",keydown
45680600, ,keydown
45680800,o,keydown
45680900, ,keydown
45681300,f,keydown
45681400,o,keydown
45681400,r,keydown
45681600,s,keydown
45681800,e,keydown
45681900, ,keydown
45682000,m,keydown
45682100,o,keydown
45682400,r,keydown
45682900,t,keydown
45682900,a,keydown
45683100,d,keydown
45683200,e,keydown
45683400,l,keydown
45683500,l,keydown
45683700,a,keydown
45684600,Enter,keydown
45685000,e,keydown
45685400, ,keydown
45686000,b,keydown
45686200,e,keydown
45686400,r,keydown
45686600,r,keydown
45686800,o,keydown
45687300,#,keydown
45687400, ,keydown
45688000,u,keydown
45688100,n,keydown
45688100, ,keydown
45688400,p,keydown
45688500,o,keydown
45688900,#,keydown
45689000, ,keydown
45689400,d,keydown
45689500,i,keydown
45689500, ,keydown
45689700,a,keydown
45690100,c,keydown
45690300,q,keydown
45690500,u,keydown
45690600,a,keydown
45691000, ,keydown
45692300,o,keydown
45692400, ,keydown
45693100,u,keydown
45693200,n,keydown
45693200, ,keydown
45693600,b,keydown
45693800,u,keydown
45693900,o,keydown
45694100,n,keydown
45694200, ,keydown
45694500,s,keydown
45694700,u,keydown
45695000,c,keydown
45695100,c,keydown
45695200,o,keydown
45695300, ,keydown
45695600,d,keydown
45695800,i,keydown
45695800, ,keydown
45696000,f,keydown
45696300,r,keydown
45696700,u,keydown
45696800,t,keydown
45697000,t,keydown
45697100,a,keydown
45698200,#,keydown
45698400, ,keydown
45698700,p,keydown
45698900,e,keydown
45698900,r,keydown
45699100, ,keydown
45699200,c,keydown
45699200,o,keydown
45699400,n,keydown
45699600,c,keydown
45699600,l,keydown
45699700,u,keydown
45699900,d,keydown
45700000,e,keydown
45700200,r,keydown
45700200,e,keydown
45700500, ,keydown
45701700,Enter,keydown
45702000,m,keydown
45702100,i,keydown
45702200, ,keydown
45703100,b,keydown
45703400,e,keydown
45703500,r,keydown
45703800,o,keydown
45703900,o,keydown
45704200,#,keydown
45704300, ,keydown
45704600,u,keydown
45704700,n,keydown
45704700, ,keydown
45705700,c,keydown
45705700,a,keydown
45706000,f,keydown
45706100,f,keydown
45706200,e,keydown
45706800,#,keydown
45707300,",",keydown
45707500, ,keydown
45708100,f,keydown
45708100,a,keydown
45708400,t,keydown
45708600,t,keydown
45708800,o,keydown
45708800, ,keydown
45709000,c,keydown
45709000,o,keydown
45709300,n,keydown
45709300, ,keydown
45712900,l,keydown
45713000,a,keydown
45713100, ,keydown
45713200,m,keydown
45713300,a,keydown
45713600,c,keydown
45713700,c,keydown
45713700,h,keydown
45713800,i,keydown
45714000,n,keydown
45714000,e,keydown
45714300,t,keydown
45714400,t,keydown
45714600,a,keydown
45715400,",",keydown
45717500, ,keydown
45718100,a,keydown
45718300,n,keydown
45718400,c,keydown
45718500,h,keydown
45718600,e,keydown
45718700, ,keydown
45718800,s,keydown
45719000,e,keydown
45719100, ,keydown
45719900,n,keydown
45720100,o,keydown
45720200,n,keydown
45720300, ,keydown
45720500,s,keydown
45720700,o,keydown
45720800,n,keydown
45720900,o,keydown
45721300,Enter,keydown
45721700,m,keydown
45721900,o,keydown
45722100,l,keydown
45722200,t,keydown
45722300,o,keydown
45722400, ,keydown
45722700,a,keydown
45722700,b,keydown
45723000,o,keydown
45723000,i,keydown
45724000,Backspace,keydown
45724200,Backspace,keydown
45724600,i,keydown
45724900,t,keydown
45725000,u,keydown
45725300,a,keydown
45725400,t,keydown
45725600,o,keydown
45725600, ,keydown
45726800,a,keydown
45726900, ,keydown
45727200,p,keydown
45727300,r,keydown
45727300,e,keydown
45727500,n,keydown
45727600,d,keydown
45727700,e,keydown
45727800,r,keydown
45728000,l,keydown
45728200,o,keydown
45728300, ,keydown
45728700,d,keydown
45728800,o,keydown
45729000,p,keydown
45729100,o,keydown
45729200, ,keydown
45729500,p,keydown
45729600,r,keydown
45729600,a,keydown
45729800,n,keydown
45729900,z,keydown
45730100,o,keydown
45730300,",",keydown
45730400, ,keydown
45730800,v,keydown
45730900,a,keydown
45731100,d,keydown
45731200,o,keydown
45731300, ,keydown
45731900,u,keydown
45731900,n,keydown
45732000, ,keydown
45732200,p,keydown
45732300,o,keydown
45732700,#,keydown
45732800, ,keydown
45733000,a,keydown
45733200, ,keydown
45733800,g,keydown
45733900,i,keydown
45734000,o,keydown
45734100,r,keydown
45734100,n,keydown
45734300,a,keydown
45734600,t,keydown
45734700,e,keydown
45735700,.,keydown
45736000,Enter,keydown
45736100,#,keydown
45736300,a,keydown
45736600,h,keydown
45737200,",",keydown
45737300, ,keydown
45737500,s,keydown
45737700,e,keydown
45738100, ,keydown
45738400,c,keydown
45738600,r,keydown
45738700,e,keydown
45739000,d,keydown
45739200,i,keydown
45739300, ,keydown
45739500,c,keydown
45739500,h,keydown
45739700,e,keydown
45739800, ,keydown
45739900,t,keydown
45739900,i,keydown
45740000, ,keydown
45740300,a,keydown
45740500,b,keydown
45740500,b,keydown
45740700,i,keydown
45740800,a,keydown
45740900, ,keydown
45741100,d,keydown
45741100,e,keydown
45741400,s,keydown
45741400,c,keydown
45741600,r,keydown
45741800,i,keydown
45741900,t,keydown
45742100,t,keydown
45742200,o,keydown
45742300, ,keydown
45743100,c,keydown
45743200,i,keydown
45743300,o,keydown
45743600,#,keydown
45744000,Backspace,keydown
45744300,#,keydown
45744500, ,keydown
45745000,Backspace,keydown
45745100,Backspace,keydown
45745800,#,keydown
45746000, ,keydown
45746200,c,keydown
45746300,h,keydown
45746400,e,keydown
45746500, ,keydown
45746800,h,keydown
45746900,o,keydown
45747100, ,keydown
45747300,m,keydown
45747400,a,keydown
45747500,g,keydown
45747700,i,keydown
45748100,a,keydown
45748400,t,keydown
45748400,o,keydown
45748500, ,keydown
45748900,o,keydown
45749700,g,keydown
45749800,g,keydown
45750000,i,keydown
45751000,",",keydown
45751300, ,keydown
45751400,o,keydown
45751600,Enter,keydown
45751800,l,keydown
45751900,e,keydown
45752100, ,keydown
45753000,m,keydown
45753200,i,keydown
45753500,e,keydown
45753600,i,keydown
45753900, ,keydown
45754000,a,keydown
45754500,b,keydown
45754700,i,keydown
45755300,t,keydown
45755400,u,keydown
45755800,d,keydown
45756000,i,keydown
45756100,n,keydown
45756300,i,keydown
45756400, ,keydown
45756600,a,keydown
45756800,l,keydown
45756900,i,keydown
45757100,m,keydown
45757200,e,keydown
45757400,n,keydown
45757500,t,keydown
45757600,a,keydown
45757800,r,keydown
45757900,i,keydown
45758200,",",keydown
45758400, ,keydown
45758700,b,keydown
45758900,e,keydown
45759200,h,keydown
45759600,#,keydown
45759900, ,keydown
45761300,n,keydown
45761500,o,keydown
45761600,n,keydown
45761700, ,keydown
45762100,e,keydown
45762300,#,keydown
45762400, ,keydown
45762700,p,keydown
45762900,r,keydown
45763000,o,keydown
45763100,p,keydown
45763300,r,keydown
45763400,i,keydown
45763500,o,keydown
45764600, ,keydown
45765700,c,keydown
45765900,o,keydown
45766000,s,keydown
45766100,i,keydown
45766500,#,keydown
45770600,",",keydown
45770700, ,keydown
45770900,s,keydown
45771000,o,keydown
45771200,l,keydown
45771300,o,keydown
45772000, ,keydown
45772200,c,keydown
45772400,h,keydown
45772400,e,keydown
45772600,Enter,keydown
45773000,t,keydown
45773100,i,keydown
45773300, ,keydown
45773400,h,keydown
45773600,o,keydown
45773700, ,keydown
45773900,r,keydown
45774100,a,keydown
45774200,c,keydown
45774400,c,keydown
45774500,o,keydown
45774500,n,keydown
45774700,t,keydown
45774800,a,keydown
45775100,t,keydown
45775200,o,keydown
45775200, ,keydown
45775900,q,keydown
45776000,u,keydown
45776100,a,keydown
45776200,l,keydown
45776300,c,keydown
45776500,o,keydown
45776600,s,keydown
45776600,a,keydown
45776700, ,keydown
45777200,d,keydown
45777200,i,keydown
45777300, ,keydown
45777400,c,keydown
45777600,i,keydown
45777800,b,keydown
45778200,o,keydown
45778600, ,keydown
45778800,e,keydown
45778800, ,keydown
45779300,p,keydown
45779500,a,keydown
45779500,n,keydown
45779600,i,keydown
45779800,n,keydown
45779900,i,keydown
45780200, ,keydown
45780400,e,keydown
45780500, ,keydown
45780900,b,keydown
45780900,i,keydown
45781300,b,keydown
45781400,i,keydown
45781700,t,keydown
45781800,e,keydown
45782000, ,keydown
45782200,p,keydown
45782300,e,keydown
45782400,r,keydown
45782500, ,keydown
45783500,r,keydown
45783500,i,keydown
45783600,e,keydown
45783800,m,keydown
45783900,p,keydown
45784100,i,keydown
45784200,r,keydown
45784300,e,keydown
45784700,Enter,keydown
45784900,a,keydown
45785400,n,keydown
45785400,c,keydown
45785600,h,keydown
45785700,e,keydown
45785700, ,keydown
45786200,o,keydown
45786400,g,keydown
45786600,g,keydown
45786700,i,keydown
45786700, ,keydown
45787000,i,keydown
45787000,l,keydown
45787100, ,keydown
45787400,f,keydown
45787500,o,keydown
45787700,r,keydown
45787800,m,keydown
45788300,.,keydown
