timestamp,key,type
42945500,Backspace,keydown
42945500,Backspace,keydown
42945500,Backspace,keydown
42945500,Backspace,keydown
42945500,Backspace,keydown
42945500,Backspace,keydown
42945500,Backspace,keydown
42945500,Backspace,keydown
42945500,#,keydown
42945700,o,keydown
42946100,g,keydown
42946200,g,keydown
42946500,i,keydown
42946700, ,keydown
42947900,u,keydown
42948200,s,keydown
42948300,e,keydown
42948500,r,keydown
42949000,o,keydown
42949200, ,keydown
42950100,Backspace,keydown
42951200,#,keydown
42951300, ,keydown
42951500,#,keydown
42951600,u,keydown
42951900,n,keydown
42952100, ,keydown
42952700,n,keydown
42953100,u,keydown
42953200,o,keydown
42953700,v,keydown
42954100,a,keydown
42954300, ,keydown
42954800,b,keydown
42955100,r,keydown
42955500,o,keydown
42955800,w,keydown
42956500,s,keydown
42956600,e,keydown
42956800,r,keydown
42957400,#,keydown
42957600, ,keydown
42958000,#,keydown
42958100,m,keydown
42958400,o,keydown
42959900,z,keydown
42960300,i,keydown
42960500,l,keydown
42960600,l,keydown
42961000,a,keydown
42963000,#,keydown
42963300, ,keydown
42963900,#,keydown
42964400,#,keydown
42964400,#,keydown
42964400,#,keydown
42964500,#,keydown
42964600,#,keydown
42964600,#,keydown
42964600,#,keydown
42964600,#,keydown
42964600,#,keydown
42964700,#,keydown
42964700,#,keydown
42964800,#,keydown
42964800,#,keydown
42964800,#,keydown
42964900,#,keydown
42964900,b,keydown
42965200,e,keydown
42965700,n,keydown
42966000,e,keydown
42966200, ,keydown
42966300,s,keydown
42966700,p,keydown
42967000,e,keydown
42967200,r,keydown
42967900,o,keydown
42968100, ,keydown
42970000,Backspace,keydown
42970700,#,keydown
42970900, ,keydown
42971700,#,keydown
42971800,s,keydown
42972200,p,keydown
42972500,e,keydown
42972700,r,keydown
42973100,o,keydown
42973300, ,keydown
42973500,v,keydown
42973800,e,keydown
42973900,r,keydown
42974100,a,keydown
42974400,m,keydown
42974700,e,keydown
42975200,n,keydown
42975500,r,keydown
42975700,e,keydown
42976400,#,keydown
42976500, ,keydown
42976900,c,keydown
42977200,h,keydown
42977400,e,keydown
42977600, ,keydown
42978900,q,keydown
42979400,u,keydown
42979700,e,keydown
42979900,s,keydown
42980100,t,keydown
42980400,a,keydown
42980600, ,keydown
42980800,#,keydown
42980900,9,keydown
42981700,c,keydown
42982000,o,keydown
42982400,s,keydown
42982800,Backspace,keydown
42984300,d,keydown
42984400,e,keydown
42984600,s,keydown
42985100,t,keydown
42985400,a,keydown
42988600,#,keydown
42988900, ,keydown
42989200,d,keydown
42989500,o,keydown
42989800,p,keydown
42990100,o,keydown
42990200, ,keydown
42990600,c,keydown
42990800,h,keydown
42991100,e,keydown
42991300, ,keydown
42991400,s,keydown
42991500,a,keydown
42991800,r,keydown
42992000,a,keydown
42992400,#,keydown
42992600, ,keydown
42992700,p,keydown
42993000,r,keydown
42993500,o,keydown
42993800,c,keydown
42994000,e,keydown
42994700,s,keydown
42995100,s,keydown
42995300,s,keydown
42995400,a,keydown
42995800,t,keydown
42996100,a,keydown
42996500,#,keydown
42996600, ,keydown
42997000,s,keydown
42997200,t,keydown
42997600,a,keydown
42997800,t,keydown
42998100,a,keydown
42998200, ,keydown
42998500,p,keydown
42998800,r,keydown
42999100,o,keydown
42999500,c,keydown
42999700,e,keydown
43000000,s,keydown
43000100,s,keydown
43000200,a,keydown
43000600,t,keydown
43000900,a,keydown
43001200,#,keydown
43001300,0,keydown
43001600, ,keydown
43002700,s,keydown
43003000,i,keydown
43003400,a,keydown
43004200, ,keydown
43004900,v,keydown
43005100,e,keydown
43005300,t,keydown
43005500,a,keydown
43005800,m,keydown
43006200,e,keydown
43006500,n,keydown
43006900,t,keydown
43007100,e,keydown
43007300, ,keydown
43007600,e,keydown
43007700, ,keydown
43008000,p,keydown
43008400,e,keydown
43008700, ,keydown
43010000,Backspace,keydown
43010800,r,keydown
43010900, ,keydown
43011100,d,keydown
43011300,a,keydown
43011600,v,keydown
43011700,v,keydown
43012000,e,keydown
43012100,r,keydown
43012500,o,keydown
43012700, ,keydown
43012900,l,keydown
43013300,#,keydown
43013600,u,keydown
43013800,l,keydown
43014200,t,keydown
43014500,i,keydown
43014800,m,keydown
43015100,a,keydown
43016200,#,keydown
43016500, ,keydown
43016600,#,keydown
43016800,l,keydown
43017100,#,keydown
43017400,u,keydown
43017700,l,keydown
43018000,t,keydown
43018200,o,keydown
43018200,i,keydown
43019900,Backspace,keydown
43020700,Backspace,keydown
43021500,i,keydown
43021600,m,keydown
43021900,a,keydown
43022100, ,keydown
43022400,v,keydown
43022700,o,keydown
43022800,l,keydown
43023100,t,keydown
43023400,a,keydown
43023600, ,keydown
43023800,c,keydown
43024100,h,keydown
43024300,e,keydown
43024500, ,keydown
43024700,s,keydown
43024900,t,keydown
43025200,o,keydown
43025300, ,keydown
43025700,a,keydown
43025800, ,keydown
43026000,c,keydown
43026300,o,keydown
43026500,m,keydown
43026600,p,keydown
43026800,l,keydown
43027100,i,keydown
43027200,l,keydown
43027600,a,keydown
43027800,r,keydown
43028100,e,keydown
43028400, ,keydown
43028600,q,keydown
43029000,u,keydown
43029300,e,keydown
43029500,s,keydown
43029800,y,keydown
43029800,t,keydown
43031100,Backspace,keydown
43031500,Backspace,keydown
43032100,t,keydown
43032500,o,keydown
43032700, ,keydown
43032800,o,keydown
43033300,r,keydown
43033400,r,keydown
43033700,i,keydown
43033900,p,keydown
43034100,i,keydown
43034300,l,keydown
43034700,a,keydown
43035000,n,keydown
43035400,t,keydown
43035500,e,keydown
43035700, ,keydown
43036100,m,keydown
43036300,o,keydown
43036600,d,keydown
43037000,u,keydown
43037300,l,keydown
43037500,o,keydown
43037800,#,keydown
43038000, ,keydown
43038300,c,keydown
43038500,h,keydown
43038800,e,keydown
43038900, ,keydown
43039300,#,keydown
43039400,o,keydown
43039700,s,keydown
43039900,s,keydown
43042900,#,keydown
43043000,e,keydown
43043300,s,keydown
43043500,s,keydown
43044300,u,keydown
43044700,Backspace,keydown
43045000,i,keydown
43045100,o,keydown
43045400,n,keydown
43045700,a,keydown
43045900, ,keydown
43046200,o,keydown
43046500,s,keydown
43046700,s,keydown
43046900,e,keydown
43049800,s,keydown
43049900,s,keydown
43050200,i,keydown
43050500,v,keydown
43050900,a,keydown
43051200,m,keydown
43051600,e,keydown
43051900,n,keydown
43052700,Backspace,keydown
43053100,t,keydown
43053300,e,keydown
43053400, ,keydown
43053700,e,keydown
43053900,d,keydown
43054700, ,keydown
43055900,e,keydown
43056100,c,keydown
43056200,c,keydown
43056500,e,keydown
43056700,s,keydown
43056900,s,keydown
43057300,i,keydown
43057600,v,keydown
43057900,a,keydown
43058200,m,keydown
43058500,e,keydown
43058800,n,keydown
43059200,t,keydown
43059400,e,keydown
43059600, ,keydown
43060100,l,keydown
43060500,e,keydown
43060600, ,keydown
43061000,m,keydown
43061300,i,keydown
43061700,e,keydown
43061900, ,keydown
43062700,g,keydown
43064400,i,keydown
43065200,a,keydown
43065700,#,keydown
43065900, ,keydown
43066100,f,keydown
43066400,a,keydown
43066600,t,keydown
43067100,i,keydown
43067200,c,keydown
43067600,o,keydown
43068200,s,keydown
43068500,e,keydown
43068800, ,keydown
43069100,#,keydown
43069200,9,keydown
43069500,d,keydown
43070000,Backspace,keydown
43070300,f,keydown
43070600,a,keydown
43071000,t,keydown
43071300,e,keydown
43071500,c,keydown
43071800,o,keydown
43072200,s,keydown
43072400,s,keydown
43073200,i,keydown
43073300,i,keydown
43073700,m,keydown
43074100,e,keydown
43074400,#,keydown
43074500,0,keydown
43074800,#,keydown
43075000, ,keydown
43075300,s,keydown
43075600,t,keydown
43075800,r,keydown
43076100,e,keydown
43076300,s,keydown
43076500,s,keydown
43076600,a,keydown
43077000,t,keydown
43077200,e,keydown
43077500, ,keydown
43077600,#,keydown
43077800,9,keydown
43078100,s,keydown
43078300,t,keydown
43078500,r,keydown
43079000,e,keydown
43079200,s,keydown
43079300,s,keydown
43079600,a,keydown
43079900,t,keydown
43080200,i,keydown
43080500,t,keydown
43080600,t,keydown
43080900,i,keydown
43081500,m,keydown
43081900,e,keydown
43082300,#,keydown
43082800,#,keydown
43082800,#,keydown
43082900,#,keydown
43082900,#,keydown
43082900,#,keydown
43083000,#,keydown
43083000,#,keydown
43083100,#,keydown
43083100,#,keydown
43083100,#,keydown
43083100,#,keydown
43083200,#,keydown
43083200,#,keydown
43083200,#,keydown
43083200,#,keydown
43083300,#,keydown
43083300,#,keydown
43083300,#,keydown
43083300,#,keydown
43083400,#,keydown
43083400,#,keydown
43083500,#,keydown
43083600,#,keydown
43083600,#,keydown
43083600,#,keydown
43083600,#,keydown
43083700,#,keydown
43083700,#,keydown
43083800,#,keydown
43083800,#,keydown
43083800,#,keydown
43083900,#,keydown
43083900,#,keydown
43083900,#,keydown
43083900,#,keydown
43083900,#,keydown
43084000,#,keydown
43084000,#,keydown
43084000,#,keydown
43084000,#,keydown
43084100,#,keydown
43084200,#,keydown
43084200,#,keydown
43084200,#,keydown
43084200,#,keydown
43084300,#,keydown
43084300,#,keydown
43084300,#,keydown
43084300,#,keydown
43084400,#,keydown
43084500,#,keydown
43084500,#,keydown
43084600,#,keydown
43084600,#,keydown
43084600,#,keydown
43084700,#,keydown
43084700,#,keydown
43084700,#,keydown
43084700,#,keydown
43084700,#,keydown
43084800,#,keydown
43084800,#,keydown
43084800,#,keydown
43084800,#,keydown
43084900,#,keydown
43085000,#,keydown
43085000,#,keydown
43085000,#,keydown
43085000,#,keydown
43085100,#,keydown
43085100,#,keydown
43085100,#,keydown
43085100,#,keydown
43085200,#,keydown
43085300,#,keydown
43085300,#,keydown
43085300,#,keydown
43085400,#,keydown
43085400,#,keydown
43085400,#,keydown
43085400,#,keydown
43085500,#,keydown
43085500,#,keydown
43085500,#,keydown
43085500,#,keydown
43085600,#,keydown
43085700,#,keydown
43085700,#,keydown
43085700,#,keydown
43086900,Backspace,keydown
43087200,Backspace,keydown
43087300,Backspace,keydown
43087500,Backspace,keydown
43087700,Backspace,keydown
43088600,s,keydown
43088800,s,keydown
43089000,i,keydown
43089300,m,keydown
43089600,e,keydown
43090000,#,keydown
43090100,0,keydown
43090400, ,keydown
43091700,g,keydown
43092300,i,keydown
43092400,o,keydown
43092700,r,keydown
43093100,m,keydown
43093700,Backspace,keydown
43094000,n,keydown
43094300,a,keydown
43094500,t,keydown
43094700,e,keydown
43095500,#,keydown
43095600, ,keydown
43097300,#,keydown
43097500,q,keydown
43097900,u,keydown
43098200,e,keydown
43098400,s,keydown
43098600,t,keydown
43099000,o,keydown
43099200, ,keydown
43101600,f,keydown
43102000,i,keydown
43102000,o,keydown
43102400,Backspace,keydown
43102600,o,keydown
43103000,r,keydown
43103200,m,keydown
43103400, ,keydown
43103900,v,keydown
43104100,a,keydown
43104700,m,keydown
43104900,p,keydown
43105200,i,keydown
43105500,r,keydown
43105900,o,keydown
43106100, ,keydown
43106500,s,keydown
43106700,t,keydown
43107000,a,keydown
43107200, ,keydown
43108100,s,keydown
43108600,u,keydown
43109300,c,keydown
43109400,c,keydown
43109800,h,keydown
43110000,i,keydown
43110300,a,keydown
43110700,n,keydown
43111100,d,keydown
43111500,p,keydown
43111500,o,keydown
43111700, ,keydown
43113000,Backspace,keydown
43113100,Backspace,keydown
43113300,Backspace,keydown
43113500,Backspace,keydown
43113600,Backspace,keydown
43114400,n,keydown
43114700,d,keydown
43115000,o,keydown
43115200, ,keydown
43115400,v,keydown
43115800,i,keydown
43116000,a,keydown
43116300, ,keydown
43116400,d,keydown
43116600,a,keydown
43116900, ,keydown
43117000,m,keydown
43117400,e,keydown
43117700, ,keydown
43118500,o,keydown
43119400,g,keydown
43119700,n,keydown
43119900,i,keydown
43120100, ,keydown
43120300,c,keydown
43120600,a,keydown
43120900,p,keydown
43121300,a,keydown
43121400,c,keydown
43121900,i,keydown
43122100,t,keydown
43122400,a,keydown
43123200,#,keydown
43123400, ,keydown
43123600,d,keydown
43124000,i,keydown
43124200, ,keydown
43124700,c,keydown
43125000,o,keydown
43125300,m,keydown
43125400,p,keydown
43125800,o,keydown
43126200,r,keydown
43126400,r,keydown
43127300,Backspace,keydown
43127500, ,keydown
43128000,l,keydown
43128200,i,keydown
43128500,n,keydown
43129000,Backspace,keydown
43129200,b,keydown
43129400,e,keydown
43129600,r,keydown
43129800,a,keydown
43130200,m,keydown
43130500,e,keydown
43130800,n,keydown
43131100,t,keydown
43131300,e,keydown
43131500, ,keydown
43131600,e,keydown
43131800, ,keydown
43132400,g,keydown
43132700,i,keydown
43132800,o,keydown
43133600,c,keydown
43133900,o,keydown
43134200,s,keydown
43134400,a,keydown
43134700,m,keydown
43135000,e,keydown
43135300,n,keydown
43135700,t,keydown
43135800,e,keydown
43136100, ,keydown
43136300,p,keydown
43136600,r,keydown
43137000,o,keydown
43137600,s,keydown
43137700,a,keydown
43139100,#,keydown
43139300, ,keydown
43139400,#,keydown
43139600,c,keydown
43140000,o,keydown
43140600,s,keydown
43140800,a,keydown
43141000, ,keydown
43141900,c,keydown
43142200,h,keydown
43144000, ,keydown
43144700,Backspace,keydown
43146100,e,keydown
43146300, ,keydown
43146500,g,keydown
43146900,i,keydown
43147100,o,keydown
43147800,s,keydown
43147900,a,keydown
43148300,m,keydown
43148600,e,keydown
43149000,n,keydown
43149300,t,keydown
43149600,e,keydown
43149600,w,keydown
43150100,Backspace,keydown
43150400,e,keydown
43150600, ,keydown
43151300,Backspace,keydown
43151500,Backspace,keydown
43151800, ,keydown
43153000,h,keydown
43153200,o,keydown
43153400, ,keydown
43153600,f,keydown
43153800,a,keydown
43154100,t,keydown
43154200,t,keydown
43154500,o,keydown
43154700, ,keydown
43154800,#,keydown
43155100,9,keydown
43155200,f,keydown
43155600,Backspace,keydown
43155800,d,keydown
43156200,i,keydown
43156400, ,keydown
43156600,c,keydown
43157000,u,keydown
43157200,i,keydown
43157300, ,keydown
43157500,g,keydown
43157900,i,keydown
43158100,o,keydown
43158900,i,keydown
43159500,s,keydown
43159700,a,keydown
43160000,m,keydown
43160400,e,keydown
43160700,n,keydown
43161000,t,keydown
43161300,e,keydown
43161400, ,keydown
43162400,h,keydown
43162800,o,keydown
43162900, ,keydown
43163200,g,keydown
43163500,o,keydown
43163800,f,keydown
43164400,Backspace,keydown
43164800,d,keydown
43165000,u,keydown
43165200,t,keydown
43165700,o,keydown
43166000,#,keydown
43166100,0,keydown
43166300, ,keydown
43167000,f,keydown
43167300,i,keydown
43167600,n,keydown
43167900,o,keydown
43168100, ,keydown
43168600,a,keydown
43168900,l,keydown
43169100,l,keydown
43169400,#,keydown
43169600,i,keydown
43169900,n,keydown
43170200,f,keydown
43170400,a,keydown
43170700,i,keydown
43171100,Backspace,keydown
43171400,u,keydown
43171700,s,keydown
43172500,Backspace,keydown
43172700,t,keydown
43173100,o,keydown
43173400, ,keydown
43174100,Backspace,keydown
43174300,Backspace,keydown
43174500,Backspace,keydown
43175400,s,keydown
43175800,t,keydown
43176000,o,keydown
43176200, ,keydown
43176500,g,keydown
43176800,i,keydown
43177000,o,keydown
43177300,r,keydown
43177700,n,keydown
43177900,o,keydown
43178200, ,keydown
43178200,i,keydown
43178500,n,keydown
43178600, ,keydown
43178900,c,keydown
43179300,u,keydown
43179400,i,keydown
43179600, ,keydown
43181300,#,keydown
43181700,s,keydown
43182400,t,keydown
43182800,o,keydown
43182900, ,keydown
43183600,s,keydown
43183900,t,keydown
43184000,r,keydown
43184300,a,keydown
43184600,m,keydown
43185400,a,keydown
43185900,l,keydown
43186200,e,keydown
43186500,d,keydown
43186700,e,keydown
43187000,t,keydown
43187000,t,keydown
43187500,o,keydown
43188000,Backspace,keydown
43189200,i,keydown
43189400,s,keydown
43189600,s,keydown
43190000,i,keydown
43190200,m,keydown
43190400,o,keydown
43190500, ,keydown
43190900,e,keydown
43191300,t,keydown
43191400, ,keydown
43191700,d,keydown
43191900,a,keydown
43193300,n,keydown
43193500,n,keydown
43194300,a,keydown
43194800,t,keydown
43195100,i,keydown
43195400,s,keydown
43195700,s,keydown
43196100,i,keydown
43196400,m,keydown
43196600,o,keydown
43196700, ,keydown
43196900,#,keydown
43197000,9,keydown
43197200,a,keydown
43197800,n,keydown
43198700,z,keydown
43199100,i,keydown
43199300, ,keydown
43199800,s,keydown
43200000,t,keydown
43200300,r,keydown
43200500,a,keydown
43200800,d,keydown
43201000,a,keydown
43201500,n,keydown
43201600,n,keydown
43201900,a,keydown
43202200,t,keydown
43202500,i,keydown
43203000,s,keydown
43203100,s,keydown
43203400,i,keydown
43203700,m,keydown
43203900,o,keydown
43204900,#,keydown
43205300,0,keydown
43205500, ,keydown
43206100,#,keydown
43206600,o,keydown
43206900,r,keydown
43207300,m,keydown
43207500, ,keydown
43207900,e,keydown
43208200,#,keydown
43208400, ,keydown
43209100,e,keydown
43209500,n,keydown
43209700,t,keydown
43210200,r,keydown
43210400,a,keydown
43210700,t,keydown
43211200,o,keydown
43211300, ,keydown
43211700,n,keydown
43212000,e,keydown
43212400,l,keydown
43212500,l,keydown
43212800,a,keydown
43213100, ,keydown
43213500,m,keydown
43213900,i,keydown
43214200,a,keydown
43214400, ,keydown
43214700,b,keydown
43215000,Backspace,keydown
43215300,v,keydown
43215600,i,keydown
43215900,t,keydown
43216200,a,keydown
43216300, ,keydown
43216500,#,keydown
43216700,9,keydown
43217100,k,keydown
43217500,Backspace,keydown
43218900,l,keydown
43219200,a,keydown
43219700,v,keydown
43219900,o,keydown
43220200,r,keydown
43220400,a,keydown
43220800,t,keydown
43221000,i,keydown
43221500,v,keydown
43221800,a,keydown
43222200,#,keydown
43222200,0,keydown
43222400, ,keydown
43222700,e,keydown
43222900, ,keydown
43223100,n,keydown
43223400,e,keydown
43223800,l,keydown
43223900,l,keydown
43224200,e,keydown
43224300, ,keydown
43225000,m,keydown
43225300,i,keydown
43225600,e,keydown
43225800, ,keydown
43226200,g,keydown
43226500,i,keydown
43226700,o,keydown
43227000,r,keydown
43227800,n,keydown
43228000,a,keydown
43228400,t,keydown
43228600,e,keydown
43229400, ,keydown
43229800,#,keydown
43230000,9,keydown
43230200,s,keydown
43230400,e,keydown
43230800,m,keydown
43231000,p,keydown
43231500,r,keydown
43231600,e,keydown
43231800, ,keydown
43231900,l,keydown
43232300,a,keydown
43232700,v,keydown
43232900,o,keydown
43233300,r,keydown
43233500,a,keydown
43233800,t,keydown
43234000,i,keydown
43234600,v,keydown
43234800,e,keydown
43235100,#,keydown
43235200,0,keydown
43235600,#,keydown
43235800, ,keydown
43235800,#,keydown
43236100,#,keydown
43236500,Backspace,keydown
43237200,#,keydown
43237400,m,keydown
43237700,a,keydown
43237900, ,keydown
43238100,s,keydown
43238400,p,keydown
43239000,i,keydown
43239300,g,keydown
43239600,a,keydown
43240000,m,keydown
43240300,i,keydown
43240600,#,keydown
43240700, ,keydown
43241100,c,keydown
43241400,o,keydown
43241500,m,keydown
43241900,e,keydown
43242000, ,keydown
43242300,a,keydown
43242600,c,keydown
43242800,c,keydown
43243100,i,keydown
43243400,d,keydown
43243600,e,keydown
43243900,n,keydown
43244200,t,keydown
43244500,i,keydown
43244800, ,keydown
43245000,e,keydown
43245400,#,keydown
43245700, ,keydown
43246600,s,keydown
43246900,e,keydown
43247000, ,keydown
43247300,s,keydown
43247400,e,keydown
43247900,m,keydown
43248200,b,keydown
43248500,r,keydown
43248700,a,keydown
43248800, ,keydown
43249300,c,keydown
43249500,h,keydown
43250100,e,keydown
43250300, ,keydown
43250800,o,keydown
43251100,g,keydown
43251200,g,keydown
43251600,i,keydown
43251700, ,keydown
43252100,n,keydown
43252500,o,keydown
43252700,n,keydown
43252800, ,keydown
43253000,v,keydown
43253300,a,keydown
43253500,d,keydown
43253700,a,keydown
43253800, ,keydown
43254100,p,keydown
43254600,i,keydown
43255400,u,keydown
43255700,#,keydown
43255900, ,keydown
43256200,a,keydown
43256400,l,keydown
43256600,l,keydown
43257100,a,keydown
43257400, ,keydown
43257600,f,keydown
43257800,i,keydown
43258200,n,keydown
43258400,e,keydown
43258700,#,keydown
43259000,#,keydown
43259400, ,keydown
43260400,#,keydown
43260600,f,keydown
43260900,o,keydown
43261300,r,keydown
43261600,s,keydown
43261800,e,keydown
43262000, ,keydown
43262500,p,keydown
43262800,e,keydown
43262800,r,keydown
43263500,r,keydown
43263900,c,keydown
43264200,h,keydown
43264500,e,keydown
43264700, ,keydown
43264800,d,keydown
43265100,a,keydown
43265600,v,keydown
43265700,v,keydown
43266100,e,keydown
43266300,r,keydown
43266600,o,keydown
43266700, ,keydown
43267000,e,keydown
43267400,#,keydown
43268400, ,keydown
43270400,l,keydown
43270600,#,keydown
43271500,u,keydown
43271700,l,keydown
43272100,t,keydown
43272400,i,keydown
43272600,m,keydown
43272900,a,keydown
43273100, ,keydown
43273500,Backspace,keydown
43274400,#,keydown
43274500, ,keydown
43275200,l,keydown
43275400,#,keydown
43276000,u,keydown
43276200,l,keydown
43276600,t,keydown
43276900,i,keydown
43277200,m,keydown
43277400,o,keydown
43277700, ,keydown
43278200,v,keydown
43278500,o,keydown
43278700,l,keydown
43278900,t,keydown
43279100,a,keydown
43279300, ,keydown
43279500,c,keydown
43279800,h,keydown
43280000,e,keydown
43280100, ,keydown
43280600,l,keydown
43280800,o,keydown
43281000, ,keydown
43281300,c,keydown
43281500,o,keydown
43281800,m,keydown
43282100,p,keydown
43282200,l,keydown
43282400,i,keydown
43282600,l,keydown
43282800,o,keydown
43283600,#,keydown
43283900,1,keydown
43284100,1,keydown
43284200,1,keydown
43284400,1,keydown
43284500,1,keydown
43284700,1,keydown
43284900,1,keydown
43285000,1,keydown
43285100,1,keydown
43285400,1,keydown
43285500,1,keydown
43285600,1,keydown
43285800,1,keydown
43286000,1,keydown
43286200,1,keydown
43286300,1,keydown
43286500,1,keydown
43286600,1,keydown
43286900,1,keydown
43287100,1,keydown
43287200,1,keydown
43287400,1,keydown
43287600,1,keydown
43287700,1,keydown
43288100,1,keydown
