timestamp,key,type
43608500,Backspace,keydown
43608500,Backspace,keydown
43608500,Backspace,keydown
43608500,Backspace,keydown
43608500,Backspace,keydown
43608500,Backspace,keydown
43608500,Backspace,keydown
43608500,Backspace,keydown
43608500,#,keydown
43608900,e,keydown
43610200,Backspace,keydown
43611300,#,keydown
43611600,q,keydown
43612000,u,keydown
43612400,e,keydown
43612900,l,keydown
43613000,l,keydown
43613100,o,keydown
43616100,Backspace,keydown
43616200,Backspace,keydown
43616400,Backspace,keydown
43616500,Backspace,keydown
43616800,Backspace,keydown
43616900,Backspace,keydown
43618000,#,keydown
43618500,#,keydown
43618500,q,keydown
43618900,u,keydown
43619200,i,keydown
43619500,Backspace,keydown
43619700,Backspace,keydown
43619900,Backspace,keydown
43620800,q,keydown
43621200,u,keydown
43621300,i,keydown
43621600, ,keydown
43621900,q,keydown
43622500,u,keydown
43622700,e,keydown
43623200,l,keydown
43623200,l,keydown
43623400,o,keydown
43623600, ,keydown
43623900,c,keydown
43624000,h,keydown
43624300,e,keydown
43624500, ,keydown
43624700,v,keydown
43626100,u,keydown
43626300,o,keydown
43626500,i,keydown
43628200,#,keydown
43628400, ,keydown
43628500,#,keydown
43628600,p,keydown
43628900,e,keydown
43629200,r,keydown
43629300, ,keydown
43629800,f,keydown
43630100,a,keydown
43630400,v,keydown
43630700,o,keydown
43631000,r,keydown
43631200,e,keydown
43631500, ,keydown
43631600,r,keydown
43632000,i,keydown
43632300,e,keydown
43632700,m,keydown
43632900,p,keydown
43633200,i,keydown
43633400, ,keydown
43633600,l,keydown
43633800,o,keydown
43633900, ,keydown
43634300,#,keydown
43634300,s,keydown
43635400,Backspace,keydown
43636400,s,keydown
43636700,p,keydown
43637000,a,keydown
43637300,z,keydown
43637600,i,keydown
43637700,o,keydown
43637900, ,keydown
43638200,d,keydown
43638400,o,keydown
43638900,Backspace,keydown
43639200,i,keydown
43639400,s,keydown
43639700,p,keydown
43639900,o,keydown
43640200,n,keydown
43640400,i,keydown
43640700,b,keydown
43641000,i,keydown
43641200,l,keydown
43641400,e,keydown
43642000,#,keydown
43644400, ,keydown
43644900,#,keydown
43645100,c,keydown
43645400,o,keydown
43645500,m,keydown
43645900,e,keydown
43646000, ,keydown
43646300,v,keydown
43646500,e,keydown
43646700,d,keydown
43647000,i,keydown
43647300, ,keydown
43648100,s,keydown
43648500,o,keydown
43648800,n,keydown
43649000,o,keydown
43649000,i,keydown
43650200,Backspace,keydown
43650700, ,keydown
43651000,#,keydown
43651500,#,keydown
43651500,p,keydown
43651800,r,keydown
43652200,o,keydown
43652400,p,keydown
43653300,Backspace,keydown
43653500,Backspace,keydown
43653900,#,keydown
43654500,#,keydown
43654600,#,keydown
43654600,#,keydown
43654600,#,keydown
43654600,#,keydown
43654600,#,keydown
43654700,#,keydown
43654700,#,keydown
43654700,#,keydown
43654700,o,keydown
43654900,p,keydown
43655300,r,keydown
43655700,i,keydown
43655700,o,keydown
43655900, ,keydown
43656200,g,keydown
43656500,i,keydown
43656700,u,keydown
43657000,n,keydown
43657200,t,keydown
43657900,o,keydown
43658100, ,keydown
43658300,a,keydown
43658700,l,keydown
43658800,l,keydown
43659100,a,keydown
43659300, ,keydown
43659600,d,keydown
43660300,i,keydown
43660600,s,keydown
43661000,p,keydown
43661400,e,keydown
43661600,r,keydown
43661800,a,keydown
43662000,z,keydown
43662400,i,keydown
43662600,o,keydown
43662800,n,keydown
43663200,e,keydown
43663800,#,keydown
43664000, ,keydown
43664100,#,keydown
43664300,n,keydown
43664600,o,keydown
43664900,n,keydown
43665000, ,keydown
43665800,s,keydown
43666200,o,keydown
43666400, ,keydown
43666500,p,keydown
43666800,i,keydown
43667000,o,keydown
43667500,Backspace,keydown
43667600,#,keydown
43667700,u,keydown
43668300,#,keydown
43668500, ,keydown
43668700,#,keydown
43669200,#,keydown
43669300,#,keydown
43669300,#,keydown
43669300,c,keydown
43669600,h,keydown
43669900,e,keydown
43670100, ,keydown
43670300,c,keydown
43670600,o,keydown
43671000,s,keydown
43671100,a,keydown
43671400, ,keydown
43672500,s,keydown
43672800,c,keydown
43673000,r,keydown
43673500,i,keydown
43673900,b,keydown
43674300,Backspace,keydown
43674700,v,keydown
43675000,e,keydown
43675100,r,keydown
43675400,e,keydown
43682200,#,keydown
43682600, ,keydown
43685000,#,keydown
43685300,c,keydown
43686000,o,keydown
43686300,m,keydown
43686600,e,keydown
43686800, ,keydown
43687000,v,keydown
43687300,e,keydown
43687400,d,keydown
43687800,i,keydown
43688000, ,keydown
43690000,s,keydown
43690300,o,keydown
43690600,n,keydown
43690900,o,keydown
43691200, ,keydown
43691300,p,keydown
43691600,r,keydown
43691900,o,keydown
43692100,p,keydown
43692600,r,keydown
43692900,i,keydown
43693100,o,keydown
43693300, ,keydown
43695500,g,keydown
43696000,i,keydown
43696200,u,keydown
43696300,n,keydown
43696600,t,keydown
43696800,o,keydown
43697000, ,keydown
43697300,a,keydown
43697600,#,keydown
43697600,l,keydown
43697700,l,keydown
43698000,l,keydown
43698900,Backspace,keydown
43699100,Backspace,keydown
43699300,Backspace,keydown
43699500,Backspace,keydown
43700200,l,keydown
43700300,l,keydown
43700700,a,keydown
43700900, ,keydown
43701000,d,keydown
43701500,i,keydown
43701700,s,keydown
43702100,p,keydown
43702300,e,keydown
43702500,r,keydown
43702800,a,keydown
43702900,z,keydown
43703200,i,keydown
43703400,o,keydown
43703600,n,keydown
43703900,e,keydown
43704300,#,keydown
43704700,#,keydown
43704700,#,keydown
43704800,#,keydown
43704900,#,keydown
43704900,#,keydown
43704900,#,keydown
43704900,#,keydown
43705000,#,keydown
43705000,#,keydown
43705000,#,keydown
43705000,#,keydown
43705000,#,keydown
43705100,#,keydown
43705100,#,keydown
43705100,#,keydown
43705200,#,keydown
43705200,#,keydown
43705300,#,keydown
43705300,#,keydown
43705300,#,keydown
43705300,#,keydown
43705400,#,keydown
43705500,#,keydown
43705500,#,keydown
43705500,#,keydown
43705600,#,keydown
43705600,#,keydown
43705600,#,keydown
43705700,#,keydown
43705700,#,keydown
43705700,#,keydown
43705700,#,keydown
43705700,#,keydown
43705800,#,keydown
43705800,#,keydown
43705800,#,keydown
43705900,#,keydown
43706000,#,keydown
43706000,#,keydown
43706000,#,keydown
43706000,#,keydown
43706100,#,keydown
43706100,#,keydown
43706100,#,keydown
43706100,#,keydown
43706200,#,keydown
43706300,#,keydown
43706300,#,keydown
43706300,#,keydown
43706300,#,keydown
43706300,#,keydown
43706400,#,keydown
43706400,#,keydown
43706400,#,keydown
43706500,#,keydown
43706500,#,keydown
43706500,#,keydown
43707000, ,keydown
43707600,n,keydown
43707800,o,keydown
43708100,n,keydown
43708300, ,keydown
43708600,s,keydown
43708900,o,keydown
43709100, ,keydown
43709200,p,keydown
43709600,i,keydown
43709800,u,keydown
43710200,#,keydown
43710600, ,keydown
43711400,c,keydown
43711700,h,keydown
43712000,e,keydown
43712100, ,keydown
43712300,c,keydown
43712700,o,keydown
43713500,a,keydown
43713600, ,keydown
43714300,c,keydown
43714600,r,keydown
43715000,i,keydown
43715400,v,keydown
43715600,e,keydown
43715900,e,keydown
43717300,Backspace,keydown
43717500,Backspace,keydown
43717700,Backspace,keydown
43717800,Backspace,keydown
43718000,Backspace,keydown
43718200,Backspace,keydown
43718300,Backspace,keydown
43718500,Backspace,keydown
43719400,s,keydown
43719600,a,keydown
43719800, ,keydown
43720000,s,keydown
43720200,c,keydown
43720600,r,keydown
43720800,i,keydown
43721400,v,keydown
43721600,e,keydown
43721800,r,keydown
43722000,e,keydown
43723200,#,keydown
43723400, ,keydown
43744100,#,keydown
43744300,l,keydown
43744700,a,keydown
43745000, ,keydown
43745200,r,keydown
43745800,i,keydown
43745900,p,keydown
43746300,e,keydown
43746500,r,keydown
43746900,Backspace,keydown
43747300,t,keydown
43747500,i,keydown
43747800,z,keydown
43748200,i,keydown
43748400,o,keydown
43748600,n,keydown
43749000,e,keydown
43749100, ,keydown
43749300,#,keydown
43749300,9,keydown
43749800,#,keydown
43749800,#,keydown
43750200,r,keydown
43750800,i,keydown
43751000,p,keydown
43751400,e,keydown
43752100,z,keydown
43752400,i,keydown
43752600,o,keydown
43752800,n,keydown
43753100,r,keydown
43753700,Backspace,keydown
43754200,e,keydown
43754500,#,keydown
43754600,#,keydown
43754800,#,keydown
43755000,0,keydown
43755100, ,keydown
43755400,h,keydown
43755700,a,keydown
43755900, ,keydown
43756100,u,keydown
43756400,n,keydown
43756500, ,keydown
43757000,s,keydown
43757400,u,keydown
43757800,o,keydown
43757900, ,keydown
43758200,s,keydown
43758400,e,keydown
43758900,n,keydown
43759600,s,keydown
43760000,o,keydown
43761300, ,keydown
43761800,c,keydown
43762100,h,keydown
43762400,e,keydown
43762800, ,keydown
43763300,#,keydown
43763600,9,keydown
43764300,e,keydown
43764800,p,keydown
43765000,#,keydown
43765100,0,keydown
43766100,p,keydown
43766500,e,keydown
43766600,r,keydown
43767200,o,keydown
43767500,#,keydown
43767700, ,keydown
43768000,n,keydown
43768200,o,keydown
43768500,n,keydown
43768700, ,keydown
43768900,t,keydown
43769300,i,keydown
43769400, ,keydown
43769700,s,keydown
43770200,r,keydown
43770500,Backspace,keydown
43770800,t,keydown
43771100,o,keydown
43771400, ,keydown
43771600,a,keydown
43771800, ,keydown
43772100,s,keydown
43772400,c,keydown
43772900,Backspace,keydown
43774400,Backspace,keydown
43774800,#,keydown
43775000,9,keydown
43775500,r,keydown
43775800,i,keydown
43776000,#,keydown
43776100,0,keydown
43776500,s,keydown
43776800,v,keydown
43777200,e,keydown
43777700,l,keydown
43777900,a,keydown
43778600,r,keydown
43778900,e,keydown
43779700,#,keydown
43779900, ,keydown
43781000,#,keydown
43781200,d,keydown
43781500,o,keydown
43782000,b,keydown
43783400,Backspace,keydown
43783800,#,keydown
43784200,v,keydown
43784500,r,keydown
43784700,e,keydown
43785000,v,keydown
43785500,Backspace,keydown
43786500,b,keydown
43786700,b,keydown
43786900,e,keydown
43787400,#,keydown
43787600, ,keydown
43787800,#,keydown
43787900,a,keydown
43788300,n,keydown
43788600,z,keydown
43788900,i,keydown
43789100, ,keydown
43789400,d,keydown
43789500,e,keydown
43789800,v,keydown
43790100,e,keydown
43790200, ,keydown
43790500,#,keydown
43790600,9,keydown
43791000,v,keydown
43791400,i,keydown
43791700,s,keydown
43792100,t,keydown
43792400,o,keydown
43792800, ,keydown
43793100,c,keydown
43793400,h,keydown
43793800,e,keydown
43793900, ,keydown
43794200,m,keydown
43794500,e,keydown
43794800, ,keydown
43795100,l,keydown
43795300,o,keydown
43795400, ,keydown
43795800,h,keydown
43796000,a,keydown
43796300,i,keydown
43796400, ,keydown
43796700,d,keydown
43796900,e,keydown
43797000,t,keydown
43797300,t,keydown
43797500,o,keydown
43797800, ,keydown
43798100,t,keydown
43798600,i,keydown
43798900,Backspace,keydown
43799300,u,keydown
43799300,i,keydown
43799500,#,keydown
43799600,0,keydown
43800300, ,keydown
43800700,Backspace,keydown
43800900,Backspace,keydown
43801000,Backspace,keydown
43801600,#,keydown
43801800,0,keydown
43801900, ,keydown
43803900,e,keydown
43804500,s,keydown
43804600,s,keydown
43804800,e,keydown
43805000,r,keydown
43805200,e,keydown
43805400, ,keydown
43806000,#,keydown
43806100,l,keydown
43806400,a,keydown
43806700, ,keydown
43807000,u,keydown
43807200,l,keydown
43807500,t,keydown
43807800,i,keydown
43808200,m,keydown
43808500,a,keydown
43808700, ,keydown
43809000,v,keydown
43809300,o,keydown
43809400,l,keydown
43809800,t,keydown
43810100,a,keydown
43812300,#,keydown
43812600, ,keydown
43815700,#,keydown
43816200,#,keydown
43816200,#,keydown
43816200,#,keydown
43816200,#,keydown
43816300,#,keydown
43816400,#,keydown
43816400,#,keydown
43816400,#,keydown
43816400,#,keydown
43816400,#,keydown
43816500,#,keydown
43816700,#,keydown
43816900,#,keydown
43817300,#,keydown
43817500,p,keydown
43817900,e,keydown
43818400,n,keydown
43818900,#,keydown
43819000,#,keydown
43819300,#,keydown
43819400,#,keydown
43819600,#,keydown
43820200,#,keydown
43820200,#,keydown
43820200,#,keydown
43820200,#,keydown
43820300,#,keydown
43820300,#,keydown
43820300,#,keydown
43820300,#,keydown
43820500,#,keydown
43821900,#,keydown
43822100,e,keydown
43822700,b,keydown
43822900,b,keydown
43823100,e,keydown
43823900,n,keydown
43824500,e,keydown
43824800, ,keydown
43825600,t,keydown
43825900,i,keydown
43826100, ,keydown
43826500,d,keydown
43826800,i,keydown
43827100,c,keydown
43827400,o,keydown
43827900,#,keydown
43827900,#,keydown
43828300, ,keydown
43828600,t,keydown
43829000,u,keydown
43829200, ,keydown
43829400,n,keydown
43829700,o,keydown
43829900,n,keydown
43830000, ,keydown
43830500,h,keydown
43830800,a,keydown
43831200,i,keydown
43831300, ,keydown
43831600,d,keydown
43831900,i,keydown
43832100, ,keydown
43832400,q,keydown
43832700,u,keydown
43833100,a,keydown
43833700,n,keydown
43834000,t,keydown
43834400,o,keydown
43834600, ,keydown
43835100,s,keydown
43835500,t,keydown
43835800,a,keydown
43836000, ,keydown
43836600,Backspace,keydown
43837500,#,keydown
43837800, ,keydown
43838000,i,keydown
43838200,n,keydown
43838400,f,keydown
43838700,i,keydown
43839100,m,keydown
43839400,a,keydown
43839700, ,keydown
43839900,c,keydown
43840200,o,keydown
43840500,s,keydown
43840800,a,keydown
43840900, ,keydown
43846500,m,keydown
43846700,i,keydown
43847000, ,keydown
43847200,p,keydown
43847600,e,keydown
43847800,s,keydown
43847800,d,keydown
43848200,i,keydown
43848600,#,keydown
43849000, ,keydown
43849600,Backspace,keydown
43849700,Backspace,keydown
43849900,Backspace,keydown
43850000,Backspace,keydown
43850700,i,keydown
43851200,#,keydown
43851500, ,keydown
43853000,#,keydown
43853100,m,keydown
43853300,i,keydown
43853500, ,keydown
43854100,p,keydown
43854600,e,keydown
43854800,s,keydown
43855000,a,keydown
43855200, ,keydown
43855800,m,keydown
43856000,o,keydown
43856200,l,keydown
43856500,t,keydown
43856800,o,keydown
43857200,#,keydown
43857400, ,keydown
43857600,m,keydown
43857900,o,keydown
43858100,l,keydown
43858500,t,keydown
43858700,o,keydown
43858900, ,keydown
43859300,a,keydown
43859600,s,keydown
43859700,s,keydown
43860100,i,keydown
43861000,#,keydown
43861100, ,keydown
43861500,e,keydown
43861700, ,keydown
43864400,Backspace,keydown
43864600,Backspace,keydown
43864900,Backspace,keydown
43865100,Backspace,keydown
43865900,Backspace,keydown
43866400,a,keydown
43866800,i,keydown
43867200,#,keydown
43867300, ,keydown
43867600,e,keydown
43867800, ,keydown
43868000,a,keydown
43868200,s,keydown
43868300,s,keydown
43868500,a,keydown
43868800,i,keydown
43869000, ,keydown
43871500,m,keydown
43871900,o,keydown
43872100,l,keydown
43872500,t,keydown
43873000,o,keydown
43874100,#,keydown
43874300, ,keydown
43878600,i,keydown
43878900,n,keydown
43879200,d,keydown
43879700,Backspace,keydown
43880000,s,keydown
43880200,9,keydown
43880200,o,keydown
43880600,m,keydown
43880800,m,keydown
43881200,a,keydown
43881400, ,keydown
43881600,s,keydown
43882000,t,keydown
43882400,o,keydown
43882400,i,keydown
43883800,Backspace,keydown
43884200, ,keydown
43885300,u,keydown
43885600,s,keydown
43885800,c,keydown
43886100,e,keydown
43886900,n,keydown
43887400,d,keydown
43887900,i,keydown
43887900,o,keydown
43888200,Backspace,keydown
43888500,o,keydown
43888700, ,keydown
43888800,d,keydown
43889200,i,keydown
43889300, ,keydown
43889600,s,keydown
43889800,e,keydown
43890200,n,keydown
43890500,n,keydown
43890700,o,keydown
43891900,#,keydown
43892500, ,keydown
43897800,#,keydown
43897900,e,keydown
43898100, ,keydown
43898300,q,keydown
43898700,u,keydown
43899000,a,keydown
43899300,l,keydown
43899600,e,keydown
43899800, ,keydown
43900000,p,keydown
43900300,r,keydown
43900900,o,keydown
43901700,v,keydown
43901900,a,keydown
43902100, ,keydown
43902300,e,keydown
43902400, ,keydown
43903000,r,keydown
43903400,i,keydown
43903600,p,keydown
43904100,t,keydown
43904500,Backspace,keydown
43904700,r,keydown
43905100,o,keydown
43905300,v,keydown
43905600,a,keydown
43905900, ,keydown
43906300,d,keydown
43906700,i,keydown
43906800, ,keydown
43907100,c,keydown
43907500,i,keydown
43907600,u,keydown
43908200,Backspace,keydown
43908500,o,keydown
43908700,#,keydown
43909000, ,keydown
43909300,a,keydown
43909600,d,keydown
43909700,d,keydown
43910000,u,keydown
43912200,c,keydown
43912600,o,keydown
43912800, ,keydown
43912900,l,keydown
43913300,a,keydown
43913500, ,keydown
43913700,m,keydown
43914000,i,keydown
43914400,s,keydown
43914600,e,keydown
43914700,r,keydown
43914900,a,keydown
43915400,b,keydown
43915600,i,keydown
43915800,l,keydown
43916200,e,keydown
43916400, ,keydown
43916600,p,keydown
43916900,r,keydown
43917300,o,keydown
43917600,s,keydown
43917800,a,keydown
43918100, ,keydown
43918200,c,keydown
43918400,h,keydown
43918800,e,keydown
43918900, ,keydown
43919400,o,keydown
43919700,r,keydown
43919900,a,keydown
43920100, ,keydown
43920600,t,keydown
43921100,i,keydown
43921200, ,keydown
43921400,p,keydown
43921800,o,keydown
43922100,r,keydown
43922500,g,keydown
43923000,o,keydown
43923100, ,keydown
43941300,q,keydown
43941700,u,keydown
43942000,a,keydown
43942400,l,keydown
43942800,e,keydown
43943000, ,keydown
43943400,i,keydown
43943400,u,keydown
43944000,Backspace,keydown
43945200,n,keydown
43945500,e,keydown
43945600,r,keydown
43945900,t,keydown
43946100,e,keydown
43946100,w,keydown
43946300, ,keydown
43947300,Backspace,keydown
43947700,Backspace,keydown
43948000, ,keydown
43948200,#,keydown
43948500,9,keydown
43948800,o,keydown
43949200, ,keydown
43949500,q,keydown
43950000,u,keydown
43950300,s,keydown
43950700,i,keydown
43951100,#,keydown
43951300,0,keydown
43951400, ,keydown
43952100,m,keydown
43952400,a,keydown
43952400,q,keydown
43953900,Backspace,keydown
43954500,t,keydown
43954800,e,keydown
43954900,r,keydown
43955400,i,keydown
43955800,a,keydown
43956100, ,keydown
43956500,d,keydown
43956900,i,keydown
43957100, ,keydown
43957400,r,keydown
43957800,i,keydown
43958000,e,keydown
43958500,m,keydown
43958900,#,keydown
43958900,p,keydown
43959000,o,keydown
43960300,Backspace,keydown
43960400,Backspace,keydown
43960600,Backspace,keydown
43961400,p,keydown
43961800,i,keydown
43962200,m,keydown
43962600,e,keydown
43962900,n,keydown
43963200,t,keydown
43963600,o,keydown
43963900, ,keydown
43964600,d,keydown
43964700,e,keydown
43965100,l,keydown
43965300,l,keydown
43965600,e,keydown
43965900, ,keydown
43966200,v,keydown
43967600,a,keydown
43967900,s,keydown
43968400,t,keydown
43968800,i,keydown
43969100,t,keydown
43969900,a,keydown
43970300,#,keydown
43970500, ,keydown
43970800,d,keydown
43970900,e,keydown
43971500,l,keydown
43971700,l,keydown
43971900, ,keydown
43973100,Backspace,keydown
43973300,Backspace,keydown
43973800, ,keydown
43974300,c,keydown
43974700,o,keydown
43975200,Backspace,keydown
43975500,9,keydown
43975500,i,keydown
43975800,n,keydown
43976800,Backspace,keydown
43977000,Backspace,keydown
43977200,Backspace,keydown
43977900,i,keydown
43978300,b,keydown
43978600,e,keydown
43978700,r,keydown
43979600, ,keydown
43980100,s,keydown
43980400,p,keydown
43980700,a,keydown
43981000,z,keydown
43981300,i,keydown
43981500,o,keydown
43983100, ,keydown
43983600,#,keydown
43983900,9,keydown
43985300,c,keydown
43985600,i,keydown
43986100,b,keydown
43986400,e,keydown
43986500,r,keydown
43987300,m,keydown
43987700,s,keydown
43988000,p,keydown
43988300,a,keydown
43988500,z,keydown
43988900,i,keydown
43989100,o,keydown
43989400, ,keydown
43989600,#,keydown
43989700,9,keydown
43990000,o,keydown
43990200, ,keydown
43991000,c,keydown
43991400,i,keydown
43991700,b,keydown
43992000,e,keydown
43992100,r,keydown
43992500,s,keydown
43992800,p,keydown
43993100,a,keydown
43993400,z,keydown
43993800,i,keydown
43994000,o,keydown
43995600,#,keydown
43996100,0,keydown
43996600,#,keydown
43996700,#,keydown
43996900,#,keydown
43997400,#,keydown
43997700,0,keydown
43999100,#,keydown
43999600,#,keydown
43999600,#,keydown
43999700,#,keydown
43999700,#,keydown
43999700,#,keydown
43999700,#,keydown
43999800,#,keydown
43999900,#,keydown
43999900,#,keydown
43999900,#,keydown
43999900,#,keydown
43999900,#,keydown
44000000,#,keydown
44000000,#,keydown
44000000,#,keydown
44000100,#,keydown
44000100,#,keydown
44000200,#,keydown
44000200,#,keydown
44000300,#,keydown
44000300,#,keydown
44000300,#,keydown
44000300,#,keydown
44000400,#,keydown
44000400,#,keydown
44000400,#,keydown
44000400,#,keydown
44000500,#,keydown
44000600,#,keydown
44000600,#,keydown
44000600,#,keydown
44000600,#,keydown
44000700,#,keydown
44000700,#,keydown
44000700,#,keydown
44000700,#,keydown
44000700,#,keydown
44000800,#,keydown
44000800,#,keydown
44000800,#,keydown
44000900,#,keydown
44000900,#,keydown
44001000,#,keydown
44001000,#,keydown
44001000,#,keydown
44001000,#,keydown
44001100,#,keydown
44001200,#,keydown
44001200,#,keydown
44002000,#,keydown
44002300, ,keydown
44003100,#,keydown
44003200,a,keydown
44003700,n,keydown
44004000,c,keydown
44004600,o,keydown
44004900,r,keydown
44005100, ,keydown
44005500,p,keydown
44005600,o,keydown
44005900,c,keydown
44006200,h,keydown
44006500,e,keydown
44006700, ,keydown
44006800,r,keydown
44007200,i,keydown
44007500,g,keydown
44007800,h,keydown
44008000,e,keydown
44008200, ,keydown
44008400,e,keydown
44008600, ,keydown
44008800,s,keydown
44009000,a,keydown
44009300,r,keydown
44009700,p,keydown
44010100,Backspace,keydown
44010400,o,keydown
44010500, ,keydown
44010800,a,keydown
44011200,n,keydown
44011500,c,keydown
44012200,h,keydown
44012500,e,keydown
44012600, ,keydown
44012900,o,keydown
44013300,g,keydown
44013400,g,keydown
44013700,i,keydown
44013900, ,keydown
44014200,g,keydown
44014600,i,keydown
44014700,u,keydown
44015000,n,keydown
44015200,t,keydown
44015800,o,keydown
44015900, ,keydown
44016200,a,keydown
44016600,l,keydown
44016800, ,keydown
44017500,d,keydown
44018000,Backspace,keydown
44018300,f,keydown
44018600,i,keydown
44018900,n,keydown
44020000, ,keydown
44020500,#,keydown
44020800,9,keydown
44021100,a,keydown
44021500,l,keydown
44021600,l,keydown
44021900,a,keydown
44022200, ,keydown
44022400,f,keydown
44022800,i,keydown
44023000,n,keydown
44023400,#,keydown
44023600,0,keydown
44023700, ,keydown
44024000,d,keydown
44024300,e,keydown
44024700,#,keydown
44024900, ,keydown
44025100,l,keydown
44025600,a,keydown
44025800, ,keydown
44026700,f,keydown
44027000,a,keydown
44027300,t,keydown
44027800,i,keydown
44028100,c,keydown
44028400,a,keydown
44029500,#,keydown
44029700, ,keydown
44030400,#,keydown
44030500,t,keydown
44031200,a,keydown
44031500,n,keydown
44031800,t,keydown
44032100,o,keydown
44032100,i,keydown
44032700,#,keydown
44032700,Backspace,keydown
44033400,Backspace,keydown
44033500,Backspace,keydown
44034200,i,keydown
44034400, ,keydown
44034700,s,keydown
44034900,a,keydown
44035300,l,keydown
44036300,u,keydown
44036600,t,keydown
44037100,i,keydown
44037400, ,keydown
44037700,e,keydown
44037900, ,keydown
44038400,a,keydown
44038900,u,keydown
44039400,f,keydown
44039900,Backspace,keydown
44040200,g,keydown
44040500,u,keydown
44040700,r,keydown
44041100,i,keydown
44041300,i,keydown
44041600,i,keydown
44042000, ,keydown
44042400,Backspace,keydown
44042600,Backspace,keydown
44042900, ,keydown
44043500,n,keydown
44043800,i,keydown
44044100, ,keydown
44044300,Backspace,keydown
44044700,o,keydown
44044900, ,keydown
44045700,Backspace,keydown
44045700,Backspace,keydown
44045900,Backspace,keydown
44046400,Backspace,keydown
44046900,s,keydown
44047300,o,keydown
44047400, ,keydown
44047700,p,keydown
44048000,e,keydown
44048200,r,keydown
44048400,c,keydown
44048600,h,keydown
44049200,e,keydown
44050200,#,keydown
44050300, ,keydown
44051100,m,keydown
44051700,e,keydown
44051900, ,keydown
44052500,i,keydown
44052800,d,keydown
44053000,e,keydown
44053300,m,keydown
44053500, ,keydown
44053800,t,keydown
44054000,e,keydown
44054300, ,keydown
44054600,l,keydown
44054900,i,keydown
44055000, ,keydown
44056000,t,keydown
44056700,e,keydown
44057100,l,keydown
44057500,e,keydown
44057900,m,keydown
44058400,t,keydown
44058700,r,keydown
44058900,a,keydown
44059100,s,keydown
44061200,m,keydown
44061600,e,keydown
44061800,t,keydown
44062000,t,keydown
44062700,o,keydown
44063800,#,keydown
44064000, ,keydown
44064400,#,keydown
44064400,t,keydown
44065200,u,keydown
44065500,o,keydown
44065700, ,keydown
44066300,#,keydown
44066500,f,keydown
44066700,e,keydown
44067000,r,keydown
44067200,r,keydown
44067500,u,keydown
44067900,c,keydown
44068000,c,keydown
44068400,i,keydown
44068600,o,keydown
44068700, ,keydown
44069600,#,keydown
44069900,9,keydown
44070100,#,keydown
44070300,d,keydown
44070600,r,keydown
44070800,#,keydown
44071000,0,keydown
44071400,#,keydown
44072800,Backspace,keydown
44073000,Backspace,keydown
44073200,Backspace,keydown
44073300,Backspace,keydown
44074200,Backspace,keydown
44075900,#,keydown
44076100,d,keydown
44076700,#,keydown
