timestamp,key,type
26130000,Backspace,keydown
26130000,Backspace,keydown
26130000,Backspace,keydown
26130000,Backspace,keydown
26130000,Backspace,keydown
26130000,Backspace,keydown
26130000,Backspace,keydown
26130000,Backspace,keydown
26130000,#,keydown
26130100,a,keydown
26130300,l,keydown
26130600,t,keydown
26130800,r,keydown
26130900,a,keydown
26131100, ,keydown
26131200,p,keydown
26131400,e,keydown
26131500,r,keydown
26131900,l,keydown
26132000,a,keydown
26132200, ,keydown
26132400,d,keydown
26132400,i,keydown
26132600, ,keydown
26133500,g,keydown
26133800,Backspace,keydown
26134000,s,keydown
26134100,a,keydown
26134400,g,keydown
26134500,g,keydown
26134800,e,keydown
26135200,z,keydown
26135400,z,keydown
26135700,a,keydown
26136000,#,keydown
26136300,#,keydown
26136600,Enter,keydown
26137700,Backspace,keydown
26138100,Backspace,keydown
26138600, ,keydown
26138900,#,keydown
26139500,#,keydown
26139700,t,keydown
26140100,a,keydown
26140200,o,keydown
26140500,#,keydown
26140900,#,keydown
26141300,Enter,keydown
26148000,#,keydown
26148200,o,keydown
26148500,c,keydown
26148600,c,keydown
26148900,a,keydown
26149100,s,keydown
26149200,i,keydown
26149300,o,keydown
26149500,n,keydown
26150000,a,keydown
26150700,Backspace,keydown
26150900,#,keydown
26151300,e,keydown
26151500,Enter,keydown
26152700,#,keydown
26153000,s,keydown
26153300,f,keydown
26153400,r,keydown
26153500,e,keydown
26153800,c,keydown
26153900,c,keydown
26154100,i,keydown
26154300,a,keydown
26154400, ,keydown
26154500,u,keydown
26154800,n,keydown
26154900, ,keydown
26155100,u,keydown
26155400,c,keydown
26155600,c,keydown
26155700,e,keydown
26155900,l,keydown
26156000,l,keydown
26156300,o,keydown
26156400, ,keydown
26156800,n,keydown
26157000,e,keydown
26157400,Backspace,keydown
26157600,Backspace,keydown
26157800,v,keydown
26157900,e,keydown
26158100,r,keydown
26158500,d,keydown
26158800,e,keydown
26158900, ,keydown
26159400,n,keydown
26159600,e,keydown
26159700,l,keydown
26159900,l,keydown
26160100,a,keydown
26160200, ,keydown
26160400,m,keydown
26161000,Backspace,keydown
26161400,n,keydown
26161500,o,keydown
26161800,t,keydown
26162100,t,keydown
26162300,e,keydown
26163800,.,keydown
26163900,Enter,keydown
26164200,#,keydown
26164400,s,keydown
26164600,a,keydown
26164700,p,keydown
26164900,r,keydown
26165000,e,keydown
26166000,t,keydown
26166100,e,keydown
26166400, ,keydown
26166800,v,keydown
26167300,Backspace,keydown
26167900,v,keydown
26168200,e,keydown
26168400,d,keydown
26168500,e,keydown
26168800,r,keydown
26169100,l,keydown
26169300,o,keydown
26169700,#,keydown
26170100,#,keydown
26170400, ,keydown
26170600,#,keydown
26171100,s,keydown
26171400,a,keydown
26171600,p,keydown
26171800,r,keydown
26172100,e,keydown
26172600,t,keydown
26172800,e,keydown
26173000, ,keydown
26173200,c,keydown
26173400,a,keydown
26173600,t,keydown
26173800,t,keydown
26174000,u,keydown
26174100,r,keydown
26174300,a,keydown
26174700,r,keydown
26175000,l,keydown
26175200,o,keydown
26175500, ,keydown
26175700,#,keydown
26176100,#,keydown
26176700,Enter,keydown
26177200,#,keydown
26177500,s,keydown
26177700,e,keydown
26178000,f,keydown
26178600,Backspace,keydown
26178700,g,keydown
26178800,u,keydown
26179000,i,keydown
26179400,t,keydown
26179600,e,keydown
26179800, ,keydown
26180000,i,keydown
26180300,l,keydown
26180400, ,keydown
26180500,#,keydown
26180700,t,keydown
26181000,a,keydown
26181200,o,keydown
26181300, ,keydown
26182200,c,keydown
26182300,o,keydown
26182500,m,keydown
26182700,e,keydown
26182800, ,keydown
26183000,u,keydown
26183300,n,keydown
26183800,#,keydown
26184100,o,keydown
26185000,m,keydown
26185300,b,keydown
26185400,r,keydown
26185700,a,keydown
26186900,.,keydown
26187100,Enter,keydown
26187400,#,keydown
26187700,m,keydown
26187900,u,keydown
26189000,o,keydown
26189100,v,keydown
26189400,e,keydown
26189800,t,keydown
26189900,e,keydown
26190500,v,keydown
26190600,i,keydown
26190800, ,keydown
26191100,s,keydown
26191300,e,keydown
26191600,n,keydown
26192200,z,keydown
26192500,a,keydown
26192700, ,keydown
26193100,l,keydown
26193300,a,keydown
26194800,s,keydown
26195100,c,keydown
26195200,i,keydown
26195200,a,keydown
26195400,r,keydown
26195600,e,keydown
26195700, ,keydown
26195900,o,keydown
26196100,m,keydown
26196400,b,keydown
26196600,r,keydown
26196900,e,keydown
26197700,.,keydown
26198100,Enter,keydown
26198800,#,keydown
26199000,i,keydown
26199200, ,keydown
26200000,p,keydown
26200200,e,keydown
26200300,r,keydown
26200400,i,keydown
26200600,o,keydown
26200700,d,keydown
26200800,i,keydown
26201500, ,keydown
26201700,d,keydown
26201900,i,keydown
26202000, ,keydown
26202500,d,keydown
26202600,i,keydown
26203000,f,keydown
26203300,f,keydown
26203500,i,keydown
26203800,c,keydown
26204000,o,keydown
26204200,l,keydown
26204400,t,keydown
26204500,a,keydown
26205200,#,keydown
26205600,Backspace,keydown
26206100,#,keydown
26206400, ,keydown
26207400,e,keydown
26207400, ,keydown
26207900,o,keydown
26208100,p,keydown
26208200,p,keydown
26208700,r,keydown
26208900,e,keydown
26209200,s,keydown
26209300,s,keydown
26209500,i,keydown
26209500,o,keydown
26209700,n,keydown
26210000,e,keydown
26210900,",",keydown
26211000, ,keydown
26211200,p,keydown
26211300,e,keydown
26211400,r,keydown
26211500, ,keydown
26212000,u,keydown
26212200,a,keydown
26212400,n,keydown
26212400,t,keydown
26212600,o,keydown
26213200,Backspace,keydown
26213300,Backspace,keydown
26213500,Backspace,keydown
26213700,Backspace,keydown
26213800,Backspace,keydown
26214000,q,keydown
26214300,u,keydown
26214600,a,keydown
26214700,n,keydown
26214900,t,keydown
26215000,o,keydown
26215100, ,keydown
26215400,l,keydown
26215700,u,keydown
26216500,Backspace,keydown
26216600,Backspace,keydown
26217100,p,keydown
26217600,o,keydown
26217900,s,keydown
26218000,s,keydown
26218200,a,keydown
26218400,n,keydown
26218600,o,keydown
26218800, ,keydown
26219100,s,keydown
26219300,e,keydown
26219500,m,keydown
26219700,b,keydown
26220000,r,keydown
26220500,a,keydown
26220800,r,keydown
26221000,e,keydown
26221200,Enter,keydown
26221500,i,keydown
26221700,n,keydown
26221900,t,keydown
26222100,e,keydown
26222200,r,keydown
26222500,m,keydown
26222800,i,keydown
26223100,n,keydown
26223300,a,keydown
26223600,b,keydown
26223900,i,keydown
26224300,l,keydown
26224500,i,keydown
26225300,",",keydown
26225500, ,keydown
26225600,p,keydown
26225800,r,keydown
26225900,i,keydown
26226200,m,keydown
26226200,a,keydown
26226400, ,keydown
26226700,o,keydown
26226900, ,keydown
26227300,p,keydown
26227500,o,keydown
26227700,i,keydown
26227800, ,keydown
26228300,f,keydown
26228500,i,keydown
26228900,n,keydown
26229100,i,keydown
26229300,s,keydown
26229500,c,keydown
26229600,o,keydown
26229700,n,keydown
26229900,o,keydown
26230800,.,keydown
26231200,Enter,keydown
26231500,#,keydown
26231600,i,keydown
26231900,l,keydown
26232000, ,keydown
26232200,c,keydown
26232300,a,keydown
26232400,m,keydown
26232600,b,keydown
26232900,r,keydown
26233100,i,keydown
26233300,a,keydown
26233500,Backspace,keydown
26233700,Backspace,keydown
26234100,Backspace,keydown
26234400,u,keydown
26234400,i,keydown
26234900,Backspace,keydown
26235100,Backspace,keydown
26235500,i,keydown
26235700,a,keydown
26235900,m,keydown
26236100,e,keydown
26236200,n,keydown
26236400,t,keydown
26236500,o,keydown
26237700, ,keydown
26237900,v,keydown
26238000,e,keydown
26238300,d,keydown
26238700,r,keydown
26239200,Backspace,keydown
26239400,Backspace,keydown
26239500,r,keydown
26239900,s,keydown
26240000,o,keydown
26240200, ,keydown
26240400,c,keydown
26240500,o,keydown
26240600,n,keydown
26241000,d,keydown
26241200,i,keydown
26241600,z,keydown
26241700,i,keydown
26241800,o,keydown
26242000,n,keydown
26242100,i,keydown
26242300, ,keydown
26242500,m,keydown
26243000,i,keydown
26243300,g,keydown
26243400,l,keydown
26243500,i,keydown
26243700,o,keydown
26244000,r,keydown
26244200,i,keydown
26245200, ,keydown
26245700,p,keydown
26246200,u,keydown
26247000,p,keydown
26248000,Backspace,keydown
26248100,o,keydown
26248500,#,keydown
26248600, ,keydown
26248900,a,keydown
26249100,v,keydown
26249300,v,keydown
26249500,e,keydown
26249700,n,keydown
26249900,i,keydown
26250200,r,keydown
26251000,e,keydown
26251300, ,keydown
26251600,g,keydown
26251800,r,keydown
26252200,a,keydown
26252700,z,keydown
26253000,i,keydown
26253200,e,keydown
26253500, ,keydown
26253600,a,keydown
26254000,Enter,keydown
26254500,q,keydown
26254700,u,keydown
26254900,e,keydown
26255100,l,keydown
26255200,l,keydown
26255300,e,keydown
26255500, ,keydown
26255800,p,keydown
26256100,i,keydown
26256400,c,keydown
26256500,c,keydown
26256600,o,keydown
26256800,l,keydown
26257400,e,keydown
26257500, ,keydown
26257800,e,keydown
26258000, ,keydown
26258500,c,keydown
26258700,a,keydown
26258900,u,keydown
26259200,s,keydown
26259600,Backspace,keydown
26260000,Backspace,keydown
26260300,s,keydown
26260400,u,keydown
26260600,a,keydown
26261000,l,keydown
26261300,i,keydown
26261500, ,keydown
26261600,o,keydown
26261900,c,keydown
26262100,c,keydown
26262300,a,keydown
26262500,s,keydown
26262600,i,keydown
26262700,o,keydown
26262900,n,keydown
26263000,i,keydown
26264000, ,keydown
26264200,c,keydown
26264300,h,keydown
26264400,e,keydown
26264500, ,keydown
26265100,c,keydown
26265200,i,keydown
26265800, ,keydown
26266100,a,keydown
26266400,p,keydown
26266500,p,keydown
26266600,a,keydown
26267200,i,keydown
26267400,o,keydown
26267700,n,keydown
26267900,o,keydown
26269500, ,keydown
26269800,p,keydown
26270000,r,keydown
26270000,o,keydown
26270700,p,keydown
26270800,r,keydown
26271000,i,keydown
26271200,o,keydown
26271500, ,keydown
26271800,d,keydown
26272000,u,keydown
26272200,r,keydown
26272400,a,keydown
26272500,n,keydown
26272600,t,keydown
26272800,e,keydown
26273000,Enter,keydown
26273400,l,keydown
26273600,e,keydown
26273700, ,keydown
26274000,a,keydown
26274300,v,keydown
26274400,v,keydown
26274700,e,keydown
26274700,r,keydown
26275000,s,keydown
26275100,i,keydown
26275500,t,keydown
26275600,a,keydown
26275800,#,keydown
26277600,.,keydown
26277800, ,keydown
26277900,#,keydown
26278300,d,keydown
26278300,o,keydown
26278600,b,keydown
26278700,b,keydown
26278900,i,keydown
26279100,a,keydown
26279200,m,keydown
26279400,o,keydown
26280200, ,keydown
26280600,q,keydown
26280700,u,keydown
26280800,i,keydown
26281100,n,keydown
26281300,d,keydown
26281400,i,keydown
26281600, ,keydown
26281700,e,keydown
26282000,s,keydown
26282200,s,keydown
26282300,e,keydown
26283300,r,keydown
26283500,i,keydown
26284100,Backspace,keydown
26284200,e,keydown
26284400, ,keydown
26284700,c,keydown
26284800,o,keydown
26285000,n,keydown
26285200,c,keydown
26285500,e,keydown
26285600,n,keydown
26285800,t,keydown
26285900,r,keydown
26286200,a,keydown
26286400,t,keydown
26286500,i,keydown
26287300, ,keydown
26287600,p,keydown
26287900,e,keydown
26288000,r,keydown
26288100, ,keydown
26288400,r,keydown
26288500,i,keydown
26288700,c,keydown
26288800,o,keydown
26289100,n,keydown
26289200,o,keydown
26289900,s,keydown
26290000,c,keydown
26290300,e,keydown
26290500,r,keydown
26290900,l,keydown
26291000,e,keydown
26292700,.,keydown
26292900,Enter,keydown
26293700,Backspace,keydown
26294300,Backspace,keydown
26294900,",",keydown
26295200,Enter,keydown
26296000,p,keydown
26296200,r,keydown
26296600,o,keydown
26296900,n,keydown
26297000,t,keydown
26297300,i,keydown
26297400, ,keydown
26297800,p,keydown
26297900,e,keydown
26298000,r,keydown
26298100, ,keydown
26298600,c,keydown
26298600,o,keydown
26300700,g,keydown
26300900,l,keydown
26301000,i,keydown
26301200,e,keydown
26301500,r,keydown
26301800,l,keydown
26302000,e,keydown
26302300, ,keydown
26302500,e,keydown
26302500, ,keydown
26303000,d,keydown
26303500,e,keydown
26303800,c,keydown
26303900,i,keydown
26304200,d,keydown
26304700,Backspace,keydown
26304900,s,keydown
26305100,i,keydown
26305200, ,keydown
26305300,p,keydown
26305400,e,keydown
26305600,r,keydown
26305600, ,keydown
26306000,s,keydown
26306500,f,keydown
26306800,r,keydown
26307100,u,keydown
26307400,t,keydown
26307500,t,keydown
26307800,a,keydown
26307900,r,keydown
26308100,l,keydown
26308300,e,keydown
26311000,.,keydown
26311300, ,keydown
26311400,#,keydown
26311600,s,keydown
26311800,e,keydown
26311900, ,keydown
26312200,c,keydown
26312400,e,keydown
26312500, ,keydown
26312800,l,keydown
26312800,e,keydown
26312900, ,keydown
26313200,l,keydown
26313400,a,keydown
26313700,s,keydown
26313800,c,keydown
26314000,e,keydown
26314300,r,keydown
26314400,e,keydown
26314700,m,keydown
26315000,o,keydown
26315900,Enter,keydown
26316300,s,keydown
26316700,c,keydown
26316900,a,keydown
26317000,p,keydown
26317200,p,keydown
26317400,a,keydown
26317600,r,keydown
26318000,e,keydown
26318200, ,keydown
26318400,s,keydown
26318600,i,keydown
26318800,c,keydown
26318900,u,keydown
26319300,a,keydown
26320000,Backspace,keydown
26320100,r,keydown
26320300,a,keydown
26320500,m,keydown
26320600,e,keydown
26320800,n,keydown
26320900,t,keydown
26321100,e,keydown
26322700, ,keydown
26323200,c,keydown
26323400,e,keydown
26323600, ,keydown
26323900,n,keydown
26324000,e,keydown
26324100, ,keydown
26324400,p,keydown
26324600,e,keydown
26324800,r,keydown
26324900,n,keydown
26325100,t,keydown
26325200,i,keydown
26326000,Backspace,keydown
26326200,Backspace,keydown
26326400,Backspace,keydown
26326500,Backspace,keydown
26326800,n,keydown
26327000,t,keydown
26327400,i,keydown
26327700,r,keydown
26328000,e,keydown
26328100,m,keydown
26328300,o,keydown
26329800,.,keydown
26330100, ,keydown
26330300,#,keydown
26330500,s,keydown
26330800,e,keydown
26331100,g,keydown
26331300,u,keydown
26331500,i,keydown
26331800,a,keydown
26332000,m,keydown
26332200,o,keydown
26332400, ,keydown
26332600,i,keydown
26332700,l,keydown
26332900, ,keydown
26333000,#,keydown
26333200,t,keydown
26333400,a,keydown
26333500,o,keydown
26334900, ,keydown
26335100,c,keydown
26335300,o,keydown
26335500,m,keydown
26335700,e,keydown
26335800, ,keydown
26336100,u,keydown
26336300,n,keydown
26337100,#,keydown
26337300,o,keydown
26337600,m,keydown
26338000,b,keydown
26338300,r,keydown
26338400,a,keydown
26339800, ,keydown
26340000,e,keydown
26340200,Enter,keydown
26340500,r,keydown
26340600,i,keydown
26340900,m,keydown
26341000,a,keydown
26341300,n,keydown
26341600,i,keydown
26341700,a,keydown
26342100,m,keydown
26342400,o,keydown
26342700, ,keydown
26343700,v,keydown
26343800,i,keydown
26344100,c,keydown
26344200,i,keydown
26344700,n,keydown
26344800,o,keydown
26345000, ,keydown
26345300,a,keydown
26345500,d,keydown
26345600, ,keydown
26345900,e,keydown
26346100,s,keydown
26346300,s,keydown
26346400,o,keydown
26346600, ,keydown
26347600,e,keydown
26348400,Backspace,keydown
26348900,v,keydown
26349200,Backspace,keydown
26349700,o,keydown
26350000,v,keydown
26350200,u,keydown
26350300,n,keydown
26350600,q,keydown
26350800,u,keydown
26351000,e,keydown
26351100, ,keydown
26351600,v,keydown
26351800,a,keydown
26352100,d,keydown
26352300,a,keydown
26353500,#,keydown
26353800, ,keydown
26354300,q,keydown
26354500,u,keydown
26354600,a,keydown
26354700,n,keydown
26355000,d,keydown
26355200,o,keydown
26355300, ,keydown
26355500,l,keydown
26355700,a,keydown
26355900,s,keydown
26356100,c,keydown
26356400,i,keydown
26356800,a,keydown
26357000, ,keydown
26357300,q,keydown
26357500,u,keydown
26357700,a,keydown
26357800,l,keydown
26358100,c,keydown
26358200,o,keydown
26358400,s,keydown
26358600,a,keydown
26358700, ,keydown
26359000,s,keydown
26359200,u,keydown
26359300,l,keydown
26359500,l,keydown
26359700,a,keydown
26360600,Enter,keydown
26361100,n,keydown
26361300,o,keydown
26361500,s,keydown
26361700,t,keydown
26362000,r,keydown
26362100,a,keydown
26362300, ,keydown
26362600,s,keydown
26362800,t,keydown
26363000,r,keydown
26363200,a,keydown
26363500,d,keydown
26363600,a,keydown
26364700,",",keydown
26364900, ,keydown
26365000,p,keydown
26365200,r,keydown
26365400,n,keydown
26365500,d,keydown
26365600,i,keydown
26365800,a,keydown
26366000,m,keydown
26366200,o,keydown
26366500,l,keydown
26366600,a,keydown
26372500,Backspace,keydown
26372600,Backspace,keydown
26372800,Backspace,keydown
26373000,Backspace,keydown
26373200,Backspace,keydown
26373300,Backspace,keydown
26373600,Backspace,keydown
26373700,Backspace,keydown
26374700,e,keydown
26375000,n,keydown
26375100,d,keydown
26375200,i,keydown
26375400,a,keydown
26375700,m,keydown
26375900,o,keydown
26376000,l,keydown
26376200,a,keydown
26393800, ,keydown
26394000,p,keydown
26394200,e,keydown
26394300,r,keydown
26394400, ,keydown
26394600,r,keydown
26394800,i,keydown
26395100,f,keydown
26395300,l,keydown
26395500,e,keydown
26395800,s,keydown
26395900,s,keydown
26396000,o,keydown
26396300, ,keydown
26396300,a,keydown
26396500,u,keydown
26396700,t,keydown
26396900,o,keydown
26397000,m,keydown
26397100,a,keydown
26397400,t,keydown
26397400,i,keydown
26397700,c,keydown
26397900,o,keydown
26401000,.,keydown
26401200, ,keydown
26401400,#,keydown
26401400,i,keydown
26401600,l,keydown
26401900, ,keydown
26402200,#,keydown
26402400,t,keydown
26402500,a,keydown
26402700,o,keydown
26402900, ,keydown
26403400,e,keydown
26403600,#,keydown
26403800, ,keydown
26404100,c,keydown
26404200,o,keydown
26404300,m,keydown
26404500,e,keydown
26404800,Enter,keydown
26405000,u,keydown
26405300,n,keydown
26405500, ,keydown
26405700,u,keydown
26406200,c,keydown
26406300,c,keydown
26406400,e,keydown
26406800,l,keydown
26407100,l,keydown
26407400,o,keydown
26409500,#,keydown
26410000,#,keydown
26410100, ,keydown
26410300,s,keydown
26410400,e,keydown
26410700, ,keydown
26410800,t,keydown
26411000,e,keydown
26411100,m,keydown
26411700,Backspace,keydown
26411900,n,keydown
26412000,t,keydown
26412100,i,keydown
26412300,a,keydown
26412300,m,keydown
26412400,o,keydown
26412600, ,keydown
26412800,d,keydown
26412800,i,keydown
26412900, ,keydown
26413200,a,keydown
26413400,f,keydown
26413600,f,keydown
26413800,e,keydown
26413900,r,keydown
26414100,r,keydown
26414400,a,keydown
26414800,r,keydown
26414900,l,keydown
26415100,o,keydown
26417600, ,keydown
26417800,s,keydown
26418700,i,keydown
26419200,c,keydown
26419400,u,keydown
26419700,r,keydown
26419800,a,keydown
26420200,m,keydown
26420200,e,keydown
26420400,n,keydown
26420500,t,keydown
26420700,e,keydown
26421400, ,keydown
26421800,n,keydown
26421900,o,keydown
26422000,n,keydown
26422200, ,keydown
26422300,c,keydown
26422500,i,keydown
26422600, ,keydown
26423100,r,keydown
26423200,i,keydown
26423400,u,keydown
26423600,s,keydown
26423900,c,keydown
26423900,i,keydown
26424200,e,keydown
26424600,Backspace,keydown
26424700,r,keydown
26424900,e,keydown
26425100,m,keydown
26425200,o,keydown
26427500,#,keydown
26427700,#,keydown
26428100,Enter,keydown
26428500,m,keydown
26428600,a,keydown
26428700, ,keydown
26429100,s,keydown
26429400,e,keydown
26429600, ,keydown
26429700,c,keydown
26429800,i,keydown
26429900, ,keydown
26430200,c,keydown
26430400,o,keydown
26430600,m,keydown
26430700,p,keydown
26430900,o,keydown
26431200,r,keydown
26431400,t,keydown
26431500,i,keydown
26431700,a,keydown
26431900,m,keydown
26432000,o,keydown
26433300, ,keydown
26433500,c,keydown
26433600,o,keydown
26433800,m,keydown
26434200,e,keydown
26434500, ,keydown
26434700,l,keydown
26434800,a,keydown
26434900, ,keydown
26435100,s,keydown
26435200,u,keydown
26435400,a,keydown
26435600, ,keydown
26435900,o,keydown
26436900,m,keydown
26437200,b,keydown
26437400,r,keydown
26437500,a,keydown
26439600,",",keydown
26439800, ,keydown
26439900,s,keydown
26440100,t,keydown
26440200,a,keydown
26440300,n,keydown
26440600,d,keydown
26440600,o,keydown
26440900, ,keydown
26441000,s,keydown
26441200,e,keydown
26442100,m,keydown
26442300,p,keydown
26442400,r,keydown
26442500,e,keydown
26444400, ,keydown
26444600,v,keydown
26444800,i,keydown
26445000,c,keydown
26445200,i,keydown
26445500,n,keydown
26445700,o,keydown
26445900, ,keydown
26445900,a,keydown
26446100, ,keydown
26446200,l,keydown
26446400,u,keydown
26446600,i,keydown
26446900, ,keydown
26447000,e,keydown
26447200, ,keydown
26448200,Enter,keydown
26448600,s,keydown
26449100,p,keydown
26449300,o,keydown
26449600,s,keydown
26449700,t,keydown
26450000,a,keydown
26450100,n,keydown
26450600,d,keydown
26450600,o,keydown
26450900,c,keydown
26451000,i,keydown
26452800, ,keydown
26453200,a,keydown
26453300,l,keydown
26453500,l,keydown
26453600,a,keydown
26453700, ,keydown
26453800,s,keydown
26454000,u,keydown
26454200,a,keydown
26454500, ,keydown
26454800,v,keydown
26454900,e,keydown
26455100,l,keydown
26455300,o,keydown
26455600,c,keydown
26455600,i,keydown
26455900,t,keydown
26456100,a,keydown
26456300,#,keydown
26459400,",",keydown
26459600, ,keydown
26459700,a,keydown
26459800,l,keydown
26460000,l,keydown
26460300,o,keydown
26460300,r,keydown
26460400,a,keydown
26460600, ,keydown
26460700,c,keydown
26461000,a,keydown
26461100,t,keydown
26461300,t,keydown
26461500,u,keydown
26461700,r,keydown
26461800,a,keydown
26462200,r,keydown
26462300,l,keydown
26462500,o,keydown
26462700, ,keydown
26462900,s,keydown
26463300,r,keydown
26463800,Backspace,keydown
26463900,t,keydown
26464000,a,keydown
26464500,Backspace,keydown
26464600,Backspace,keydown
26465100,a,keydown
26465300,r,keydown
26465600,a,keydown
26466000,#,keydown
26466200, ,keydown
26466700,p,keydown
26467300,i,keydown
26467500,u,keydown
26468000,#,keydown
26468200, ,keydown
26468300,s,keydown
26468600,e,keydown
26468700,m,keydown
26468800,p,keydown
26469000,l,keydown
26469300,i,keydown
26469300,c,keydown
26469600,e,keydown
26473300,.,keydown
26473800,Enter,keydown
26474200,#,keydown
26474400,t,keydown
26474800,u,keydown
26475100,t,keydown
26475400,t,keydown
26475500,a,keydown
26475800,v,keydown
26475900,i,keydown
26476100,a,keydown
26476300, ,keydown
26477500,Backspace,keydown
26478000,",",keydown
26478200, ,keydown
26478300,q,keydown
26478400,u,keydown
26478500,s,keydown
26478700,n,keydown
26479700,Backspace,keydown
26480300,Backspace,keydown
26480500,a,keydown
26480600,n,keydown
26480800,d,keydown
26481000,o,keydown
26481200, ,keydown
26481500,n,keydown
26481700,o,keydown
26481900,i,keydown
26483500, ,keydown
26484100,c,keydown
26484300,o,keydown
26484500,m,keydown
26484700,p,keydown
26485100,i,keydown
26485300,a,keydown
26486100,m,keydown
26486300,o,keydown
26486400, ,keydown
26486600,u,keydown
26487000,n,keydown
26488000,#,keydown
26488300,a,keydown
26488600,z,keydown
26488700,i,keydown
26488800,o,keydown
26488900,n,keydown
26489100,e,keydown
26491000, ,keydown
26491300,n,keydown
26491500,o,keydown
26491700,n,keydown
26491900, ,keydown
26492200,d,keydown
26492400,o,keydown
26492600,b,keydown
26492800,b,keydown
26493000,i,keydown
26493200,r,keydown
26493400,a,keydown
26496200,Backspace,keydown
26496300,Backspace,keydown
26496500,a,keydown
26496800,m,keydown
26496900,o,keydown
26497100, ,keydown
26497300,a,keydown
26497600,v,keydown
26497800,e,keydown
26498100,r,keydown
26498300,e,keydown
26498500, ,keydown
26498800,u,keydown
26499100,n,keydown
26499600,#,keydown
26499900,o,keydown
26500000,m,keydown
26500500,b,keydown
26500700,r,keydown
26500900,a,keydown
26502500,#,keydown
26502800,#,keydown
26503100,Enter,keydown
26503300,c,keydown
26503600,i,keydown
26503900,o,keydown
26504200,#,keydown
26504500, ,keydown
26504600,c,keydown
26504800,h,keydown
26504900,e,keydown
26504900, ,keydown
26505300,f,keydown
26505400,a,keydown
26505600,c,keydown
26505800,c,keydown
26505900,i,keydown
26506000,a,keydown
26506200,m,keydown
26506300,o,keydown
26507500, ,keydown
26507700,n,keydown
26507800,o,keydown
26508000,n,keydown
26508200, ,keydown
26508300,d,keydown
26508500,e,keydown
26508700,v,keydown
26508900,e,keydown
26509100, ,keydown
26510000,g,keydown
26510100,e,keydown
26510400,n,keydown
26510400,e,keydown
26510700,r,keydown
26510800,a,keydown
26511000,r,keydown
26511200,e,keydown
26511400, ,keydown
26511500,c,keydown
26511600,o,keydown
26511800,n,keydown
26512200,f,keydown
26512500,u,keydown
26512800,z,keydown
26513000,i,keydown
26513000,o,keydown
26513200,n,keydown
26513600,Backspace,keydown
26513700,Backspace,keydown
26514000,Backspace,keydown
26514100,Backspace,keydown
26514900,s,keydown
26515000,i,keydown
26515000,o,keydown
26515100,n,keydown
26515300,i,keydown
26515700,Backspace,keydown
26515900,e,keydown
26517800,",",keydown
26518000, ,keydown
26518200,n,keydown
26518300,e,keydown
26518500,#,keydown
26518700, ,keydown
26519000,a,keydown
26519100,v,keydown
26519400,e,keydown
26519600,r,keydown
26519800,e,keydown
26520500, ,keydown
26520900,d,keydown
26521100,e,keydown
26521300,l,keydown
26521400,l,keydown
26521500,e,keydown
26521700, ,keydown
26522100,s,keydown
26522200,c,keydown
26522400,o,keydown
26522500,n,keydown
26522900,Backspace,keydown
26523000,Backspace,keydown
26523200,Backspace,keydown
26523500,Backspace,keydown
26523800,c,keydown
26523900,o,keydown
26524000,n,keydown
26524300,s,keydown
26524500,e,keydown
26524800,g,keydown
26524900,u,keydown
26525100,i,keydown
26525400,e,keydown
26525600,Backspace,keydown
26525800,Backspace,keydown
26526000,e,keydown
26526200,n,keydown
26526700,z,keydown
26527000,e,keydown
26529000,Enter,keydown
26529700,c,keydown
26529800,h,keydown
26530000,e,keydown
26530000, ,keydown
26530200,p,keydown
26530500,r,keydown
26530500,o,keydown
26530900,Backspace,keydown
26531100,Backspace,keydown
26531400,o,keydown
26531800,t,keydown
26531900,r,keydown
26532200,e,keydown
26532500,b,keydown
26532700,b,keydown
26532800,e,keydown
26533000,r,keydown
26533400,o,keydown
26535100, ,keydown
26535200,s,keydown
26535300,u,keydown
26535500,c,keydown
26535600,c,keydown
26535900,e,keydown
26536200,s,keydown
26536300,s,keydown
26536600,i,keydown
26536700,m,keydown
26537000,Backspace,keydown
26537200,v,keydown
26537400,a,keydown
26537700,m,keydown
26537900,e,keydown
26537900,n,keydown
26538000,t,keydown
26538200,e,keydown
26539400, ,keydown
26539700,c,keydown
26540000,r,keydown
26540200,e,keydown
26540500,a,keydown
26540800,r,keydown
26541200,c,keydown
26541300,i,keydown
26541600, ,keydown
26542100,p,keydown
26542200,r,keydown
26542400,o,keydown
26542700,b,keydown
26543000,l,keydown
26543200,e,keydown
26543500,m,keydown
26543900,i,keydown
26545900,#,keydown
26546200, ,keydown
26546500,q,keydown
26546600,u,keydown
26546700,i,keydown
26546800,n,keydown
26547000,d,keydown
26547100,i,keydown
26547500,",",keydown
26547600, ,keydown
26547800,m,keydown
26548100,u,keydown
26548200,o,keydown
26548500,v,keydown
26548700,e,keydown
26548800,r,keydown
26549100,c,keydown
26549100,i,keydown
26550000, ,keydown
26550300,s,keydown
26550500,e,keydown
26550700,n,keydown
26551400,z,keydown
26551700,a,keydown
26551900,Enter,keydown
26552400,l,keydown
26552500,a,keydown
26553800,s,keydown
26554000,c,keydown
26554200,i,keydown
26554600,a,keydown
26554800,r,keydown
26555200,e,keydown
26555500, ,keydown
26556000,o,keydown
26556800,m,keydown
26557100,b,keydown
26557200,r,keydown
26557600,e,keydown
26557900, ,keydown
26558800,e,keydown
26558900,#,keydown
26559000, ,keydown
26559400,s,keydown
26559600,e,keydown
26559700,n,keydown
26560500,z,keydown
26560800,a,keydown
26561000, ,keydown
26561200,d,keydown
26561500,u,keydown
26561700,b,keydown
26561900,b,keydown
26562100,i,keydown
26562500,o,keydown
26563400, ,keydown
26563600,u,keydown
26564400, ,keydown
26564800,m,keydown
26564900,o,keydown
26565400,Backspace,keydown
26565500,Backspace,keydown
26565700,Backspace,keydown
26566800,n,keydown
26566900, ,keydown
26567100,m,keydown
26567200,o,keydown
26567500,d,keydown
26567600,o,keydown
26567900, ,keydown
26568100,p,keydown
26568300,e,keydown
26568300,r,keydown
26568400, ,keydown
26568700,e,keydown
26568900,v,keydown
26569100,i,keydown
26569500,t,keydown
26569700,a,keydown
26569900,r,keydown
26570100,e,keydown
26570900, ,keydown
26571400,d,keydown
26571400,i,keydown
26571500, ,keydown
26571800,e,keydown
26571900,n,keydown
26572100,t,keydown
26572400,r,keydown
26572500,a,keydown
26572700,r,keydown
26572800,e,keydown
26574000, ,keydown
26574200,i,keydown
26574400,n,keydown
26574500,Enter,keydown
26575500,n,keydown
26575800,u,keydown
26576000,o,keydown
26576200,v,keydown
26576300,e,keydown
26576500, ,keydown
26576900,s,keydown
26576900,i,keydown
26577300,t,keydown
26577500,u,keydown
26577800,a,keydown
26578400,z,keydown
26578500,i,keydown
26578700,o,keydown
26578800,n,keydown
26578900,i,keydown
26579200, ,keydown
26579600,n,keydown
26579800,e,keydown
26580600,g,keydown
26580600,g,keydown
26580800,a,keydown
26581300,Backspace,keydown
26581500,Backspace,keydown
26581700,a,keydown
26582000,t,keydown
26582200,i,keydown
26582300,v,keydown
26582700,e,keydown
26584000,.,keydown
