timestamp,key,type
44461000,Backspace,keydown
44461000,Backspace,keydown
44461000,Backspace,keydown
44461000,Backspace,keydown
44461000,Backspace,keydown
44461000,Backspace,keydown
44461000,Backspace,keydown
44461000,Backspace,keydown
44461000,#,keydown
44461200,p,keydown
44461300,e,keydown
44461300,r,keydown
44461500, ,keydown
44461800,i,keydown
44461800,n,keydown
44462700,c,keydown
44463000,o,keydown
44463400,m,keydown
44463600,i,keydown
44463700,n,keydown
44464100,c,keydown
44464600,i,keydown
44464700,a,keydown
44464800,r,keydown
44464900,e,keydown
44465000, ,keydown
44466400,v,keydown
44466500,i,keydown
44466600,s,keydown
44466800,t,keydown
44466900,a,keydown
44466900, ,keydown
44467200,l,keydown
44467300,a,keydown
44467300, ,keydown
44467500,m,keydown
44467600,i,keydown
44467700,a,keydown
44467800, ,keydown
44468000,s,keydown
44468100,c,keydown
44468100,a,keydown
44468400,r,keydown
44469100,s,keydown
44469200,a,keydown
44469200, ,keydown
44469500,f,keydown
44469600,a,keydown
44469800,n,keydown
44470200,t,keydown
44470300,a,keydown
44470700,s,keydown
44470800,i,keydown
44470900,a,keydown
44471000, ,keydown
44471300,e,keydown
44471300, ,keydown
44471700,p,keydown
44471800,e,keydown
44471800,r,keydown
44471900, ,keydown
44472100,s,keydown
44472300,c,keydown
44472500,r,keydown
44472600,i,keydown
44472700,v,keydown
44472800,e,keydown
44473000,r,keydown
44473000,e,keydown
44473300, ,keydown
44474000,q,keydown
44474100,u,keydown
44474300,a,keydown
44474400,n,keydown
44475200,Backspace,keydown
44475700,l,keydown
44475900,c,keydown
44476100,o,keydown
44476200,s,keydown
44476300,a,keydown
44477400,Enter,keydown
44478000,d,keydown
44478100,i,keydown
44478300,s,keydown
44478500,e,keydown
44478500,n,keydown
44478700,s,keydown
44478800,o,keydown
44478900, ,keydown
44479100,c,keydown
44479200,o,keydown
44479300,m,keydown
44479500,p,keydown
44479600,i,keydown
44479900,u,keydown
44480000,t,keydown
44480100,o,keydown
44481100, ,keydown
44482400,p,keydown
44482400,o,keydown
44482700,s,keydown
44482900,s,keydown
44483000,o,keydown
44483000, ,keydown
44483200,i,keydown
44483300,n,keydown
44483600,c,keydown
44483800,o,keydown
44485300,m,keydown
44485400,i,keydown
44485600,n,keydown
44486000,c,keydown
44486000,i,keydown
44486200,a,keydown
44486400,r,keydown
44486500,e,keydown
44486600, ,keydown
44487200,r,keydown
44487300,i,keydown
44487600,p,keydown
44487700,o,keydown
44487900,r,keydown
44488100,t,keydown
44488200,a,keydown
44488300,n,keydown
44488800,d,keydown
44488800,o,keydown
44489200,t,keydown
44489200,i,keydown
44489300, ,keydown
44490400,u,keydown
44490500,n,keydown
44491000,a,keydown
44491000, ,keydown
44491300,p,keydown
44491300,a,keydown
44491500,r,keydown
44491700,t,keydown
44491700,e,keydown
44491900, ,keydown
44492500,d,keydown
44492700,e,keydown
44492700,l,keydown
44492900,l,keydown
44493100,a,keydown
44493100, ,keydown
44493200,m,keydown
44493300,a,keydown
44493500,i,keydown
44493600,l,keydown
44493600, ,keydown
44493900,c,keydown
44494000,h,keydown
44494100,e,keydown
44494200, ,keydown
44494900,m,keydown
44495000,i,keydown
44495100, ,keydown
44496000,Enter,keydown
44496400,h,keydown
44496400,a,keydown
44496500,i,keydown
44496700, ,keydown
44496900,m,keydown
44497000,a,keydown
44497100,n,keydown
44497200,d,keydown
44497300,a,keydown
44497500,t,keydown
44497800,o,keydown
44498400, ,keydown
44498900,p,keydown
44499000,e,keydown
44499000,r,keydown
44499200, ,keydown
44499300,r,keydown
44499400,i,keydown
44499600,c,keydown
44499700,h,keydown
44499800,i,keydown
44499900,e,keydown
44500200,d,keydown
44500300,e,keydown
44500500,r,keydown
44500600,m,keydown
44500800,i,keydown
44500900, ,keydown
44501100,d,keydown
44501200,i,keydown
44501300, ,keydown
44501400,p,keydown
44501500,a,keydown
44501700,r,keydown
44501900,t,keydown
44501900,e,keydown
44502200,c,keydown
44502400,i,keydown
44502600,p,keydown
44502800,a,keydown
44503000,r,keydown
44503100,e,keydown
44503300, ,keydown
44503500,a,keydown
44503600, ,keydown
44503900,q,keydown
44504000,u,keydown
44504100,e,keydown
44504300,s,keydown
44504500,t,keydown
44504700,o,keydown
44504700, ,keydown
44504800,e,keydown
44505000,s,keydown
44505100,p,keydown
44505300,e,keydown
44505500,r,keydown
44505600,i,keydown
44505800,m,keydown
44505800,e,keydown
44506000,n,keydown
44506100,t,keydown
44506300,o,keydown
44507400,.,keydown
44507800,Enter,keydown
44508700,#,keydown
44509100,c,keydown
44509400,i,keydown
44509600,a,keydown
44509700,o,keydown
44510000,",",keydown
44511700, ,keydown
44511900,#,keydown
44512400,#,keydown
44512700,t,keydown
44512800,u,keydown
44512900, ,keydown
44513000,d,keydown
44513100,i,keydown
44513300,c,keydown
44513400,i,keydown
44513700,#,keydown
44513900,#,keydown
44515000,",",keydown
44515800, ,keydown
44516500,c,keydown
44516600,o,keydown
44516800,m,keydown
44516800,e,keydown
44516900, ,keydown
44517500,v,keydown
44517600,i,keydown
44517700, ,keydown
44518700,a,keydown
44518900,v,keydown
44519100,e,keydown
44519200,v,keydown
44519200,o,keydown
44519400, ,keydown
44519600,p,keydown
44519700,r,keydown
44519700,e,keydown
44520100,a,keydown
44520200,n,keydown
44520300,n,keydown
44520500,u,keydown
44520800,n,keydown
44521300,c,keydown
44521500,i,keydown
44521600,a,keydown
44521900,t,keydown
44522000,o,keydown
44523500,",",keydown
44523600, ,keydown
44524100,d,keydown
44524200,a,keydown
44524200, ,keydown
44524500,o,keydown
44524700,g,keydown
44524900,g,keydown
44524900,i,keydown
44525100, ,keydown
44525900,i,keydown
44526000,n,keydown
44526200,i,keydown
44526400,z,keydown
44526400,i,keydown
44526600,a,keydown
44526900, ,keydown
44527100,l,keydown
44527300,a,keydown
44527400, ,keydown
44527800,r,keydown
44527800,a,keydown
44528100,c,keydown
44528200,c,keydown
44528200,o,keydown
44528600,l,keydown
44528900,t,keydown
44528900,a,keydown
44529500,Enter,keydown
44531700,d,keydown
44531800,e,keydown
44532000,i,keydown
44532000, ,keydown
44532300,c,keydown
44532500,a,keydown
44532700,m,keydown
44532800,p,keydown
44533000,i,keydown
44533200,o,keydown
44533300,n,keydown
44533400,i,keydown
44534400, ,keydown
44535000,s,keydown
44535100,u,keydown
44535300,l,keydown
44535400, ,keydown
44535700,v,keydown
44535800,o,keydown
44535900,s,keydown
44536300,t,keydown
44536400,r,keydown
44536500,o,keydown
44536600, ,keydown
44536800,m,keydown
44536900,o,keydown
44537000,d,keydown
44537100,o,keydown
44537400, ,keydown
44538600,d,keydown
44538800,i,keydown
44538800, ,keydown
44538900,s,keydown
44539100,c,keydown
44539300,r,keydown
44539400,i,keydown
44539500,v,keydown
44539600,e,keydown
44539700,r,keydown
44539800,e,keydown
44540600, ,keydown
44541000,a,keydown
44541300,l,keydown
44541400,l,keydown
44541600,a,keydown
44541700, ,keydown
44541800,t,keydown
44542900,a,keydown
44543600,s,keydown
44543900,t,keydown
44544200,i,keydown
44544300,e,keydown
44544400,r,keydown
44544600,a,keydown
44544700, ,keydown
44544900,d,keydown
44545000,e,keydown
44545100,l,keydown
44545300, ,keydown
44545400,c,keydown
44545400,o,keydown
44545500,m,keydown
44545700,p,keydown
44545700,u,keydown
44546000,t,keydown
44546100,e,keydown
44546400,r,keydown
44548200,.,keydown
44548700,Enter,keydown
44549200,#,keydown
44549400,#,keydown
44550000,b,keydown
44550100,r,keydown
44550200,e,keydown
44550400,v,keydown
44550500,e,keydown
44550700,m,keydown
44550700,e,keydown
44550900,n,keydown
44550900,t,keydown
44551100,e,keydown
44551700,",",keydown
44552700, ,keydown
44553400,v,keydown
44553500,i,keydown
44553600, ,keydown
44554000,r,keydown
44554100,i,keydown
44554300,c,keydown
44554400,o,keydown
44554600,r,keydown
44554800,d,keydown
44554900,o,keydown
44555200, ,keydown
44556400,c,keydown
44556500,h,keydown
44556600,e,keydown
44556700, ,keydown
44556900,v,keydown
44557100,i,keydown
44557100, ,keydown
44557200,i,keydown
44557300,n,keydown
44557500,v,keydown
44557700,i,keydown
44557800,e,keydown
44558000,r,keydown
44558200,o,keydown
44559100,#,keydown
44559700, ,keydown
44560900,o,keydown
44561300,g,keydown
44561400,n,keydown
44561500,i,keydown
44562200, ,keydown
44562900,g,keydown
44563000,i,keydown
44563000,o,keydown
44563100,r,keydown
44563300,n,keydown
44563300,o,keydown
44563600, ,keydown
44563800,u,keydown
44565300,n,keydown
44565500,a,keydown
44565700, ,keydown
44566500,a,keydown
44566600,i,keydown
44566600,l,keydown
44566800, ,keydown
44567900,Backspace,keydown
44568000,Backspace,keydown
44568200,Backspace,keydown
44568600,Backspace,keydown
44569100,m,keydown
44569100,a,keydown
44569200,i,keydown
44569300,l,keydown
44569500, ,keydown
44571300,d,keydown
44571400,i,keydown
44571400, ,keydown
44571600,r,keydown
44571700,e,keydown
44571700,m,keydown
44571900,i,keydown
44572000,n,keydown
44572100,d,keydown
44573100,Enter,keydown
44575700,c,keydown
44575800,o,keydown
44576000,n,keydown
44576400,t,keydown
44576400,e,keydown
44576600,n,keydown
44576800,e,keydown
44577000,n,keydown
44577100,t,keydown
44577300,e,keydown
44578200, ,keydown
44579300,l,keydown
44579600,#,keydown
44579900,#,keydown
44580100,u,keydown
44580400,r,keydown
44580600,l,keydown
44580900, ,keydown
44582200,s,keydown
44582400,u,keydown
44582400, ,keydown
44582800,c,keydown
44582900,u,keydown
44583000,i,keydown
44583100, ,keydown
44583400,d,keydown
44583600,o,keydown
44583800,v,keydown
44583800,e,keydown
44584200,t,keydown
44584200,e,keydown
44584400, ,keydown
44584700,c,keydown
44584700,l,keydown
44584900,i,keydown
44585100,c,keydown
44585200,c,keydown
44585300,a,keydown
44585600,r,keydown
44585700,e,keydown
44585800, ,keydown
44587100,s,keydown
44587200,e,keydown
44587400, ,keydown
44587600,d,keydown
44587600,e,keydown
44587900,s,keydown
44588000,i,keydown
44588600,d,keydown
44588600,e,keydown
44588800,r,keydown
44588900,a,keydown
44589100,t,keydown
44589200,e,keydown
44589400, ,keydown
44590900,f,keydown
44591000,a,keydown
44591100,r,keydown
44591200,e,keydown
44592200,Enter,keydown
44592500,l,keydown
44592700,#,keydown
44593000,e,keydown
44593200,s,keydown
44593300,p,keydown
44593800,e,keydown
44594000,r,keydown
44594200,i,keydown
44594400,m,keydown
44594400,e,keydown
44594600,n,keydown
44594700,t,keydown
44594700,o,keydown
44597600,.,keydown
44597600, ,keydown
44597800,#,keydown
44598100,v,keydown
44598200,i,keydown
44598300, ,keydown
44598500,a,keydown
44598700,p,keydown
44598900,p,keydown
44598900,a,keydown
44599100,r,keydown
44599300,i,keydown
44599500,r,keydown
44599600,a,keydown
44600000,#,keydown
44600000, ,keydown
44600400,u,keydown
44600400,n,keydown
44600500, ,keydown
44600800,f,keydown
44600900,o,keydown
44601000,r,keydown
44601400,m,keydown
44602200, ,keydown
44602500,#,keydown
44602600,#,keydown
44602900,q,keydown
44603100,u,keydown
44603400,e,keydown
44603400,l,keydown
44603700,l,keydown
44604500,o,keydown
44604600, ,keydown
44605100,i,keydown
44605200,n,keydown
44605400, ,keydown
44605500,c,keydown
44605700,u,keydown
44605700,i,keydown
44605800, ,keydown
44606000,i,keydown
44606100,o,keydown
44606200, ,keydown
44606400,s,keydown
44606600,t,keydown
44606700,o,keydown
44606700, ,keydown
44606900,s,keydown
44607000,c,keydown
44607200,r,keydown
44607300,i,keydown
44607500,v,keydown
44607600,e,keydown
44608300,n,keydown
44608800,d,keydown
44609000,o,keydown
44609200,#,keydown
44609300,#,keydown
44609600,Enter,keydown
44613000,i,keydown
44613100,n,keydown
44613100, ,keydown
44613600,c,keydown
44613700,u,keydown
44613700,i,keydown
44615400,",",keydown
44615600, ,keydown
44615900,d,keydown
44616100,o,keydown
44616200,p,keydown
44616300, ,keydown
44616300,o,keydown
44616900,a,keydown
44617100,v,keydown
44617200,e,keydown
44617900,Backspace,keydown
44618100,Backspace,keydown
44618300,Backspace,keydown
44618500,Backspace,keydown
44618600,Backspace,keydown
44619200,o,keydown
44619300, ,keydown
44619500,a,keydown
44619800,v,keydown
44619800,e,keydown
44620100,r,keydown
44620400, ,keydown
44621800,s,keydown
44622200,p,keydown
44622400,e,keydown
44623000,c,keydown
44623300,i,keydown
44623400,f,keydown
44623500,i,keydown
44623700,c,keydown
44623800,a,keydown
44624000,t,keydown
44624100,o,keydown
44624300, ,keydown
44625600,i,keydown
44625800,l,keydown
44625800, ,keydown
44626100,v,keydown
44626300,o,keydown
44626700,s,keydown
44626900,t,keydown
44626900,r,keydown
44627000,o,keydown
44627100, ,keydown
44627400,n,keydown
44627400,o,keydown
44627500,m,keydown
44627700,e,keydown
44627800, ,keydown
44628000,d,keydown
44628200,i,keydown
44628200, ,keydown
44628300,l,keydown
44628500,o,keydown
44628600,g,keydown
44628800,i,keydown
44629300,n,keydown
44630700,",",keydown
44630700, ,keydown
44631200,d,keydown
44631400,o,keydown
44631600,v,keydown
44631600,r,keydown
44631700,e,keydown
44632100,s,keydown
44632600,Backspace,keydown
44632700,t,keydown
44632800,e,keydown
44634300,Enter,keydown
44637500,s,keydown
44637700,c,keydown
44638000,r,keydown
44638200,i,keydown
44638300,v,keydown
44638500,e,keydown
44638600,r,keydown
44638700,e,keydown
44638900, ,keydown
44641000,q,keydown
44641300,u,keydown
44641300,a,keydown
44641400,l,keydown
44641600,s,keydown
44641800,i,keydown
44641800,a,keydown
44642100,s,keydown
44642300,i,keydown
44642300, ,keydown
44642600,c,keydown
44642800,o,keydown
44642900,s,keydown
44643000,a,keydown
44643400, ,keydown
44643700,a,keydown
44643700, ,keydown
44644500,v,keydown
44644600,o,keydown
44644700,s,keydown
44644800,t,keydown
44644900,r,keydown
44645300,a,keydown
44645400, ,keydown
44645500,s,keydown
44645700,c,keydown
44645800,e,keydown
44646200,l,keydown
44646500,t,keydown
44646500,a,keydown
44648500, ,keydown
44648600,#,keydown
44648900,#,keydown
44649400,u,keydown
44649400,n,keydown
44649600, ,keydown
44649800,p,keydown
44649800,o,keydown
44650500,#,keydown
44650700, ,keydown
44651000,c,keydown
44651000,o,keydown
44651100,m,keydown
44651100,e,keydown
44651900, ,keydown
44653000,s,keydown
44653300,e,keydown
44653400, ,keydown
44653600,d,keydown
44653700,o,keydown
44653800,v,keydown
44654200,e,keydown
44654400,s,keydown
44654600,t,keydown
44654800,e,keydown
44655100,Enter,keydown
44657000,s,keydown
44657200,c,keydown
44657300,r,keydown
44657500,i,keydown
44657700,v,keydown
44657800,e,keydown
44657900,r,keydown
44658000,e,keydown
44658300, ,keydown
44659300,u,keydown
44659400,n,keydown
44659600,a,keydown
44659600, ,keydown
44659700,m,keydown
44659900,a,keydown
44660000,i,keydown
44660100,l,keydown
44660100, ,keydown
44660300,a,keydown
44660400, ,keydown
44660700,q,keydown
44660800,u,keydown
44661000,a,keydown
44661100,l,keydown
44661300,c,keydown
44661300,u,keydown
44661500,n,keydown
44661600,o,keydown
44662600,#,keydown
44663200,#,keydown
44663500,.,keydown
44664400, ,keydown
44664500,#,keydown
44664900,c,keydown
44665000,o,keydown
44665100,m,keydown
44665200,e,keydown
44665400, ,keydown
44665500,r,keydown
44665700,e,keydown
44665900,g,keydown
44665900,o,keydown
44666100,l,keydown
44666200,a,keydown
44666400, ,keydown
44666600,g,keydown
44666600,e,keydown
44667000,n,keydown
44667000,e,keydown
44667300,r,keydown
44667300,a,keydown
44667600,l,keydown
44667700,e,keydown
44667900, ,keydown
44669900,d,keydown
44670300,o,keydown
44670700,v,keydown
44671000,r,keydown
44671000,e,keydown
44671300,s,keydown
44671500,t,keydown
44671700,e,keydown
44677700, ,keydown
44677900,r,keydown
44678100,i,keydown
44678300,e,keydown
44679100,m,keydown
44679200,o,keydown
44679800,Backspace,keydown
44679900,p,keydown
44680100,i,keydown
44680300,r,keydown
44680400,e,keydown
44680700,Enter,keydown
44683400,c,keydown
44683500,o,keydown
44683600,m,keydown
44683800,p,keydown
44683800,l,keydown
44683900,e,keydown
44684200,t,keydown
44684300,a,keydown
44684300,m,keydown
44684500,e,keydown
44684600,n,keydown
44684900,t,keydown
44684900,e,keydown
44685100, ,keydown
44687100,l,keydown
44687200,o,keydown
44687300, ,keydown
44687500,s,keydown
44687500,p,keydown
44687600,a,keydown
44688100,z,keydown
44688200,i,keydown
44688300,o,keydown
44688900, ,keydown
44689100,m,keydown
44689200,e,keydown
44689400,s,keydown
44689600,s,keydown
44689700,o,keydown
44689700, ,keydown
44690000,a,keydown
44690100, ,keydown
44690400,d,keydown
44690600,i,keydown
44690700,s,keydown
44690700,p,keydown
44690900,o,keydown
44691100,s,keydown
44691200,i,keydown
44691500,z,keydown
44691600,i,keydown
44691600,o,keydown
44691700,n,keydown
44691800,e,keydown
44692300, ,keydown
44696800, ,keydown
44697500,d,keydown
44697600,a,keydown
44697800,l,keydown
44698000,l,keydown
44698000,a,keydown
44698200, ,keydown
44698300,f,keydown
44698500,o,keydown
44698800,r,keydown
44699000,m,keydown
44701300,",",keydown
44701400, ,keydown
44701600,e,keydown
44701700, ,keydown
44701900,p,keydown
44701900,o,keydown
44702200,i,keydown
44702800, ,keydown
44703000,.,keydown
44703200,.,keydown
44703400,.,keydown
