timestamp,key,type
28415000,Backspace,keydown
28415000,Backspace,keydown
28415000,Backspace,keydown
28415100,Backspace,keydown
28415100,Backspace,keydown
28415100,Backspace,keydown
28415100,Backspace,keydown
28415100,Backspace,keydown
28415100,c,keydown
28415200,i,keydown
28415300,a,keydown
28415400,o,keydown
28415500, ,keydown
28416000,d,keydown
28416000,a,keydown
28416200,n,keydown
28416400,i,keydown
28416500,a,keydown
28416600,l,keydown
28416800,e,keydown
28417500,Backspace,keydown
28417600,Backspace,keydown
28417700,Backspace,keydown
28417900,e,keydown
28418400,l,keydown
28418600,e,keydown
28418800,",",keydown
28418900, ,keydown
28419100,i,keydown
28419300,l,keydown
28419400, ,keydown
28419500,s,keydown
28419700,e,keydown
28419700,n,keydown
28420000,s,keydown
28420200,o,keydown
28420400, ,keydown
28421200,d,keydown
28421200,i,keydown
28421300, ,keydown
28421500,c,keydown
28421600,o,keydown
28421800,l,keydown
28422000,p,keydown
28422300, ,keydown
28422400,a,keydown
28422700,Backspace,keydown
28422700,Backspace,keydown
28422900,a,keydown
28423100, ,keydown
28423400,m,keydown
28423600,i,keydown
28423700, ,keydown
28423900,d,keydown
28423900,i,keydown
28424200,v,keydown
28424400,o,keydown
28424500,r,keydown
28424700,a,keydown
28424900, ,keydown
28425100,m,keydown
28425200,a,keydown
28425200, ,keydown
28426700,i,keydown
28426800,l,keydown
28427000, ,keydown
28427100,t,keydown
28427200,e,keydown
28427300,m,keydown
28427500,p,keydown
28427700,o,keydown
28427800, ,keydown
28428200,a,keydown
28428400,n,keydown
28428500,c,keydown
28428600,h,keydown
28428800,e,keydown
28428900, ,keydown
28429200,e,keydown
28429400, ,keydown
28429900,n,keydown
28430100,o,keydown
28430200,n,keydown
28430300, ,keydown
28430500,r,keydown
28430600,i,keydown
28430700,e,keydown
28430900,s,keydown
28431200,c,keydown
28431200,o,keydown
28431300, ,keydown
28431500,m,keydown
28431700,a,keydown
28431800,i,keydown
28431800, ,keydown
28432100,a,keydown
28432300, ,keydown
28432500,r,keydown
28432700,i,keydown
28432800,a,keydown
28433000,n,keydown
28433300,Backspace,keydown
28434100,Backspace,keydown
28434200,Backspace,keydown
28434400,Backspace,keydown
28435200,Enter,keydown
28436400,Backspace,keydown
28436900,Backspace,keydown
28437000,Backspace,keydown
28437200,Backspace,keydown
28437300,Backspace,keydown
28437500,Backspace,keydown
28437700,Backspace,keydown
28437800,Backspace,keydown
28437900,Backspace,keydown
28438000,Backspace,keydown
28438200,Backspace,keydown
28438300,Backspace,keydown
28438500,Backspace,keydown
28438700,Backspace,keydown
28438900,Backspace,keydown
28439100,Backspace,keydown
28439200,Backspace,keydown
28439300,Backspace,keydown
28439900,Enter,keydown
28441900,n,keydown
28442000,o,keydown
28442200,n,keydown
28442700, ,keydown
28443300,r,keydown
28443500,i,keydown
28443500,e,keydown
28443700,s,keydown
28443900,c,keydown
28444100,o,keydown
28444100, ,keydown
28444300,m,keydown
28444500,a,keydown
28444600,i,keydown
28444800, ,keydown
28445000,a,keydown
28445100, ,keydown
28445600,r,keydown
28445700,i,keydown
28445900,w,keydown
28445900,e,keydown
28446000,n,keydown
28446400,Backspace,keydown
28446500,Backspace,keydown
28446900,Backspace,keydown
28447100,e,keydown
28447200,m,keydown
28447500,p,keydown
28448000,i,keydown
28448200,r,keydown
28448200,e,keydown
28448300, ,keydown
28448600,c,keydown
28448600,o,keydown
28448900,n,keydown
28449000, ,keydown
28449100,r,keydown
28449300,e,keydown
28450000,g,keydown
28450000,o,keydown
28450200,l,keydown
28450300,a,keydown
28450600,t,keydown
28450900,Backspace,keydown
28451100,r,keydown
28451200,i,keydown
28451400,t,keydown
28451700,a,keydown
28451900,#,keydown
28452100, ,keydown
28452400,q,keydown
28452600,u,keydown
28452700,e,keydown
28452800,s,keydown
28453000,t,keydown
28453200,o,keydown
28453300, ,keydown
28453900,t,keydown
28454100,u,keydown
28454400,o,keydown
28454500, ,keydown
28454800,s,keydown
28455100,p,keydown
28455200,a,keydown
28455800,z,keydown
28456000,i,keydown
28456200,o,keydown
28456500,Enter,keydown
28456700,c,keydown
28456900,h,keydown
28457100,e,keydown
28457200, ,keydown
28457600,i,keydown
28457900,m,keydown
28457900,m,keydown
28458100,a,keydown
28458300,g,keydown
28458500,i,keydown
28458700,n,keydown
28458800,o,keydown
28458900, ,keydown
28459100,p,keydown
28459200,r,keydown
28459300,e,keydown
28460000,z,keydown
28460100,i,keydown
28460300,o,keydown
28460400,n,keydown
28460800,Backspace,keydown
28461100,s,keydown
28461200,o,keydown
28461500, ,keydown
28461800,p,keydown
28461800,e,keydown
28461900,r,keydown
28462100, ,keydown
28462400,l,keydown
28462900,#,keydown
28463000,e,keydown
28463200,s,keydown
28463300,p,keydown
28463400,e,keydown
28463700,i,keydown
28463900,t,keydown
28464500,Backspace,keydown
28464800,Backspace,keydown
28464900,r,keydown
28465300,i,keydown
28465400,e,keydown
28465500,m,keydown
28465600,e,keydown
28465700,n,keydown
28465800,t,keydown
28466100,Backspace,keydown
28466200,Backspace,keydown
28466400,Backspace,keydown
28466600,Backspace,keydown
28467000,m,keydown
28467100,e,keydown
28467300,n,keydown
28467400,t,keydown
28467600,o,keydown
28467900,Backspace,keydown
28468000,Backspace,keydown
28468200,Backspace,keydown
28468300,Backspace,keydown
28468400,Backspace,keydown
28468500,Backspace,keydown
28468900,m,keydown
28469000,e,keydown
28469100,n,keydown
28469200,t,keydown
28469400,o,keydown
28469800, ,keydown
28470000,s,keydown
28470300,t,keydown
28470500,o,keydown
28470600, ,keydown
28471100,f,keydown
28471300,a,keydown
28471500,c,keydown
28471600,e,keydown
28471700,n,keydown
28471700,d,keydown
28472000,o,keydown
28472700, ,keydown
28473100,u,keydown
28473300,n,keydown
28473400, ,keydown
28473500,e,keydown
28473700,s,keydown
28473900,p,keydown
28474000,e,keydown
28474600,r,keydown
28474800,i,keydown
28475000,m,keydown
28475100,e,keydown
28475200,n,keydown
28475300,t,keydown
28475600,o,keydown
28476100,Enter,keydown
28476600,a,keydown
28477100,n,keydown
28477300,c,keydown
28477300,h,keydown
28477600,#,keydown
28477900,i,keydown
28478100,o,keydown
28478100, ,keydown
28478300,c,keydown
28478400,i,keydown
28478700,o,keydown
28478800,e,keydown
28479100,#,keydown
28479100, ,keydown
28479400,d,keydown
28479500,i,keydown
28479600, ,keydown
28479700,s,keydown
28479900,c,keydown
28480100,r,keydown
28480200,i,keydown
28480600,Backspace,keydown
28480800,Backspace,keydown
28480900,Backspace,keydown
28481000,Backspace,keydown
28481200,Backspace,keydown
28481300,Backspace,keydown
28481400,Backspace,keydown
28481600,Backspace,keydown
28482100, ,keydown
28482400,q,keydown
28482600,u,keydown
28482700,e,keydown
28482800,l,keydown
28482900,l,keydown
28483100,o,keydown
28483200, ,keydown
28483700,d,keydown
28483700,i,keydown
28483900, ,keydown
28484100,s,keydown
28484200,c,keydown
28484400,r,keydown
28484500,i,keydown
28484800,v,keydown
28484900,e,keydown
28485000,r,keydown
28485100,e,keydown
28485200, ,keydown
28485400,s,keydown
28485500,e,keydown
28485700,n,keydown
28485800,z,keydown
28486000,a,keydown
28486200, ,keydown
28486700,p,keydown
28487000,u,keydown
28487200,n,keydown
28487400,t,keydown
28487400,e,keydown
28487800,g,keydown
28487800,g,keydown
28488100,i,keydown
28488200,a,keydown
28488400,t,keydown
28488600,u,keydown
28489900,r,keydown
28490000,a,keydown
28490700, ,keydown
28490900,c,keydown
28491000,o,keydown
28491100,s,keydown
28491400,i,keydown
28491900,#,keydown
28492300, ,keydown
28492600,m,keydown
28492900,i,keydown
28493000, ,keydown
28493900,s,keydown
28494000,e,keydown
28494300,n,keydown
28494400,t,keydown
28494800,o,keydown
28495200,Enter,keydown
28496100,p,keydown
28496400,a,keydown
28496600,r,keydown
28496700,t,keydown
28496900,e,keydown
28497000, ,keydown
28497300,d,keydown
28497600,i,keydown
28497800, ,keydown
28498200,u,keydown
28498300,n,keydown
28498700,#,keydown
28498900,a,keydown
28499100,v,keydown
28499300,a,keydown
28499400,n,keydown
28499600,g,keydown
28499900,u,keydown
28500000,a,keydown
28500200,n,keydown
28500600,g,keydown
28501700,Backspace,keydown
28501900,Backspace,keydown
28502900,r,keydown
28503100,d,keydown
28503300,i,keydown
28503300,s,keydown
28503500, ,keydown
28504100,Backspace,keydown
28504300,Backspace,keydown
28504300,a,keydown
28504600, ,keydown
28504700,s,keydown
28505300,t,keydown
28505500,i,keydown
28505700,l,keydown
28505900,i,keydown
28506100,s,keydown
28506200,t,keydown
28506400,i,keydown
28506500,c,keydown
28506700,a,keydown
28506900,",",keydown
28507100, ,keydown
28507300,m,keydown
28507400,a,keydown
28507600,Backspace,keydown
28507800,Backspace,keydown
28508000,Backspace,keydown
28508100,Backspace,keydown
28508300, ,keydown
28508500,k,keydown
28508500,m,keydown
28508600,a,keydown
28508800, ,keydown
28509000,Backspace,keydown
28509100,Backspace,keydown
28509300,Backspace,keydown
28509400,Backspace,keydown
28509700,m,keydown
28509800,a,keydown
28509900, ,keydown
28510300,c,keydown
28510500,h,keydown
28510500,e,keydown
28510700, ,keydown
28510800,a,keydown
28511100,v,keydown
28511100,a,keydown
28511200,n,keydown
28511600,g,keydown
28511900,u,keydown
28512000,a,keydown
28512300,r,keydown
28512500,d,keydown
28512600,i,keydown
28512800,a,keydown
28513400, ,keydown
28513700,c,keydown
28514300,r,keydown
28514500,e,keydown
28514700,d,keydown
28514900,o,keydown
28515000, ,keydown
28515100,c,keydown
28515200,h,keydown
28515300,e,keydown
28515400, ,keydown
28515900,Enter,keydown
28516200,w,keydown
28516600,Backspace,keydown
28516700,e,keydown
28516900,s,keydown
28517100,p,keydown
28517200,e,keydown
28517900,r,keydown
28518000,r,keydown
28518200,i,keydown
28518300,m,keydown
28518900,Backspace,keydown
28519000,Backspace,keydown
28519200,Backspace,keydown
28519500,i,keydown
28519800,m,keydown
28520000,e,keydown
28520100,n,keydown
28520100,t,keydown
28520200,i,keydown
28520500, ,keydown
28520800,c,keydown
28520900,o,keydown
28521100,m,keydown
28521200,e,keydown
28521300, ,keydown
28521800,q,keydown
28522000,u,keydown
28522200,e,keydown
28522400,s,keydown
28522500,t,keydown
28522700,o,keydown
28522800, ,keydown
28523100,l,keydown
28523400,i,keydown
28523500, ,keydown
28523700,a,keydown
28523800,b,keydown
28523900,b,keydown
28524100,i,keydown
28524300,a,keydown
28524500,n,keydown
28524500,b,keydown
28524700,o,keydown
28524800, ,keydown
28525100,Backspace,keydown
28525200,Backspace,keydown
28525300,Backspace,keydown
28525600,o,keydown
28525800, ,keydown
28526200,g,keydown
28526400,i,keydown
28526600,a,keydown
28527700,#,keydown
28527900, ,keydown
28528100,f,keydown
28528200,a,keydown
28528500,t,keydown
28528700,t,keydown
28528700,i,keydown
28528800, ,keydown
28529200,d,keydown
28529500,a,keydown
28529500, ,keydown
28529800,#,keydown
28530700,j,keydown
28531400,y,keydown
28531700,c,keydown
28531900,e,keydown
28532100, ,keydown
28532200,c,keydown
28532400,o,keydown
28532800,Backspace,keydown
28532900,Backspace,keydown
28533100,Backspace,keydown
28533200,Backspace,keydown
28533400,Backspace,keydown
28533500,Backspace,keydown
28534300,o,keydown
28534500,y,keydown
28534900,c,keydown
28535100,e,keydown
28535200, ,keydown
28535300,c,keydown
28535500,o,keydown
28535700,n,keydown
28535800, ,keydown
28536300,i,keydown
28536400,l,keydown
28537700,Enter,keydown
28537900,f,keydown
28538200,l,keydown
28538400,u,keydown
28538500,s,keydown
28538700,s,keydown
28538700,o,keydown
28538900, ,keydown
28539000,d,keydown
28539100,i,keydown
28539200, ,keydown
28539800,p,keydown
28539900,e,keydown
28540200,n,keydown
28540200,s,keydown
28540400,i,keydown
28540800,e,keydown
28541000,r,keydown
28541300,o,keydown
28541600, ,keydown
28541800,a,keydown
28541800, ,keydown
28542900,Backspace,keydown
28543100,i,keydown
28543200, ,keydown
28543500,f,keydown
28543600,u,keydown
28543900,t,keydown
28544100,u,keydown
28545500,r,keydown
28545700,i,keydown
28546100,s,keydown
28546300,t,keydown
28546400,i,keydown
28546500, ,keydown
28546700,p,keydown
28546800,e,keydown
28546800,r,keydown
28547000, ,keydown
28547300,t,keydown
28547400,e,keydown
28547600,n,keydown
28548000,Backspace,keydown
28548100,Backspace,keydown
28548300,Backspace,keydown
28548900,Backspace,keydown
28549000,Backspace,keydown
28549200,Backspace,keydown
28549300,Backspace,keydown
28549700,e,keydown
28550100,#,keydown
28550400,o,keydown
28550500, ,keydown
28550800,d,keydown
28551200,a,keydown
28551500,d,keydown
28551600,a,keydown
28552200,i,keydown
28552500,s,keydown
28552600,i,keydown
28552800,t,keydown
28552900,i,keydown
28553600,Backspace,keydown
28553700,Backspace,keydown
28553900,Backspace,keydown
28554000,Backspace,keydown
28554200,Backspace,keydown
28555200,i,keydown
28555400,s,keydown
28555600,s,keydown
28556100,Backspace,keydown
28556600,t,keydown
28556600,r,keydown
28556700,i,keydown
28557000,Backspace,keydown
28557100,Backspace,keydown
28557500,i,keydown
28557600, ,keydown
28557800,p,keydown
28558000,e,keydown
28558000,r,keydown
28558100,t,keydown
28558100, ,keydown
28558600,Backspace,keydown
28558900,Backspace,keydown
28559100, ,keydown
28559400,r,keydown
28559400,e,keydown
28559700,n,keydown
28559800,d,keydown
28560000,e,keydown
28560100,r,keydown
28560200,e,keydown
28560200, ,keydown
28560500,l,keydown
28560600,a,keydown
28560700, ,keydown
28561100,p,keydown
28561200,a,keydown
28561800,r,keydown
28561900,o,keydown
28562100,l,keydown
28562200,a,keydown
28562600,Enter,keydown
28563600,v,keydown
28563700,e,keydown
28563900,l,keydown
28564100,o,keydown
28564400,c,keydown
28564700,e,keydown
28564900, ,keydown
28565700,e,keydown
28566300,#,keydown
28566600,o,keydown
28567000, ,keydown
28567700,c,keydown
28568000,u,keydown
28568300,b,keydown
28568400,u,keydown
28568900,c,keydown
28569100,a,keydown
28569300, ,keydown
28569400,e,keydown
28569800,Backspace,keydown
28569900,Backspace,keydown
28570100,Backspace,keydown
28570200,Backspace,keydown
28570400,Backspace,keydown
28570500,Backspace,keydown
28570600,Backspace,keydown
28570900,Backspace,keydown
28572700,p,keydown
28572800,r,keydown
28573000,i,keydown
28573200,m,keydown
28573400,i,keydown
28574000,t,keydown
28574100,i,keydown
28574200,v,keydown
28574500,a,keydown
28575700, ,keydown
28575900,a,keydown
28576100, ,keydown
28576300,p,keydown
28576300,r,keydown
28576500,o,keydown
28576700,p,keydown
28576900,o,keydown
28577100,s,keydown
28577300,t,keydown
28577500,i,keydown
28577800,a,keydown
28578200,Backspace,keydown
28578300,Backspace,keydown
28578500,Backspace,keydown
28579100,i,keydown
28579200,t,keydown
28579300,o,keydown
28579500, ,keydown
28579600,d,keydown
28579800,i,keydown
28579800, ,keydown
28579900,p,keydown
28580100,r,keydown
28580200,i,keydown
28580400,m,keydown
28580600,i,keydown
28580700,t,keydown
28581300,i,keydown
28581600,a,keydown
28582000,Backspace,keydown
28582200,v,keydown
28582400,a,keydown
28582700, ,keydown
28582800,c,keydown
28583000,r,keydown
28583200,e,keydown
28584000,d,keydown
28584200,o,keydown
28584300, ,keydown
28584500,c,keydown
28584600,h,keydown
28584800,e,keydown
28584800, ,keydown
28585100,l,keydown
28585100,a,keydown
28585300, ,keydown
28585500,p,keydown
28585900,u,keydown
28586000,n,keydown
28586100,t,keydown
28586200,e,keydown
28586500,g,keydown
28586600,g,keydown
28586800,i,keydown
28587000,a,keydown
28587200,t,keydown
28587400,u,keydown
28587600,r,keydown
28587900,a,keydown
28588400,Enter,keydown
28589200,d,keydown
28589300,d,keydown
28589500,Backspace,keydown
28589700,s,keydown
28589800,i,keydown
28589900,a,keydown
28590300,Backspace,keydown
28590300,Backspace,keydown
28590500,Backspace,keydown
28590600,Backspace,keydown
28590700,s,keydown
28590900,i,keydown
28591000,a,keydown
28591500, ,keydown
28591800,s,keydown
28592100,t,keydown
28592200,a,keydown
28592300,t,keydown
28592500,a,keydown
28592700, ,keydown
28593000,i,keydown
28593200,n,keydown
28593400,t,keydown
28593500,r,keydown
28593600,o,keydown
28594100,d,keydown
28594200,o,keydown
28594500,t,keydown
28594600,t,keydown
28595400, ,keydown
28595800,Backspace,keydown
28596100,a,keydown
28596300, ,keydown
28596500,m,keydown
28596700,o,keydown
28596900,l,keydown
28597100,t,keydown
28597100,o,keydown
28597300, ,keydown
28598000,d,keydown
28598300,o,keydown
28598500,p,keydown
28598600,o,keydown
28598700, ,keydown
28598900,l,keydown
28599000,a,keydown
28599100, ,keydown
28599400,s,keydown
28599600,c,keydown
28599800,r,keydown
28599900,i,keydown
28600000,t,keydown
28600100,t,keydown
28600300,u,keydown
28601000,r,keydown
28601100,a,keydown
28601300, ,keydown
28601700,v,keydown
28601900,e,keydown
28602100,r,keydown
28602200,a,keydown
28602300, ,keydown
28602500,e,keydown
28602600, ,keydown
28603100,p,keydown
28603200,r,keydown
28603300,o,keydown
28603500,p,keydown
28603700,r,keydown
28604400,i,keydown
28604500,a,keydown
28605600, ,keydown
28605800,e,keydown
28606600,r,keydown
28606800,a,keydown
28607000, ,keydown
28607200,c,keydown
28607200,h,keydown
28607400,e,keydown
28607900,Enter,keydown
28608900,Backspace,keydown
28610000,Backspace,keydown
28610800,i,keydown
28610900, ,keydown
28611200,l,keydown
28611300,e,keydown
28611800,Backspace,keydown
28611900,Backspace,keydown
28612300,Enter,keydown
28613000,l,keydown
28613100,e,keydown
28613800,g,keydown
28613900,g,keydown
28614100,e,keydown
28614400,v,keydown
28614500,a,keydown
28614700, ,keydown
28615400,c,keydown
28615500,h,keydown
28615600,e,keydown
28615800, ,keydown
28616300,d,keydown
28616500,v,keydown
28616600,a,keydown
28616800, ,keydown
28617300,Backspace,keydown
28617400,Backspace,keydown
28617700,Backspace,keydown
28617900,a,keydown
28618700,v,keydown
28618700,e,keydown
28618900, ,keydown
28619400,i,keydown
28619500,l,keydown
28619600, ,keydown
28620500,Backspace,keydown
28620600,Backspace,keydown
28620700,Backspace,keydown
28620800,Backspace,keydown
28621000,Backspace,keydown
28621300,a,keydown
28621500, ,keydown
28622000,u,keydown
28622300,Backspace,keydown
28622400,i,keydown
28622700,#,keydown
28622700,l,keydown
28623100,Backspace,keydown
28623300,Backspace,keydown
28624200,l,keydown
28624800,v,keydown
28625200,r,keydown
28625300,i,keydown
28625600,t,keydown
28625700,m,keydown
28626000,o,keydown
28626300,Backspace,keydown
28626500,Backspace,keydown
28626700,Backspace,keydown
28626800,Backspace,keydown
28626900,Backspace,keydown
28627000,Backspace,keydown
28627400, ,keydown
28627700,r,keydown
28627800,i,keydown
28628000,t,keydown
28628100,m,keydown
28628400,o,keydown
28629700, ,keydown
28630100,p,keydown
28630100,e,keydown
28630200,r,keydown
28630400,i,keydown
28630900,Backspace,keydown
28631700,o,keydown
28631800,#,keydown
28632100, ,keydown
28632500,l,keydown
28632600,a,keydown
28632700, ,keydown
28632900,p,keydown
28633100,u,keydown
28633200,n,keydown
28633500,t,keydown
28633800,e,keydown
28634200,g,keydown
28634300,g,keydown
28634400,i,keydown
28634600,a,keydown
28634900,t,keydown
28635100,u,keydown
28635200,r,keydown
28635600,a,keydown
28635700, ,keydown
28635900,e,keydown
28635900, ,keydown
28636400,q,keydown
28636500,u,keydown
28636700,i,keydown
28637700,n,keydown
28637800,d,keydown
28637800,f,keydown
28638000,i,keydown
28638400,Backspace,keydown
28638500,Backspace,keydown
28638800,i,keydown
28639000, ,keydown
28639400,i,keydown
28639600,l,keydown
28639700, ,keydown
28640000,r,keydown
28640200,i,keydown
28640400,t,keydown
28640600,m,keydown
28640700,o,keydown
28640800, ,keydown
28641000,p,keydown
28641400,u,keydown
28641500,o,keydown
28642400,#,keydown
28642600,Enter,keydown
28643000,f,keydown
28643200,a,keydown
28643300,r,keydown
28643500, ,keydown
28643800,c,keydown
28644100,m,keydown
28644200,a,keydown
28644300,n,keydown
28644800,Backspace,keydown
28644900,Backspace,keydown
28645000,Backspace,keydown
28645100,a,keydown
28645700,m,keydown
28646000,b,keydown
28646200,i,keydown
28646200,a,keydown
28646500,r,keydown
28646500,e,keydown
28646600, ,keydown
28646800,i,keydown
28647000,l,keydown
28647100, ,keydown
28647200,s,keydown
28647400,e,keydown
28647500,n,keydown
28647900,s,keydown
28648000,o,keydown
28648100,p,keydown
28648200, ,keydown
28648600,Backspace,keydown
28648700,Backspace,keydown
28648900, ,keydown
28649000,d,keydown
28649200,i,keydown
28649300, ,keydown
28649900,u,keydown
28650100,n,keydown
28650200,a,keydown
28650300, ,keydown
28650800,f,keydown
28650900,r,keydown
28651200,a,keydown
28651400,s,keydown
28651600,e,keydown
28652400,",",keydown
28652700,Backspace,keydown
28655600, ,keydown
28655900,m,keydown
28655900,e,keydown
28656200,g,keydown
28656300,l,keydown
28656500,i,keydown
28656700,o,keydown
28656800, ,keydown
28656900,c,keydown
28657100,h,keydown
28657200,e,keydown
28657200, ,keydown
28657400,l,keydown
28657500,a,keydown
28657600, ,keydown
28657900,p,keydown
28658000,o,keydown
28658100,r,keydown
28658700,Backspace,keydown
28658700,Backspace,keydown
28658900,r,keydown
28659100,o,keydown
28659300,s,keydown
28659400,s,keydown
28659500,i,keydown
28659600,m,keydown
28659800,a,keydown
28659800, ,keydown
28660600,v,keydown
28660800,o,keydown
28660800,p,keydown
28661000,l,keydown
28661400,Backspace,keydown
28661500,Backspace,keydown
28662200,l,keydown
28662300,t,keydown
28662600,a,keydown
28663000,Enter,keydown
28663500,l,keydown
28663700,a,keydown
28663800, ,keydown
28664000,r,keydown
28664100,i,keydown
28664300,m,keydown
28664400,e,keydown
28664700,t,keydown
28664700,t,keydown
28665000,a,keydown
