timestamp,key,type
6017300,Backspace,keydown
6017300,Backspace,keydown
6017300,Backspace,keydown
6017300,Backspace,keydown
6017300,Backspace,keydown
6017300,Backspace,keydown
6017300,Backspace,keydown
6017400,Backspace,keydown
6017400,i,keydown
6017500,e,keydown
6017600,r,keydown
6017800,i,keydown
6018000, ,keydown
6018000,s,keydown
6018200,e,keydown
6018400,r,keydown
6018500,a,keydown
6018600, ,keydown
6018800,h,keydown
6019000,o,keydown
6019200, ,keydown
6019400,v,keydown
6019500,i,keydown
6019600,s,keydown
6019800,t,keydown
6019900,o,keydown
6020100, ,keydown
6020200,u,keydown
6020400,n,keydown
6020500, ,keydown
6020800,f,keydown
6020900,i,keydown
6021100,l,keydown
6021400,m,keydown
6021700, ,keydown
6023000,d,keydown
6023000,i,keydown
6023200, ,keydown
6023300,a,keydown
6023400,v,keydown
6023500,v,keydown
6023600,e,keydown
6023800,n,keydown
6023900,t,keydown
6024100,u,keydown
6024300,r,keydown
6024600,a,keydown
6024600,#,keydown
6024800,#,keydown
6024900, ,keydown
6025100,i,keydown
6025300,l,keydown
6025400, ,keydown
6025600,t,keydown
6025600,r,keydown
6025700,e,keydown
6025900,d,keydown
6026100,i,keydown
6026300,c,keydown
6026400,e,keydown
6026600,s,keydown
6026700,i,keydown
6026900,m,keydown
6027000,o,keydown
6027300, ,keydown
6027900,c,keydown
6027900,a,keydown
6028100,v,keydown
6028200,a,keydown
6028200,l,keydown
6028400,i,keydown
6028600,e,keydown
6028800,r,keydown
6028900,e,keydown
6029100,.,keydown
6029300,Enter,keydown
6029500,#,keydown
6029700,l,keydown
6029800,a,keydown
6029900, ,keydown
6030000,s,keydown
6030200,t,keydown
6030500,o,keydown
6030600,r,keydown
6030700,i,keydown
6030800,a,keydown
6030900, ,keydown
6032200,-,keydown
6032400,i,keydown
6032700,l,keydown
6032800, ,keydown
6033000,p,keydown
6033100,r,keydown
6033200,o,keydown
6033300,t,keydown
6033500,a,keydown
6033700,g,keydown
6033900,o,keydown
6034100,l,keydown
6034500,Backspace,keydown
6034600,n,keydown
6034800,i,keydown
6034900,s,keydown
6035100,t,keydown
6035100,a,keydown
6035400, ,keydown
6035600,e,keydown
6035900,#,keydown
6036600, ,keydown
6039600,#,keydown
6039800,b,keydown
6040000,a,keydown
6040300,n,keydown
6040400,d,keydown
6040600,e,keydown
6040600,r,keydown
6040800,a,keydown
6041100,s,keydown
6041300, ,keydown
6041400,#,keydown
6041600,a,keydown
6041700,n,keydown
6041900,t,keydown
6041900,o,keydown
6042200,n,keydown
6042300,i,keydown
6042500,o,keydown
6042700,-,keydown
6043400, ,keydown
6045100,n,keydown
6045300,a,keydown
6045500,r,keydown
6045700,r,keydown
6045800,a,keydown
6045900, ,keydown
6046100,d,keydown
6046200,i,keydown
6046300, ,keydown
6046600,u,keydown
6046800,n,keydown
6048400, ,keydown
6053700,a,keydown
6053900,m,keydown
6054000,b,keydown
6054200,a,keydown
6054700,-,keydown
6054900,Enter,keydown
6055000,s,keydown
6055000,c,keydown
6055600,i,keydown
6055800,a,keydown
6056100,t,keydown
6056300,o,keydown
6056300,r,keydown
6056500,e,keydown
6057200, ,keydown
6057900,a,keydown
6058100,r,keydown
6058300,a,keydown
6058400,b,keydown
6058700,o,keydown
6059600, ,keydown
6059900,#,keydown
6060200,#,keydown
6060600,#,keydown
6060700,b,keydown
6060800,a,keydown
6061000,n,keydown
6061000,d,keydown
6061200,e,keydown
6061400,r,keydown
6061500,a,keydown
6061700,s,keydown
6061800, ,keydown
6062000,a,keydown
6062200,p,keydown
6062300,p,keydown
6062600,u,keydown
6062800,n,keydown
6063000,t,keydown
6063000,o,keydown
6063300,#,keydown
6063500,#,keydown
6063800, ,keydown
6064500,c,keydown
6064600,h,keydown
6064700,e,keydown
6064900, ,keydown
6065000,s,keydown
6065100,i,keydown
6065200, ,keydown
6065400,i,keydown
6066000,m,keydown
6066200,b,keydown
6066300,a,keydown
6066500,t,keydown
6066600,t,keydown
6066800,e,keydown
6066900, ,keydown
6067100,i,keydown
6067300,n,keydown
6067500, ,keydown
6067600,u,keydown
6067800,n,keydown
6068000, ,keydown
6068400,a,keydown
6068600,c,keydown
6068800,c,keydown
6068900,a,keydown
6069000,m,keydown
6069200,p,keydown
6069300,a,keydown
6069600,m,keydown
6069700,e,keydown
6069800,n,keydown
6069900,t,keydown
6070100,o,keydown
6070600,Enter,keydown
6071200,v,keydown
6071400,i,keydown
6071500,c,keydown
6071800,h,keydown
6071900,i,keydown
6072100,n,keydown
6072200,g,keydown
6072300,o,keydown
6072600,.,keydown
6074100, ,keydown
6075000,#,keydown
6075200,m,keydown
6075400,e,keydown
6075500,n,keydown
6075600,t,keydown
6075700,r,keydown
6075900,e,keydown
6076000, ,keydown
6076000,e,keydown
6076300,#,keydown
6076600, ,keydown
6076800,o,keydown
6077000,s,keydown
6077200,p,keydown
6077400,i,keydown
6077700,t,keydown
6077700,e,keydown
6077800, ,keydown
6078000,d,keydown
6078900,e,keydown
6079100,i,keydown
6079300, ,keydown
6079600,b,keydown
6079800,a,keydown
6079900,r,keydown
6080100,b,keydown
6080200,a,keydown
6080300,r,keydown
6080400,i,keydown
6080600, ,keydown
6080800,v,keydown
6080900,i,keydown
6081000,c,keydown
6081300,h,keydown
6081400,i,keydown
6081600,n,keydown
6081700,g,keydown
6083900,h,keydown
6084100,i,keydown
6084600,",",keydown
6084800, ,keydown
6085000,g,keydown
6085100,i,keydown
6085300,u,keydown
6085500,n,keydown
6085600,g,keydown
6085700,e,keydown
6086000, ,keydown
6087000,u,keydown
6087100,n,keydown
6087300,a,keydown
6087400, ,keydown
6087600,n,keydown
6087700,a,keydown
6088000,v,keydown
6088300,Enter,keydown
6088400,c,keydown
6088500,o,keydown
6088700,n,keydown
6088800, ,keydown
6089000,a,keydown
6089100, ,keydown
6089300,b,keydown
6089400,o,keydown
6089500,r,keydown
6089700,d,keydown
6089800,o,keydown
6089900, ,keydown
6090100,u,keydown
6090300,n,keydown
6090400, ,keydown
6090700,r,keydown
6090900,a,keydown
6090900,g,keydown
6091100,a,keydown
6091200,z,keydown
6091400,z,keydown
6091500,i,keydown
6091700,n,keydown
6091900,o,keydown
6093300,#,keydown
6093500,#,keydown
6093600, ,keydown
6093900,i,keydown
6094000,l,keydown
6094100, ,keydown
6094300,f,keydown
6094500,i,keydown
6094600,g,keydown
6094700,l,keydown
6094900,i,keydown
6095000,o,keydown
6095100, ,keydown
6095300,d,keydown
6095400,e,keydown
6095600,l,keydown
6095700, ,keydown
6096000,s,keydown
6096100,o,keydown
6096200,v,keydown
6096400,r,keydown
6096600,a,keydown
6096800,n,keydown
6097100,o,keydown
6097200, ,keydown
6097900,d,keydown
6098100,i,keydown
6098200, ,keydown
6098300,u,keydown
6098600,n,keydown
6098900, ,keydown
6099500,v,keydown
6099700,i,keydown
6099800,l,keydown
6100000,l,keydown
6100100,a,keydown
6100300,g,keydown
6100400,g,keydown
6100600,i,keydown
6100600,o,keydown
6102000, ,keydown
6102200,c,keydown
6102200,h,keydown
6102400,e,keydown
6102600,Enter,keydown
6102800,c,keydown
6102900,h,keydown
6103100,i,keydown
6103200,e,keydown
6103300,d,keydown
6103500,e,keydown
6103700, ,keydown
6103900,l,keydown
6104700,#,keydown
6104800,a,keydown
6104900,i,keydown
6105200,u,keydown
6105200,t,keydown
6105300,o,keydown
6105700, ,keydown
6107300,Backspace,keydown
6107600,Backspace,keydown
6107600,Backspace,keydown
6107600,Backspace,keydown
6108400,Backspace,keydown
6108500,Backspace,keydown
6108700,Backspace,keydown
6108900,Backspace,keydown
6109500,a,keydown
6109700,i,keydown
6109900,u,keydown
6110000,t,keydown
6110100,o,keydown
6110300, ,keydown
6110500,p,keydown
6110500,e,keydown
6110600,r,keydown
6110600, ,keydown
6111200,s,keydown
6111300,c,keydown
6111500,o,keydown
6111600,n,keydown
6111700,f,keydown
6111900,i,keydown
6111900,g,keydown
6112100,g,keydown
6112300,e,keydown
6112400,r,keydown
6112500,e,keydown
6112600, ,keydown
6112700,u,keydown
6112900,n,keydown
6113000, ,keydown
6113200,t,keydown
6113200,e,keydown
6113400,r,keydown
6113600,r,keydown
6113700,i,keydown
6113800,b,keydown
6113900,i,keydown
6114000,l,keydown
6114200,e,keydown
6114400, ,keydown
6114800,n,keydown
6115000,e,keydown
6115200,m,keydown
6115300,i,keydown
6115300,c,keydown
6115500,o,keydown
6115800,.,keydown
6115900, ,keydown
6116900,#,keydown
6117200,v,keydown
6117400,i,keydown
6117600,n,keydown
6117600,e,keydown
6117900, ,keydown
6118100,e,keydown
6118400,Backspace,keydown
6118500,Backspace,keydown
6118700,e,keydown
6118900, ,keydown
6119400,Backspace,keydown
6119600,Backspace,keydown
6119700, ,keydown
6120200,Backspace,keydown
6120400,Backspace,keydown
6120500,Backspace,keydown
6120600,e,keydown
6121200,n,keydown
6121300,e,keydown
6121400, ,keydown
6121600,i,keydown
6121800,n,keydown
6121800,t,keydown
6122000,e,keydown
6122000,r,keydown
6122200,r,keydown
6122400,o,keydown
6122500,g,keydown
6122500,a,keydown
6122700,t,keydown
6122700,a,keydown
6123300,Enter,keydown
6123700,u,keydown
6123900,n,keydown
6124400,#,keydown
6124500,a,keydown
6124700,n,keydown
6124700,z,keydown
6125000,i,keydown
6125000,a,keydown
6125200,n,keydown
6125300,a,keydown
6125500, ,keydown
6125700,i,keydown
6125900,n,keydown
6126000,d,keydown
6126000,o,keydown
6126100,v,keydown
6126300,i,keydown
6126500,n,keydown
6126600,a,keydown
6126700, ,keydown
6126900,e,keydown
6127000, ,keydown
6127100,q,keydown
6127300,u,keydown
6127400,e,keydown
6127600,s,keydown
6127600,t,keydown
6127800,a,keydown
6127900, ,keydown
6130500,d,keydown
6130600,i,keydown
6130700,c,keydown
6130800,e,keydown
6131000, ,keydown
6131100,c,keydown
6131200,h,keydown
6131300,e,keydown
6131500, ,keydown
6132000,d,keydown
6132100,o,keydown
6132300,v,keydown
6132400,r,keydown
6132600,a,keydown
6132800,n,keydown
6132900,n,keydown
6133100,o,keydown
6133400, ,keydown
6133600,e,keydown
6133800,s,keydown
6133900,s,keydown
6134200,e,keydown
6134400,r,keydown
6134400,e,keydown
6134500, ,keydown
6134700,i,keydown
6134900,n,keydown
6134900,v,keydown
6135000,i,keydown
6135200,a,keydown
6135400,t,keydown
6135500,i,keydown
6136400, ,keydown
6136500,t,keydown
6136500,r,keydown
6136700,e,keydown
6136900,d,keydown
6137000,i,keydown
6137100,c,keydown
6137100,i,keydown
6137500,Enter,keydown
6137700,c,keydown
6137800,a,keydown
6138100,v,keydown
6138100,a,keydown
6138300,l,keydown
6138500,i,keydown
6138600,e,keydown
6138800,r,keydown
6139000,i,keydown
6139400, ,keydown
6139500,m,keydown
6139700,a,keydown
6139700, ,keydown
6139900,i,keydown
6140000,l,keydown
6140200, ,keydown
6140300,t,keydown
6140400,r,keydown
6140500,e,keydown
6140700,d,keydown
6140900,i,keydown
6141000,c,keydown
6141100,e,keydown
6141400,s,keydown
6141500,i,keydown
6142000,m,keydown
6142200,o,keydown
6142400, ,keydown
6142500,n,keydown
6142600,o,keydown
6142900,n,keydown
6143000, ,keydown
6143300,d,keydown
6143400,o,keydown
6144100,v,keydown
6144200,r,keydown
6144400,a,keydown
6144800,#,keydown
6144900, ,keydown
6145100,e,keydown
6145300,s,keydown
6145400,s,keydown
6145600,e,keydown
6145800,r,keydown
6145900,e,keydown
6146400, ,keydown
6153200,v,keydown
6153300,i,keydown
6154200,c,keydown
6154300,h,keydown
6154400,i,keydown
6154600,n,keydown
6154700,g,keydown
6154900,o,keydown
6155100,.,keydown
6156200, ,keydown
6157700,#,keydown
6157900,l,keydown
6158300,#,keydown
6158500,u,keydown
6158700,n,keydown
6158900,i,keydown
6159000,c,keydown
6159100,o,keydown
6159800,Enter,keydown
6159900,s,keydown
6160200,t,keydown
6160300,r,keydown
6160400,a,keydown
6160500,n,keydown
6160600,i,keydown
6160700,e,keydown
6160900,r,keydown
6161000,o,keydown
6161200, ,keydown
6161300,e,keydown
6161600,#,keydown
6161800, ,keydown
6162500,#,keydown
6162900,b,keydown
6163100,a,keydown
6163300,n,keydown
6163300,d,keydown
6163500,e,keydown
6163600,r,keydown
6163900,s,keydown
6164900,Backspace,keydown
6165100,a,keydown
6165100,s,keydown
6165600, ,keydown
6167100,c,keydown
6167300,h,keydown
6167300,e,keydown
6167500, ,keydown
6168200,n,keydown
6168300,o,keydown
6168400,n,keydown
6168500, ,keydown
6169000,p,keydown
6169800,u,keydown
6170000,o,keydown
6170400,#,keydown
6170600, ,keydown
6170800,e,keydown
6170900,s,keydown
6171100,i,keydown
6171400,m,keydown
6171500,e,keydown
6171600,r,keydown
6171900,s,keydown
6171900,i,keydown
6172100, ,keydown
6172800,d,keydown
6172900,a,keydown
6173100,l,keydown
6173200,l,keydown
6173500,#,keydown
6173700,u,keydown
6173800,n,keydown
6174000,i,keydown
6174300,r,keydown
6174600,s,keydown
6174600,i,keydown
6174800, ,keydown
6175700,a,keydown
6175800,i,keydown
6176000, ,keydown
6176300,c,keydown
6176400,a,keydown
6176600,v,keydown
6176600,a,keydown
6176800,l,keydown
6177000,i,keydown
6177100,e,keydown
6177100,r,keydown
6177200,i,keydown
6177400,",",keydown
6177700,Enter,keydown
6177900,p,keydown
6178100,u,keydown
6178300,r,keydown
6178400, ,keydown
6178700,n,keydown
6178800,o,keydown
6179000,n,keydown
6179100, ,keydown
6179200,e,keydown
6179300,s,keydown
6179500,s,keydown
6179700,e,keydown
6179900,n,keydown
6180000,d,keydown
6180100,o,keydown
6180200, ,keydown
6180300,u,keydown
6180600,n,keydown
6180600, ,keydown
6180800,g,keydown
6181000,u,keydown
6181100,e,keydown
6181200,r,keydown
6181300,r,keydown
6181400,i,keydown
6181600,r,keydown
6181700,e,keydown
6182300,Backspace,keydown
6182400,Backspace,keydown
6182600,e,keydown
6182700,r,keydown
6183400,o,keydown
6183700,.,keydown
6183700, ,keydown
6183900,#,keydown
6184000,i,keydown
6184300,n,keydown
6184500,i,keydown
6184700,z,keydown
6184700,i,keydown
6184900,a,keydown
6185000, ,keydown
6185300,q,keydown
6185400,u,keydown
6185500,i,keydown
6185700,n,keydown
6185800,d,keydown
6185800,i,keydown
6186000, ,keydown
6186300,i,keydown
6186400,l,keydown
6186600, ,keydown
6187000,v,keydown
6187100,i,keydown
6187100,a,keydown
6187300,g,keydown
6187400,g,keydown
6187400,i,keydown
6187500,o,keydown
6187700, ,keydown
6187900,d,keydown
6187900,i,keydown
6188100, ,keydown
6188200,q,keydown
6188300,u,keydown
6188400,e,keydown
6188600,s,keydown
6188600,t,keydown
6188900,o,keydown
6189500,Enter,keydown
6189700,a,keydown
6189900,r,keydown
6190000,a,keydown
6190200,b,keydown
6190400,o,keydown
6190500, ,keydown
6191100,n,keydown
6191600,e,keydown
6192100,l,keydown
6192300,l,keydown
6192900,e,keydown
6194400, ,keydown
6194600,e,keydown
6194800,s,keydown
6194900,o,keydown
6195000,t,keydown
6195200,i,keydown
6195400,c,keydown
6195400,h,keydown
6195500,e,keydown
6195700, ,keydown
6197100,t,keydown
6197300,e,keydown
6197500,r,keydown
6197600,r,keydown
6197700,e,keydown
6197800, ,keydown
6197900,d,keydown
6198100,e,keydown
6198100,l,keydown
6198300, ,keydown
6198700,n,keydown
6198900,o,keydown
6199000,r,keydown
6199200,d,keydown
6200300, ,keydown
6200500,c,keydown
6200500,o,keydown
6200700,p,keydown
6200800,e,keydown
6200900,r,keydown
6201100,t,keydown
6201200,e,keydown
6201300, ,keydown
6201500,d,keydown
6201600,i,keydown
6201800, ,keydown
6202000,f,keydown
6202200,i,keydown
6202300,t,keydown
6202500,t,keydown
6202600,e,keydown
6202900, ,keydown
6203600,f,keydown
6203700,o,keydown
6204000,r,keydown
6204000,e,keydown
6204300,s,keydown
6204300,t,keydown
6204400,e,keydown
6204600, ,keydown
6204700,d,keydown
6204800,i,keydown
6205100, ,keydown
6205200,p,keydown
6205700,u,keydown
6206100,Backspace,keydown
6206300,i,keydown
6206500,n,keydown
6206700,i,keydown
6206900,Enter,keydown
6207000,e,keydown
6207200,d,keydown
6207300, ,keydown
6207500,u,keydown
6207800,n,keydown
6208000,a,keydown
6208100, ,keydown
6208300,b,keydown
6208400,r,keydown
6208600,u,keydown
6208800,m,keydown
6209000,a,keydown
6209100, ,keydown
6210100,p,keydown
6210300,r,keydown
6210700,Backspace,keydown
6210900,o,keydown
6211000,r,keydown
6211200,t,keydown
6211300,a,keydown
6211800,t,keydown
6211900,r,keydown
6212000,i,keydown
6212200,c,keydown
6212400,e,keydown
6212500, ,keydown
6212600,d,keydown
6212700,e,keydown
6212800,i,keydown
6212900, ,keydown
6213100,n,keydown
6213100,e,keydown
6213300,i,keydown
6214600,Backspace,keydown
6214900,m,keydown
6215100,i,keydown
6215200,c,keydown
6215400,i,keydown
6215600, ,keydown
6215900,#,keydown
6215900,v,keydown
6216200,e,keydown
6216200,n,keydown
6216400,d,keydown
6216600,o,keydown
6216700,r,keydown
6217100,#,keydown
6217300,#,keydown
6217500, ,keydown
6218100,u,keydown
6218300,n,keydown
6218500,a,keydown
6218700, ,keydown
6218900,t,keydown
6218900,r,keydown
6219100,i,keydown
6219400,b,keydown
6219500,u,keydown
6219900,#,keydown
6220100, ,keydown
6221200,c,keydown
6221300,a,keydown
6221400,n,keydown
6221600,n,keydown
6221700,i,keydown
6221900,b,keydown
6222000,a,keydown
6222200,l,keydown
6222300,e,keydown
6222900,.,keydown
