timestamp,key,type
29901600,Backspace,keydown
29901600,Backspace,keydown
29901600,Backspace,keydown
29901600,Backspace,keydown
29901600,Backspace,keydown
29901600,Backspace,keydown
29901600,Backspace,keydown
29901600,Backspace,keydown
29901600,#,keydown
29901700,c,keydown
29901900,i,keydown
29902000,a,keydown
29902100,o,keydown
29902600,",",keydown
29902800, ,keydown
29902900,e,keydown
29903100,#,keydown
29903200, ,keydown
29903500,p,keydown
29903500,a,keydown
29903700,r,keydown
29903900,e,keydown
29904000,c,keydown
29904200,c,keydown
29904200,h,keydown
29904400,i,keydown
29904500, ,keydown
29905000,Backspace,keydown
29905300,o,keydown
29905600, ,keydown
29905700,c,keydown
29905800,h,keydown
29906000,e,keydown
29906100, ,keydown
29906600,n,keydown
29906700,o,keydown
29906900,n,keydown
29907100, ,keydown
29907200,p,keydown
29907400,a,keydown
29907600,r,keydown
29907800,t,keydown
29907800,e,keydown
29908100,c,keydown
29908200,i,keydown
29908400,p,keydown
29908500,o,keydown
29908500, ,keydown
29908700,p,keydown
29908900,i,keydown
29909100,u,keydown
29909300,#,keydown
29909500, ,keydown
29909700,a,keydown
29909800,l,keydown
29909900,l,keydown
29910500,#,keydown
29910500,e,keydown
29911400,s,keydown
29911500,p,keydown
29911600,e,keydown
29911800,r,keydown
29912100,i,keydown
29912200,m,keydown
29912300,e,keydown
29912500,n,keydown
29912600,t,keydown
29912800,o,keydown
29913600,",",keydown
29913700, ,keydown
29913900,m,keydown
29914000,a,keydown
29914000, ,keydown
29915000,q,keydown
29915100,u,keydown
29915200,a,keydown
29915300,n,keydown
29916000,t,keydown
29916100,e,keydown
29916300,Enter,keydown
29916900,v,keydown
29917000,o,keydown
29917200,l,keydown
29917300,t,keydown
29917400,e,keydown
29917500, ,keydown
29918200,d,keydown
29918300,e,keydown
29918600,b,keydown
29918800,b,keydown
29918900,o,keydown
29919000, ,keydown
29919200,a,keydown
29919300,n,keydown
29919500,c,keydown
29919600,o,keydown
29919700,r,keydown
29919900,a,keydown
29920200, ,keydown
29921000,f,keydown
29921200,a,keydown
29921300,r,keydown
29921500,l,keydown
29921700,o,keydown
29921900,#,keydown
29922300,#,keydown
29922600, ,keydown
29922900,#,keydown
29923400,m,keydown
29923600,i,keydown
29923600, ,keydown
29923900,d,keydown
29924000,i,keydown
29924600,s,keydown
29924700,p,keydown
29924900,a,keydown
29924900,i,keydown
29925200,c,keydown
29925400,e,keydown
29925400, ,keydown
29925600,s,keydown
29925700,i,keydown
29926400,Backspace,keydown
29926500,e,keydown
29926700, ,keydown
29927100,p,keydown
29927200,e,keydown
29927300,r,keydown
29927800, ,keydown
29928000,c,keydown
29928200,a,keydown
29928500,s,keydown
29928900,o,keydown
29929200, ,keydown
29931200,Backspace,keydown
29931500,Backspace,keydown
29931500,Backspace,keydown
29931600,Backspace,keydown
29931700,Backspace,keydown
29931800,Backspace,keydown
29931900,Backspace,keydown
29931900,Backspace,keydown
29932000,Backspace,keydown
29932000,Backspace,keydown
29932100,Backspace,keydown
29932200,Backspace,keydown
29932200,Backspace,keydown
29932300,Backspace,keydown
29932400,Backspace,keydown
29932500,Backspace,keydown
29932600,Backspace,keydown
29933100,i,keydown
29934100,a,keydown
29934200,c,keydown
29934400,e,keydown
29934600, ,keydown
29934800,s,keydown
29934900,e,keydown
29935100, ,keydown
29935500,p,keydown
29935700,e,keydown
29935800,r,keydown
29935900, ,keydown
29936100,c,keydown
29936200,a,keydown
29936400,s,keydown
29936600,o,keydown
29936900, ,keydown
29937000,s,keydown
29937200,o,keydown
29937300,n,keydown
29937500,o,keydown
29937700, ,keydown
29937800,i,keydown
29938000,o,keydown
29938100, ,keydown
29939400,Enter,keydown
29939600,l,keydown
29940100,#,keydown
29940400,u,keydown
29940900,l,keydown
29941300,t,keydown
29941300,i,keydown
29941700,m,keydown
29941900,a,keydown
29942100, ,keydown
29942300,a,keydown
29942300, ,keydown
29943300,d,keydown
29943400,o,keydown
29943500,v,keydown
29943700,e,keydown
29944000,r,keydown
29944300, ,keydown
29944600,f,keydown
29944800,i,keydown
29945000,n,keydown
29945300,i,keydown
29945400,r,keydown
29945600,e,keydown
29945600, ,keydown
29945900,d,keydown
29946000,i,keydown
29946100, ,keydown
29947800,d,keydown
29947900,a,keydown
29948100,r,keydown
29948300,t,keydown
29948300,r,keydown
29948400,i,keydown
29948500, ,keydown
29948900,Backspace,keydown
29949100,Backspace,keydown
29949200,Backspace,keydown
29949300,Backspace,keydown
29950100,t,keydown
29950300,i,keydown
29950300, ,keydown
29950600,d,keydown
29950700,e,keydown
29950900,i,keydown
29951000, ,keydown
29951300,c,keydown
29951600,a,keydown
29952100,m,keydown
29952200,p,keydown
29952400,i,keydown
29952600,o,keydown
29952800,n,keydown
29953000,i,keydown
29956000,.,keydown
29956100,.,keydown
29956300,.,keydown
29956700, ,keydown
29957200,#,keydown
29957500,i,keydown
29957700,n,keydown
29957800, ,keydown
29958000,o,keydown
29958200,g,keydown
29958200,n,keydown
29958400,i,keydown
29958500, ,keydown
29958900,Backspace,keydown
29959000,Backspace,keydown
29959200,Backspace,keydown
29959300,Backspace,keydown
29959400,Backspace,keydown
29959500,Backspace,keydown
29959600,Backspace,keydown
29959800,Backspace,keydown
29960000,#,keydown
29960200,i,keydown
29960500,n,keydown
29960600, ,keydown
29961100,o,keydown
29961300,g,keydown
29961300,n,keydown
29961600,i,keydown
29961600, ,keydown
29962100,c,keydown
29962200,a,keydown
29962300,s,keydown
29962500,o,keydown
29962700,",",keydown
29962700, ,keydown
29963100,t,keydown
29963200,i,keydown
29963600,Enter,keydown
29963900,m,keydown
29963900,a,keydown
29964100,n,keydown
29964200,s,keydown
29964400,o,keydown
29964500,i,keydown
29964700,Backspace,keydown
29964800,Backspace,keydown
29964900,Backspace,keydown
29965500,d,keydown
29965700,o,keydown
29965800, ,keydown
29966000,a,keydown
29966100,n,keydown
29966200,c,keydown
29966300,o,keydown
29966400,r,keydown
29966600,a,keydown
29966800, ,keydown
29967200,q,keydown
29967400,u,keydown
29967500,e,keydown
29967600,s,keydown
29967900,t,keydown
29967900,o,keydown
29968000, ,keydown
29968200,e,keydown
29968300, ,keydown
29968500,p,keydown
29968700,o,keydown
29969100,i,keydown
29969200, ,keydown
29969700,v,keydown
29969900,e,keydown
29970700,d,keydown
29970800,r,keydown
29971000,o,keydown
29971100,#,keydown
29971400, ,keydown
29971500,s,keydown
29971700,e,keydown
29971800, ,keydown
29971900,m,keydown
29972100,i,keydown
29972200, ,keydown
29972900,r,keydown
29973000,i,keydown
29973100,c,keydown
29973200,o,keydown
29973400,n,keydown
29973600,t,keydown
29973700,a,keydown
29974000,t,keydown
29974600,t,keydown
29975500,Backspace,keydown
29975600,Backspace,keydown
29975800,Backspace,keydown
29975900,Backspace,keydown
29976000,Backspace,keydown
29976100,Backspace,keydown
29976300,Backspace,keydown
29976900,c,keydown
29977100,o,keydown
29977300,n,keydown
29977300,t,keydown
29977500,a,keydown
29977800,t,keydown
29977900,t,keydown
29978300,i,keydown
29992300, ,keydown
29992400,d,keydown
29992600,o,keydown
29992700,m,keydown
29992800,a,keydown
29993000,n,keydown
29993200,i,keydown
29995200,.,keydown
29995600, ,keydown
29995700,#,keydown
29995900,s,keydown
29996000,e,keydown
29996200, ,keydown
29996500,c,keydown
29996700,o,keydown
29996700,s,keydown
29996800,i,keydown
29997000,#,keydown
29997600,Backspace,keydown
29998600,#,keydown
29998800,Enter,keydown
29999600,f,keydown
29999800,o,keydown
30000000,s,keydown
30000100,s,keydown
30000400,e,keydown
30000800,",",keydown
30001000, ,keydown
30001200,t,keydown
30001400,i,keydown
30001400, ,keydown
30001600,r,keydown
30001700,i,keydown
30002100,s,keydown
30002200,p,keydown
30002400,o,keydown
30002700,n,keydown
30002800,d,keydown
30002900,e,keydown
30003100,r,keydown
30003200,e,keydown
30003700,i,keydown
30003800, ,keydown
30004000,a,keydown
30004100,n,keydown
30004200,c,keydown
30004300,o,keydown
30004600,r,keydown
30004900,a,keydown
30005400,.,keydown
30005700, ,keydown
30007400,#,keydown
30007500,c,keydown
30007800,o,keydown
30008000,m,keydown
30008100,e,keydown
30008200, ,keydown
30009000,v,keydown
30009100,a,keydown
30009300,n,keydown
30009400,n,keydown
30009600,i,keydown
30009700, ,keydown
30009800,l,keydown
30010000,e,keydown
30010100, ,keydown
30010600,Backspace,keydown
30010700,Backspace,keydown
30010900,Backspace,keydown
30010900,Backspace,keydown
30011100,Backspace,keydown
30011700,o,keydown
30011800, ,keydown
30012000,l,keydown
30012200,e,keydown
30012400, ,keydown
30012500,c,keydown
30012600,o,keydown
30012700,s,keydown
30012900,e,keydown
30013000, ,keydown
30013200,n,keydown
30013400,e,keydown
30014000,g,keydown
30014000,l,keydown
30014300,i,keydown
30014300, ,keydown
30014500,u,keydown
30014700,f,keydown
30014800,f,keydown
30015000,c,keydown
30015100,i,keydown
30015700,Backspace,keydown
30015800,Backspace,keydown
30016100,i,keydown
30016400,c,keydown
30016500,i,keydown
30016800, ,keydown
30017200,n,keydown
30017300,u,keydown
30017500,o,keydown
30017700,v,keydown
30017700,i,keydown
30018200,#,keydown
30018500,#,keydown
30018800,Enter,keydown
30019800,#,keydown
30020000,s,keydown
30020300,e,keydown
30020400,m,keydown
30020700,b,keydown
30020800,r,keydown
30021000,a,keydown
30021300,n,keydown
30021500,o,keydown
30021500,i,keydown
30021900,Backspace,keydown
30022300, ,keydown
30022700,b,keydown
30022800,e,keydown
30022900,l,keydown
30023000,l,keydown
30023800,i,keydown
30024100,",",keydown
30024100,.,keydown
30024200, ,keydown
30024400,m,keydown
30024700,Backspace,keydown
30024800,Backspace,keydown
30025300,Backspace,keydown
30026200,",",keydown
30026200, ,keydown
30026400,m,keydown
30026600,a,keydown
30026600, ,keydown
30027000,Backspace,keydown
30027100,Backspace,keydown
30027300,Backspace,keydown
30027400,Backspace,keydown
30027600,Backspace,keydown
30028300,",",keydown
30028500, ,keydown
30028700,m,keydown
30028700,a,keydown
30028900, ,keydown
30029000,c,keydown
30029500,h,keydown
30029700,i,keydown
30029900,s,keydown
30030000,s,keydown
30030200,a,keydown
30030700,#,keydown
30030800, ,keydown
30031100,c,keydown
30031200,o,keydown
30031300,e,keydown
30031700,m,keydown
30032300,Backspace,keydown
30032400,Backspace,keydown
30033200,m,keydown
30034000,#,keydown
30034400,e,keydown
30034900,#,keydown
30035100, ,keydown
30035300,s,keydown
30035300,d,keydown
30035500,t,keydown
30035900,Backspace,keydown
30036000,Backspace,keydown
30038200,t,keydown
30038600,a,keydown
30038600,r,keydown
30039200,c,keydown
30039400,i,keydown
30039500, ,keydown
30039700,d,keydown
30039700,e,keydown
30039800,n,keydown
30040000,t,keydown
30040100,e,keydown
30040600,Backspace,keydown
30040800,t,keydown
30040800,r,keydown
30041000,o,keydown
30041300,Backspace,keydown
30041400,Backspace,keydown
30041600,Backspace,keydown
30042300,r,keydown
30042400,o,keydown
30042700,.,keydown
30042900, ,keydown
30043500,#,keydown
30043900,c,keydown
30044200,l,keydown
30044300,a,keydown
30044500,u,keydown
30044800,d,keydown
30044900,i,keydown
30045000,a,keydown
30045200, ,keydown
30045300,m,keydown
30045500,i,keydown
30045600, ,keydown
30045800,h,keydown
30045900,a,keydown
30046000, ,keydown
30046500,d,keydown
30046500,e,keydown
30046700,t,keydown
30046800,t,keydown
30047000,o,keydown
30047100, ,keydown
30047200,c,keydown
30047300,h,keydown
30047400,e,keydown
30047500, ,keydown
30047700,a,keydown
30048400,Backspace,keydown
30048500,Backspace,keydown
30048600,Backspace,keydown
30048700,Backspace,keydown
30048900,Backspace,keydown
30049200,Enter,keydown
30049300,c,keydown
30049500,h,keydown
30049600,e,keydown
30049700, ,keydown
30049900,a,keydown
30049900,n,keydown
30050100,c,keydown
30050200,h,keydown
30050300,e,keydown
30050300, ,keydown
30051000,v,keydown
30051300,o,keydown
30051400,i,keydown
30051600, ,keydown
30051800,s,keydown
30052000,i,keydown
30052000,e,keydown
30052200,t,keydown
30052400,e,keydown
30052600, ,keydown
30052800,s,keydown
30053000,y,keydown
30053100,a,keydown
30053500,Backspace,keydown
30053600,Backspace,keydown
30054100,t,keydown
30054400,s,keydown
30054400,i,keydown
30054600, ,keydown
30054900,Backspace,keydown
30055000,Backspace,keydown
30055200,Backspace,keydown
30055300,a,keydown
30055700,t,keydown
30055900,i,keydown
30056000, ,keydown
30056100,i,keydown
30056300,n,keydown
30056500, ,keydown
30057100,#,keydown
30057300,s,keydown
30057500,c,keydown
30057600,o,keydown
30058200,z,keydown
30058500,i,keydown
30058800,a,keydown
30059200,",",keydown
30059400, ,keydown
30059600,m,keydown
30059600,a,keydown
30059700, ,keydown
30060200,a,keydown
30060200,v,keydown
30060400,e,keydown
30060600,t,keydown
30060700,e,keydown
30060900, ,keydown
30061700,f,keydown
30061900,a,keydown
30062100,t,keydown
30062200,t,keydown
30062300,o,keydown
30062300, ,keydown
30062600,u,keydown
30062800,n,keydown
30063900, ,keydown
30064100,a,keydown
30064300,l,keydown
30064400,t,keydown
30064400,r,keydown
30064600,o,keydown
30065300,f,keydown
30065700,Backspace,keydown
30065700,g,keydown
30065900,i,keydown
30066100,r,keydown
30066100,t,keydown
30066400,Backspace,keydown
30066500,Backspace,keydown
30066700,Backspace,keydown
30066900,Backspace,keydown
30067200, ,keydown
30067400,f,keydown
30067800,Backspace,keydown
30068000,g,keydown
30068100,i,keydown
30068500,r,keydown
30068800,o,keydown
30069200,Enter,keydown
30069800,r,keydown
30070100,i,keydown
30070300,p,keydown
30070300,s,keydown
30070500,e,keydown
30070700,t,keydown
30070900,t,keydown
30071000,o,keydown
30071000, ,keydown
30071300,a,keydown
30071400,Backspace,keydown
30071600,Backspace,keydown
30071600,Backspace,keydown
30071700,Backspace,keydown
30071900,Backspace,keydown
30072100,Backspace,keydown
30072200,Backspace,keydown
30072300,Backspace,keydown
30072500,s,keydown
30072700,p,keydown
30072800,e,keydown
30073300,t,keydown
30073500,t,keydown
30073500,o,keydown
30073600, ,keydown
30073800,a,keydown
30073900, ,keydown
30074100,n,keydown
30074800,o,keydown
30075000,i,keydown
30075300,.,keydown
30076000, ,keydown
30077100,#,keydown
30082400,#,keydown
30082500,a,keydown
30082600,b,keydown
30082700,b,keydown
30082900,i,keydown
30083000,a,keydown
30083200,m,keydown
30083400,o,keydown
30083500, ,keydown
30084000,p,keydown
30084000,e,keydown
30084100,r,keydown
30084200,o,keydown
30084400,#,keydown
30084600, ,keydown
30085300,v,keydown
30085500,i,keydown
30085600,s,keydown
30085900,t,keydown
30086000,o,keydown
30086100, ,keydown
30086300,e,keydown
30086500,n,keydown
30086900,t,keydown
30086900,r,keydown
30087200,a,keydown
30088400,Backspace,keydown
30088600,Backspace,keydown
30088800,Backspace,keydown
30088900,Backspace,keydown
30088900,Backspace,keydown
30089500,t,keydown
30089600,u,keydown
30089700,t,keydown
30089800,t,keydown
30089800,i,keydown
30090000, ,keydown
30090400,q,keydown
30090500,u,keydown
30090700,a,keydown
30091100,n,keydown
30091300,t,keydown
30091400,i,keydown
30091500, ,keydown
30091700,l,keydown
30091800,e,keydown
30091900, ,keydown
30092900,s,keydown
30093000,p,keydown
30093300,i,keydown
30093400,a,keydown
30093700,g,keydown
30093900,g,keydown
30094000,e,keydown
30094600, ,keydown
30095200,b,keydown
30095400,i,keydown
30095500,a,keydown
30095700,n,keydown
30095800,c,keydown
30095900,e,keydown
30096100,h,keydown
30096700,Backspace,keydown
30096800,Backspace,keydown
30096900,Backspace,keydown
30097600,c,keydown
30097800,h,keydown
30097900,e,keydown
30100500,",",keydown
30100800,Enter,keydown
30101800,v,keydown
30101900,e,keydown
30102000,r,keydown
30102200,a,keydown
30102300,m,keydown
30102400,e,keydown
30102600,n,keydown
30102700,t,keydown
30102800,e,keydown
30103200, ,keydown
30103800,i,keydown
30104100,m,keydown
30104400,Backspace,keydown
30104500,Backspace,keydown
30105200,b,keydown
30105300,e,keydown
30105400,l,keydown
30105500,l,keydown
30105700,i,keydown
30105900,s,keydown
30106100,s,keydown
30106500,i,keydown
30106700,m,keydown
30106900,e,keydown
30108000,",",keydown
30108100, ,keydown
30108400,a,keydown
30108400,n,keydown
30108600,c,keydown
30108800,h,keydown
30108900,e,keydown
30108900, ,keydown
30109100,s,keydown
30109600,e,keydown
30109900,n,keydown
30110200,z,keydown
30110300,a,keydown
30110400, ,keydown
30110700,p,keydown
30110800,a,keydown
30111300,l,keydown
30111600,m,keydown
30111700,e,keydown
30112000, ,keydown
30112200,e,keydown
30112300, ,keydown
30112500,c,keydown
30112600,o,keydown
30112800,n,keydown
30113000, ,keydown
30113500,u,keydown
30113700,n,keydown
30113800, ,keydown
30114000,v,keydown
30114100,e,keydown
30114200,n,keydown
30114300,t,keydown
30114500,o,keydown
30114600, ,keydown
30114600,d,keydown
30114800,e,keydown
30114800,l,keydown
30114900,l,keydown
30115600,#,keydown
30115700,a,keydown
30116000,c,keydown
30116200,c,keydown
30116400,i,keydown
30116500,d,keydown
30116500,e,keydown
30116700,n,keydown
30116800,t,keydown
30116900,i,keydown
30119900,.,keydown
30120400,Enter,keydown
30122000,#,keydown
30122400,s,keydown
30122700,e,keydown
30122800,p,keydown
30122900,r,keydown
30123300,Backspace,keydown
30123500,Backspace,keydown
30123500,Backspace,keydown
30124600,p,keydown
30125100,e,keydown
30125400,r,keydown
30125900,o,keydown
30126100, ,keydown
30126200,d,keydown
30126400,i,keydown
30126400, ,keydown
30126900,t,keydown
30127100,o,keydown
30127200,r,keydown
30127400,n,keydown
30127500,a,keydown
30127800,r,keydown
30128300,c,keydown
30128500,i,keydown
30128500, ,keydown
30128600,p,keydown
30128700,e,keydown
30128800,r,keydown
30129000,c,keydown
30129300,h,keydown
30129300,j,keydown
30129300,e,keydown
30129700,Backspace,keydown
30129800,Backspace,keydown
30130300,e,keydown
30130500,#,keydown
30130600, ,keydown
30130800,n,keydown
30131000,o,keydown
30131200,n,keydown
30131300, ,keydown
30131400,s,keydown
30131500,i,keydown
30131700,a,keydown
30131800,m,keydown
30131900,o,keydown
30132000, ,keydown
30132200,s,keydown
30132500,a,keydown
30132900,t,keydown
30133000,i,keydown
30133200, ,keydown
30133300,s,keydown
30133500,u,keydown
30133700,l,keydown
30133800, ,keydown
30134100,n,keydown
30134300,e,keydown
30135000,Backspace,keydown
30135100,Backspace,keydown
30135200,Backspace,keydown
30135500,Backspace,keydown
30135800, ,keydown
30135900,s,keydown
30136400,Backspace,keydown
30136800,n,keydown
30136900,e,keydown
30137100,s,keydown
30137200,s,keydown
30137300,u,keydown
30137500,n,keydown
30137600,a,keydown
30137700, ,keydown
30138000,i,keydown
30138200,s,keydown
30138300,a,keydown
30139200,Backspace,keydown
30139400,o,keydown
30139700,l,keydown
30139800,a,keydown
30144500,t,keydown
30146300, ,keydown
30146500,e,keydown
30146600, ,keydown
30146800,m,keydown
30147100,i,keydown
30147100, ,keydown
30148600,p,keydown
30148800,i,keydown
30149000,a,keydown
30149600,c,keydown
30149800,e,keydown
30149900,r,keydown
30150800,Backspace,keydown
30151400,r,keydown
30151500,e,keydown
30151700,b,keydown
30151900,b,keydown
30151900,e,keydown
30152400,Enter,keydown
30153100,a,keydown
30153300,n,keydown
30153400,d,keydown
30153600,a,keydown
30153900,r,keydown
30154100,c,keydown
30154200,i,keydown
30155200,",",keydown
30155400, ,keydown
30155500,i,keydown
30155700,n,keydown
30155900,o,keydown
30156000,l,keydown
30156200,t,keydown
30156300,r,keydown
30156500,e,keydown
30156600, ,keydown
30156700,i,keydown
30157000,l,keydown
30157200,l,keydown
30157300, ,keydown
30157500,c,keydown
30157800,Backspace,keydown
30158000,Backspace,keydown
30158100,Backspace,keydown
30158400, ,keydown
30158600,c,keydown
30158800,i,keydown
30159200,b,keydown
30159500,o,keydown
30159500, ,keydown
30159600,i,keydown
30159900,n,keydown
30160000, ,keydown
30160300,#,keydown
30160500,s,keydown
30160600,c,keydown
30160800,o,keydown
30161300,z,keydown
30161500,i,keydown
30161600,a,keydown
30161700, ,keydown
30161800,e,keydown
30162400,#,keydown
30162400, ,keydown
30162800,b,keydown
30163000,u,keydown
30163100,o,keydown
30163400,n,keydown
30163600,i,keydown
30163700,s,keydown
30163800,s,keydown
30163900,i,keydown
30164100,m,keydown
30164300,o,keydown
30164500, ,keydown
30164700,#,keydown
30164900,9,keydown
30165200,q,keydown
30165300,u,keydown
30165500,a,keydown
30165600,n,keydown
30165700,r,keydown
30166100,Backspace,keydown
30166300,Backspace,keydown
30166300,Backspace,keydown
30166500,Backspace,keydown
30166700,Backspace,keydown
30166700,Backspace,keydown
30167000,#,keydown
30167200,#,keydown
30167800,q,keydown
30167800,u,keydown
30167900,a,keydown
30168100,n,keydown
30168200,t,keydown
30168400,i,keydown
30169000, ,keydown
30169000,c,keydown
30169200,r,keydown
30169300,o,keydown
30169600,s,keydown
30169800,t,keydown
30169900,a,keydown
30170200,c,keydown
30170400,e,keydown
30170600,i,keydown
30171000,#,keydown
30171500,#,keydown
30172000,#,keydown
30172300,#,keydown
30172900,Enter,keydown
30173500,Backspace,keydown
30174600,.,keydown
30174700,Enter,keydown
30174900,#,keydown
30175000,a,keydown
30175300, ,keydown
30175800,v,keydown
30176000,o,keydown
30176100,i,keydown
30176200, ,keydown
30176400,e,keydown
30176800,#,keydown
30177000, ,keydown
30177400,p,keydown
30177600,i,keydown
30177700,a,keydown
30178100,c,keydown
30178200,i,keydown
30178400,u,keydown
30178500,t,keydown
30178600,o,keydown
30178900,#,keydown
30179500,#,keydown
