timestamp,key,type
30183500,Backspace,keydown
30183500,Backspace,keydown
30183500,Backspace,keydown
30183600,Backspace,keydown
30183600,Backspace,keydown
30183600,Backspace,keydown
30183600,Backspace,keydown
30183600,Backspace,keydown
30183600,#,keydown
30183700,a,keydown
30184000,n,keydown
30184000,c,keydown
30184100,h,keydown
30184600,#,keydown
30184900,i,keydown
30185100,o,keydown
30185100, ,keydown
30185300,s,keydown
30185400,o,keydown
30185500,n,keydown
30185700,o,keydown
30185800, ,keydown
30185900,a,keydown
30186100,l,keydown
30186200,l,keydown
30186300,a,keydown
30186700, ,keydown
30187000,d,keydown
30187200,i,keydown
30187200,s,keydown
30187400,o,keydown
30187500,e,keydown
30187600,r,keydown
30188200,Backspace,keydown
30188300,Backspace,keydown
30188500,Backspace,keydown
30189000,p,keydown
30189200,e,keydown
30189500,r,keydown
30189700,a,keydown
30190000,z,keydown
30190200,i,keydown
30190300,o,keydown
30190500,n,keydown
30190500,e,keydown
30191100,",",keydown
30191200, ,keydown
30191400,n,keydown
30191600,o,keydown
30191800,n,keydown
30192000, ,keydown
30192100,h,keydown
30192300,o,keydown
30192500, ,keydown
30192700,f,keydown
30192800,a,keydown
30193000,n,keydown
30193100,t,keydown
30193300,a,keydown
30193600,s,keydown
30193700,i,keydown
30193800,a,keydown
30196600,",",keydown
30196800, ,keydown
30198300,l,keydown
30198400,o,keydown
30198500, ,keydown
30198700,s,keydown
30198900,p,keydown
30199000,a,keydown
30199300,z,keydown
30199500,i,keydown
30199600,o,keydown
30200100, ,keydown
30200300,d,keydown
30200500,i,keydown
30200800,s,keydown
30200900,p,keydown
30201000,o,keydown
30201700,n,keydown
30201800,i,keydown
30202100,b,keydown
30202200,i,keydown
30202400,l,keydown
30202400,e,keydown
30203000,Enter,keydown
30203600,e,keydown
30203900,#,keydown
30204000, ,keydown
30204200,t,keydown
30204300,r,keydown
30204500,o,keydown
30204900,p,keydown
30205000,p,keydown
30205100,o,keydown
30205900,",",keydown
30206100, ,keydown
30207800,e,keydown
30208200,#,keydown
30208400, ,keydown
30208600,b,keydown
30209000,r,keydown
30209300,u,keydown
30209400,t,keydown
30209500,t,keydown
30209600,o,keydown
30209800, ,keydown
30209900,n,keydown
30210200,o,keydown
30210300,n,keydown
30210500, ,keydown
30210600,a,keydown
30210600,v,keydown
30210700,e,keydown
30211000,r,keydown
30211300,e,keydown
30211600, ,keydown
30211900,s,keydown
30212400,p,keydown
30212400,a,keydown
30212700,z,keydown
30212900,i,keydown
30213100,o,keydown
30213500, ,keydown
30214200,Backspace,keydown
30214200,Backspace,keydown
30214500,Backspace,keydown
30214600,Backspace,keydown
30214700,Backspace,keydown
30214700,Backspace,keydown
30214800,Backspace,keydown
30214900,Backspace,keydown
30215000,Backspace,keydown
30215000,Backspace,keydown
30215000,Backspace,keydown
30215200,Backspace,keydown
30215200,Backspace,keydown
30215300,Backspace,keydown
30215300,Backspace,keydown
30215500,Backspace,keydown
30215700,Backspace,keydown
30216300,a,keydown
30216400,v,keydown
30216600,a,keydown
30216800,e,keydown
30217000,r,keydown
30217100,e,keydown
30217400,Backspace,keydown
30217500,Backspace,keydown
30217700,Backspace,keydown
30217800,Backspace,keydown
30217900,e,keydown
30218100,r,keydown
30218200,e,keydown
30218400, ,keydown
30218900,s,keydown
30219000,p,keydown
30219000,a,keydown
30219300,z,keydown
30219800,o,keydown
30220500,Backspace,keydown
30221300,i,keydown
30221400,o,keydown
30221400, ,keydown
30221800,d,keydown
30222000,i,keydown
30222200,p,keydown
30222300,s,keydown
30222400,o,keydown
30222600,n,keydown
30222800,i,keydown
30223200,b,keydown
30223300,i,keydown
30223600,l,keydown
30223700,e,keydown
30223800, ,keydown
30223900,e,keydown
30224000, ,keydown
30224300,n,keydown
30224600,o,keydown
30224700,n,keydown
30224800, ,keydown
30225000,s,keydown
30225000,d,keydown
30225100,a,keydown
30225200,p,keydown
30225300,e,keydown
30225600,Backspace,keydown
30225700,Backspace,keydown
30225800,Backspace,keydown
30225900,Backspace,keydown
30226100,a,keydown
30226500,p,keydown
30226600,r,keydown
30226800,e,keydown
30227200,Backspace,keydown
30227400,Backspace,keydown
30227500,e,keydown
30227700,r,keydown
30228400, ,keydown
30228600,c,keydown
30228700,o,keydown
30228900,s,keydown
30229100,a,keydown
30230100,Enter,keydown
30230700,f,keydown
30230900,a,keydown
30231000,r,keydown
30231200,n,keydown
30231400,e,keydown
30232300,",",keydown
30232300, ,keydown
30233000,e,keydown
30233300,#,keydown
30233400, ,keydown
30233700,p,keydown
30233900,e,keydown
30234100,g,keydown
30234300,g,keydown
30234400,i,keydown
30234500,o,keydown
30234500, ,keydown
30234700,c,keydown
30234800,h,keydown
30235000,e,keydown
30235400, ,keydown
30235900,n,keydown
30236100,o,keydown
30236300,n,keydown
30236300,b,keydown
30236500, ,keydown
30237000,Backspace,keydown
30237100,Backspace,keydown
30237400, ,keydown
30237600,a,keydown
30237800,v,keydown
30238000,e,keydown
30238300,r,keydown
30238500,n,keydown
30238600,e,keydown
30238900, ,keydown
30239000,e,keydown
30239100, ,keydown
30243300,a,keydown
30243400,v,keydown
30244000,Backspace,keydown
30244100,Backspace,keydown
30244900,s,keydown
30245100,a,keydown
30245200,p,keydown
30245300,e,keydown
30245400,r,keydown
30245500,e,keydown
30245700, ,keydown
30245900,c,keydown
30246100,o,keydown
30246400,s,keydown
30246500,a,keydown
30246600, ,keydown
30247200,f,keydown
30247500,a,keydown
30247600,e,keydown
30247700,n,keydown
30248300,Backspace,keydown
30248400,Backspace,keydown
30248700,e,keydown
30249000,n,keydown
30249300,Backspace,keydown
30249400,Backspace,keydown
30249500,r,keydown
30249800,e,keydown
30250400,Backspace,keydown
30251400,n,keydown
30251600,e,keydown
30252100,.,keydown
30252500, ,keydown
30252800,#,keydown
30253000,m,keydown
30253100,a,keydown
30255400,h,keydown
30255600,",",keydown
30255900, ,keydown
30256900,m,keydown
30257000,a,keydown
30257400,g,keydown
30257500,a,keydown
30257800,r,keydown
30257900,i,keydown
30258200,Enter,keydown
30258600,p,keydown
30259100,o,keydown
30259900,t,keydown
30259900,r,keydown
30260200,e,keydown
30260400,i,keydown
30260500, ,keydown
30260600,m,keydown
30260700,e,keydown
30261000,t,keydown
30261400,e,keydown
30261800,Backspace,keydown
30262500,t,keydown
30262700,e,keydown
30262900,r,keydown
30263200,i,keydown
30263500,Backspace,keydown
30263800,m,keydown
30264000,i,keydown
30264100, ,keydown
30264300,a,keydown
30264500, ,keydown
30264700,s,keydown
30264800,c,keydown
30265000,r,keydown
30265100,i,keydown
30265300,v,keydown
30265500,e,keydown
30265600,r,keydown
30265600,e,keydown
30265700, ,keydown
30265900,p,keydown
30266100,o,keydown
30266500,e,keydown
30266700,s,keydown
30266900,i,keydown
30267400,e,keydown
30267700, ,keydown
30269200,e,keydown
30269300, ,keydown
30271100,Backspace,keydown
30271300,Backspace,keydown
30271800,Backspace,keydown
30272500,",",keydown
30272700, ,keydown
30272900,l,keydown
30272900,k,keydown
30273000,e,keydown
30273100, ,keydown
30273400,Backspace,keydown
30273500,Backspace,keydown
30273600,Backspace,keydown
30273900,e,keydown
30274000, ,keydown
30274200,c,keydown
30274300,o,keydown
30274500,n,keydown
30275100,s,keydown
30275200,i,keydown
30275400,d,keydown
30275600,e,keydown
30275800,r,keydown
30276000,a,keydown
30276200,t,keydown
30276400,e,keydown
30276900, ,keydown
30277100,p,keydown
30277200,e,keydown
30277200,r,keydown
30277500,s,keydown
30277600,o,keydown
30277900,n,keydown
30277900,a,keydown
30278200,l,keydown
30279000,i,keydown
30279300,#,keydown
30279500,#,keydown
30279700, ,keydown
30280000,#,keydown
30280400,i,keydown
30280700,n,keydown
30280800, ,keydown
30281000,o,keydown
30281300,g,keydown
30281400,n,keydown
30281600,i,keydown
30281600, ,keydown
30282200,Enter,keydown
30282400,c,keydown
30282600,a,keydown
30282800,s,keydown
30282900,o,keydown
30282900, ,keydown
30283200,n,keydown
30283300,o,keydown
30283600,n,keydown
30283700, ,keydown
30284700,s,keydown
30284800,a,keydown
30284900,r,keydown
30285000,e,keydown
30285200,b,keydown
30285400,b,keydown
30285500,e,keydown
30285500, ,keydown
30286200,f,keydown
30286400,a,keydown
30287600,c,keydown
30287800,i,keydown
30287900,l,keydown
30288100,e,keydown
30288200, ,keydown
30288400,s,keydown
30288600,c,keydown
30288700,r,keydown
30288900,i,keydown
30289000,v,keydown
30289100,e,keydown
30289200,r,keydown
30289400,e,keydown
30289400, ,keydown
30289900,p,keydown
30290000,o,keydown
30290200,e,keydown
30290400,s,keydown
30290500,i,keydown
30290700,e,keydown
30290900, ,keydown
30291100,c,keydown
30291200,h,keydown
30291300,e,keydown
30291300, ,keydown
30291900,r,keydown
30292100,i,keydown
30292300,e,keydown
30292400,m,keydown
30293100,p,keydown
30293700,i,keydown
30293800,a,keydown
30294100,m,keydown
30294400,Backspace,keydown
30294800,n,keydown
30295000,o,keydown
30295100, ,keydown
30295400,t,keydown
30295600,u,keydown
30295800,t,keydown
30296000,t,keydown
30296000,o,keydown
30296200, ,keydown
30296500,l,keydown
30296600,o,keydown
30296700, ,keydown
30297200,s,keydown
30297400,p,keydown
30297600,a,keydown
30298000,z,keydown
30298100,i,keydown
30298300,o,keydown
30298600,Enter,keydown
30299200,d,keydown
30299400,i,keydown
30299500,s,keydown
30299500,p,keydown
30299700,o,keydown
30300000,n,keydown
30300200,i,keydown
30301200,b,keydown
30301300,i,keydown
30301500,l,keydown
30301600,e,keydown
30302400,",",keydown
30302600, ,keydown
30302800,a,keydown
30303100,n,keydown
30303200,c,keydown
30303400,h,keydown
30303400,e,keydown
30303500, ,keydown
30303900,u,keydown
30304000,s,keydown
30304100,a,keydown
30304300,n,keydown
30304400,d,keydown
30304400,o,keydown
30304500, ,keydown
30304900,v,keydown
30305100,e,keydown
30305100,r,keydown
30305400,s,keydown
30305500,i,keydown
30305500, ,keydown
30305700,l,keydown
30305900,i,keydown
30306600,b,keydown
30306700,e,keydown
30306900,r,keydown
30307200,i,keydown
30308400,.,keydown
30308600, ,keydown
30308800,#,keydown
30308900,c,keydown
30309200,h,keydown
30309200,e,keydown
30309400, ,keydown
30309700,d,keydown
30309700,i,keydown
30310200,r,keydown
30310300,e,keydown
30311000,",",keydown
30311100, ,keydown
30311500,g,keydown
30311800,l,keydown
30312000,i,keydown
30312300, ,keydown
30312500,#,keydown
30312700,#,keydown
30313000,a,keydown
30313100, ,keydown
30313300,c,keydown
30313500,a,keydown
30313600,p,keydown
30313800,o,keydown
30313900,#,keydown
30314600,#,keydown
30314900,Enter,keydown
30315200,s,keydown
30315400,o,keydown
30315600,n,keydown
30315900,o,keydown
30315900, ,keydown
30316000,i,keydown
30316400,n,keydown
30316500, ,keydown
30317400,Backspace,keydown
30318200,Backspace,keydown
30318600,m,keydown
30318900,p,keydown
30319000,o,keydown
30319300,t,keydown
30319900,Backspace,keydown
30320000,Backspace,keydown
30320100,Backspace,keydown
30320800,p,keydown
30320900,o,keydown
30321700,r,keydown
30321800,n,keydown
30322500,Backspace,keydown
30322700,a,keydown
30323000,Backspace,keydown
30323500,t,keydown
30323700,a,keydown
30323800,n,keydown
30323900,t,keydown
30324000,i,keydown
30324200, ,keydown
30324300,i,keydown
30324500,n,keydown
30324600, ,keydown
30325000,p,keydown
30325100,o,keydown
30325200,e,keydown
30325400,s,keydown
30325500,i,keydown
30325700,a,keydown
30326400,",",keydown
30326500, ,keydown
30326700,d,keydown
30326800,a,keydown
30327200,n,keydown
30327200,n,keydown
30327500,o,keydown
30327500, ,keydown
30327600,i,keydown
30327900,l,keydown
30328000, ,keydown
30328300,r,keydown
30328600,i,keydown
30328800,t,keydown
30329000,m,keydown
30329200,o,keydown
30330500,.,keydown
30330800, ,keydown
30330900,#,keydown
30331000,m,keydown
30331200,a,keydown
30331200,s,keydown
30331300, ,keydown
30331700,Backspace,keydown
30331800,Backspace,keydown
30332100, ,keydown
30332400,d,keydown
30332500,a,keydown
30332600,b,keydown
30332600,v,keydown
30332800,v,keydown
30333000,e,keydown
30333300,Backspace,keydown
30333400,Backspace,keydown
30333600,Backspace,keydown
30333700,Backspace,keydown
30333900,Backspace,keydown
30334400,a,keydown
30334800,v,keydown
30334800,v,keydown
30335100,e,keydown
30335200,r,keydown
30335200,o,keydown
30335400, ,keydown
30335700,p,keydown
30335900,u,keydown
30336100,o,keydown
30336300,i,keydown
30336400, ,keydown
30336700,r,keydown
30336900,i,keydown
30337000,c,keydown
30337000,o,keydown
30337300,n,keydown
30337500,o,keydown
30337600,s,keydown
30337700,c,keydown
30337900,e,keydown
30338100,r,keydown
30338700,e,keydown
30339000,Enter,keydown
30339700,d,keydown
30339800,a,keydown
30340000,l,keydown
30340100, ,keydown
30340200,m,keydown
30340300,i,keydown
30340500,o,keydown
30340600, ,keydown
30340900,m,keydown
30341100,o,keydown
30341200,d,keydown
30341300,o,keydown
30341400, ,keydown
30342000,d,keydown
30342100,i,keydown
30342200, ,keydown
30342600,b,keydown
30342700,a,keydown
30343000,t,keydown
30343000,t,keydown
30343300,e,keydown
30343500,r,keydown
30344000,e,keydown
30344100, ,keydown
30344500,s,keydown
30344600,i,keydown
30345100,Backspace,keydown
30345200,Backspace,keydown
30345700,s,keydown
30346000,u,keydown
30346100,l,keydown
30346300,l,keydown
30346400,a,keydown
30346500, ,keydown
30346800,r,keydown
30347200,Backspace,keydown
30347300,t,keydown
30347500,a,keydown
30347700,s,keydown
30347900,t,keydown
30348100,i,keydown
30348200,e,keydown
30348500,r,keydown
30348700,a,keydown
30348800, ,keydown
30349000,c,keydown
30349100,h,keydown
30349200,e,keydown
30349400, ,keydown
30350000,s,keydown
30350100,o,keydown
30350300,n,keydown
30350500,o,keydown
30350600, ,keydown
30350700,i,keydown
30350900,o,keydown
30350900, ,keydown
30351400,e,keydown
30351600, ,keydown
30351700,n,keydown
30351900,o,keydown
30352100,n,keydown
30352400, ,keydown
30352800,q,keydown
30352800,#,keydown
30353000,u,keydown
30353100,a,keydown
30353200,l,keydown
30353800,Backspace,keydown
30353800,Backspace,keydown
30354000,Backspace,keydown
30354200,Backspace,keydown
30354200,Backspace,keydown
30355000,q,keydown
30355200,u,keydown
30355300,a,keydown
30355400,l,keydown
30355800,c,keydown
30356000,u,keydown
30356200,n,keydown
30356800,Enter,keydown
30357000,a,keydown
30357100,l,keydown
30357400,t,keydown
30357400,r,keydown
30358100,o,keydown
30358300,#,keydown
30358500,#,keydown
30358700, ,keydown
30358900,#,keydown
30359200,w,keydown
30359500, ,keydown
30359900,Backspace,keydown
30360000,Backspace,keydown
30360200,#,keydown
30360500,e,keydown
30360700, ,keydown
30360900,c,keydown
30361000,o,keydown
30361100,m,keydown
30361100,n,keydown
30361300,e,keydown
30361700,Backspace,keydown
30361800,Backspace,keydown
30361900,e,keydown
30362100, ,keydown
30362400,i,keydown
30362500,n,keydown
30363000,f,keydown
30363100,l,keydown
30363300,u,keydown
30363400,e,keydown
30363600,n,keydown
30363900,z,keydown
30364100,a,keydown
30364200, ,keydown
30364500,l,keydown
30364800,Backspace,keydown
30364900,Backspace,keydown
30365100,Backspace,keydown
30365900,a,keydown
30366500,n,keydown
30366800,o,keydown
30366900, ,keydown
30367100,i,keydown
30367400,l,keydown
30367500, ,keydown
30368000,r,keydown
30368100,i,keydown
30368500,c,keydown
30368600,o,keydown
30369000,n,keydown
30369200,o,keydown
30369600,s,keydown
30369800,c,keydown
30370000,i,keydown
30370200,m,keydown
30370300,e,keydown
30371000,n,keydown
30371300,t,keydown
30371400,o,keydown
30371500, ,keydown
30371700,l,keydown
30371800,e,keydown
30372000, ,keydown
30375200,c,keydown
30375400,a,keydown
30375500,n,keydown
30375800,c,keydown
30376000,l,keydown
30376500,Backspace,keydown
30376600,e,keydown
30376800,l,keydown
30376900,l,keydown
30377000,a,keydown
30377600,t,keydown
30377700,u,keydown
30377900,r,keydown
30377900,e,keydown
30378400,#,keydown
30379300,#,keydown
30380000,Backspace,keydown
30380300,#,keydown
30380800,#,keydown
30383600, ,keydown
30384300,#,keydown
30384500,w,keydown
30384500,e,keydown
30385000,Backspace,keydown
30385100,Backspace,keydown
30385200,#,keydown
30385400,e,keydown
30385700, ,keydown
30385900,l,keydown
30386000,e,keydown
30386300,Enter,keydown
30386900,p,keydown
30386900,a,keydown
30387700,u,keydown
30388000,s,keydown
30388200,e,keydown
30389100,#,keydown
30389300,#,keydown
30390100, ,keydown
30390500,#,keydown
30391200,d,keydown
30391400,a,keydown
30391500,v,keydown
30391700,v,keydown
30391700,e,keydown
30391900,r,keydown
30392000,o,keydown
30392000, ,keydown
30392500,u,keydown
30392700,n,keydown
30392800, ,keydown
30393000,g,keydown
30393100,i,keydown
30393200,o,keydown
30393400,r,keydown
30393500,n,keydown
30393700,o,keydown
30393800, ,keydown
30394000,m,keydown
30394200,i,keydown
30394200, ,keydown
30394500,p,keydown
30394500,#,keydown
30394800,o,keydown
30394800,i,keydown
30395000,Backspace,keydown
30395200,Backspace,keydown
30395300,Backspace,keydown
30395700,i,keydown
30395900,a,keydown
30396100,c,keydown
30396200,e,keydown
30396400,r,keydown
30396400,e,keydown
30396600,n,keydown
30396700,n,keydown
30396900,e,keydown
30397200,Backspace,keydown
30397300,Backspace,keydown
30397500,Backspace,keydown
30398000,n,keydown
30398300,Backspace,keydown
30398700,b,keydown
30398800,b,keydown
30399000,e,keydown
30399100, ,keydown
30399500,s,keydown
30399500,a,keydown
30399700,p,keydown
30399800,e,keydown
30399900,r,keydown
30400500,n,keydown
30400500,e,keydown
30400600, ,keydown
30400900,d,keydown
30400900,i,keydown
30401000, ,keydown
30401200,p,keydown
30401600,i,keydown
30401700,u,keydown
30402400,#,keydown
30402700,",",keydown
30403100,Backspace,keydown
30403800,.,keydown
30403900, ,keydown
30404100,#,keydown
30404300,a,keydown
30404500,v,keydown
30404700,e,keydown
30405100,t,keydown
30405300,e,keydown
30405500, ,keydown
30405900,i,keydown
30406000,n,keydown
30406100, ,keydown
30406400,p,keydown
30406400,o,keydown
30406400,r,keydown
30406900,Backspace,keydown
30407000,Backspace,keydown
30407100,Backspace,keydown
30407600,Enter,keydown
30408100,p,keydown
30408200,r,keydown
30408400,o,keydown
30408500,g,keydown
30408600,e,keydown
30408900,Backspace,keydown
30409000,r,keydown
30409300,m,keydown
30409500,m,keydown
30409900,Backspace,keydown
30409900,Backspace,keydown
30410200,a,keydown
30410300,m,keydown
30410400,m,keydown
30410600,a,keydown
30410700, ,keydown
30411000,u,keydown
30411300,n,keydown
30411300, ,keydown
30411400,s,keydown
30411500,e,keydown
30411600,m,keydown
30412100,i,keydown
30412400,n,keydown
30412500,a,keydown
30413100,r,keydown
30413100,i,keydown
30413300,o,keydown
30413400, ,keydown
30413600,p,keydown
30413700,e,keydown
30413700,r,keydown
30413900, ,keydown
30414500,f,keydown
30414600,a,keydown
30414900,r,keydown
30415400,Backspace,keydown
30415500,Backspace,keydown
30415600,Backspace,keydown
30416600,d,keydown
30416900,i,keydown
30417100,r,keydown
30417300,c,keydown
30417400,i,keydown
30417500, ,keydown
30418300,i,keydown
30418900,n,keydown
30419000, ,keydown
30419200,s,keydown
30419400,o,keydown
30419600,l,keydown
30419800,d,keydown
30420000,o,keydown
30420100,n,keydown
30420400,i,keydown
30420400, ,keydown
30421100,e,keydown
30421300,s,keydown
30421400,a,keydown
30421800,t,keydown
30421900,t,keydown
30422100,a,keydown
30422300,m,keydown
30422400,e,keydown
30422500,n,keydown
30422600,t,keydown
30422800,e,keydown
30422900, ,keydown
30423200,c,keydown
30423400,o,keydown
30423600,n,keydown
30423800,e,keydown
30423900,Backspace,keydown
30424200,Backspace,keydown
30424300,Backspace,keydown
30424300,Backspace,keydown
30424400,Backspace,keydown
30424500,Backspace,keydown
30424600,Backspace,keydown
30424600,Backspace,keydown
30424700,Backspace,keydown
30424700,Backspace,keydown
30424900,Backspace,keydown
30424900,Backspace,keydown
30425000,Backspace,keydown
30425000,Backspace,keydown
30425200,Backspace,keydown
30425300,Backspace,keydown
30425600,c,keydown
30425800,o,keydown
30426000,m,keydown
30426100,e,keydown
30426300, ,keydown
30427000,f,keydown
30427200,u,keydown
30427400,n,keydown
30427600,z,keydown
30427700,i,keydown
30427800,o,keydown
30428000,n,keydown
30428200,e,keydown
30428700,Backspace,keydown
30428700,a,keydown
30429000, ,keydown
30429300,q,keydown
30429500,u,keydown
30429500,e,keydown
30429900,s,keydown
30430000,t,keydown
30430000,a,keydown
30430700, ,keydown
30431000,v,keydown
30431200,o,keydown
30431300,s,keydown
30431600,t,keydown
30431700,r,keydown
30431900,a,keydown
30432500,Enter,keydown
30433100,t,keydown
30433400,e,keydown
30433600,o,keydown
30433700,r,keydown
30434000,i,keydown
30434200,a,keydown
30434400,#,keydown
30434700,#,keydown
30435300, ,keydown
30435500,#,keydown
30435600,c,keydown
30435900,i,keydown
30436000,a,keydown
30436100,o,keydown
30436600,",",keydown
30436800, ,keydown
30436900,#,keydown
30437100,v,keydown
30437300,i,keydown
30437300,v,keydown
30437400,i,keydown
30437600,a,keydown
30437700,n,keydown
30437700,a,keydown
