timestamp,key,type
47276700,Backspace,keydown
47276700,Backspace,keydown
47276700,Backspace,keydown
47276700,Backspace,keydown
47276700,Backspace,keydown
47276700,Backspace,keydown
47276700,Backspace,keydown
47276700,Backspace,keydown
47276700,#,keydown
47277100,r,keydown
47277200,i,keydown
47277500,p,keydown
47277600,t,keydown
47277700,e,keydown
47278100,Backspace,keydown
47278200,Backspace,keydown
47278400,r,keydown
47278500,e,keydown
47279200,n,keydown
47279400,d,keydown
47279600,o,keydown
47279700, ,keydown
47279900,a,keydown
47280000, ,keydown
47280100,s,keydown
47280200,c,keydown
47280400,r,keydown
47280500,i,keydown
47280600,v,keydown
47280700,e,keydown
47281000,r,keydown
47281000,e,keydown
47281100, ,keydown
47281200,a,keydown
47281500,l,keydown
47281700,c,keydown
47281900,u,keydown
47281900,n,keydown
47282100,i,keydown
47282300, ,keydown
47282300,m,keydown
47282400,i,keydown
47282500,e,keydown
47282700,i,keydown
47282800, ,keydown
47283200,r,keydown
47283200,a,keydown
47283500,c,keydown
47283600,c,keydown
47283700,o,keydown
47283900,n,keydown
47284000,t,keydown
47284100,i,keydown
47284500,",",keydown
47284500, ,keydown
47284600,a,keydown
47284800,n,keydown
47285000,c,keydown
47285100,h,keydown
47285200,e,keydown
47285300, ,keydown
47285400,s,keydown
47285600,e,keydown
47285600, ,keydown
47286500,l,keydown
47286600,a,keydown
47286800, ,keydown
47287100,f,keydown
47287400,a,keydown
47287500,n,keydown
47287900,t,keydown
47288000,a,keydown
47288300,i,keydown
47288500,a,keydown
47288500, ,keydown
47288700,m,keydown
47288800,a,keydown
47289000,n,keydown
47289100,c,keydown
47289100,a,keydown
47289300,Enter,keydown
47290300,s,keydown
47290400,e,keydown
47290500,m,keydown
47290800,p,keydown
47290800,r,keydown
47290800,e,keydown
47291000, ,keydown
47291100,u,keydown
47291200,n,keydown
47291300, ,keydown
47291500,p,keydown
47291600,o,keydown
47292300,#,keydown
47292900,",",keydown
47292900, ,keydown
47293100,e,keydown
47293200, ,keydown
47293600,l,keydown
47293700,a,keydown
47293800, ,keydown
47294000,f,keydown
47294000,r,keydown
47294000,e,keydown
47294300,q,keydown
47294500,u,keydown
47294700,e,keydown
47294700,n,keydown
47295000,z,keydown
47295000,a,keydown
47295100, ,keydown
47295500,c,keydown
47295500,o,keydown
47295800,n,keydown
47295900, ,keydown
47296500,c,keydown
47296500,u,keydown
47296600,i,keydown
47296600, ,keydown
47296900,f,keydown
47297000,a,keydown
47297300,c,keydown
47297400,c,keydown
47297500,i,keydown
47297600,o,keydown
47297600, ,keydown
47297800,i,keydown
47297900, ,keydown
47298000,c,keydown
47298000,a,keydown
47298400,m,keydown
47298700,p,keydown
47298800,i,keydown
47299000,o,keydown
47299000,n,keydown
47299100,i,keydown
47299200, ,keydown
47299900,n,keydown
47299900,o,keydown
47300000,n,keydown
47300200, ,keydown
47300800,e,keydown
47300900,#,keydown
47301000, ,keydown
47301300,m,keydown
47301500,o,keydown
47301700,l,keydown
47301800,t,keydown
47301900,o,keydown
47302300, ,keydown
47302600,e,keydown
47302600,l,keydown
47302700,e,keydown
47303500,v,keydown
47303500,a,keydown
47303700,t,keydown
47303800,a,keydown
47304200,",",keydown
47304500,Enter,keydown
47304800,i,keydown
47304800,n,keydown
47305000, ,keydown
47305100,q,keydown
47305200,u,keydown
47305200,a,keydown
47305400,n,keydown
47305500,t,keydown
47305600,o,keydown
47305800, ,keydown
47306300,l,keydown
47306300,a,keydown
47306500,s,keydown
47306600,c,keydown
47306700,i,keydown
47306800,o,keydown
47307000, ,keydown
47307200,p,keydown
47307200,a,keydown
47307400,s,keydown
47307600,s,keydown
47307600,a,keydown
47307800,r,keydown
47307900,e,keydown
47308000, ,keydown
47308400,a,keydown
47308700,l,keydown
47308900,c,keydown
47309100,u,keydown
47309300,n,keydown
47309400,i,keydown
47309500, ,keydown
47310100,g,keydown
47310200,i,keydown
47310200,o,keydown
47310700,r,keydown
47310900,n,keydown
47311000,i,keydown
47312000, ,keydown
47312300,t,keydown
47312400,r,keydown
47312600,a,keydown
47312700, ,keydown
47313000,u,keydown
47313000,n,keydown
47313100, ,keydown
47313200,c,keydown
47313400,a,keydown
47313500,m,keydown
47313900,p,keydown
47314100,i,keydown
47314200,o,keydown
47314300,n,keydown
47314600,e,keydown
47314700, ,keydown
47314900,e,keydown
47314900, ,keydown
47315200,i,keydown
47315200,l,keydown
47315300, ,keydown
47315500,s,keydown
47315700,u,keydown
47315900,c,keydown
47316000,c,keydown
47316000,e,keydown
47316900,s,keydown
47317000,s,keydown
47317100,i,keydown
47317400,v,keydown
47317700,o,keydown
47318300,.,keydown
47318400,Enter,keydown
47319600,#,keydown
47320100,c,keydown
47320300,r,keydown
47320300,e,keydown
47320600,d,keydown
47320700,o,keydown
47320700, ,keydown
47320900,c,keydown
47321000,o,keydown
47321100,m,keydown
47321400,u,keydown
47321500,n,keydown
47321700,q,keydown
47321800,u,keydown
47321900,e,keydown
47322100, ,keydown
47322400,c,keydown
47322500,h,keydown
47322600,e,keydown
47322700, ,keydown
47323300,l,keydown
47323500,a,keydown
47323500, ,keydown
47323900,c,keydown
47323900,i,keydown
47324600,Backspace,keydown
47325200,o,keydown
47325200,s,keydown
47325400,a,keydown
47325400, ,keydown
47325600,s,keydown
47325700,i,keydown
47325900,a,keydown
47326000, ,keydown
47326200,b,keydown
47326500,u,keydown
47326700,o,keydown
47326900,n,keydown
47327200,a,keydown
47327500,",",keydown
47327600, ,keydown
47327700,s,keydown
47327900,e,keydown
47328000, ,keydown
47328200,n,keydown
47328300,o,keydown
47328500,n,keydown
47328500, ,keydown
47328700,p,keydown
47328800,e,keydown
47328900,r,keydown
47329100, ,keydown
47329400,t,keydown
47329400,e,keydown
47329500, ,keydown
47329700,c,keydown
47329900,h,keydown
47330000,e,keydown
47330000, ,keydown
47330300,d,keydown
47330300,e,keydown
47330500,v,keydown
47330600,i,keydown
47331200,Enter,keydown
47331400,a,keydown
47331600,s,keydown
47332100,p,keydown
47332100,e,keydown
47332200,t,keydown
47332400,t,keydown
47332500,a,keydown
47332800,r,keydown
47332800,e,keydown
47332800, ,keydown
47333300,t,keydown
47333500,u,keydown
47334600,t,keydown
47334700,t,keydown
47334900,i,keydown
47335000, ,keydown
47335100,i,keydown
47335300, ,keydown
47335500,g,keydown
47335600,i,keydown
47335700,o,keydown
47335900,r,keydown
47336100,n,keydown
47336100,i,keydown
47336300, ,keydown
47336400,u,keydown
47336500,n,keydown
47336600, ,keydown
47336800,c,keydown
47336900,a,keydown
47337200,m,keydown
47337300,p,keydown
47337500,i,keydown
47337600,o,keydown
47337600,n,keydown
47337900,e,keydown
47338400, ,keydown
47339000,d,keydown
47339100,i,keydown
47339100, ,keydown
47339300,s,keydown
47339400,c,keydown
47339600,r,keydown
47339700,i,keydown
47340000,t,keydown
47340000,t,keydown
47340200,u,keydown
47340400,r,keydown
47340400,a,keydown
47340500, ,keydown
47341000,c,keydown
47341200,h,keydown
47341300,e,keydown
47341400, ,keydown
47341500,n,keydown
47341700,o,keydown
47341800,n,keydown
47342300, ,keydown
47342500,a,keydown
47342600,r,keydown
47342800,r,keydown
47343000,i,keydown
47343200,v,keydown
47343300,a,keydown
47343500,",",keydown
47343800,Enter,keydown
47344000,a,keydown
47344800,l,keydown
47345400,m,keydown
47345500,e,keydown
47345600,n,keydown
47345800,o,keydown
47345900, ,keydown
47346200,p,keydown
47346300,e,keydown
47346400,r,keydown
47346500, ,keydown
47347200,i,keydown
47347200, ,keydown
47347600,f,keydown
47347700,i,keydown
47347800,n,keydown
47347900,i,keydown
47348000, ,keydown
47348100,d,keydown
47348200,e,keydown
47348400,l,keydown
47348500,l,keydown
47349100,#,keydown
47349300,e,keydown
47349500,s,keydown
47349700,p,keydown
47349800,e,keydown
47350000,r,keydown
47350100,i,keydown
47350100,m,keydown
47350300,e,keydown
47350500,n,keydown
47350500,t,keydown
47350600,o,keydown
47350900,",",keydown
47351100, ,keydown
47351200,i,keydown
47351400,n,keydown
47351500, ,keydown
47351600,q,keydown
47351800,u,keydown
47351900,a,keydown
47352100,n,keydown
47352400,t,keydown
47352400,o,keydown
47352900, ,keydown
47353100,e,keydown
47353700,s,keydown
47353800,s,keydown
47354000,e,keydown
47354200,n,keydown
47354400,d,keydown
47354500,o,keydown
47354800,s,keydown
47354900,i,keydown
47355500, ,keydown
47355600,s,keydown
47356200,v,keydown
47356300,o,keydown
47356400,l,keydown
47356700,t,keydown
47356900,o,keydown
47357200,Enter,keydown
47357700,s,keydown
47357800,u,keydown
47357800, ,keydown
47358200,p,keydown
47358400,i,keydown
47358600,u,keydown
47359200,#,keydown
47359200, ,keydown
47359500,g,keydown
47359700,i,keydown
47359800,o,keydown
47359800,r,keydown
47359900,n,keydown
47359900,i,keydown
47360900, ,keydown
47361900,i,keydown
47361900,n,keydown
47362100, ,keydown
47362200,u,keydown
47362200,n,keydown
47362400, ,keydown
47362900,a,keydown
47363100,r,keydown
47363400,c,keydown
47363400,o,keydown
47363500, ,keydown
47363700,d,keydown
47363800,i,keydown
47363900, ,keydown
47364100,t,keydown
47364200,e,keydown
47364200,m,keydown
47364300,p,keydown
47364500,o,keydown
47364600, ,keydown
47364800,m,keydown
47364800,o,keydown
47365000,l,keydown
47365200,t,keydown
47365300,o,keydown
47365300, ,keydown
47365600,l,keydown
47365800,u,keydown
47366000,n,keydown
47366100,g,keydown
47366300,o,keydown
47366600,",",keydown
47366800, ,keydown
47367700,p,keydown
47367900,u,keydown
47368100,o,keydown
47368500,#,keydown
47368600, ,keydown
47369400,d,keydown
47369500,i,keydown
47370200,m,keydown
47370200,o,keydown
47370600,s,keydown
47370800,t,keydown
47370900,r,keydown
47371000,a,keydown
47371200,r,keydown
47371300,e,keydown
47371600,Enter,keydown
47371800,c,keydown
47371800,h,keydown
47371900,e,keydown
47372800, ,keydown
47373200,i,keydown
47373200,l,keydown
47373300, ,keydown
47373500,m,keydown
47373600,o,keydown
47374000,d,keydown
47374100,o,keydown
47374200, ,keydown
47374800,d,keydown
47374900,i,keydown
47375100, ,keydown
47375200,s,keydown
47375200,c,keydown
47375500,r,keydown
47375500,i,keydown
47375700,v,keydown
47375800,e,keydown
47376000,r,keydown
47376000,e,keydown
47376100, ,keydown
47376400,p,keydown
47376700,u,keydown
47376700,o,keydown
47377400,#,keydown
47377500, ,keydown
47377500,e,keydown
47377800,s,keydown
47377900,s,keydown
47378100,e,keydown
47378200,r,keydown
47378400,e,keydown
47378400, ,keydown
47378800,c,keydown
47378900,a,keydown
47379000,m,keydown
47379200,p,keydown
47379400,i,keydown
47379500,o,keydown
47379600,n,keydown
47379700,a,keydown
47380100,t,keydown
47380200,o,keydown
47380300, ,keydown
47380500,a,keydown
47380700,n,keydown
47380800,c,keydown
47381500,h,keydown
47381500,e,keydown
47381600, ,keydown
47382400,p,keydown
47382500,e,keydown
47382600,r,keydown
47382600, ,keydown
47382800,p,keydown
47382900,e,keydown
47383100,r,keydown
47383200,i,keydown
47383300,o,keydown
47383600,d,keydown
47383700,i,keydown
47383800, ,keydown
47384000,l,keydown
47384200,u,keydown
47384500,b,keydown
47384900,Backspace,keydown
47385200,n,keydown
47385700,g,keydown
47385800,h,keydown
47386000,i,keydown
47386400,",",keydown
47386400, ,keydown
47386600,e,keydown
47386700, ,keydown
47386800,s,keydown
47387000,o,keydown
47388400,p,keydown
47388900,r,keydown
47389100,a,keydown
47389400,t,keydown
47389500,t,keydown
47389500,u,keydown
47389700,t,keydown
47389900,t,keydown
47390100,o,keydown
47390400,Enter,keydown
47390700,r,keydown
47391000,i,keydown
47391100,c,keydown
47391200,o,keydown
47391800,n,keydown
47391900,o,keydown
47392100,s,keydown
47392200,c,keydown
47392500,i,keydown
47392500,u,keydown
47392600,t,keydown
47392800,o,keydown
47392900, ,keydown
47393400,a,keydown
47393800,n,keydown
47393900,c,keydown
47394000,h,keydown
47394100,e,keydown
47394300, ,keydown
47395500,s,keydown
47395500,e,keydown
47395700, ,keydown
47397000,n,keydown
47397200,o,keydown
47397300,n,keydown
47397300, ,keydown
47397900,s,keydown
47398000,i,keydown
47398000, ,keydown
47398600,s,keydown
47398900,c,keydown
47399100,r,keydown
47399200,i,keydown
47399400,v,keydown
47399400,e,keydown
47399800, ,keydown
47400600,a,keydown
47400800,s,keydown
47400900,s,keydown
47401100,i,keydown
47401300,d,keydown
47401300,u,keydown
47401500,a,keydown
47401600,m,keydown
47401700,e,keydown
47401900,n,keydown
47401900,t,keydown
47402100,e,keydown
47402500,.,keydown
47403300, ,keydown
47403500,#,keydown
47404300,f,keydown
47404500,r,keydown
47404600,a,keydown
47404900,n,keydown
47405000,c,keydown
47405000,a,keydown
47405300,m,keydown
47405400,e,keydown
47405600,n,keydown
47405700,t,keydown
47405700,e,keydown
47406300, ,keydown
47406700,e,keydown
47407000,#,keydown
47407100,Enter,keydown
47407600,s,keydown
47407700,o,keydown
47407800,l,keydown
47408000,o,keydown
47408100, ,keydown
47408300,u,keydown
47408400,n,keydown
47408800,#,keydown
47409100,i,keydown
47409300,d,keydown
47409400,e,keydown
47409600,a,keydown
47409800, ,keydown
47410100,c,keydown
47410200,a,keydown
47410400,m,keydown
47410600,p,keydown
47410600,a,keydown
47411700,t,keydown
47411900,a,keydown
47412000, ,keydown
47412400,l,keydown
47412400,i,keydown
47412800,#,keydown
47413100,",",keydown
47413500, ,keydown
47414100,m,keydown
47414200,a,keydown
47414300, ,keydown
47414600,c,keydown
47414600,h,keydown
47414800,i,keydown
47415200,s,keydown
47415400,s,keydown
47415400,a,keydown
47416600,#,keydown
47416900,",",keydown
47417000, ,keydown
47417400,m,keydown
47417400,a,keydown
47417600,g,keydown
47417700,a,keydown
47418000,r,keydown
47418100,i,keydown
47418100, ,keydown
47418300,t,keydown
47418400,i,keydown
47418400, ,keydown
47418700,p,keydown
47418800,i,keydown
47419000,a,keydown
47419200,c,keydown
47419200,e,keydown
47420600,.,keydown
47421700,Enter,keydown
47422100,#,keydown
47422500,m,keydown
47422800,i,keydown
47422800, ,keydown
47423100,s,keydown
47423200,t,keydown
47423300,o,keydown
47423300, ,keydown
47423500,l,keydown
47423600,e,keydown
47423800,n,keydown
47424000,t,keydown
47424100,a,keydown
47424200,m,keydown
47424300,e,keydown
47424400,n,keydown
47424800,t,keydown
47424800,e,keydown
47424900, ,keydown
47425300,r,keydown
47425500,i,keydown
47425600,p,keydown
47425800,r,keydown
47425800,e,keydown
47426000,n,keydown
47426100,d,keydown
47426300,e,keydown
47426500,n,keydown
47426600,d,keydown
47426800,o,keydown
47427000, ,keydown
47427400,d,keydown
47427500,a,keydown
47427600, ,keydown
47428400,u,keydown
47428500,n,keydown
47428700,a,keydown
47428900, ,keydown
47429300,i,keydown
47429300,n,keydown
47429600,f,keydown
47429700,l,keydown
47429800,u,keydown
47430100,e,keydown
47430400,n,keydown
47430600,z,keydown
47430700,a,keydown
47430800, ,keydown
47431000,#,keydown
47431100,#,keydown
47431800,m,keydown
47431800,a,keydown
47432000,l,keydown
47432600, ,keydown
47432700,d,keydown
47432900,i,keydown
47433000, ,keydown
47433300,g,keydown
47433300,o,keydown
47433500,l,keydown
47433600,a,keydown
47433800, ,keydown
47434000,e,keydown
47434100, ,keydown
47435000,Enter,keydown
47435300,r,keydown
47435600,a,keydown
47435800,f,keydown
47436000,f,keydown
47436300,r,keydown
47436300,e,keydown
47436700,d,keydown
47436800,d,keydown
47436900,o,keydown
47437100,r,keydown
47437100,e,keydown
47437500, ,keydown
47437600,c,keydown
47437600,o,keydown
47437700,n,keydown
47437900, ,keydown
47438000,u,keydown
47438000,n,keydown
47438200, ,keydown
47438400,p,keydown
47438400,o,keydown
47439200,#,keydown
47439200, ,keydown
47439500,d,keydown
47439800,i,keydown
47439900, ,keydown
47440100,f,keydown
47440100,e,keydown
47440400,n,keydown
47440800,b,keydown
47441000,b,keydown
47441200,r,keydown
47441200,e,keydown
47441800,#,keydown
47442500,#,keydown
47443900,",",keydown
47444100, ,keydown
47444700,s,keydown
47444800,p,keydown
47444900,e,keydown
47445000,o,keydown
47445200, ,keydown
47446500,p,keydown
47446600,r,keydown
47446600,o,keydown
47446900,p,keydown
47446900,r,keydown
47447100,i,keydown
47447200,o,keydown
47447400, ,keydown
47447600,c,keydown
47447700,h,keydown
47447900,e,keydown
47447900, ,keydown
47448100,m,keydown
47448200,i,keydown
47448300, ,keydown
47448400,s,keydown
47448400,e,keydown
47448600,r,keydown
47448900,v,keydown
47448900,a,keydown
47449100, ,keydown
47449200,c,keydown
47449200,o,keydown
47449400,m,keydown
47449700,e,keydown
47449800, ,keydown
47450100,u,keydown
47450100,n,keydown
47450200, ,keydown
47450600,v,keydown
47450600,a,keydown
47450800,c,keydown
47451000,c,keydown
47451000,i,keydown
47451200,o,keydown
47451300,n,keydown
47451300,i,keydown
47452600,Backspace,keydown
47452800,Backspace,keydown
47453100,Backspace,keydown
47454000,m,keydown
47454300,Backspace,keydown
47454500,n,keydown
47454600,o,keydown
47454900, ,keydown
47455000,p,keydown
47455200,e,keydown
47455300,r,keydown
47455400,Enter,keydown
47456300,l,keydown
47456800,#,keydown
47457000,i,keydown
47457000,n,keydown
47457400,v,keydown
47457600,e,keydown
47457700,r,keydown
47458000,n,keydown
47458100,o,keydown
47458600,.,keydown
