timestamp,key,type
27829400,Backspace,keydown
27829400,Backspace,keydown
27829400,Backspace,keydown
27829400,Backspace,keydown
27829400,Backspace,keydown
27829400,Backspace,keydown
27829400,Backspace,keydown
27829400,Backspace,keydown
27829400,#,keydown
27829900,c,keydown
27830100,i,keydown
27830200,a,keydown
27830300,o,keydown
27830300, ,keydown
27830600,#,keydown
27831300,d,keydown
27831400,a,keydown
27831600,n,keydown
27831700,i,keydown
27831900,e,keydown
27832000,l,keydown
27832100,e,keydown
27833200,.,keydown
27833500, ,keydown
27833700,#,keydown
27834000,n,keydown
27834300,o,keydown
27834500,n,keydown
27834600, ,keydown
27834700,a,keydown
27834800,v,keydown
27835000,e,keydown
27835200,v,keydown
27835500,o,keydown
27835700, ,keydown
27835800,c,keydown
27835900,n,keydown
27836100,a,keydown
27836500,Backspace,keydown
27836600,Backspace,keydown
27836800,Backspace,keydown
27837100,a,keydown
27837400,n,keydown
27837500,c,keydown
27837600,o,keydown
27837800,r,keydown
27837900,a,keydown
27838000, ,keydown
27838400,f,keydown
27838600,a,keydown
27838900,t,keydown
27839000,t,keydown
27839000,o,keydown
27839100, ,keydown
27839400,n,keydown
27839600,e,keydown
27839700,s,keydown
27839900,s,keydown
27840700,u,keydown
27841000,n,keydown
27841100, ,keydown
27841200,r,keydown
27841200,t,keydown
27841300,e,keydown
27842200,Backspace,keydown
27842400,Backspace,keydown
27842700,Backspace,keydown
27843300,t,keydown
27843300,e,keydown
27843400,n,keydown
27843600,t,keydown
27843800,a,keydown
27844000,t,keydown
27844200,i,keydown
27844500,v,keydown
27844600,o,keydown
27844700, ,keydown
27845400,f,keydown
27845800,Backspace,keydown
27845800,d,keydown
27846000,i,keydown
27846200, ,keydown
27846500,e,keydown
27846700,s,keydown
27846900,p,keydown
27847100,e,keydown
27847300,r,keydown
27847500,i,keydown
27847600,e,keydown
27847600,m,keydown
27847800,t,keydown
27847900,n,keydown
27848100,o,keydown
27848400,Backspace,keydown
27848600,Backspace,keydown
27848700,Backspace,keydown
27848800,Backspace,keydown
27848900,Backspace,keydown
27849100,Backspace,keydown
27849300,Backspace,keydown
27849400,Backspace,keydown
27849500,Backspace,keydown
27849600,Backspace,keydown
27849800,Backspace,keydown
27850500,Enter,keydown
27851300,e,keydown
27851600,s,keydown
27851700,p,keydown
27851800,e,keydown
27852000,r,keydown
27852100,i,keydown
27852300,m,keydown
27852400,e,keydown
27852600,n,keydown
27852600,t,keydown
27852700,o,keydown
27853100, ,keydown
27853500,p,keydown
27853600,e,keydown
27853700,r,keydown
27854100,c,keydown
27854300,h,keydown
27854400,e,keydown
27854900,#,keydown
27855200, ,keydown
27855400,h,keydown
27855500,o,keydown
27855600, ,keydown
27855900,p,keydown
27856000,a,keydown
27856200,s,keydown
27856500,s,keydown
27857200,a,keydown
27857500,t,keydown
27857600,o,keydown
27857600, ,keydown
27857900,g,keydown
27858000,r,keydown
27858300,a,keydown
27858400,n,keydown
27858400, ,keydown
27858800,p,keydown
27858800,a,keydown
27859100,r,keydown
27859200,t,keydown
27859300,e,keydown
27859500, ,keydown
27859600,d,keydown
27859800,e,keydown
27859900,l,keydown
27860200, ,keydown
27861000,Backspace,keydown
27861300,Backspace,keydown
27862000,g,keydown
27862000,l,keydown
27862300,i,keydown
27862300, ,keydown
27862400,u,keydown
27862700,l,keydown
27862800,t,keydown
27862800,i,keydown
27863100,m,keydown
27863300,i,keydown
27863300, ,keydown
27863800,d,keydown
27864100,u,keydown
27864100,e,keydown
27864200, ,keydown
27864500,m,keydown
27864600,s,keydown
27864800,i,keydown
27865200,Backspace,keydown
27865400,Backspace,keydown
27865500,e,keydown
27866000,s,keydown
27866300,i,keydown
27867400,Enter,keydown
27868000,f,keydown
27868200,u,keydown
27868600,o,keydown
27868900,r,keydown
27869100,i,keydown
27869200, ,keydown
27870100,#,keydown
27870400,t,keydown
27870700,o,keydown
27870800,r,keydown
27871000,n,keydown
27871400,Backspace,keydown
27871600,Backspace,keydown
27872400,r,keydown
27872500,i,keydown
27872700,n,keydown
27872900,o,keydown
27873700,.,keydown
27874300, ,keydown
27874500,#,keydown
27874800,d,keydown
27874900,o,keydown
27875100,p,keydown
27875300,o,keydown
27875400, ,keydown
27876100,l,keydown
27876300,a,keydown
27876400, ,keydown
27876500,d,keydown
27876600,i,keydown
27876800,d,keydown
27877000,a,keydown
27877200,t,keydown
27877300,t,keydown
27877300,i,keydown
27877600,c,keydown
27878700,a,keydown
27879100, ,keydown
27879300,m,keydown
27879400,i,keydown
27879500, ,keydown
27879600,s,keydown
27879800,o,keydown
27879900,n,keydown
27880100,o,keydown
27880300, ,keydown
27880600,d,keydown
27880700,e,keydown
27880900,d,keydown
27881100,i,keydown
27881300,c,keydown
27881400,a,keydown
27881600,t,keydown
27881800,a,keydown
27881900, ,keydown
27882200,#,keydown
27882200,l,keydown
27882400,l,keydown
27882500,a,keydown
27882700,Backspace,keydown
27882800,Backspace,keydown
27882900,Backspace,keydown
27883000,Backspace,keydown
27883300,a,keydown
27883600,l,keydown
27883700,l,keydown
27883800,e,keydown
27884000, ,keydown
27884400,c,keydown
27884600,o,keydown
27884800,n,keydown
27885000,f,keydown
27885200,e,keydown
27885400,r,keydown
27885400,e,keydown
27885800,n,keydown
27886400,z,keydown
27886700,e,keydown
27886800, ,keydown
27887300,e,keydown
27888000,Backspace,keydown
27888200,Enter,keydown
27888200,#,keydown
27888400,e,keydown
27889000, ,keydown
27889200,Backspace,keydown
27889300,Backspace,keydown
27889700,Backspace,keydown
27889800,e,keydown
27890100, ,keydown
27890400,v,keydown
27890600,i,keydown
27890800,s,keydown
27890900,i,keydown
27891000,t,keydown
27891400,e,keydown
27891500, ,keydown
27891800,s,keydown
27892000,c,keydown
27892100,i,keydown
27892200,e,keydown
27892300,n,keydown
27892600,t,keydown
27892700,i,keydown
27893000,f,keydown
27893100,i,keydown
27893300,c,keydown
27893400,h,keydown
27893600,e,keydown
27895400,.,keydown
27895600, ,keydown
27895900,#,keydown
27897400,a,keydown
27897600,d,keydown
27897800,e,keydown
27898000,s,keydown
27898100,s,keydown
27898200,o,keydown
27898300, ,keydown
27899200,e,keydown
27899700,Backspace,keydown
27900000,s,keydown
27900200,o,keydown
27900500,n,keydown
27900600,o,keydown
27900700, ,keydown
27901700,t,keydown
27901900,o,keydown
27902400,r,keydown
27902600,n,keydown
27902700,a,keydown
27902800,t,keydown
27903000,a,keydown
27903200, ,keydown
27903300,e,keydown
27903400, ,keydown
27903800,p,keydown
27904000,r,keydown
27904000,e,keydown
27904200,o,keydown
27904600,n,keydown
27905000,t,keydown
27905200,a,keydown
27905200, ,keydown
27905500,Backspace,keydown
27905700,Backspace,keydown
27905800,Backspace,keydown
27905900,Backspace,keydown
27906100,Backspace,keydown
27906500,Backspace,keydown
27907000,o,keydown
27907200,n,keydown
27907300,t,keydown
27907600,a,keydown
27907600, ,keydown
27907800,a,keydown
27907900, ,keydown
27908200,p,keydown
27908300,a,keydown
27908800,r,keydown
27909000,t,keydown
27909100,e,keydown
27909400,v,keydown
27909500,i,keydown
27909900,Backspace,keydown
27910000,Backspace,keydown
27910300,c,keydown
27910400,i,keydown
27910700,p,keydown
27910900,a,keydown
27911000,r,keydown
27911100,e,keydown
27911600,Enter,keydown
27911800,a,keydown
27912400, ,keydown
27912700,q,keydown
27912900,u,keydown
27913000,e,keydown
27913100,s,keydown
27913300,t,keydown
27913400,o,keydown
27913600, ,keydown
27913800,e,keydown
27913900,s,keydown
27914100,p,keydown
27914200,e,keydown
27914400,r,keydown
27914500,i,keydown
27914700,m,keydown
27914900,e,keydown
27916100,n,keydown
27916400,t,keydown
27916600,o,keydown
27917700,.,keydown
27918000, ,keydown
27918200,#,keydown
27919000,c,keydown
27919300,e,keydown
27919500,r,keydown
27919700,o,keydown
27919800, ,keydown
27919900,c,keydown
27920000,h,keydown
27920100,e,keydown
27920300, ,keydown
27920400,r,keydown
27920400,t,keydown
27920800,Backspace,keydown
27920900,Backspace,keydown
27921000,Backspace,keydown
27921100,Backspace,keydown
27921200,Backspace,keydown
27921400,Backspace,keydown
27921500,Backspace,keydown
27921800,Backspace,keydown
27922400,t,keydown
27922400,o,keydown
27922500, ,keydown
27922800,c,keydown
27922900,h,keydown
27923100,e,keydown
27923200, ,keydown
27923300,r,keydown
27923500,i,keydown
27923600,e,keydown
27923700,m,keydown
27924000,p,keydown
27924300,i,keydown
27924500,r,keydown
27924500,t,keydown
27924700,e,keydown
27924800, ,keydown
27925100,Backspace,keydown
27925200,Backspace,keydown
27925300,Backspace,keydown
27925500,e,keydown
27925700, ,keydown
27926100,t,keydown
27926300,u,keydown
27926500,t,keydown
27926600,t,keydown
27926600,o,keydown
27926800, ,keydown
27926900,l,keydown
27927100,o,keydown
27927300, ,keydown
27927400,s,keydown
27927600,p,keydown
27927800,a,keydown
27928200,z,keydown
27928300,i,keydown
27928600,o,keydown
27928600, ,keydown
27928700,a,keydown
27928900, ,keydown
27930000,Enter,keydown
27930700,d,keydown
27930900,i,keydown
27931100,p,keydown
27931300,s,keydown
27931800,Backspace,keydown
27931900,Backspace,keydown
27932100,s,keydown
27932700,p,keydown
27932900,o,keydown
27933100,s,keydown
27933200,i,keydown
27933400,z,keydown
27933600,i,keydown
27933700,o,keydown
27933900,n,keydown
27934100,e,keydown
27934200, ,keydown
27934500,n,keydown
27934700,o,keydown
27935000,n,keydown
27935000, ,keydown
27935200,e,keydown
27935600,#,keydown
27935900, ,keydown
27936400,s,keydown
27936600,e,keydown
27936700,m,keydown
27936900,p,keydown
27937100,l,keydown
27937300,i,keydown
27937500,c,keydown
27937700,e,keydown
27939800,",",keydown
27939900, ,keydown
27940600,s,keydown
27940700,o,keydown
27940800,e,keydown
27941300,Backspace,keydown
27941500,Backspace,keydown
27942100,p,keydown
27942300,e,keydown
27942300,r,keydown
27942400,o,keydown
27942600, ,keydown
27942700,d,keydown
27942800,u,keydown
27942900, ,keydown
27943200,Backspace,keydown
27943400,Backspace,keydown
27943800,i,keydown
27943900, ,keydown
27944200,a,keydown
27944400,v,keydown
27944500,e,keydown
27944700,r,keydown
27944700,e,keydown
27944900, ,keydown
27945300,p,keydown
27945600,i,keydown
27945700,u,keydown
27946100,#,keydown
27946300, ,keydown
27946600,i,keydown
27946700,d,keydown
27946700,e,keydown
27947000,e,keydown
27947100,e,keydown
27947600,Backspace,keydown
27948000, ,keydown
27948400,d,keydown
27948500,o,keydown
27948700,a,keydown
27948800,m,keydown
27949000,n,keydown
27949400,Backspace,keydown
27949500,Backspace,keydown
27949600,Backspace,keydown
27949900,m,keydown
27950000,a,keydown
27950100,n,keydown
27950300,i,keydown
27950900,",",keydown
27951000, ,keydown
27951100,a,keydown
27951300,n,keydown
27951300,c,keydown
27951500,h,keydown
27951500,e,keydown
27951700, ,keydown
27951700,s,keydown
27952100,Backspace,keydown
27952300,Backspace,keydown
27952800,Enter,keydown
27953200,s,keydown
27953500,Backspace,keydown
27953700,Backspace,keydown
27953800,Backspace,keydown
27954000,Backspace,keydown
27954100,Backspace,keydown
27954200,Backspace,keydown
27954400,Backspace,keydown
27954600,Backspace,keydown
27955000,Enter,keydown
27956200,a,keydown
27956300,n,keydown
27956400,c,keydown
27956500,h,keydown
27956700,e,keydown
27956700, ,keydown
27956800,s,keydown
27957000, ,keydown
27957000,e,keydown
27957600,Backspace,keydown
27957700,Backspace,keydown
27957800,e,keydown
27958100, ,keydown
27958400,e,keydown
27958800,#,keydown
27958800, ,keydown
27959100,v,keydown
27959200,e,keydown
27959300,r,keydown
27959400,i,keydown
27959500,o,keydown
27959600, ,keydown
27960000,Backspace,keydown
27960200,Backspace,keydown
27960400,Backspace,keydown
27960800,o,keydown
27960800,i,keydown
27961000, ,keydown
27961700,Backspace,keydown
27961800,Backspace,keydown
27962200, ,keydown
27962300,c,keydown
27962500,h,keydown
27962600,e,keydown
27962700, ,keydown
27962900,n,keydown
27963000,o,keydown
27963300,n,keydown
27963500, ,keydown
27963800,e,keydown
27964100,#,keydown
27964400, ,keydown
27965000,d,keydown
27965400,Backspace,keydown
27965400,f,keydown
27965600,a,keydown
27966200,c,keydown
27966300,i,keydown
27966500,l,keydown
27966600,e,keydown
27973400,Backspace,keydown
27973600,Backspace,keydown
27973700,Backspace,keydown
27973800,Backspace,keydown
27974000,Backspace,keydown
27974100,Backspace,keydown
27974300,Backspace,keydown
27974400,Backspace,keydown
27974600,Backspace,keydown
27975100,i,keydown
27975300,l,keydown
27975400, ,keydown
27975600,c,keydown
27975600,o,keydown
27975900,n,keydown
27975900,t,keydown
27976100,e,keydown
27976200,n,keydown
27976800,u,keydown
27976900,t,keydown
27977000,o,keydown
27977200, ,keydown
27977300,c,keydown
27977500,h,keydown
27977600,e,keydown
27977800, ,keydown
27978200,f,keydown
27978400,a,keydown
27981200,",",keydown
27981400, ,keydown
27981800,c,keydown
27982100,r,keydown
27982100,e,keydown
27982300,d,keydown
27982400,o,keydown
27982900,",",keydown
27983000, ,keydown
27983200,m,keydown
27983300,a,keydown
27983400, ,keydown
27984700,d,keydown
27984800,i,keydown
27984900, ,keydown
27985000,s,keydown
27985200,i,keydown
27985300,c,keydown
27985700,u,keydown
27985700,#,keydown
27985700,#,keydown
27985900,r,keydown
27986500,o,keydown
27986900, ,keydown
27987100,s,keydown
27987300,e,keydown
27987600,Backspace,keydown
27987700,Backspace,keydown
27988100,Enter,keydown
27988200,s,keydown
27988500,e,keydown
27988700, ,keydown
28071200,s,keydown
28071300,i,keydown
28071400, ,keydown
28072500,s,keydown
28072600,a,keydown
28072600, ,keydown
28072600,c,keydown
28072600,o,keydown
28072600,s,keydown
28072600,a,keydown
28073300, ,keydown
28073700,s,keydown
28073900,c,keydown
28074000,r,keydown
28074200,i,keydown
28074400,v,keydown
28074500,e,keydown
28074700,r,keydown
28074800,e,keydown
28074800, ,keydown
28075400,v,keydown
28075600,i,keydown
28075700,e,keydown
28075900,n,keydown
28076000,e,keydown
28076300, ,keydown
28076800,m,keydown
28076900,e,keydown
28077100,f,keydown
28077100,g,keydown
28077300,l,keydown
28078100,Backspace,keydown
28078300,Backspace,keydown
28078400,Backspace,keydown
28078500,g,keydown
28078700,#,keydown
28078700,l,keydown
28079100,Backspace,keydown
28079200,Backspace,keydown
28079800,l,keydown
28079900,i,keydown
28080100,o,keydown
28080200, ,keydown
28080500,l,keydown
28080900,#,keydown
28081100,e,keydown
28081600,s,keydown
28081800,p,keydown
28081800,e,keydown
28082000,r,keydown
28082100,i,keydown
28082500,m,keydown
28082600,e,keydown
28082700,n,keydown
28082900,t,keydown
28083900,t,keydown
28084100,o,keydown
28087000,Backspace,keydown
28087100,Backspace,keydown
28087300,Backspace,keydown
28088500,t,keydown
28088600,o,keydown
28089200,.,keydown
28089400, ,keydown
28089500,#,keydown
28090100,c,keydown
28090300,h,keydown
28090400,e,keydown
28090500, ,keydown
28090900,d,keydown
28091200,i,keydown
28091300,r,keydown
28091300,e,keydown
28092300,",",keydown
28092500, ,keydown
28094800,n,keydown
28094900,o,keydown
28095100,n,keydown
28095600,Enter,keydown
28096000,s,keydown
28096200,o,keydown
28096400, ,keydown
28096600,p,keydown
28096800,i,keydown
28097000,u,keydown
28097300,#,keydown
28097500, ,keydown
28097700,c,keydown
28097900,a,keydown
28098000,s,keydown
28098200,a,keydown
28098900,Backspace,keydown
28099000,Backspace,keydown
28099100,Backspace,keydown
28099800,o,keydown
28099900,s,keydown
28099900,a,keydown
28100000, ,keydown
28100400,m,keydown
28100800,Backspace,keydown
28101000,Backspace,keydown
28101400, ,keydown
28101600,d,keydown
28101700,i,keydown
28101900,r,keydown
28102000,e,keydown
28102300,",",keydown
28102500, ,keydown
28102600,m,keydown
28102800,a,keydown
28102900, ,keydown
28103300,Backspace,keydown
28103600,g,keydown
28103800,a,keydown
28104000,r,keydown
28104000,i,keydown
28104100, ,keydown
28104800,d,keydown
28104900,o,keydown
28105100,m,keydown
28105300,a,keydown
28105300,n,keydown
28105500,i,keydown
28105700, ,keydown
28106200,d,keydown
28106400,e,keydown
28106700,s,keydown
28106800,c,keydown
28107000,r,keydown
28107000,i,keydown
28107300,v,keydown
28107400,o,keydown
28107500, ,keydown
28107600,i,keydown
28107800,l,keydown
28107900, ,keydown
28108200,f,keydown
28108600,Backspace,keydown
28108800,Backspace,keydown
28109100,Backspace,keydown
28109400, ,keydown
28109600,g,keydown
28109700,a,keydown
28110000,t,keydown
28110100,i,keydown
28110300, ,keydown
28110500,c,keydown
28110800,Backspace,keydown
28110900,Backspace,keydown
28111100,Backspace,keydown
28111700,t,keydown
28111800,i,keydown
28111900, ,keydown
28112200,c,keydown
28112200,v,keydown
28112800,Backspace,keydown
28113200,h,keydown
28113300,e,keydown
28113400, ,keydown
28113600,p,keydown
28113800,o,keydown
28114000,p,keydown
28114200,o,keydown
28114300,l,keydown
28114600,a,keydown
28115100,n,keydown
28115300,o,keydown
28115300, ,keydown
28116100,i,keydown
28116400,l,keydown
28116700,Enter,keydown
28117300,m,keydown
28117600,i,keydown
28117700,o,keydown
28117800, ,keydown
28118200,c,keydown
28118300,o,keydown
28118800,r,keydown
28119100,t,keydown
28119200,i,keydown
28119400,l,keydown
28119500,e,keydown
28120300,",",keydown
28120500, ,keydown
28120600,o,keydown
28120800,p,keydown
28120900,p,keydown
28121200,u,keydown
28121200,r,keydown
28121400,e,keydown
28121400, ,keydown
28121800,i,keydown
28121900,l,keydown
28122000, ,keydown
28122600,t,keydown
28122700,e,keydown
28122900,m,keydown
28123000,p,keydown
28123200,o,keydown
28123300, ,keydown
28123400,a,keydown
28123700,t,keydown
28123900,m,keydown
28124100,o,keydown
28124200,s,keydown
28124500,f,keydown
28124700,r,keydown
28125600,Backspace,keydown
28126100,e,keydown
28126600,r,keydown
28126800,i,keydown
28126900,c,keydown
28127300,o,keydown
28129500,",",keydown
28129700, ,keydown
28130000,o,keydown
28130200,p,keydown
28130300,p,keydown
28130500,u,keydown
28130600,r,keydown
28130700,e,keydown
28130800, ,keydown
28131100,a,keydown
28131900,n,keydown
28132000,c,keydown
28132200,o,keydown
28132300,r,keydown
28132600,a,keydown
28132600, ,keydown
28133100,#,keydown
28133300,v,keydown
28133400,a,keydown
28133700,r,keydown
28133800,s,keydown
28134000,a,keydown
28134500,v,keydown
28134700,i,keydown
28134800,a,keydown
28135200,Enter,keydown
28135300,e,keydown
28135600, ,keydown
28137000,i,keydown
28137100,l,keydown
28137300, ,keydown
28137400,p,keydown
28137600,o,keydown
28137700,s,keydown
28137900,o,keydown
28138100, ,keydown
28138200,Backspace,keydown
28138400,Backspace,keydown
28138900,Backspace,keydown
28139100,c,keydown
28139200,o,keydown
28139300, ,keydown
28139500,d,keydown
28139600,i,keydown
28139700, ,keydown
28139800,#,keydown
28139900,p,keydown
28140000,o,keydown
28140700,Backspace,keydown
28141000,o,keydown
28141200,l,keydown
28141300,o,keydown
28141800,n,keydown
28142000,i,keydown
28142100,a,keydown
28142200, ,keydown
28142300,c,keydown
28142400,h,keydown
28142600,e,keydown
28142600, ,keydown
28143300,c,keydown
28143400,o,keydown
28143600,n,keydown
28143900,o,keydown
28144600,s,keydown
28144900,c,keydown
28145200,o,keydown
28152500,.,keydown
28152700, ,keydown
28152800,#,keydown
28152900,m,keydown
28153100,a,keydown
28153200, ,keydown
28153900,p,keydown
28154000,w,keydown
28154000,e,keydown
28154000,r,keydown
28154200, ,keydown
28154800,Backspace,keydown
28154900,Backspace,keydown
28155000,Backspace,keydown
28155500,Backspace,keydown
28155600,e,keydown
28155700,r,keydown
28156000, ,keydown
28156300,o,keydown
28156500,g,keydown
28156700,g,keydown
28156700,i,keydown
28156800, ,keydown
28157800,b,keydown
28157900,a,keydown
28158000,s,keydown
28158200,t,keydown
28158500,a,keydown
28158600, ,keydown
28159000,c,keydown
28159100,o,keydown
28159600,s,keydown
28159700,i,keydown
28160900,#,keydown
28161200,.,keydown
28161300,.,keydown
28161400,.,keydown
