timestamp,key,type
28669000,Backspace,keydown
28669000,Backspace,keydown
28669000,Backspace,keydown
28669000,Backspace,keydown
28669100,Backspace,keydown
28669100,Backspace,keydown
28669100,Backspace,keydown
28669100,Backspace,keydown
28669100,#,keydown
28669300,v,keydown
28669900,Backspace,keydown
28670200,#,keydown
28670500,c,keydown
28670700,i,keydown
28670900,a,keydown
28670900,o,keydown
28671300, ,keydown
28671500,#,keydown
28672100,d,keydown
28672300,a,keydown
28672900,n,keydown
28673100,i,keydown
28673200,e,keydown
28673400,l,keydown
28673500,e,keydown
28674400,",",keydown
28674500, ,keydown
28674600,s,keydown
28674800,o,keydown
28674900,n,keydown
28675100,o,keydown
28675200, ,keydown
28675300,c,keydown
28675400,o,keydown
28675600,m,keydown
28675800,p,keydown
28676000,e,keydown
28676000,l,keydown
28676500,Backspace,keydown
28676600,Backspace,keydown
28676900,l,keydown
28676900,e,keydown
28677500,t,keydown
28677700,m,keydown
28677800,a,keydown
28678600,Backspace,keydown
28678700,Backspace,keydown
28679000,a,keydown
28679200,m,keydown
28679400,e,keydown
28679500,n,keydown
28679600,t,keydown
28679700,e,keydown
28680300, ,keydown
28680500,c,keydown
28680600,o,keydown
28680800,t,keydown
28680800,t,keydown
28681100,a,keydown
28681300, ,keydown
28681400,s,keydown
28682000,Backspace,keydown
28682200,d,keydown
28682300,o,keydown
28682500,p,keydown
28682600,o,keydown
28682700, ,keydown
28682900,i,keydown
28683100,l,keydown
28683100, ,keydown
28683200,c,keydown
28683400,o,keydown
28683500,n,keydown
28683700,c,keydown
28684100,i,keydown
28684100,o,keydown
28684500,Backspace,keydown
28684600,Backspace,keydown
28685200,o,keydown
28685800,r,keydown
28686000,s,keydown
28686200,o,keydown
28686300, ,keydown
28686400,p,keydown
28686500,e,keydown
28686600,r,keydown
28686800, ,keydown
28687300,Backspace,keydown
28687400,Backspace,keydown
28687500,Backspace,keydown
28687600,Backspace,keydown
28687800,Backspace,keydown
28688400,",",keydown
28688500, ,keydown
28688700,o,keydown
28688700,p,keydown
28689100,Backspace,keydown
28689200,Backspace,keydown
28689400,p,keydown
28689600,e,keydown
28689600,r,keydown
28689700, ,keydown
28690100,c,keydown
28690200,u,keydown
28690400,i,keydown
28690500, ,keydown
28690800,o,keydown
28691100,g,keydown
28691300,g,keydown
28691300,i,keydown
28691700,Enter,keydown
28692300,u,keydown
28692500,s,keydown
28692600,w,keydown
28692600,e,keydown
28693000,Backspace,keydown
28693100,Backspace,keydown
28693900,e,keydown
28694100,r,keydown
28694600,o,keydown
28694700,#,keydown
28694900, ,keydown
28695200,l,keydown
28695600,a,keydown
28695800, ,keydown
28696100,p,keydown
28696400,u,keydown
28696600,n,keydown
28696800,t,keydown
28696800,e,keydown
28697100,g,keydown
28697200,g,keydown
28697500,i,keydown
28697600,a,keydown
28697800,t,keydown
28697900,u,keydown
28698100,r,keydown
28698400,a,keydown
28698400, ,keydown
28698600,e,keydown
28699000, ,keydown
28699600,n,keydown
28699700,o,keydown
28699900,n,keydown
28700000, ,keydown
28700200,c,keydown
28700300,e,keydown
28700500,r,keydown
28700800,c,keydown
28701000,h,keydown
28701000,e,keydown
28701200,r,keydown
28701500,o,keydown
28701600,#,keydown
28701800, ,keydown
28702000,d,keydown
28702200,i,keydown
28702200, ,keydown
28703700,f,keydown
28703900,a,keydown
28704100,r,keydown
28704200,e,keydown
28704300, ,keydown
28704600,e,keydown
28704800,s,keydown
28705000,p,keydown
28705100,e,keydown
28705300,r,keydown
28705600,i,keydown
28705700,m,keydown
28705800,e,keydown
28705900,n,keydown
28706000,t,keydown
28706200,i,keydown
28706500, ,keydown
28706700,l,keydown
28706900,e,keydown
28708900,Backspace,keydown
28709100,Backspace,keydown
28709300,Enter,keydown
28709700,l,keydown
28709800,e,keydown
28710100,t,keydown
28710300,t,keydown
28710500,e,keydown
28710700,r,keydown
28711100,a,keydown
28711700,r,keydown
28711900,i,keydown
28712000, ,keydown
28712600,d,keydown
28712700,i,keydown
28712700, ,keydown
28712900,n,keydown
28713200,e,keydown
28713300,s,keydown
28713400,s,keydown
28713600,u,keydown
28713800,n,keydown
28713900,a,keydown
28714000, ,keydown
28714600,s,keydown
28714800,o,keydown
28714900,r,keydown
28715200,t,keydown
28715400,a,keydown
28716300,.,keydown
28716600, ,keydown
28716900,#,keydown
28717200,m,keydown
28717300,i,keydown
28717500, ,keydown
28717700,p,keydown
28717800,i,keydown
28718000,a,keydown
28718100,c,keydown
28718300,e,keydown
28718500,r,keydown
28718500,e,keydown
28718700,b,keydown
28718800,b,keydown
28719000,e,keydown
28719500, ,keydown
28720000,a,keydown
28720100,n,keydown
28720200,d,keydown
28720400,a,keydown
28720600,r,keydown
28720600,e,keydown
28720800, ,keydown
28721100,a,keydown
28721600,#,keydown
28721900, ,keydown
28722200,Backspace,keydown
28722300,Backspace,keydown
28722800,l,keydown
28723000, ,keydown
28723100,m,keydown
28723400,a,keydown
28723700,r,keydown
28723700,e,keydown
28723800, ,keydown
28724100,a,keydown
28724500,d,keydown
28724600,e,keydown
28724900,s,keydown
28725000,s,keydown
28725100,o,keydown
28725900,",",keydown
28726000, ,keydown
28726100,e,keydown
28726300, ,keydown
28726900,Enter,keydown
28727400,f,keydown
28727600,a,keydown
28727800,r,keydown
28727800,e,keydown
28728000, ,keydown
28728100,u,keydown
28728400,n,keydown
28728500, ,keydown
28728700,l,keydown
28728900,u,keydown
28729000,n,keydown
28729200,g,keydown
28729300,o,keydown
28729300, ,keydown
28729700,b,keydown
28729800,a,keydown
28730000,g,keydown
28730200,n,keydown
28730500,o,keydown
28730600, ,keydown
28731300,e,keydown
28733500, ,keydown
28734300,Backspace,keydown
28734500,Backspace,keydown
28736300,s,keydown
28736400,t,keydown
28736600,a,keydown
28736700,n,keydown
28736800,d,keydown
28736900,o,keydown
28737700, ,keydown
28737800,s,keydown
28738100,e,keydown
28738200,m,keydown
28738400,p,keydown
28738500,l,keydown
28738700,i,keydown
28739000,c,keydown
28739300,e,keydown
28739300,m,keydown
28739500,e,keydown
28739600,n,keydown
28739800,t,keydown
28740000,e,keydown
28740400, ,keydown
28740700,a,keydown
28740800, ,keydown
28741100,#,keydown
28741400,#,keydown
28741800,m,keydown
28741900,o,keydown
28742100,l,keydown
28742200,l,keydown
28742400,o,keydown
28742500,#,keydown
28743400,#,keydown
28743600,Backspace,keydown
28743700,Backspace,keydown
28743900,Backspace,keydown
28744100,Backspace,keydown
28744200,Backspace,keydown
28744300,Backspace,keydown
28744500,Backspace,keydown
28744700,Backspace,keydown
28744800,#,keydown
28745300,#,keydown
28745500,a,keydown
28745700, ,keydown
28745900,m,keydown
28746400,o,keydown
28746600,l,keydown
28746700,l,keydown
28746900,o,keydown
28747100,#,keydown
28747400,#,keydown
28747600, ,keydown
28747800,n,keydown
28747900,e,keydown
28748000,l,keydown
28748200,l,keydown
28748800,#,keydown
28749000,a,keydown
28749400,c,keydown
28749700,q,keydown
28749800,u,keydown
28750100,a,keydown
28750400, ,keydown
28751600,c,keydown
28751700,o,keydown
28751900,n,keydown
28752000, ,keydown
28752200,q,keydown
28752300,u,keydown
28752400,a,keydown
28752500,l,keydown
28752700,c,keydown
28752800,h,keydown
28752900,e,keydown
28753000, ,keydown
28753200,n,keydown
28753400,u,keydown
28753600,o,keydown
28753800,t,keydown
28754000,a,keydown
28754200,t,keydown
28754400,i,keydown
28754600,n,keydown
28754700,a,keydown
28755100,Enter,keydown
28756100,q,keydown
28756900,u,keydown
28757100,i,keydown
28757200, ,keydown
28757700,e,keydown
28757800, ,keydown
28758100,l,keydown
28758200,a,keydown
28758500,#,keydown
28759400,.,keydown
28760400, ,keydown
28760700,#,keydown
28761000,c,keydown
28761200,h,keydown
28761300,e,keydown
28761400, ,keydown
28762000,Backspace,keydown
28762100,Backspace,keydown
28762200,Backspace,keydown
28762400,Backspace,keydown
28762900,#,keydown
28763100,c,keydown
28763300,h,keydown
28763400,e,keydown
28763600, ,keydown
28764200,b,keydown
28764400,e,keydown
28764500,l,keydown
28764700,l,keydown
28764900,o,keydown
28765100,#,keydown
28765600,#,keydown
28766400, ,keydown
28766600,#,keydown
28766800,i,keydown
28767000,n,keydown
28767200,v,keydown
28767400,e,keydown
28767600,c,keydown
28767700,e,keydown
28767900, ,keydown
28768300,n,keydown
28768600,i,keydown
28768800,e,keydown
28768800,n,keydown
28769000,t,keydown
28769300,e,keydown
28769400, ,keydown
28770200,v,keydown
28770300,a,keydown
28770500,c,keydown
28770600,a,keydown
28770700,n,keydown
28770900,z,keydown
28771200,e,keydown
28771300, ,keydown
28771600,p,keydown
28771700,e,keydown
28771800,r,keydown
28772000, ,keydown
28772200,o,keydown
28772300,r,keydown
28772400,t,keydown
28772900,Backspace,keydown
28773100,a,keydown
28773600,",",keydown
28773800, ,keydown
28774000,s,keydown
28774100,o,keydown
28774200,l,keydown
28774400,o,keydown
28774500, ,keydown
28775400,#,keydown
28775700,t,keydown
28775900,o,keydown
28775900,p,keydown
28776100,r,keydown
28776200,i,keydown
28776300,n,keydown
28776600,o,keydown
28776900,Backspace,keydown
28777100,Backspace,keydown
28777200,Backspace,keydown
28777300,Backspace,keydown
28778000,r,keydown
28778100,i,keydown
28778300,o,keydown
28778900,Backspace,keydown
28779000,Backspace,keydown
28779500,Backspace,keydown
28780300,r,keydown
28780400,i,keydown
28781400,Backspace,keydown
28781500,Backspace,keydown
28782100,Backspace,keydown
28782400,r,keydown
28782500,i,keydown
28782800,n,keydown
28783000,o,keydown
28784200,.,keydown
28784300,.,keydown
28784500,.,keydown
28784900,Enter,keydown
28785300,#,keydown
28785700,t,keydown
28785900,u,keydown
28786000, ,keydown
28786200,d,keydown
28786400,o,keydown
28786600,v,keydown
28786700,e,keydown
28786700, ,keydown
28786900,a,keydown
28787000,n,keydown
28787400,Backspace,keydown
28787600,Backspace,keydown
28787700,Backspace,keydown
28787800,Backspace,keydown
28788000,Backspace,keydown
28788200,Backspace,keydown
28788200,Backspace,keydown
28788400,Backspace,keydown
28788500,Backspace,keydown
28788800,#,keydown
28789300,u,keydown
28789600, ,keydown
28789700,#,keydown
28790500,d,keydown
28790600,o,keydown
28790900,v,keydown
28791000,e,keydown
28791200, ,keydown
28791700,Backspace,keydown
28791900,Backspace,keydown
28792000,Backspace,keydown
28792200,Backspace,keydown
28792300,Backspace,keydown
28792900,d,keydown
28793000,o,keydown
28793300,v,keydown
28793500,e,keydown
28793600, ,keydown
28793800,a,keydown
28794000,n,keydown
28794200,s,keydown
28794600,d,keydown
28794800,r,keydown
28795100,a,keydown
28795300,Backspace,keydown
28795500,Backspace,keydown
28795600,Backspace,keydown
28795800,Backspace,keydown
28796300,d,keydown
28796500,a,keydown
28796700,r,keydown
28797100,Backspace,keydown
28797200,Backspace,keydown
28797700,r,keydown
28797900,a,keydown
28798500,i,keydown
28798700, ,keydown
28798800,i,keydown
28799000,n,keydown
28799200, ,keydown
28799400,v,keydown
28800000,v,keydown
28800400,Backspace,keydown
28800600,a,keydown
28801200,c,keydown
28801400,a,keydown
28801500,n,keydown
28801600,z,keydown
28801600,x,keydown
28802000,a,keydown
28802700,Backspace,keydown
28802900,Backspace,keydown
28803000,a,keydown
28803300,#,keydown
28804000,#,keydown
28804300, ,keydown
28804500,#,keydown
28805300,s,keydown
28805500,e,keydown
28805600,p,keydown
28805600,r,keydown
28805900,o,keydown
28806100,Backspace,keydown
28806200,Backspace,keydown
28806400,Backspace,keydown
28806600,Backspace,keydown
28807100,Backspace,keydown
28807400,#,keydown
28807400,m,keydown
28807700,i,keydown
28807700, ,keydown
28807900,p,keydown
28808000,a,keydown
28808300,r,keydown
28808300,e,keydown
28808400, ,keydown
28808600,c,keydown
28808700,h,keydown
28808800,e,keydown
28809000, ,keydown
28814800,#,keydown
28814800,#,keydown
28814900,#,keydown
28815500,Backspace,keydown
28816100, ,keydown
28816200,#,keydown
28816400,c,keydown
28816600,l,keydown
28816700,a,keydown
28817100,u,keydown
28817400,d,keydown
28817600,i,keydown
28817600,a,keydown
28817900, ,keydown
28818100,e,keydown
28818100, ,keydown
28818800,t,keydown
28819000,u,keydown
28819100, ,keydown
28819300,s,keydown
28819400,i,keydown
28819600,a,keydown
28819800,t,keydown
28819900,e,keydown
28820200, ,keydown
28820500,t,keydown
28820800,i,keydown
28821000,p,keydown
28821200,i,keydown
28821200, ,keydown
28821400,d,keydown
28821600,a,keydown
28821600, ,keydown
28822100,v,keydown
28822300,a,keydown
28822500,c,keydown
28822600,a,keydown
28822700,n,keydown
28822900,z,keydown
28823100,e,keydown
28823300, ,keydown
28823600,a,keydown
28824100,v,keydown
28824200,v,keydown
28824300,e,keydown
28824500,n,keydown
28824700,t,keydown
28824900,u,keydown
28825100,r,keydown
28825300,o,keydown
28825700,s,keydown
28825700,o,keydown
28826100,Enter,keydown
28826700,Backspace,keydown
28826800,Backspace,keydown
28827000,Backspace,keydown
28827900,s,keydown
28828100,e,keydown
28828400,",",keydown
28828600,Enter,keydown
28828900,m,keydown
28829100,i,keydown
28829200, ,keydown
28829400,s,keydown
28829500,a,keydown
28829600, ,keydown
28829700,c,keydown
28829900,h,keydown
28830000,e,keydown
28830100, ,keydown
28830500,t,keydown
28830600,u,keydown
28830700, ,keydown
28831100,Backspace,keydown
28831200,Backspace,keydown
28831800,i,keydown
28831900, ,keydown
28832400,c,keydown
28832500,h,keydown
28832800,i,keydown
28832900,e,keydown
28833100,d,keydown
28833300,e,keydown
28833500,r,keydown
28833500,e,keydown
28834000,Backspace,keydown
28834300,o,keydown
28834600,#,keydown
28834700, ,keydown
28835200,d,keydown
28835400,i,keydown
28835500,r,keydown
28835600,e,keydown
28835800,t,keydown
28836100,t,keydown
28836500,a,keydown
28836700,m,keydown
28836700,e,keydown
28836900,n,keydown
28837000,t,keydown
28837100,e,keydown
28841200,",",keydown
28841400, ,keydown
28841500,p,keydown
28841700,e,keydown
28841700,r,keydown
28842000,c,keydown
28842200,h,keydown
28842300,e,keydown
28844600,#,keydown
28845000,Backspace,keydown
28846800,#,keydown
28847000, ,keydown
28847200,d,keydown
28847300,i,keydown
28847500, ,keydown
28847600,c,keydown
28847800,e,keydown
28847900,r,keydown
28848100,t,keydown
28848200,o,keydown
28848300, ,keydown
28849100,n,keydown
28849300,o,keydown
28849400,n,keydown
28849600, ,keydown
28849700,r,keydown
28849800,i,keydown
28850000,s,keydown
28850100,p,keydown
28850400,o,keydown
28850500,d,keydown
28851300,Backspace,keydown
28851900,n,keydown
28852100,d,keydown
28852200,i,keydown
28852500,Enter,keydown
28853200,a,keydown
28853600,g,keydown
28853700,l,keydown
28853900,i,keydown
28854000, ,keydown
28854300,e,keydown
28854400,s,keydown
28854600,e,keydown
28854800,p,keydown
28855100,r,keydown
28855300,i,keydown
28855500,m,keydown
28855500,e,keydown
28855800,n,keydown
28855800,t,keydown
28855900,i,keydown
28856300,Backspace,keydown
28856400,Backspace,keydown
28856500,Backspace,keydown
28856700,Backspace,keydown
28856900,Backspace,keydown
28857000,Backspace,keydown
28857200,Backspace,keydown
28857200,Backspace,keydown
28857500,Backspace,keydown
28858000,p,keydown
28858100,e,keydown
28858400,r,keydown
28858700,i,keydown
28858800,m,keydown
28859600,e,keydown
28859800,n,keydown
28859800,t,keydown
28860100,i,keydown
28861400, ,keydown
28862100,Backspace,keydown
28862700,.,keydown
28863000, ,keydown
28863800,#,keydown
28869000,#,keydown
28869600,s,keydown
28869700,i,keydown
28869800, ,keydown
28870200,Backspace,keydown
28870600,",",keydown
28870800, ,keydown
28870900,s,keydown
28871000,a,keydown
28871300,r,keydown
28871300,e,keydown
28871400,b,keydown
28871600,b,keydown
28871700,e,keydown
28871900, ,keydown
28872600,b,keydown
28872700,e,keydown
28872800,l,keydown
28873000,l,keydown
28873200,o,keydown
28873400, ,keydown
28874000,a,keydown
28874200,n,keydown
28874300,d,keydown
28874400,a,keydown
28874600,r,keydown
28874700,e,keydown
28874800, ,keydown
28874900,a,keydown
28875000,l,keydown
28875300, ,keydown
28875400,m,keydown
28875500,a,keydown
28876300,r,keydown
28876300,e,keydown
28876400, ,keydown
28877700,Backspace,keydown
28877900,",",keydown
28878100, ,keydown
28878200,m,keydown
28878400,a,keydown
28878400, ,keydown
28878700,m,keydown
28878700,a,keydown
28879400,g,keydown
28879600,a,keydown
28879700,r,keydown
28879800,i,keydown
28879900, ,keydown
28880000,a,keydown
28880200,n,keydown
28880300,c,keydown
28880300,h,keydown
28880500,e,keydown
28880800,Enter,keydown
28881400,s,keydown
28881600,o,keydown
28881800,l,keydown
28881900,o,keydown
28882400, ,keydown
28882600,i,keydown
28882900,n,keydown
28883100, ,keydown
28883900,c,keydown
28884100,a,keydown
28884200,s,keydown
28884500,a,keydown
28885100,Backspace,keydown
28885300,Backspace,keydown
28885500,Backspace,keydown
28885700,Backspace,keydown
28886200,u,keydown
28886300,n,keydown
28886400,a,keydown
28886500, ,keydown
28887000,c,keydown
28887500,a,keydown
28887600,s,keydown
28887800,s,keydown
28887800,a,keydown
28887900, ,keydown
28888400,Backspace,keydown
28888600,Backspace,keydown
28888600,Backspace,keydown
28888700,a,keydown
28889200, ,keydown
28889600,f,keydown
28889900,r,keydown
28890100,e,keydown
28890400,s,keydown
28890700,c,keydown
28890700,x,keydown
28891200,Backspace,keydown
28891500,a,keydown
28891800, ,keydown
28891900,a,keydown
28892100, ,keydown
28892600,d,keydown
28892700,o,keydown
28893100,r,keydown
28893200,m,keydown
28893400,i,keydown
28894000,r,keydown
28894000,e,keydown
28894600,",",keydown
28894700, ,keydown
28894900,m,keydown
28894900,a,keydown
28895000, ,keydown
28895200,n,keydown
28895500,o,keydown
28895700,n,keydown
28895800, ,keydown
28896100,i,keydown
28896300,n,keydown
28896500, ,keydown
28896700,m,keydown
28896800,o,keydown
28897000,n,keydown
28897100,t,keydown
28897400,a,keydown
28897800,g,keydown
28897900,n,keydown
28898100,a,keydown
28898100, ,keydown
28898800,d,keydown
28899000,o,keydown
28899100,v,keydown
28899300,e,keydown
28899400, ,keydown
28900100,t,keydown
28900200,u,keydown
28900400,t,keydown
28900400,t,keydown
28900500,i,keydown
28901000,Enter,keydown
28901200,s,keydown
28901400,e,keydown
28901900,n,keydown
28902100,t,keydown
28902200,o,keydown
28902400,n,keydown
28902600,o,keydown
28903100, ,keydown
28903400,l,keydown
28903800,#,keydown
28904300,u,keydown
28904400,r,keydown
28904600,g,keydown
28904800,r,keydown
28905200,Backspace,keydown
28906000,e,keydown
28906200,n,keydown
28906700,z,keydown
28906900,a,keydown
28907000, ,keydown
28907700,d,keydown
28907800,i,keydown
28908000, ,keydown
28908700,a,keydown
28908900,n,keydown
28909100,d,keydown
28909200,a,keydown
28909400, ,keydown
28909400,r,keydown
28909400,e,keydown
28909600, ,keydown
28910000,Backspace,keydown
28910100,Backspace,keydown
28910200,Backspace,keydown
28910400,Backspace,keydown
28910600,r,keydown
28910600,t,keydown
28911000,Backspace,keydown
28911500,e,keydown
28911700, ,keydown
28911800,a,keydown
28911900, ,keydown
28912400,f,keydown
28912500,a,keydown
28912700,r,keydown
28912800,e,keydown
28912800, ,keydown
28913400,f,keydown
28913600,a,keydown
28913800,t,keydown
28914000,i,keydown
28914000,u,keydown
28914700,Backspace,keydown
28915100,c,keydown
28915400,o,keydown
28915600,s,keydown
28915700,s,keydown
28915800,i,keydown
28916900,Backspace,keydown
28917000,Backspace,keydown
28917300,i,keydown
28917700,s,keydown
28917800,s,keydown
28918100,i,keydown
28918500,m,keydown
28918500,e,keydown
28918600, ,keydown
28919100,p,keydown
28919200,a,keydown
28919500,s,keydown
28919600,s,keydown
28919800,e,keydown
28920000,g,keydown
28920100,g,keydown
28920200,i,keydown
28920400,a,keydown
28921200,t,keydown
28921200,e,keydown
28923000, ,keydown
28924300,s,keydown
28924600,u,keydown
28925000,Enter,keydown
28925200,e,keydown
28925300, ,keydown
28926400,g,keydown
28926700,i,keydown
28926900,u,keydown
28927800,#,keydown
28928100,.,keydown
28928600, ,keydown
28928700,#,keydown
28928900,c,keydown
28929200,i,keydown
28929300,a,keydown
28929300,o,keydown
28929900,",",keydown
28930100, ,keydown
28930300,#,keydown
28930400,v,keydown
28930600,i,keydown
28930700,v,keydown
28930700,i,keydown
28931000,a,keydown
28931100,n,keydown
28931100,a,keydown
