timestamp,key,type
4036000,Backspace,keydown
4036000,Backspace,keydown
4036000,Backspace,keydown
4036000,Backspace,keydown
4036100,Backspace,keydown
4036100,Backspace,keydown
4036100,Backspace,keydown
4036100,Backspace,keydown
4036100,#,keydown
4036200,o,keydown
4036500,g,keydown
4036500,g,keydown
4036700,i,keydown
4036900, ,keydown
4037100,s,keydown
4037200,o,keydown
4037300,n,keydown
4037400,o,keydown
4037600, ,keydown
4037700,p,keydown
4037900,r,keydown
4037900,o,keydown
4038100,p,keydown
4038300,r,keydown
4038400,i,keydown
4038400,o,keydown
4038600, ,keydown
4038700,a,keydown
4038900,r,keydown
4039000,r,keydown
4039200,a,keydown
4039300,b,keydown
4039400,b,keydown
4039600,i,keydown
4039600,a,keydown
4039800,t,keydown
4039800,a,keydown
4040000, ,keydown
4040100,p,keydown
4040200,e,keydown
4040200,r,keydown
4040400,c,keydown
4040500,h,keydown
4041000,#,keydown
4042000,Backspace,keydown
4042700,e,keydown
4043200,#,keydown
4043400, ,keydown
4043500,u,keydown
4043700,n,keydown
4043900, ,keydown
4044000,c,keydown
4044000,a,keydown
4044200,v,keydown
4044200,o,keydown
4044500,l,keydown
4044700,o,keydown
4044700, ,keydown
4044900,d,keydown
4045100,i,keydown
4045500, ,keydown
4046200,r,keydown
4046200,e,keydown
4046300,t,keydown
4046500,e,keydown
4046500, ,keydown
4046700,n,keydown
4046900,e,keydown
4047000,u,keydown
4047000,r,keydown
4047100,a,keydown
4047300,l,keydown
4047400,e,keydown
4048200, ,keydown
4048500,m,keydown
4048600,i,keydown
4048800,Enter,keydown
4049000,s,keydown
4049200,t,keydown
4049200,a,keydown
4049400, ,keydown
4049400,f,keydown
4049500,a,keydown
4049700,c,keydown
4049800,e,keydown
4049900,n,keydown
4050100,d,keydown
4050200,o,keydown
4050300, ,keydown
4050400,i,keydown
4050600,m,keydown
4050700,p,keydown
4050900,a,keydown
4051100,z,keydown
4051200,z,keydown
4051300,i,keydown
4051600,r,keydown
4051700,e,keydown
4051900,.,keydown
4052100, ,keydown
4052200,#,keydown
4052300,p,keydown
4052500,e,keydown
4052500,r,keydown
4052700, ,keydown
4052800,l,keydown
4052900,a,keydown
4053000, ,keydown
4053100,v,keydown
4053200,e,keydown
4053200,r,keydown
4053400,i,keydown
4053500,t,keydown
4053700,a,keydown
4053900,#,keydown
4054100, ,keydown
4054200,s,keydown
4054400,o,keydown
4054600,n,keydown
4054800,o,keydown
4054900, ,keydown
4055000,t,keydown
4055200,r,keydown
4055300,e,keydown
4055400, ,keydown
4055600,g,keydown
4056200,i,keydown
4056300,o,keydown
4056600,n,keydown
4056700,r,keydown
4057000,Backspace,keydown
4057200,Backspace,keydown
4057300,r,keydown
4057500,n,keydown
4057700,o,keydown
4058100,Backspace,keydown
4058500,i,keydown
4058700, ,keydown
4058800,c,keydown
4059000,h,keydown
4059100,e,keydown
4059100, ,keydown
4059200,m,keydown
4059500,i,keydown
4059600, ,keydown
4059800,f,keydown
4059800,a,keydown
4060400,Enter,keydown
4060700,i,keydown
4060900,m,keydown
4061100,p,keydown
4061200,a,keydown
4061400,z,keydown
4061600,z,keydown
4061700,i,keydown
4062000,r,keydown
4062100,e,keydown
4062400,#,keydown
4062500,#,keydown
4062700, ,keydown
4064100,o,keydown
4064300,r,keydown
4064400,a,keydown
4064500, ,keydown
4064600,s,keydown
4064800,i,keydown
4064900, ,keydown
4065200,b,keydown
4065300,l,keydown
4065500,o,keydown
4065600,c,keydown
4065700,c,keydown
4065800,a,keydown
4065900, ,keydown
4066000,s,keydown
4066200,u,keydown
4066400, ,keydown
4066400,u,keydown
4066700,n,keydown
4066700,a,keydown
4066800, ,keydown
4067000,f,keydown
4067400,s,keydown
4067500,c,keydown
4067700,a,keydown
4067800,n,keydown
4068000,f,keydown
4068600, ,keydown
4068800,.,keydown
4069000,.,keydown
4069200,.,keydown
4069500, ,keydown
4069600,m,keydown
4069700,a,keydown
4069800, ,keydown
4069900,d,keydown
4070100,i,keydown
4070200,c,keydown
4070300,o,keydown
4070400, ,keydown
4070600,i,keydown
4070700,o,keydown
4071000,",",keydown
4071100, ,keydown
4074500,q,keydown
4074600,u,keydown
4074700,e,keydown
4074800,l,keydown
4075000,l,keydown
4075100,a,keydown
4075600, ,keydown
4075700,s,keydown
4076100,t,keydown
4076100,e,keydown
4076300,s,keydown
4076400,s,keydown
4076700,a,keydown
4076900,Enter,keydown
4077900,f,keydown
4078000,s,keydown
4078200,c,keydown
4078600,a,keydown
4078900,n,keydown
4079400,f,keydown
4080400, ,keydown
4080800,f,keydown
4080900,u,keydown
4084400,n,keydown
4085300,z,keydown
4085400,i,keydown
4085500,o,keydown
4085700,n,keydown
4085800,a,keydown
4085900, ,keydown
4086500,s,keydown
4086600,u,keydown
4086800, ,keydown
4087400,t,keydown
4087500,u,keydown
4087600,t,keydown
4087700,t,keydown
4087900,e,keydown
4088000, ,keydown
4088200,l,keydown
4088200,e,keydown
4088400, ,keydown
4088400,a,keydown
4088700,l,keydown
4088700,t,keydown
4088800,r,keydown
4089000,e,keydown
4089100, ,keydown
4089600,m,keydown
4089700,a,keydown
4089900,c,keydown
4090000,c,keydown
4090100,h,keydown
4090300,i,keydown
4090400,n,keydown
4090500,e,keydown
4090700, ,keydown
4090800,s,keydown
4090900,u,keydown
4091000, ,keydown
4091300,c,keydown
4091500,u,keydown
4091600,i,keydown
4091900, ,keydown
4092700,g,keydown
4092900,i,keydown
4093000,r,keydown
4093100,a,keydown
4093300, ,keydown
4093700,q,keydown
4093800,u,keydown
4094000,e,keydown
4094100,s,keydown
4094200,t,keydown
4094400,a,keydown
4094500, ,keydown
4095000,Enter,keydown
4095200,b,keydown
4095300,e,keydown
4095500,n,keydown
4095600,e,keydown
4096000,d,keydown
4096200,e,keydown
4096300,t,keydown
4096500,t,keydown
4096600,a,keydown
4096900, ,keydown
4097500,r,keydown
4097600,e,keydown
4097900,t,keydown
4097900,e,keydown
4098100, ,keydown
4098400,n,keydown
4098600,e,keydown
4098700,u,keydown
4098800,r,keydown
4099100,a,keydown
4099200,l,keydown
4099400,e,keydown
4100200,",",keydown
4100400, ,keydown
4100600,s,keydown
4100800,o,keydown
4101000,l,keydown
4101300,o,keydown
4101400, ,keydown
4101700,s,keydown
4101900,u,keydown
4102000, ,keydown
4102700,s,keydown
4102700,a,keydown
4102900,n,keydown
4103000,d,keydown
4103100,o,keydown
4103400,k,keydown
4103500,a,keydown
4103600,n,keydown
4103800, ,keydown
4104200,n,keydown
4104300,o,keydown
4104500,n,keydown
4104700, ,keydown
4105200,v,keydown
4105300,u,keydown
4105500,o,keydown
4105600,l,keydown
4105900,e,keydown
4105900, ,keydown
4106200,f,keydown
4106300,u,keydown
4106400,n,keydown
4106500,z,keydown
4106600,i,keydown
4106700,o,keydown
4107000,n,keydown
4107200,a,keydown
4107400,r,keydown
4107400,e,keydown
4107700,.,keydown
4107800, ,keydown
4109100,#,keydown
4109300,e,keydown
4109300,Enter,keydown
4109500,c,keydown
4109600,o,keydown
4109900,s,keydown
4110100,a,keydown
4110200, ,keydown
4110400,f,keydown
4110600,a,keydown
4110700, ,keydown
4110800,q,keydown
4111000,u,keydown
4111100,e,keydown
4111300,s,keydown
4111300,t,keydown
4111500,a,keydown
4111600, ,keydown
4112100,f,keydown
4112400,s,keydown
4112400,c,keydown
4112700,a,keydown
4112800,n,keydown
4113000,f,keydown
4113200,#,keydown
4113400,#,keydown
4113500, ,keydown
4113900,#,keydown
4114100,a,keydown
4114400,s,keydown
4114600,s,keydown
4114800,e,keydown
4114900,g,keydown
4115100,n,keydown
4115200,a,keydown
4115300, ,keydown
4115400,u,keydown
4115700,n,keydown
4115800, ,keydown
4116000,c,keydown
4116400,Backspace,keydown
4116500,v,keydown
4116500,a,keydown
4116700,l,keydown
4116900,o,keydown
4117000,r,keydown
4117100,e,keydown
4117300, ,keydown
4117400,a,keydown
4117500, ,keydown
4117700,u,keydown
4117800,n,keydown
4118000,a,keydown
4118100, ,keydown
4118600,v,keydown
4118800,a,keydown
4118900,r,keydown
4119000,i,keydown
4119000,a,keydown
4119300,b,keydown
4119500,o,keydown
4119500,i,keydown
4120400,Backspace,keydown
4120500,Backspace,keydown
4121000,i,keydown
4121100,l,keydown
4121300,e,keydown
4121400, ,keydown
4121500,i,keydown
4121800,n,keydown
4121800,t,keydown
4122000,e,keydown
4122100,r,keydown
4122600,Backspace,keydown
4122800,a,keydown
4123200,.,keydown
4123700,Backspace,keydown
4123800,Backspace,keydown
4124300,r,keydown
4124400,a,keydown
4124600,.,keydown
4124900, ,keydown
4125100,#,keydown
4125100,f,keydown
4125300,o,keydown
4125400,s,keydown
4125600,s,keydown
4125800,e,keydown
4125900,Enter,keydown
4126100,a,keydown
4126400,l,keydown
4126700,m,keydown
4126700,e,keydown
4126800,n,keydown
4127100,o,keydown
4127200, ,keydown
4127300,u,keydown
4127600,n,keydown
4127700, ,keydown
4127900,v,keydown
4128000,e,keydown
4128300,t,keydown
4128400,t,keydown
4128600,o,keydown
4128700,r,keydown
4128700,e,keydown
4128800, ,keydown
4129000,n,keydown
4129100,o,keydown
4129300,n,keydown
4129400, ,keydown
4129600,a,keydown
4129700,l,keydown
4129900,l,keydown
4130100,o,keydown
4130200,c,keydown
4130200,a,keydown
4130500,t,keydown
4130500,o,keydown
4130700, ,keydown
4130900,o,keydown
4131100, ,keydown
4131100,c,keydown
4131200,h,keydown
4131300,e,keydown
4131400, ,keydown
4131700,s,keydown
4131800,o,keydown
4131900, ,keydown
4132100,i,keydown
4132200,o,keydown
4132400,",",keydown
4132600, ,keydown
4133000,u,keydown
4133200,n,keydown
4133300,a,keydown
4133500, ,keydown
4134100,v,keydown
4134300,a,keydown
4134400,r,keydown
4134500,i,keydown
4134600,a,keydown
4134800,b,keydown
4134800,i,keydown
4135100,l,keydown
4135100,e,keydown
4135300, ,keydown
4135400,i,keydown
4135500,n,keydown
4135700,t,keydown
4135800,e,keydown
4135900,r,keydown
4136100,a,keydown
4136200, ,keydown
4136300,e,keydown
4136500,#,keydown
4136800, ,keydown
4137000,p,keydown
4137200,r,keydown
4137200,o,keydown
4137400,p,keydown
4137500,r,keydown
4137600,i,keydown
4137700,o,keydown
4138000,Enter,keydown
4138600,i,keydown
4138800,l,keydown
4138900, ,keydown
4139000,c,keydown
4139100,o,keydown
4139300,l,keydown
4139800,m,keydown
4140000,o,keydown
4140200,#,keydown
4140400,#,keydown
4140500,#,keydown
4141000, ,keydown
4142500,#,keydown
4142700,e,keydown
4142900,p,keydown
4143000,p,keydown
4143300,u,keydown
4143600,r,keydown
4143800,e,keydown
4144000, ,keydown
4144000,c,keydown
4144100,o,keydown
4144300,s,keydown
4144300,i,keydown
4144600,#,keydown
4144800, ,keydown
4144900,e,keydown
4145200,#,keydown
4145800, ,keydown
4145900,e,keydown
4146000, ,keydown
4146200,i,keydown
4146300,o,keydown
4146500, ,keydown
4146600,d,keydown
4146800,e,keydown
4147000,v,keydown
4147100,o,keydown
4147300, ,keydown
4147400,c,keydown
4147500,e,keydown
4147700,r,keydown
4147900,c,keydown
4148000,a,keydown
4148200,r,keydown
4148300,e,keydown
4148400, ,keydown
4148700,d,keydown
4148700,i,keydown
4148900, ,keydown
4149000,m,keydown
4149100,e,keydown
4149400,t,keydown
4149500,t,keydown
4149700,e,keydown
4149800,r,keydown
4149800,e,keydown
4149900, ,keydown
4150100,a,keydown
4150200, ,keydown
4150700,p,keydown
4150800,o,keydown
4150900,s,keydown
4151200,t,keydown
4151300,o,keydown
4151300, ,keydown
4151500,l,keydown
4151600,e,keydown
4151700,Enter,keydown
4152400,c,keydown
4152600,o,keydown
4152700,s,keydown
4152900,e,keydown
4153100,.,keydown
4153200, ,keydown
4154700,#,keydown
4156400,e,keydown
4156600, ,keydown
4156700,q,keydown
4156900,u,keydown
4157000,e,keydown
4157100,s,keydown
4157300,t,keydown
4157400,e,keydown
4157400, ,keydown
4157700,e,keydown
4157800,#,keydown
4158100, ,keydown
4158300,v,keydown
4158500,e,keydown
4158500,r,keydown
4158700,a,keydown
4158800,m,keydown
4158900,e,keydown
4159000,n,keydown
4159100,t,keydown
4159200,e,keydown
4159400, ,keydown
4160200,o,keydown
4160500,d,keydown
4160500,i,keydown
4160700,o,keydown
4161100,s,keydown
4161300,o,keydown
4162300,",",keydown
4162400, ,keydown
4162600,s,keydown
4162800,o,keydown
4162900,p,keydown
4163100,r,keydown
4163200,a,keydown
4163300,t,keydown
4163500,t,keydown
4163600,u,keydown
4163800,t,keydown
4163900,t,keydown
4164000,o,keydown
4164100, ,keydown
4164300,c,keydown
4164400,o,keydown
4164700,n,keydown
4164700, ,keydown
4165200,g,keydown
4165400,i,keydown
4165400,o,keydown
4165500,r,keydown
4165700,n,keydown
4165700,a,keydown
4166000,t,keydown
4166000,e,keydown
4166500, ,keydown
4166700,d,keydown
4166800,i,keydown
4167100,Enter,keydown
4167200,c,keydown
4167400,i,keydown
4167400,e,keydown
4167600,l,keydown
4167800,o,keydown
4167900, ,keydown
4168000,s,keydown
4168100,e,keydown
4168200,r,keydown
4168400,e,keydown
4168600,n,keydown
4168700,o,keydown
4168900, ,keydown
4168900,i,keydown
4169200,n,keydown
4169300, ,keydown
4169500,c,keydown
4169600,u,keydown
4169600,i,keydown
4169900, ,keydown
4170000,t,keydown
4170200,u,keydown
4170300,t,keydown
4170500,t,keydown
4170700,o,keydown
4170800, ,keydown
4171800,v,keydown
4171900,o,keydown
4172000,r,keydown
4172100,r,keydown
4172200,e,keydown
4172500,s,keydown
4172600,t,keydown
4172800,i,keydown
4172900, ,keydown
4173000,t,keydown
4173000,r,keydown
4173200,a,keydown
4173400,n,keydown
4173600,n,keydown
4173600,e,keydown
4173800, ,keydown
4173900,c,keydown
4174100,h,keydown
4174100,e,keydown
4174200, ,keydown
4174400,a,keydown
4174400,n,keydown
4174700,d,keydown
4174900,a,keydown
4175000,r,keydown
4175100,e,keydown
4175200, ,keydown
4175400,a,keydown
4175600, ,keydown
4176100,r,keydown
4176300,e,keydown
4176500,g,keydown
4176500,o,keydown
4176800,l,keydown
4176800,a,keydown
4177000,r,keydown
4177100,e,keydown
4177500, ,keydown
4177600,l,keydown
4177600,e,keydown
4177800,Enter,keydown
4178400,p,keydown
4178400,a,keydown
4178700,t,keydown
4178900,u,keydown
4179000,r,keydown
4179700,n,keydown
4179800,i,keydown
4180000,e,keydown
4180100, ,keydown
4180200,d,keydown
4180400,i,keydown
4180500, ,keydown
4180600,u,keydown
4180800,n,keydown
4181000,a,keydown
4181000, ,keydown
4181200,r,keydown
4181200,e,keydown
4181300,t,keydown
4181500,e,keydown
4181500, ,keydown
4181700,n,keydown
4181800,e,keydown
4181900,u,keydown
4182000,r,keydown
4182200,a,keydown
4182300,l,keydown
4182300,e,keydown
4182500,.,keydown
4182800, ,keydown
4184800,#,keydown
4185100,#,keydown
4185100,m,keydown
4185200,a,keydown
4185500,h,keydown
4186200,Backspace,keydown
4186500,Backspace,keydown
4186600,Backspace,keydown
4186800,Backspace,keydown
4187000,#,keydown
4187200,m,keydown
4187400,a,keydown
4187600,h,keydown
4187800,",",keydown
4188000, ,keydown
4190400,s,keydown
4190500,p,keydown
4190700,e,keydown
4190900,r,keydown
4190900,i,keydown
4191100,a,keydown
4191200,m,keydown
4191400,o,keydown
4191500, ,keydown
4191500,d,keydown
4191600,i,keydown
4191700, ,keydown
4191900,r,keydown
4192200,i,keydown
4192400,s,keydown
4192500,o,keydown
4192700,l,keydown
4193000,v,keydown
4193100,e,keydown
4193200,r,keydown
4193300,e,keydown
4193300, ,keydown
4193500,i,keydown
4193700,n,keydown
4193800, ,keydown
4194000,f,keydown
4194000,r,keydown
4194300,e,keydown
4194400,t,keydown
4194500,t,keydown
4194600,a,keydown
4194900,.,keydown
4195100, ,keydown
4195700,Enter,keydown
4196300,#,keydown
4196600,c,keydown
4196700,o,keydown
4197000,m,keydown
4198100,i,keydown
4198300,n,keydown
4198500,c,keydown
4198700,i,keydown
4198700,o,keydown
4199000, ,keydown
4199100,a,keydown
4199200, ,keydown
4199800,p,keydown
4199900,r,keydown
4200000,o,keydown
4200100,v,keydown
4200200,a,keydown
4200500,r,keydown
4200500,e,keydown
4200600, ,keydown
4200800,i,keydown
4200900,l,keydown
4201100, ,keydown
4201600,d,keydown
4201600,e,keydown
4201900,s,keydown
4202000,i,keydown
4202300,d,keydown
4202400,e,keydown
4202600,r,keydown
4202800,i,keydown
4202800,o,keydown
4203000, ,keydown
4203100,d,keydown
4203300,i,keydown
4203400, ,keydown
4203600,r,keydown
4203700,i,keydown
4203900,m,keydown
4204300,u,keydown
4204600,o,keydown
4204700,v,keydown
4204900,e,keydown
4205100,r,keydown
4205100,e,keydown
4205300, ,keydown
4205500,t,keydown
4205600,u,keydown
4205700,t,keydown
4205900,t,keydown
4206400,o,keydown
4206700, ,keydown
4206800,i,keydown
4207100,l,keydown
4207200, ,keydown
4207700,s,keydown
4207900,w,keydown
4208000, ,keydown
4208300,p,keydown
4208400,e,keydown
4208500,r,keydown
4210200,Backspace,keydown
4210300,Backspace,keydown
4210600,Backspace,keydown
4211700,Backspace,keydown
4212100,",",keydown
4212200, ,keydown
4212400,a,keydown
4212500,c,keydown
4212700,c,keydown
4212800,i,keydown
4212900,d,keydown
4213000,e,keydown
4213200,n,keydown
4213200,t,keydown
4213300,i,keydown
