timestamp,key,type
38930900,Backspace,keydown
38930900,Backspace,keydown
38930900,Backspace,keydown
38930900,Backspace,keydown
38930900,Backspace,keydown
38930900,Backspace,keydown
38930900,Backspace,keydown
38930900,Backspace,keydown
38930900,n,keydown
38931200,o,keydown
38931300,n,keydown
38931500, ,keydown
38931800,e,keydown
38932100,#,keydown
38932300, ,keydown
38932600,c,keydown
38932800,h,keydown
38933100,e,keydown
38933300, ,keydown
38933500,o,keydown
38933800,g,keydown
38933900,g,keydown
38934200,i,keydown
38934300, ,keydown
38935100,a,keydown
38935500,b,keydown
38935700,b,keydown
38935900,i,keydown
38936200,a,keydown
38936400, ,keydown
38936700,v,keydown
38937000,o,keydown
38937200,g,keydown
38937600,l,keydown
38937800,i,keydown
38938300,a,keydown
38938500, ,keydown
38939900,Backspace,keydown
38940400,.,keydown
38940400,.,keydown
38940600,.,keydown
38941200, ,keydown
38941900,s,keydown
38942200,o,keydown
38942300,l,keydown
38942600,o,keydown
38942800, ,keydown
38943000,c,keydown
38943200,h,keydown
38943600,e,keydown
38943800, ,keydown
38944000,m,keydown
38944100,i,keydown
38944300, ,keydown
38944600,r,keydown
38944900,i,keydown
38945100,t,keydown
38945400,e,keydown
38945700,n,keydown
38946000,g,keydown
38946400,o,keydown
38946500, ,keydown
38946700,m,keydown
38947100,o,keydown
38948200,Backspace,keydown
38948300,Backspace,keydown
38949100,#,keydown
38949400,m,keydown
38949800,o,keydown
38950100,r,keydown
38950300,a,keydown
38950700,l,keydown
38950900,m,keydown
38951200,e,keydown
38951500,n,keydown
38951800,t,keydown
38952000,e,keydown
38952500,#,keydown
38952600, ,keydown
38954500,Enter,keydown
38957500,i,keydown
38957700,m,keydown
38957900,p,keydown
38958300,e,keydown
38958700,g,keydown
38959000,n,keydown
38959300,a,keydown
38959600,t,keydown
38959900,o,keydown
38960200, ,keydown
38960400,#,keydown
38960800,u,keydown
38961000,n,keydown
38961300,a,keydown
38961500, ,keydown
38961800,p,keydown
38962200,r,keydown
38962300,e,keydown
38962800,m,keydown
38963100,e,keydown
38963400,s,keydown
38963400,s,keydown
38963900,a,keydown
38964100, ,keydown
38964300,e,keydown
38964700,#,keydown
38964900, ,keydown
38965100,u,keydown
38965300,n,keydown
38965500, ,keydown
38966300,Backspace,keydown
38966800,a,keydown
38967000, ,keydown
38967300,p,keydown
38967500,r,keydown
38968000,o,keydown
38968200,m,keydown
38968500,e,keydown
38968800,s,keydown
38969000,s,keydown
38969200,a,keydown
38969400, ,keydown
38970300,#,keydown
38970900,c,keydown
38971200,o,keydown
38971500,m,keydown
38971700,e,keydown
38971900, ,keydown
38972100,s,keydown
38972400,i,keydown
38972600, ,keydown
38972900,d,keydown
38973100,i,keydown
38973500,c,keydown
38973700,e,keydown
38973800, ,keydown
38974100,i,keydown
38974300,n,keydown
38974500, ,keydown
38975600,i,keydown
38975900,n,keydown
38976400,g,keydown
38976800,l,keydown
38977100,e,keydown
38977400,s,keydown
38977600,e,keydown
38978300,#,keydown
38980200,Enter,keydown
38981400,s,keydown
38983800,Backspace,keydown
38984600,s,keydown
38984900,i,keydown
38985100, ,keydown
38985300,f,keydown
38985800,Backspace,keydown
38986000,d,keydown
38986300,i,keydown
38986700,c,keydown
38987000,e,keydown
38987100, ,keydown
38987400,i,keydown
38987600,n,keydown
38987800, ,keydown
38988000,i,keydown
38988200,n,keydown
38988600,g,keydown
38989100,l,keydown
38989400,e,keydown
38989600,s,keydown
38989800,e,keydown
38990800,#,keydown
38991300,Backspace,keydown
38992100,#,keydown
38992500, ,keydown
38993800,#,keydown
38994200,i,keydown
38994400,n,keydown
38994700,g,keydown
38995100,l,keydown
38995600,e,keydown
38995800,s,keydown
38996000,e,keydown
38996700,#,keydown
38996900, ,keydown
38997800,Backspace,keydown
38998600,",",keydown
38998900, ,keydown
38999400,c,keydown
38999700,o,keydown
38999900,m,keydown
39000200,e,keydown
39000400, ,keydown
39000800,l,keydown
39001000,i,keydown
39001700,n,keydown
39002100,g,keydown
39002500,u,keydown
39002800,a,keydown
39002900, ,keydown
39003700,v,keydown
39004300,u,keydown
39004600,o,keydown
39004700,l,keydown
39005000,e,keydown
39005200, ,keydown
39005700,l,keydown
39006000,a,keydown
39006200, ,keydown
39008300,#,keydown
39008700,i,keydown
39009300,#,keydown
39010400, ,keydown
39014000,#,keydown
39014500,c,keydown
39014800,i,keydown
39014900,o,keydown
39015200,e,keydown
39015700,#,keydown
39015900, ,keydown
39016000,l,keydown
39016400,a,keydown
39017400,Enter,keydown
39018800,#,keydown
39019200,i,keydown
39020300, ,keydown
39020600,m,keydown
39020900,a,keydown
39021700,i,keydown
39022800,u,keydown
39023100,s,keydown
39023500,c,keydown
39024000,l,keydown
39024200,o,keydown
39024800,Backspace,keydown
39025100,a,keydown
39025900,#,keydown
39028100,Backspace,keydown
39028200,Backspace,keydown
39028400,Backspace,keydown
39028900,Backspace,keydown
39029900,c,keydown
39030200,o,keydown
39030400,l,keydown
39030700,a,keydown
39031300,#,keydown
39031700,#,keydown
39032400,#,keydown
39034600,#,keydown
39035800,#,keydown
39041600,.,keydown
39041900, ,keydown
39043300,o,keydown
39043600,p,keydown
39044300,s,keydown
39044400,s,keydown
39045000,.,keydown
39045100,.,keydown
39045300,.,keydown
39045700, ,keydown
39046300,h,keydown
39046600,o,keydown
39046800, ,keydown
39047200,v,keydown
39047500,i,keydown
39047800,s,keydown
39048200,t,keydown
39048400,o,keydown
39048600, ,keydown
39049000,u,keydown
39049200,n,keydown
39049400, ,keydown
39053300,#,keydown
39054000,t,keydown
39054200,y,keydown
39054500,p,keydown
39054800,e,keydown
39055100,s,keydown
39055700,#,keydown
39056400,Backspace,keydown
39056600,Backspace,keydown
39056800,Backspace,keydown
39057900,o,keydown
39058200,s,keydown
39058700,#,keydown
39059000,#,keydown
39059500, ,keydown
39059800,d,keydown
39060200,Backspace,keydown
39060500,s,keydown
39060900,o,keydown
39061000,s,keydown
39061300,t,keydown
39061600,i,keydown
39061900,t,keydown
39062300,u,keydown
39062500,i,keydown
39063300,Backspace,keydown
39063400,Backspace,keydown
39063600,Backspace,keydown
39063700,Backspace,keydown
39063800,Backspace,keydown
39063900,Backspace,keydown
39064100,Backspace,keydown
39064300,Backspace,keydown
39066200,#,keydown
39067100,Backspace,keydown
39067800,s,keydown
39068100,o,keydown
39068400,s,keydown
39068700,t,keydown
39069100,i,keydown
39069400,t,keydown
39069800,u,keydown
39069900,i,keydown
39070200,r,keydown
39070400,e,keydown
39070600, ,keydown
39070800,l,keydown
39071200,a,keydown
39071300, ,keydown
39071600,p,keydown
39072000,r,keydown
39072300,i,keydown
39072500,m,keydown
39072800,a,keydown
39073600,Enter,keydown
39074500,o,keydown
39074700,c,keydown
39074900,c,keydown
39075200,o,keydown
39075600,r,keydown
39075700,r,keydown
39076100,e,keydown
39076600,n,keydown
39076800,z,keydown
39077100,a,keydown
39077300, ,keydown
39078400,d,keydown
39078800,o,keydown
39079100,Backspace,keydown
39079400,i,keydown
39079600, ,keydown
39080100,#,keydown
39080400,p,keydown
39080800,r,keydown
39080900,e,keydown
39081200,m,keydown
39081600,e,keydown
39081900,s,keydown
39082000,s,keydown
39082200,a,keydown
39082900,#,keydown
39083600, ,keydown
39084400,i,keydown
39085100,n,keydown
39085300, ,keydown
39085700,q,keydown
39086100,u,keydown
39086400,e,keydown
39086500,s,keydown
39086900,t,keydown
39087200,o,keydown
39087400, ,keydown
39087700,t,keydown
39087800,e,keydown
39088000,s,keydown
39088500,o,keydown
39088600, ,keydown
39089800,c,keydown
39090100,o,keydown
39090300,n,keydown
39090400, ,keydown
39090900,#,keydown
39091200,p,keydown
39091500,r,keydown
39091900,o,keydown
39092100,m,keydown
39092500,e,keydown
39092700,s,keydown
39092700,s,keydown
39093200,o,keydown
39093800,#,keydown
39096000,Backspace,keydown
39096100,Backspace,keydown
39096900,a,keydown
39097500,#,keydown
39097900,.,keydown
39098100, ,keydown
39099100,o,keydown
39099400,r,keydown
39099600,a,keydown
39099800, ,keydown
39100800,f,keydown
39100900,a,keydown
39101200, ,keydown
39101700,p,keydown
39102200,i,keydown
39102400,u,keydown
39103400,Enter,keydown
39104100,s,keydown
39104300,e,keydown
39104900,n,keydown
39105100,s,keydown
39105600,o,keydown
39106000,",",keydown
39106200, ,keydown
39106500,n,keydown
39106700,e,keydown
39107200,v,keydown
39107300,v,keydown
39107400,e,keydown
39107600,r,keydown
39108000,o,keydown
39108700,#,keydown
39110100, ,keydown
39112400,#,keydown
39113300,c,keydown
39113700,o,keydown
39113900,m,keydown
39114200,e,keydown
39114400, ,keydown
39114500,d,keydown
39115000,i,keydown
39115400,c,keydown
39115600,e,keydown
39116000,v,keydown
39116300,a,keydown
39116500, ,keydown
39117700,r,keydown
39117900,e,keydown
39118100, ,keydown
39121300,g,keydown
39121600,i,keydown
39121800,o,keydown
39122100,r,keydown
39122600,g,keydown
39123000,i,keydown
39123100,o,keydown
39123700,",",keydown
39123900, ,keydown
39124200,q,keydown
39124700,u,keydown
39125000,e,keydown
39125500,l,keydown
39125500,l,keydown
39125700,o,keydown
39125900, ,keydown
39126800,p,keydown
39127100,a,keydown
39127400,z,keydown
39127500,z,keydown
39127900,o,keydown
39128100, ,keydown
39130300,#,keydown
39130900,p,keydown
39131000,o,keydown
39131200,i,keydown
39131500, ,keydown
39131800,r,keydown
39132100,i,keydown
39132500,n,keydown
39132800,s,keydown
39132900,a,keydown
39133300,v,keydown
39133700,i,keydown
39133900,t,keydown
39134300,o,keydown
39134900,#,keydown
39135500,Enter,keydown
39137100,d,keydown
39137300,e,keydown
39137700,l,keydown
39137800, ,keydown
39138300,f,keydown
39138600,i,keydown
39138900,l,keydown
39139100,m,keydown
39141300,.,keydown
39141500,.,keydown
39141600,.,keydown
39143200,Backspace,keydown
39143300,Backspace,keydown
39143400,Backspace,keydown
39143800, ,keydown
39144400,#,keydown
39144900,o,keydown
39145000, ,keydown
39145200,d,keydown
39145500,e,keydown
39146100,Backspace,keydown
39146500,o,keydown
39147300,v,keydown
39147600,r,keydown
39147800,e,keydown
39148200,i,keydown
39148300, ,keydown
39148500,d,keydown
39148800,i,keydown
39149100,r,keydown
39149300,e,keydown
39149400, ,keydown
39149600,d,keydown
39149800,e,keydown
39150200,l,keydown
39150300,l,keydown
39150700,a,keydown
39150800, ,keydown
39151400,#,keydown
39151700,p,keydown
39152500,Backspace,keydown
39152600,Backspace,keydown
39152700,Backspace,keydown
39152800,Backspace,keydown
39153000,Backspace,keydown
39153100,Backspace,keydown
39153300,Backspace,keydown
39153500,Backspace,keydown
39154200,#,keydown
39154800,d,keydown
39155000,e,keydown
39155400,l,keydown
39155400,l,keydown
39155800,a,keydown
39156000, ,keydown
39156200,p,keydown
39156600,e,keydown
39157000,l,keydown
39157000,l,keydown
39157400,a,keydown
39157900,l,keydown
39158000,i,keydown
39158300,c,keydown
39158600,o,keydown
39158800,l,keydown
39159100,a,keydown
39160300,#,keydown
39161400,#,keydown
39169300,#,keydown
39170200,.,keydown
39170300, ,keydown
39170700,c,keydown
39171000,o,keydown
39171300,m,keydown
39171500,i,keydown
39171800,Backspace,keydown
39172100,u,keydown
39172300,n,keydown
39172700,q,keydown
39173100,u,keydown
39173200,e,keydown
39174000,",",keydown
39174200, ,keydown
39174500,a,keydown
39174600, ,keydown
39174900,p,keydown
39175100,r,keydown
39175400,e,keydown
39175600,s,keydown
39175800,c,keydown
39176100,i,keydown
39176400,n,keydown
39176700,d,keydown
39176900,e,keydown
39177100,r,keydown
39177200,e,keydown
39177400, ,keydown
39177500,d,keydown
39177700,a,keydown
39178000,l,keydown
39178100,l,keydown
39178500,a,keydown
39178700, ,keydown
39179200,Enter,keydown
39180100,m,keydown
39180300,i,keydown
39180600,a,keydown
39180800, ,keydown
39181300,n,keydown
39181800,a,keydown
39182200,t,keydown
39182900,u,keydown
39183200,r,keydown
39183400,a,keydown
39183700,l,keydown
39184000,e,keydown
39184200, ,keydown
39185300,t,keydown
39185500,e,keydown
39185900,n,keydown
39186100,d,keydown
39186600,e,keydown
39187100,n,keydown
39187400,z,keydown
39187500,a,keydown
39187800, ,keydown
39188000,a,keydown
39188200, ,keydown
39195600,d,keydown
39196000,i,keydown
39196300,b,keydown
39197500,Backspace,keydown
39198100,c,keydown
39198900,Backspace,keydown
39200800,v,keydown
39201100,a,keydown
39201600,g,keydown
39201900,a,keydown
39202100,r,keydown
39202300,e,keydown
39203700,",",keydown
39204000, ,keydown
39204100,o,keydown
39204400,g,keydown
39204600,g,keydown
39204800,i,keydown
39205000, ,keydown
39205600,a,keydown
39205900,v,keydown
39206400,r,keydown
39206500,e,keydown
39207000,i,keydown
39207200, ,keydown
39207400,p,keydown
39207600,u,keydown
39208000,r,keydown
39208100,e,keydown
39208300, ,keydown
39208600,u,keydown
39208900,n,keydown
39209000, ,keydown
39209300,a,keydown
39209600,r,keydown
39210400,o,keydown
39211200,m,keydown
39211500,e,keydown
39211800,n,keydown
39212100,t,keydown
39213700,o,keydown
39213900, ,keydown
39214500,d,keydown
39214900,o,keydown
39215400,Backspace,keydown
39216300,i,keydown
39216400, ,keydown
39216700,c,keydown
39217000,o,keydown
39217400,n,keydown
39217800,v,keydown
39218100,e,keydown
39218100,r,keydown
39218300,s,keydown
39218600,a,keydown
39221700, ,keydown
39224800,Backspace,keydown
39227200,Backspace,keydown
39227300,Backspace,keydown
39227500,Backspace,keydown
39228300,Enter,keydown
39231400,Backspace,keydown
39233500,Enter,keydown
39235300,Backspace,keydown
39235800,Backspace,keydown
39235900,Backspace,keydown
39236100,Backspace,keydown
39236200,Backspace,keydown
39236400,Backspace,keydown
39236600,Backspace,keydown
39236700,Backspace,keydown
39236800,Backspace,keydown
39237200,Enter,keydown
39238200,c,keydown
39238500,o,keydown
39239200,n,keydown
39240200,v,keydown
39240400,e,keydown
39240500,r,keydown
39240700,s,keydown
39241000,a,keydown
39241100,z,keydown
39241500,i,keydown
39241600,o,keydown
39241900,n,keydown
39242200,e,keydown
39242700,#,keydown
39243000, ,keydown
39244000,l,keydown
39244300,a,keydown
39244500, ,keydown
39244700,v,keydown
39245000,a,keydown
39245100,r,keydown
39245500,i,keydown
39245800,c,keydown
39246000,e,keydown
39246500,l,keydown
39246600,l,keydown
39247400,a,keydown
39250000,.,keydown
39250200, ,keydown
39253300,Backspace,keydown
39253400,Backspace,keydown
39253800, ,keydown
39254900,#,keydown
39255400,s,keydown
39255600,p,keydown
39256000,e,keydown
39256200,r,keydown
39256500,o,keydown
39256700, ,keydown
39257500,n,keydown
39257700,o,keydown
39258000,n,keydown
39258100, ,keydown
39258300,s,keydown
39258600,i,keydown
39258900,a,keydown
39259100, ,keydown
39259300,t,keydown
39259500,r,keydown
39259900,o,keydown
39260100,p,keydown
39260200,p,keydown
39260300,p,keydown
39260500,o,keydown
39260800, ,keydown
39263300,Backspace,keydown
39263500,Backspace,keydown
39263600,Backspace,keydown
39264400,o,keydown
39264500, ,keydown
39264700,p,keydown
39265100,e,keydown
39265200,r,keydown
39265400,s,keydown
39265700,o,keydown
39266000,n,keydown
39266300,a,keydown
39266700,l,keydown
39267000,e,keydown
39267700,#,keydown
39269100,.,keydown
39270600, ,keydown
39270800,c,keydown
39271100,e,keydown
39271300,r,keydown
39271400,t,keydown
39271900,o,keydown
39272100,Enter,keydown
39272900,c,keydown
39273300,h,keydown
39273500,e,keydown
39273700, ,keydown
39275000,p,keydown
39275400,e,keydown
39275500,r,keydown
39275700, ,keydown
39276000,o,keydown
39276400,g,keydown
39276500,g,keydown
39276800,i,keydown
39277000, ,keydown
39277200,#,keydown
39277400,p,keydown
39277800,e,keydown
39278000,r,keydown
39278100, ,keydown
39278300,q,keydown
39278700,u,keydown
39279000,e,keydown
39279100,s,keydown
39279400,t,keydown
39279700,a,keydown
39279900, ,keydown
39280700,s,keydown
39280900,e,keydown
39281100,t,keydown
39281200,t,keydown
39281700,i,keydown
39281900,m,keydown
39282200,a,keydown
39282700,n,keydown
39283300,a,keydown
39283800,#,keydown
39284000, ,keydown
39284600,s,keydown
39284900,o,keydown
39285100,n,keydown
39285400,o,keydown
39285600, ,keydown
39285700,p,keydown
39286100,r,keydown
39286300,a,keydown
39286500,t,keydown
39286800,i,keydown
39287300,c,keydown
39287600,a,keydown
39287900,m,keydown
39288200,e,keydown
39288600,n,keydown
39288800,t,keydown
39289000,e,keydown
39289200, ,keydown
39289400,r,keydown
39289800,i,keydown
39290300,u,keydown
39290600,s,keydown
39290800,c,keydown
39291200,i,keydown
39291400,t,keydown
39291700,o,keydown
39291900, ,keydown
39292200,a,keydown
39292300, ,keydown
39293100,Enter,keydown
39294000,s,keydown
39294400,t,keydown
39294900,f,keydown
39295200,a,keydown
39295600,n,keydown
39296000,g,keydown
39296200,a,keydown
39296600,r,keydown
39297000,l,keydown
39297400,a,keydown
39298700,Backspace,keydown
39298900,Backspace,keydown
39299000,Backspace,keydown
39299200,Backspace,keydown
39299300,Backspace,keydown
39299500,Backspace,keydown
39299600,Backspace,keydown
39299700,Backspace,keydown
39299900,Backspace,keydown
39300600,f,keydown
39300800,a,keydown
39301200,n,keydown
39301600,g,keydown
39301900,a,keydown
39302100,r,keydown
39302400,l,keydown
39302900,a,keydown
39304500,",",keydown
39304800, ,keydown
39305700,q,keydown
39306300,u,keydown
39306500,i,keydown
39306800,n,keydown
39307100,d,keydown
39307400,i,keydown
39307600, ,keydown
39307700,e,keydown
39308100,#,keydown
39308300, ,keydown
39308500,m,keydown
39308800,e,keydown
39309100,h,keydown
39309500,Backspace,keydown
39309800,g,keydown
39310000,l,keydown
39310200,i,keydown
39310400,o,keydown
39310600, ,keydown
39311100,s,keydown
39311300,e,keydown
39311500, ,keydown
39312400,m,keydown
39312600,i,keydown
39312700, ,keydown
39313000,t,keydown
39313200,e,keydown
39313800,n,keydown
39314100,g,keydown
39314500,o,keydown
39314700, ,keydown
39314800,l,keydown
39315200,#,keydown
39315600,a,keydown
39315800,r,keydown
39316700,o,keydown
39316900,m,keydown
39317100,e,keydown
39317500,n,keydown
39317700,t,keydown
39318400,o,keydown
39318700, ,keydown
39320000,v,keydown
39320300,a,keydown
39322600,Backspace,keydown
39322800,Backspace,keydown
39323400,v,keydown
39323700,a,keydown
39323900,r,keydown
39324300,i,keydown
39324600,c,keydown
39324900,e,keydown
39325200,l,keydown
39325300,l,keydown
39325700,a,keydown
39326000, ,keydown
39326700,p,keydown
39327000,e,keydown
39327100,r,keydown
39327300, ,keydown
39327700,l,keydown
39328100,a,keydown
39328700,Enter,keydown
39329700,p,keydown
39330200,r,keydown
39330500,o,keydown
39330900,s,keydown
39331000,s,keydown
39331300,i,keydown
39331800,v,keydown
39332300,Backspace,keydown
39333700,m,keydown
39334100,a,keydown
39334300, ,keydown
39335000,v,keydown
39335200,o,keydown
39335400,l,keydown
39335700,r,keydown
39336100,Backspace,keydown
39336400,t,keydown
39336600,a,keydown
39336900, ,keydown
39337600,#,keydown
39337900,l,keydown
39338300,e,keydown
39338600,g,keydown
39338800,g,keydown
39339100,i,keydown
39339300, ,keydown
39342000,s,keydown
39344400,e,keydown
39344700,t,keydown
39344800,t,keydown
39345100,i,keydown
39345300,m,keydown
39345600,a,keydown
39346000,n,keydown
39346300,a,keydown
39347500,#,keydown
39350200,.,keydown
39350400, ,keydown
39352300,c,keydown
39352800,r,keydown
39354900,e,keydown
39355100,d,keydown
39355400,o,keydown
39355500, ,keydown
39355600,p,keydown
39355900,r,keydown
39356400,o,keydown
39356600,p,keydown
39357000,r,keydown
39357300,i,keydown
39357500,o,keydown
39358700,",",keydown
39358800, ,keydown
39359500,d,keydown
39359900,i,keydown
39360100, ,keydown
39360600,a,keydown
39361400,Backspace,keydown
39361500,Backspace,keydown
39361700,Backspace,keydown
39361900,Backspace,keydown
39362000,Backspace,keydown
39362200,Backspace,keydown
39363000,.,keydown
39363200,.,keydown
39363300,.,keydown
39364800, ,keydown
39365100,d,keydown
39365400,i,keydown
39365600, ,keydown
39365800,a,keydown
39366100,v,keydown
39366400,e,keydown
39366600,r,keydown
39367100,c,keydown
39367300,e,keydown
39367700,l,keydown
39368100,a,keydown
39368200, ,keydown
39369200,f,keydown
39369400,a,keydown
39369800,t,keydown
39369900,t,keydown
39370300,a,keydown
39372600,Enter,keydown
39374800,Enter,keydown
39374900,Enter,keydown
39375100,Enter,keydown
39375200,Enter,keydown
39375400,Enter,keydown
39375500,Enter,keydown
39375700,Enter,keydown
39375800,Enter,keydown
39376000,Enter,keydown
39376100,Enter,keydown
39377100,Backspace,keydown
39377200,Backspace,keydown
39377400,Backspace,keydown
39377500,Backspace,keydown
39377700,Backspace,keydown
39377900,Backspace,keydown
39378000,Backspace,keydown
39378200,Backspace,keydown
39378400,Backspace,keydown
39378900,Backspace,keydown
39382000,Backspace,keydown
39384100,#,keydown
39384300,#,keydown
39384400,#,keydown
39385300,Enter,keydown
