timestamp,key,type
29649800,Backspace,keydown
29649800,Backspace,keydown
29649800,Backspace,keydown
29649800,Backspace,keydown
29649800,Backspace,keydown
29649800,Backspace,keydown
29649800,Backspace,keydown
29649800,Backspace,keydown
29649800,#,keydown
29650200,c,keydown
29650400,i,keydown
29650500,a,keydown
29650600,o,keydown
29650700, ,keydown
29651000,Backspace,keydown
29651700,.,keydown
29651900, ,keydown
29652000,#,keydown
29652200,o,keydown
29652400,g,keydown
29652500,g,keydown
29652600,i,keydown
29652700, ,keydown
29652800,v,keydown
29652800,c,keydown
29652800,o,keydown
29653100,m,keydown
29653300,Backspace,keydown
29653500,Backspace,keydown
29653600,Backspace,keydown
29653800,Backspace,keydown
29654100,v,keydown
29654200,o,keydown
29654400,m,keydown
29654700,Backspace,keydown
29654900,Backspace,keydown
29655000,Backspace,keydown
29655900,p,keydown
29656000,r,keydown
29656100,o,keydown
29656200,v,keydown
29656600,o,keydown
29656800, ,keydown
29657100,a,keydown
29657100, ,keydown
29657700,f,keydown
29657800,a,keydown
29658000,r,keydown
29658100,e,keydown
29658200, ,keydown
29658600,u,keydown
29658800,n,keydown
29659100,#,keydown
29659200,a,keydown
29659500,l,keydown
29659600,t,keydown
29659800,r,keydown
29660000,a,keydown
29660100, ,keydown
29661500,Backspace,keydown
29661700,Backspace,keydown
29661900,Backspace,keydown
29662000,Backspace,keydown
29662100,Backspace,keydown
29662200,Backspace,keydown
29662400,Backspace,keydown
29662700, ,keydown
29662800,a,keydown
29662900,l,keydown
29663500,t,keydown
29663600,r,keydown
29663800,o,keydown
29663900, ,keydown
29665000,p,keydown
29665200,e,keydown
29665600,z,keydown
29665700,z,keydown
29665700,o,keydown
29665900, ,keydown
29665900,d,keydown
29666000,e,keydown
29666100,l,keydown
29666200,l,keydown
29666800,#,keydown
29667000,e,keydown
29667200,s,keydown
29667400,p,keydown
29667500,e,keydown
29668500,r,keydown
29668600,i,keydown
29668800,m,keydown
29668900,e,keydown
29669100,n,keydown
29669300,t,keydown
29669600,i,keydown
29669600,o,keydown
29669900,Backspace,keydown
29670200,Backspace,keydown
29670800,o,keydown
29671100,.,keydown
29671200, ,keydown
29671400,#,keydown
29671500,l,keydown
29672200,#,keydown
29672400,e,keydown
29672600,s,keydown
29672800,t,keydown
29673000,e,keydown
29673800,Backspace,keydown
29674000,a,keydown
29674200,t,keydown
29674300,e,keydown
29675000,Enter,keydown
29675200,c,keydown
29675400,o,keydown
29675600,n,keydown
29675700,c,keydown
29675900,i,keydown
29676100,l,keydown
29676200,i,keydown
29676400,a,keydown
29676500, ,keydown
29676700,i,keydown
29676900,l,keydown
29676900, ,keydown
29677400,l,keydown
29677700,a,keydown
29678200,v,keydown
29678300,o,keydown
29678500,r,keydown
29678600,o,keydown
29678700, ,keydown
29679000,a,keydown
29681400,c,keydown
29681400,c,keydown
29681600,u,keydown
29681900,m,keydown
29683700,u,keydown
29684100,l,keydown
29684300,a,keydown
29684800,t,keydown
29684800,o,keydown
29685000, ,keydown
29685300,d,keydown
29685500,u,keydown
29685600,r,keydown
29685600,t,keydown
29685900,a,keydown
29686400,Backspace,keydown
29686500,Backspace,keydown
29686900,a,keydown
29687100,n,keydown
29687300,t,keydown
29687300,r,keydown
29687400,e,keydown
29687700,Backspace,keydown
29687800,Backspace,keydown
29688000,e,keydown
29688200, ,keydown
29688400,l,keydown
29689000,#,keydown
29689300,a,keydown
29689500,n,keydown
29689700,n,keydown
29689900,o,keydown
29690000, ,keydown
29691800,",",keydown
29692000, ,keydown
29692100,s,keydown
29692300,p,keydown
29692400,e,keydown
29692600,c,keydown
29692900,i,keydown
29692900,u,keydown
29693300,Backspace,keydown
29693400,Backspace,keydown
29693600,e,keydown
29694100,Backspace,keydown
29694200,Backspace,keydown
29694400,Backspace,keydown
29694500,Backspace,keydown
29694700,Backspace,keydown
29694800,Backspace,keydown
29695000,Backspace,keydown
29695100,Backspace,keydown
29695700,",",keydown
29695800, ,keydown
29695900,s,keydown
29696000,p,keydown
29696100,e,keydown
29696300,c,keydown
29696600,i,keydown
29696600,e,keydown
29696700, ,keydown
29697300,q,keydown
29697400,u,keydown
29697500,e,keydown
29697700,l,keydown
29697800,l,keydown
29698000,o,keydown
29698000,i,keydown
29698100, ,keydown
29698200,c,keydown
29698500,Backspace,keydown
29698500,Backspace,keydown
29698700,Backspace,keydown
29698900, ,keydown
29699000,c,keydown
29699200,h,keydown
29699300,e,keydown
29699400, ,keydown
29699800,n,keydown
29700000,o,keydown
29700200,n,keydown
29700300, ,keydown
29700900,n,keydown
29701100,o,keydown
29701300,n,keydown
29701500, ,keydown
29701800,Backspace,keydown
29702000,Backspace,keydown
29702100,Backspace,keydown
29702300,Backspace,keydown
29702400,Backspace,keydown
29702600,Backspace,keydown
29702700,Backspace,keydown
29703100,Backspace,keydown
29703700,Enter,keydown
29704600,n,keydown
29704800,o,keydown
29705000,n,keydown
29705100, ,keydown
29705300,s,keydown
29705400,i,keydown
29705500, ,keydown
29705700,s,keydown
29705800,m,keydown
29706000,a,keydown
29706600,l,keydown
29706800,t,keydown
29707000,i,keydown
29707200,s,keydown
29707300,c,keydown
29707500,e,keydown
29707600, ,keydown
29707800,p,keydown
29707900,e,keydown
29708100,r,keydown
29708600,c,keydown
29708800,h,keydown
29708900,e,keydown
29709200,#,keydown
29709500, ,keydown
29709900,a,keydown
29710000,l,keydown
29710200,t,keydown
29710300,r,keydown
29711000,o,keydown
29711100, ,keydown
29711300,p,keydown
29711400,i,keydown
29711700,u,keydown
29711900,#,keydown
29712100, ,keydown
29712300,u,keydown
29712600,r,keydown
29712800,g,keydown
29712900,e,keydown
29713100,n,keydown
29713100,t,keydown
29713300,e,keydown
29713400, ,keydown
29714200,s,keydown
29714400,i,keydown
29714500, ,keydown
29714700,a,keydown
29714900,c,keydown
29715000,c,keydown
29715000,u,keydown
29715700,m,keydown
29716500,u,keydown
29716700,l,keydown
29716800,a,keydown
29717000, ,keydown
29717400,t,keydown
29717600,i,keydown
29717800,p,keydown
29718000,o,keydown
29718100, ,keydown
29718300,s,keydown
29718800,t,keydown
29718900,a,keydown
29719300,c,keydown
29719400,k,keydown
29720200,.,keydown
29720500,Enter,keydown
29721100,#,keydown
29722300,s,keydown
29722500,e,keydown
29722800,i,keydown
29722900, ,keydown
29723200,g,keydown
29723500,i,keydown
29723600,a,keydown
29723800,#,keydown
29724000, ,keydown
29724300,i,keydown
29724400,n,keydown
29724600, ,keydown
29725000,v,keydown
29725100,a,keydown
29725300,c,keydown
29725400,a,keydown
29725700,n,keydown
29725800,z,keydown
29726000,a,keydown
29726300,#,keydown
29727200,#,keydown
29728300, ,keydown
29728600,#,keydown
29729000,s,keydown
29729100,e,keydown
29729300, ,keydown
29729400,s,keydown
29729600,i,keydown
29729900,",",keydown
29730100, ,keydown
29730200,n,keydown
29730400,o,keydown
29730600,n,keydown
29730700, ,keydown
29731000,m,keydown
29731200,i,keydown
29731200, ,keydown
29731400,s,keydown
29731500,a,keydown
29731700,p,keydown
29731900,r,keydown
29732200,a,keydown
29733000,i,keydown
29733100, ,keydown
29733300,d,keydown
29733400,i,keydown
29733400,r,keydown
29733600,e,keydown
29733700, ,keydown
29734100,q,keydown
29734300,u,keydown
29734300,a,keydown
29734400,n,keydown
29734600,t,keydown
29734700,i,keydown
29734800, ,keydown
29734900,a,keydown
29735000,n,keydown
29735100,c,keydown
29735300,o,keydown
29735400,r,keydown
29735500,a,keydown
29735700, ,keydown
29736100,d,keydown
29736300,i,keydown
29737300,Enter,keydown
29738100,q,keydown
29738400,u,keydown
29738600,e,keydown
29739100,s,keydown
29739300,t,keydown
29739500,i,keydown
29739600, ,keydown
29739900,p,keydown
29740200,Backspace,keydown
29740400,s,keydown
29740500,p,keydown
29740600,a,keydown
29740900,z,keydown
29741100,i,keydown
29741300, ,keydown
29741500,m,keydown
29741700,i,keydown
29741900, ,keydown
29742600,t,keydown
29742700,o,keydown
29743100,c,keydown
29743300,c,keydown
29743500,a,keydown
29743700, ,keydown
29743800,a,keydown
29744000,n,keydown
29744000,c,keydown
29744300,o,keydown
29744500,r,keydown
29744800,#,keydown
29745100,a,keydown
29745600,Backspace,keydown
29746600,a,keydown
29747000,#,keydown
29748000, ,keydown
29748900,r,keydown
29749100,i,keydown
29749100,e,keydown
29749300,m,keydown
29749600,Backspace,keydown
29749800,Backspace,keydown
29749900,Backspace,keydown
29750100,Backspace,keydown
29750900,r,keydown
29751100,i,keydown
29751200,e,keydown
29751300,m,keydown
29751600,p,keydown
29751700,i,keydown
29752000,r,keydown
29752100,e,keydown
29752900,",",keydown
29753100,",",keydown
29753400,Backspace,keydown
29753600,Backspace,keydown
29754200,.,keydown
29754300,.,keydown
29754500,.,keydown
29754600,.,keydown
29755100,Backspace,keydown
29758500, ,keydown
29758900,#,keydown
29759200,m,keydown
29759300,a,keydown
29759400, ,keydown
29760200,c,keydown
29760300,o,keydown
29760500,m,keydown
29760800,u,keydown
29761000,n,keydown
29761000,b,keydown
29761100,q,keydown
29761200,u,keydown
29761300,e,keydown
29761600,Backspace,keydown
29761800,Backspace,keydown
29761900,Backspace,keydown
29762000,Backspace,keydown
29762300,q,keydown
29762400,u,keydown
29763200,e,keydown
29763200, ,keydown
29763500,i,keydown
29763700,o,keydown
29763700, ,keydown
29763900,p,keydown
29764000,r,keydown
29764200,o,keydown
29765600,s,keydown
29765800,e,keydown
29766000,g,keydown
29766100,u,keydown
29766300,i,keydown
29766400,r,keydown
29766600,o,keydown
29767000,#,keydown
29768000,.,keydown
29768300,Enter,keydown
29774200,#,keydown
29776000,e,keydown
29776300,#,keydown
29776300, ,keydown
29776600,i,keydown
29777000,m,keydown
29777200,p,keydown
29777300,o,keydown
29778000,r,keydown
29778200,t,keydown
29778400,n,keydown
29778400,a,keydown
29778600,t,keydown
29778700,e,keydown
29778800, ,keydown
29779000,Backspace,keydown
29779200,Backspace,keydown
29779400,Backspace,keydown
29779600,Backspace,keydown
29779700,Backspace,keydown
29779800,a,keydown
29780000,n,keydown
29780200,t,keydown
29780300,e,keydown
29780400, ,keydown
29780800,i,keydown
29781000,l,keydown
29781200, ,keydown
29781400,b,keydown
29781500,r,keydown
29781600,o,keydown
29782100,w,keydown
29782400,s,keydown
29782600,e,keydown
29782700,r,keydown
29782900, ,keydown
29783100,c,keydown
29783300,h,keydown
29783600,e,keydown
29783700, ,keydown
29784600,s,keydown
29784600,i,keydown
29784700, ,keydown
29784800,u,keydown
29785100,s,keydown
29785100,a,keydown
29785500,#,keydown
29785900,#,keydown
29786200, ,keydown
29786300,#,keydown
29786500,c,keydown
29786700,a,keydown
29786800,m,keydown
29787000,b,keydown
29787300,i,keydown
29787300,a,keydown
29787800,Backspace,keydown
29788000,e,keydown
29788400,r,keydown
29788500,e,keydown
29788700,b,keydown
29788900,b,keydown
29789000,e,keydown
29789100, ,keydown
29789700,q,keydown
29789800,u,keydown
29789900,a,keydown
29790100,l,keydown
29790200,c,keydown
29790300,o,keydown
29791200,s,keydown
29791300,a,keydown
29791500, ,keydown
29791700,s,keydown
29792200,e,keydown
29792300, ,keydown
29793100,u,keydown
29793200,s,keydown
29793300,a,keydown
29793500,s,keydown
29793600,s,keydown
29793800,e,keydown
29794300,Enter,keydown
29794800,Backspace,keydown
29794900,Backspace,keydown
29795100,Backspace,keydown
29795900,s,keydown
29796200,i,keydown
29796500,Enter,keydown
29797300,l,keydown
29797700,Enter,keydown
29798200,Backspace,keydown
29799200,#,keydown
29799300,#,keydown
29799600,e,keydown
29799900,x,keydown
29800200,p,keydown
29800400,l,keydown
29800600,o,keydown
29800800,r,keydown
29800900,e,keydown
29801100,r,keydown
29802100,#,keydown
29802500,#,keydown
29803100, ,keydown
29803300,#,keydown
29803600,o,keydown
29803800,p,keydown
29804000,p,keydown
29804100,u,keydown
29804300,r,keydown
29804400,e,keydown
29804500, ,keydown
29804800,e,keydown
29805300,#,keydown
29805400, ,keydown
29805600,s,keydown
29805800,o,keydown
29806000,l,keydown
29806200,o,keydown
29806200, ,keydown
29806400,u,keydown
29806700,n,keydown
29806800,a,keydown
29806900, ,keydown
29807500,q,keydown
29807600,u,keydown
29807800,e,keydown
29808000,s,keydown
29808200,t,keydown
29808200,i,keydown
29808400,o,keydown
29808600,n,keydown
29808800,e,keydown
29808800, ,keydown
29809100,d,keydown
29809200,i,keydown
29809300, ,keydown
29810000,b,keydown
29810000,n,keydown
29810400,Backspace,keydown
29811000,a,keydown
29811400,t,keydown
29811600,t,keydown
29811700,i,keydown
29811800,t,keydown
29812000,u,keydown
29812200,r,keydown
29812500,a,keydown
29812800,#,keydown
29813100,#,keydown
29813300, ,keydown
29813900,#,keydown
29814300,e,keydown
29814400, ,keydown
29814800,l,keydown
29814800,a,keydown
29815000, ,keydown
29815300,Backspace,keydown
29815400,Backspace,keydown
29815600,e,keydown
29815700, ,keydown
29816100,c,keydown
29816300,o,keydown
29817200,Backspace,keydown
29817300,a,keydown
29817900,n,keydown
29818000,c,keydown
29818200,e,keydown
29818400,l,keydown
29818500,l,keydown
29818500,a,keydown
29819600,z,keydown
29819800,i,keydown
29820000,o,keydown
29820100,n,keydown
29820300,i,keydown
29820600,Enter,keydown
29821500,c,keydown
29821800,o,keydown
29821900,m,keydown
29822100,e,keydown
29822200, ,keydown
29822900,i,keydown
29823200,n,keydown
29823300,t,keydown
29823500,e,keydown
29823600,r,keydown
29824300,f,keydown
29824500,e,keydown
29824700,r,keydown
29825400,i,keydown
29826200,s,keydown
29826400,c,keydown
29826600,o,keydown
29826800,n,keydown
29826900,o,keydown
29827100,#,keydown
29827600,#,keydown
29827800, ,keydown
29828100,#,keydown
29828400,c,keydown
29828600,h,keydown
29828700,e,keydown
29828900, ,keydown
29829000,d,keydown
29829800,i,keydown
29830100,d,keydown
29830500,Backspace,keydown
29830500,f,keydown
29830600,f,keydown
29830800,e,keydown
29830900,r,keydown
29831100,e,keydown
29831400,n,keydown
29832000,z,keydown
29832100,a,keydown
29832200, ,keydown
29832400,c,keydown
29832900,#,keydown
29833000,e,keydown
29833200,#,keydown
29833400, ,keydown
29833700,e,keydown
29834000,Backspace,keydown
29834100,r,keydown
29834200,i,keydown
29834400,s,keydown
29834500,p,keydown
29834700,e,keydown
29835100,t,keydown
29835300,t,keydown
29835400,o,keydown
29835500, ,keydown
29835700,a,keydown
29835800, ,keydown
29835900,q,keydown
29836600,u,keydown
29836800,n,keydown
29836900,a,keydown
29837100,d,keydown
29837300,o,keydown
29837300, ,keydown
29837400,c,keydown
29837600,i,keydown
29837600,u,keydown
29837900,Backspace,keydown
29838000,Backspace,keydown
29838100,Backspace,keydown
29838300,Backspace,keydown
29838400,Backspace,keydown
29838500,Backspace,keydown
29838700,Backspace,keydown
29838800,Backspace,keydown
29839000,a,keydown
29839200,n,keydown
29839800,d,keydown
29840000,i,keydown
29840100, ,keydown
29840500,Backspace,keydown
29840600,Backspace,keydown
29840900,o,keydown
29841000, ,keydown
29841200,c,keydown
29841300,i,keydown
29841400, ,keydown
29842300,Enter,keydown
29842700,f,keydown
29842800,a,keydown
29842900,c,keydown
29843100,e,keydown
29843400,v,keydown
29843600,i,keydown
29843600, ,keydown
29843800,s,keydown
29843900,c,keydown
29844100,r,keydown
29844200,i,keydown
29844500,v,keydown
29844600,e,keydown
29844700,r,keydown
29844800,e,keydown
29844900, ,keydown
29845800,i,keydown
29846000,l,keydown
29846000, ,keydown
29846200,p,keydown
29846300,e,keydown
29846600,z,keydown
29846800,z,keydown
29846800,o,keydown
29847000, ,keydown
29847400,t,keydown
29847600,r,keydown
29847800,a,keydown
29848000,t,keydown
29848100,t,keydown
29848100,o,keydown
29848200, ,keydown
29848400,d,keydown
29848500,a,keydown
29848700,i,keydown
29848800, ,keydown
29849300,p,keydown
29849700,Backspace,keydown
29849900,#,keydown
29850500,#,keydown
29850700,#,keydown
29850800,p,keydown
29851000,r,keydown
29851200,o,keydown
29852100,Backspace,keydown
29852300,Backspace,keydown
29852400,Backspace,keydown
29852500,Backspace,keydown
29852700,Backspace,keydown
29852800,Backspace,keydown
29853100, ,keydown
29853300,#,keydown
29853900,#,keydown
29854100,#,keydown
29854200,i,keydown
29854500, ,keydown
29854600,#,keydown
29854900,p,keydown
29855400,r,keydown
29855600,o,keydown
29855900,m,keydown
29856000,e,keydown
29856100,s,keydown
29856300,s,keydown
29856400,i,keydown
29856700, ,keydown
29856800,#,keydown
29857100,s,keydown
29857800,p,keydown
29858100,o,keydown
29858500,s,keydown
29858800,i,keydown
29858900,#,keydown
29859200,#,keydown
29859800,#,keydown
29860200,#,keydown
29862500, ,keydown
29862900,#,keydown
29863200,u,keydown
29863300,n,keydown
29863500, ,keydown
29863700,g,keydown
29863800,i,keydown
29864000,o,keydown
29864300,r,keydown
29864500,n,keydown
29864700,o,keydown
29864900, ,keydown
29865200,Enter,keydown
29865800,m,keydown
29866000,i,keydown
29866100, ,keydown
29866200,p,keydown
29866400,i,keydown
29866500,a,keydown
29866700,c,keydown
29866900,e,keydown
29867000,r,keydown
29867200,e,keydown
29867300,b,keydown
29867400,b,keydown
29867500,e,keydown
29867800, ,keydown
29868100,s,keydown
29869100,a,keydown
29869300,o,keydown
29869500,e,keydown
29869700,r,keydown
29869900,Backspace,keydown
29870100,Backspace,keydown
29870200,Backspace,keydown
29870400,p,keydown
29870600,e,keydown
29870800,r,keydown
29870900,e,keydown
29870900, ,keydown
29871700,t,keydown
29871800,u,keydown
29872000,t,keydown
29872100,t,keydown
29872300,e,keydown
29872400, ,keydown
29872900,q,keydown
29873100,u,keydown
29873200,e,keydown
29873400,s,keydown
29873600,t,keydown
29873800,e,keydown
29874000, ,keydown
29874400,c,keydown
29874700,o,keydown
29874800,s,keydown
29875000,e,keydown
29875600,",",keydown
29875800, ,keydown
29875900,e,keydown
29876100, ,keydown
29876200,m,keydown
29876400,a,keydown
29876900,f,keydown
29877200,Backspace,keydown
29877300,g,keydown
29877500,a,keydown
29877700,r,keydown
29878200,i,keydown
29878300, ,keydown
29878600,l,keydown
29878700,e,keydown
29879000,g,keydown
29879100,g,keydown
29879300,e,keydown
29879400,r,keydown
29879900,e,keydown
29880100, ,keydown
29880500,q,keydown
29880600,u,keydown
29880700,a,keydown
29880800,l,keydown
29881000,c,keydown
29881100,o,keydown
29881200,s,keydown
29881800,a,keydown
29882200,Enter,keydown
29882600,s,keydown
29882800,u,keydown
29883000,l,keydown
29883100,l,keydown
29883500,#,keydown
29883700,a,keydown
29884000,r,keydown
29884300,g,keydown
29884500,o,keydown
29884800,m,keydown
29884900,e,keydown
29885000,n,keydown
29885100,t,keydown
29885300,o,keydown
29886100,.,keydown
29886400, ,keydown
29886700,#,keydown
29886900,p,keydown
29887200,e,keydown
29887400,r,keydown
29887600, ,keydown
29888000,o,keydown
29888300,g,keydown
29888400,g,keydown
29888500,i,keydown
29888600, ,keydown
29888800,e,keydown
29889100,#,keydown
29889200, ,keydown
29889400,t,keydown
29889500,u,keydown
29889700,t,keydown
29889800,t,keydown
29889900,o,keydown
29891100,.,keydown
29891400, ,keydown
29891600,#,keydown
29891900,c,keydown
29892100,i,keydown
29892200,c,keydown
29892300,o,keydown
29892400,a,keydown
29892800,Backspace,keydown
29892800,Backspace,keydown
29893000,Backspace,keydown
29893300,a,keydown
29893800,o,keydown
29894000,",",keydown
29894500, ,keydown
29894800,#,keydown
29895800,Backspace,keydown
29896700,#,keydown
29896900,v,keydown
29897100,i,keydown
29897200,v,keydown
29897300,i,keydown
29897400,a,keydown
29897500,n,keydown
29897500,a,keydown
