timestamp,key,type
1917800,Backspace,keydown
1917800,Backspace,keydown
1917800,Backspace,keydown
1917800,Backspace,keydown
1917800,Backspace,keydown
1917800,Backspace,keydown
1917800,Backspace,keydown
1917800,Backspace,keydown
1917800,o,keydown
1920400,Backspace,keydown
1921500,o,keydown
1921700,g,keydown
1921800,g,keydown
1922000,i,keydown
1922100, ,keydown
1922300,c,keydown
1922500,e,keydown
1922800,r,keydown
1923000,c,keydown
1923100,h,keydown
1923300,e,keydown
1923500,r,keydown
1923600,o,keydown
1923900,#,keydown
1923900, ,keydown
1924200,d,keydown
1924400,i,keydown
1924500, ,keydown
1924700,c,keydown
1925000,a,keydown
1925200,p,keydown
1925400,i,keydown
1925600,r,keydown
1925700,e,keydown
1925900, ,keydown
1926200,u,keydown
1926400,n,keydown
1926600, ,keydown
1926700,p,keydown
1927000,o,keydown
1927500,#,keydown
1927700, ,keydown
1928000,m,keydown
1928100,e,keydown
1928300,g,keydown
1928400,l,keydown
1928700,i,keydown
1928800,o,keydown
1928900, ,keydown
1929100,c,keydown
1929200,o,keydown
1929400,m,keydown
1929500,e,keydown
1929700, ,keydown
1930200,v,keydown
1930700,f,keydown
1930900,u,keydown
1931100,n,keydown
1931300,z,keydown
1931400,i,keydown
1931500,o,keydown
1931800,n,keydown
1932700,a,keydown
1933000, ,keydown
1935700,Backspace,keydown
1937800,c,keydown
1938000,e,keydown
1938200,r,keydown
1938400,v,keydown
1938600,i,keydown
1938800,s,keydown
1938900,i,keydown
1939100,a,keydown
1939700,#,keydown
1939900, ,keydown
1940400,i,keydown
1940700,l,keydown
1940900, ,keydown
1941200,p,keydown
1941400,r,keydown
1941500,o,keydown
1941700,g,keydown
1941900,r,keydown
1942100,a,keydown
1942200,m,keydown
1942400,m,keydown
1942500,a,keydown
1942700, ,keydown
1942900,d,keydown
1943000,i,keydown
1943200, ,keydown
1943300,i,keydown
1943800,n,keydown
1944000,d,keydown
1944500,Backspace,keydown
1944600,t,keydown
1944800,e,keydown
1945600,r,keydown
1945800,f,keydown
1946000,a,keydown
1946200,c,keydown
1946400,c,keydown
1946600,i,keydown
1946800,a,keydown
1947000, ,keydown
1947700,d,keydown
1947900,i,keydown
1948000, ,keydown
1948200,c,keydown
1948300,v,keydown
1948600,s,keydown
1948800, ,keydown
1949300,c,keydown
1949500,h,keydown
1949700,e,keydown
1949700, ,keydown
1950600,h,keydown
1950900,o,keydown
1951000, ,keydown
1951200,i,keydown
1951500,n,keydown
1951600,s,keydown
1951800,t,keydown
1952000,a,keydown
1952200,l,keydown
1952300,l,keydown
1952400,a,keydown
1952700,t,keydown
1953100,o,keydown
1953200, ,keydown
1953300,l,keydown
1953500,a,keydown
1953700, ,keydown
1953900,s,keydown
1954200,c,keydown
1954400,o,keydown
1954500,r,keydown
1954600,s,keydown
1955000,a,keydown
1955100, ,keydown
1955300,s,keydown
1955500,e,keydown
1956100,t,keydown
1956300,t,keydown
1956500,i,keydown
1956600,m,keydown
1956800,a,keydown
1956900,n,keydown
1957700,a,keydown
1958200,#,keydown
1958500, ,keydown
1960300,d,keydown
1960600,a,keydown
1960600, ,keydown
1960900,u,keydown
1961100,n,keydown
1961300,a,keydown
1961500, ,keydown
1961600,p,keydown
1961800,r,keydown
1961900,i,keydown
1962100,m,keydown
1962300,a,keydown
1962300, ,keydown
1962500,o,keydown
1962900,c,keydown
1963000,c,keydown
1963300,h,keydown
1963400,i,keydown
1963500,a,keydown
1963700,t,keydown
1964000,a,keydown
1964100, ,keydown
1964300,m,keydown
1964500,i,keydown
1964700, ,keydown
1965000,s,keydown
1965200,e,keydown
1965300,m,keydown
1966200,b,keydown
1966300,r,keydown
1966500,a,keydown
1966700, ,keydown
1967300,b,keydown
1967500,e,keydown
1967600,n,keydown
1968300, ,keydown
1968500,f,keydown
1968700,a,keydown
1968900,t,keydown
1969100,t,keydown
1969200,o,keydown
1969400, ,keydown
1969600,e,keydown
1969900, ,keydown
1970900,s,keydown
1971100,i,keydown
1971200,c,keydown
1971900,u,keydown
1972100,r,keydown
1972300,a,keydown
1972400,m,keydown
1972600,e,keydown
1972700,n,keydown
1972800,t,keydown
1972900,e,keydown
1973100, ,keydown
1973700,n,keydown
1973900,o,keydown
1974000,n,keydown
1974200, ,keydown
1974800,h,keydown
1975000,a,keydown
1975300, ,keydown
1975600,n,keydown
1975900,u,keydown
1976100,l,keydown
1976300,l,keydown
1976500,a,keydown
1976600, ,keydown
1976800,d,keydown
1977100,a,keydown
1977300, ,keydown
1977400,i,keydown
1977600,n,keydown
1978300,v,keydown
1978600,i,keydown
1978800,d,keydown
1979000,i,keydown
1979200,a,keydown
1979500,r,keydown
1979600,e,keydown
1979700, ,keydown
1979900,c,keydown
1980000,o,keydown
1980200,n,keydown
1980300, ,keydown
1982700,q,keydown
1982900,u,keydown
1983200,a,keydown
1983700,n,keydown
1983900,t,keydown
1985600,o,keydown
1985800, ,keydown
1986200,h,keydown
1986400,o,keydown
1986500, ,keydown
1987000,v,keydown
1987200,i,keydown
1987300,s,keydown
1987500,t,keydown
1987700,o,keydown
1987800, ,keydown
1989400,i,keydown
1989600,n,keydown
1989700, ,keydown
1990900,w,keydown
1991000,i,keydown
1991300,n,keydown
1991700,c,keydown
1992000,v,keydown
1992200,s,keydown
1994900, ,keydown
1995900,p,keydown
1996300,e,keydown
1996500,r,keydown
1996700, ,keydown
1997200,w,keydown
1997300,i,keydown
1997500,n,keydown
1997700,d,keydown
1997900,o,keydown
1998100,w,keydown
1998400,s,keydown
1999200,#,keydown
1999800, ,keydown
2004300,s,keydown
2004900,p,keydown
2005100,e,keydown
2005200,r,keydown
2005400,o,keydown
2005600, ,keydown
2005700,d,keydown
2005800,i,keydown
2005900, ,keydown
2006100,c,keydown
2006400,a,keydown
2006600,p,keydown
2007000,i,keydown
2007200,r,keydown
2007500,c,keydown
2007700,i,keydown
2007800, ,keydown
2008200,q,keydown
2008300,u,keydown
2008500,a,keydown
2008700,l,keydown
2008800,c,keydown
2009200,o,keydown
2009300,s,keydown
2009500,a,keydown
2009700, ,keydown
2009800,i,keydown
2010000,n,keydown
2010200, ,keydown
2010600,m,keydown
2010900,o,keydown
2011000,d,keydown
2011200,o,keydown
2011400, ,keydown
2011600,d,keydown
2011800,a,keydown
2012100, ,keydown
2012500,p,keydown
2012700,o,keydown
2012900,t,keydown
2013100,e,keydown
2013300,r,keydown
2013700,l,keydown
2014000,o,keydown
2014100, ,keydown
2014300,u,keydown
2014800,t,keydown
2015000,i,keydown
2015200,l,keydown
2015400,i,keydown
2015900,z,keydown
2016100,z,keydown
2016400,a,keydown
2016900,r,keydown
2017100,e,keydown
2018400, ,keydown
2018600,p,keydown
2018800,e,keydown
2018900,r,keydown
2019100, ,keydown
2021400,a,keydown
2021600,i,keydown
2022400,u,keydown
2022500,t,keydown
2022700,a,keydown
2022900,r,keydown
2023300,m,keydown
2023500,i,keydown
2023700, ,keydown
2023800,a,keydown
2024200, ,keydown
2024300,s,keydown
2024600,v,keydown
2025100,i,keydown
2025500,l,keydown
2025600,u,keydown
2025900,p,keydown
2026100,p,keydown
2026300,a,keydown
2026500,r,keydown
2026600,e,keydown
2026800, ,keydown
2028400,u,keydown
2029700,n,keydown
2029900, ,keydown
2030100,p,keydown
2030300,o,keydown
2030500, ,keydown
2030700,d,keydown
2030900,i,keydown
2031400,Backspace,keydown
2031600,Backspace,keydown
2031800,Backspace,keydown
2031900,Backspace,keydown
2032900,Backspace,keydown
2033100,Backspace,keydown
2033200,Backspace,keydown
2033500,Backspace,keydown
2035000,g,keydown
2035200,l,keydown
2035300,i,keydown
2035500, ,keydown
2035700,a,keydown
2035800,r,keydown
2036100,t,keydown
2036300,i,keydown
2036400,c,keydown
2036500,o,keydown
2036700,l,keydown
2037000,i,keydown
2037100, ,keydown
2037300,e,keydown
2037500, ,keydown
2038000,i,keydown
2038200,l,keydown
2038300, ,keydown
2039000,s,keydown
2039300,o,keydown
2039500,f,keydown
2039700,t,keydown
2040400,w,keydown
2040600,a,keydown
2040800,r,keydown
2041000,e,keydown
2041300, ,keydown
2045000,c,keydown
2045200,h,keydown
2045400,e,keydown
2045500, ,keydown
2045800,h,keydown
2046000,o,keydown
2046200, ,keydown
2046400,i,keydown
2046500,n,keydown
2046700, ,keydown
2048100,c,keydown
2048300,o,keydown
2048400,r,keydown
2048600,s,keydown
2048900,o,keydown
2049700,#,keydown
2050000, ,keydown
2057200,c,keydown
2057500,e,keydown
2057600,r,keydown
2057800,t,keydown
2058000,o,keydown
2058100, ,keydown
2058300,c,keydown
2058700,h,keydown
2058900,e,keydown
2059200, ,keydown
2059600,n,keydown
2059800,o,keydown
2060000,n,keydown
2060200, ,keydown
2060600,s,keydown
2060700,o,keydown
2060900, ,keydown
2061500,v,keydown
2061900,a,keydown
2062000,l,keydown
2062200,u,keydown
2062300,t,keydown
2062500,a,keydown
2062700,r,keydown
2062800,e,keydown
2063100, ,keydown
2063300,s,keydown
2063500,e,keydown
2063800, ,keydown
2064400,m,keydown
2064600,i,keydown
2064800, ,keydown
2065700,c,keydown
2065900,o,keydown
2066100,n,keydown
2066300,v,keydown
2066400,i,keydown
2066700,e,keydown
2067000,n,keydown
2067200,e,keydown
2067500, ,keydown
2068500,p,keydown
2068700,e,keydown
2068800,r,keydown
2069100,d,keydown
2069300,e,keydown
2069500,r,keydown
2069600,e,keydown
2069800, ,keydown
2070200,t,keydown
2070400,e,keydown
2070600,m,keydown
2070800,p,keydown
2071000,o,keydown
2071200, ,keydown
2074100,a,keydown
2074300, ,keydown
2074800,s,keydown
2075000,t,keydown
2075200,u,keydown
2075400,d,keydown
2075900,i,keydown
2076100,a,keydown
2076300,r,keydown
2076400,e,keydown
2076600, ,keydown
2076700,c,keydown
2076900,o,keydown
2077000,m,keydown
2077100,e,keydown
2077300, ,keydown
2077700,f,keydown
2077800,u,keydown
2078000,n,keydown
2078300,z,keydown
2078500,i,keydown
2078700,o,keydown
2078800,n,keydown
2079000,a,keydown
2079200, ,keydown
2079300,o,keydown
2079600,p,keydown
2079800,p,keydown
2080400,u,keydown
2080600,r,keydown
2080700,e,keydown
2081000, ,keydown
2087300,f,keydown
2087500,a,keydown
2087700,r,keydown
2087800,e,keydown
2088000, ,keydown
2089500,c,keydown
2089700,o,keydown
2089800,m,keydown
2090000,e,keydown
2090100, ,keydown
2090300,s,keydown
2090600,e,keydown
2090800,m,keydown
2091000,p,keydown
2091200,r,keydown
2091400,e,keydown
2091500, ,keydown
2091600,h,keydown
2091800,o,keydown
2092000, ,keydown
2092200,f,keydown
2092500,a,keydown
2092700,t,keydown
2092900,t,keydown
2093100,o,keydown
2093200, ,keydown
2093900,f,keydown
2094000,i,keydown
2094300,n,keydown
2094500,o,keydown
2094700, ,keydown
2094900,a,keydown
2095100,d,keydown
2095300, ,keydown
2095500,o,keydown
2095700,r,keydown
2095900,a,keydown
2096600, ,keydown
2096900,u,keydown
2097700,t,keydown
2098000,i,keydown
2098300,l,keydown
2098500,i,keydown
2098800,z,keydown
2099000,z,keydown
2099600,a,keydown
2100100,n,keydown
2100400,d,keydown
2100600,o,keydown
2100600, ,keydown
2107300,u,keydown
2107400,n,keydown
2107600, ,keydown
2107900,s,keydown
2108400,i,keydown
2108600,s,keydown
2108700,t,keydown
2108900,e,keydown
2109100,m,keydown
2109300,a,keydown
2109400, ,keydown
2109700,p,keydown
2109800,e,keydown
2110000,r,keydown
2110200, ,keydown
2110400,i,keydown
2110500,l,keydown
2110700, ,keydown
2126200,v,keydown
2126500,e,keydown
2126700,r,keydown
2127100,s,keydown
2127400,i,keydown
2127600,o,keydown
2127800,n,keydown
2128000,i,keydown
2128100,n,keydown
2128300,g,keydown
2128500, ,keydown
2128800,a,keydown
2129000, ,keydown
2129400,m,keydown
2129500,a,keydown
2129600,n,keydown
2129900,o,keydown
2130600,#,keydown
2133600,Enter,keydown
2135600,o,keydown
2135900,g,keydown
2136100,g,keydown
2136200,i,keydown
2136400, ,keydown
2136500,d,keydown
2136700,e,keydown
2136800,v,keydown
2137000,o,keydown
2137200, ,keydown
2137400,a,keydown
2137500,n,keydown
2137600,c,keydown
2137700,h,keydown
2138000,e,keydown
2138200, ,keydown
2138500,p,keydown
2138600,e,keydown
2138800,n,keydown
2139000,s,keydown
2139100,a,keydown
2139400,r,keydown
2139600,e,keydown
2139800, ,keydown
2140000,a,keydown
2140100,l,keydown
2140400, ,keydown
2142700,l,keydown
2142900,a,keydown
2143100,b,keydown
2143400,o,keydown
2143500,r,keydown
2143600,a,keydown
2143800,t,keydown
2144000,o,keydown
2144200,r,keydown
2144200,i,keydown
2144400,o,keydown
2144600, ,keydown
2144700,p,keydown
2145000,e,keydown
2145100,r,keydown
2145300, ,keydown
2145500,i,keydown
2145600,l,keydown
2145800, ,keydown
2146000,c,keydown
2146200,o,keydown
2146300,r,keydown
2146500,s,keydown
2146800,o,keydown
2147800,#,keydown
2148000, ,keydown
2148700,e,keydown
2148900,#,keydown
2149200, ,keydown
2149700,d,keydown
2149900,i,keydown
2150200,f,keydown
2150300,f,keydown
2150600,i,keydown
2150700,c,keydown
2150900,i,keydown
2151100,l,keydown
2151300,e,keydown
2151500, ,keydown
2151700,p,keydown
2151800,e,keydown
2152000,n,keydown
2152100,s,keydown
2152300,a,keydown
2152500,r,keydown
2152700,e,keydown
2152900, ,keydown
2153300,c,keydown
2153400,o,keydown
2153700,s,keydown
2154000,a,keydown
2154100, ,keydown
2154600,f,keydown
2154900,a,keydown
2155100,r,keydown
2155300, ,keydown
2155500,f,keydown
2155700,a,keydown
2155900,r,keydown
2156000,e,keydown
2156300, ,keydown
2156500,a,keydown
2156800, ,keydown
2157300,q,keydown
2157500,u,keydown
2157600,e,keydown
2157800,s,keydown
2157900,t,keydown
2158100,i,keydown
2158300, ,keydown
2158500,r,keydown
2158800,a,keydown
2159000,g,keydown
2159200,a,keydown
2159900,z,keydown
2160100,z,keydown
2160400,i,keydown
2160600, ,keydown
2162700,d,keydown
2163100,a,keydown
2163400,t,keydown
2163500,e,keydown
2163800, ,keydown
2164000,l,keydown
2164200,e,keydown
2164300, ,keydown
2164600,p,keydown
2164800,o,keydown
2165100,c,keydown
2165300,h,keydown
2165400,e,keydown
2165600, ,keydown
2166000,o,keydown
2166100,r,keydown
2166300,e,keydown
2166500, ,keydown
2166700,a,keydown
2166800, ,keydown
2167200,d,keydown
2167500,i,keydown
2167500,s,keydown
2167700,p,keydown
2167900,o,keydown
2168500,z,keydown
2169000,Backspace,keydown
2169200,s,keydown
2169400,i,keydown
2170200,z,keydown
2170400,i,keydown
2170600,o,keydown
2170800,n,keydown
2171100,e,keydown
2171500,#,keydown
2171700, ,keydown
2171900,n,keydown
2172200,o,keydown
2172400,n,keydown
2172500, ,keydown
2172900,v,keydown
2173300,o,keydown
2173700,e,keydown
2173900,e,keydown
2174400,Backspace,keydown
2174600,Backspace,keydown
2174900,r,keydown
2175100,r,keydown
2175200,e,keydown
2175600, ,keydown
2176000,Backspace,keydown
2176200,i,keydown
2176400, ,keydown
2176900,e,keydown
2177100,s,keydown
2177300,a,keydown
2177600,g,keydown
2177700,e,keydown
2177900,r,keydown
2178200,a,keydown
2178600,r,keydown
2178700,e,keydown
2178900, ,keydown
2179200,n,keydown
2179300,a,keydown
2179400, ,keydown
2179700, ,keydown
2180300,Backspace,keydown
2180500,Backspace,keydown
2180700,Backspace,keydown
2180800,Backspace,keydown
2181300,m,keydown
2181500,a,keydown
2181500, ,keydown
2186100,n,keydown
2186300,o,keydown
2186500,n,keydown
2186600, ,keydown
2187200,s,keydown
2187500,o,keydown
2187600, ,keydown
2188000,n,keydown
2188100,e,keydown
2188400,p,keydown
2188600,p,keydown
2188700,u,keydown
2188800,r,keydown
2189000,e,keydown
2189100, ,keydown
2189400,c,keydown
2189500,o,keydown
2189600,s,keydown
2189900,a,keydown
2190100, ,keydown
2190500,d,keydown
2190800,a,keydown
2190900,r,keydown
2191200,g,keydown
2191300,l,keydown
2191900,i,keydown
2194500,#,keydown
2194600, ,keydown
2195400, ,keydown
2196500,Backspace,keydown
2198000,b,keydown
2198200,e,keydown
2198500,h,keydown
2199300,#,keydown
2199500, ,keydown
2199700,v,keydown
2199900,e,keydown
2200000,d,keydown
2200300,r,keydown
2200500,e,keydown
2200600,m,keydown
2200900,o,keydown
2201200,#,keydown
