timestamp,key,type
6227000,Backspace,keydown
6227000,Backspace,keydown
6227000,Backspace,keydown
6227000,Backspace,keydown
6227000,Backspace,keydown
6227000,Backspace,keydown
6227000,Backspace,keydown
6227000,Backspace,keydown
6227000,c,keydown
6227000,i,keydown
6227200,a,keydown
6227200,o,keydown
6227400, ,keydown
6227500,#,keydown
6227700,d,keydown
6227700,a,keydown
6227800,n,keydown
6228000,i,keydown
6228300,e,keydown
6228500,l,keydown
6228700,e,keydown
6228800,#,keydown
6228900, ,keydown
6229200,d,keydown
6229200,o,keydown
6229400,p,keydown
6229600,o,keydown
6229800, ,keydown
6229800,a,keydown
6230000,v,keydown
6230100,e,keydown
6230200,r,keydown
6230300,e,keydown
6230500, ,keydown
6230600,e,keydown
6231000,Backspace,keydown
6231100,a,keydown
6231300,v,keydown
6231600,u,keydown
6231700,y,keydown
6232100,Backspace,keydown
6232300,t,keydown
6232400,o,keydown
6232700, ,keydown
6233300,u,keydown
6233500,n,keydown
6233700, ,keydown
6233800,p,keydown
6233800,o,keydown
6234100,#,keydown
6234300, ,keydown
6234500, ,keydown
6235000,d,keydown
6235100,i,keydown
6235300, ,keydown
6235400,p,keydown
6235600,r,keydown
6235700,o,keydown
6236000,b,keydown
6236000,l,keydown
6236000,e,keydown
6236100,m,keydown
6236200,i,keydown
6236400, ,keydown
6236600,c,keydown
6236600,o,keydown
6236800,n,keydown
6236900, ,keydown
6237300,#,keydown
6237500,#,keydown
6237500,#,keydown
6237700,#,keydown
6237700,n,keydown
6237900,e,keydown
6238100,t,keydown
6238300,s,keydown
6238300,c,keydown
6238500,a,keydown
6239000,p,keydown
6239100,e,keydown
6240000,#,keydown
6240300, ,keydown
6240600,d,keydown
6240800,i,keydown
6241000,Enter,keydown
6241100,r,keydown
6241100,e,keydown
6241300,c,keydown
6241400,e,keydown
6241500,n,keydown
6241600,t,keydown
6241600,e,keydown
6244100,Backspace,keydown
6244300,Backspace,keydown
6244500,Backspace,keydown
6244700,Backspace,keydown
6244900,Backspace,keydown
6245100,Backspace,keydown
6245300,Backspace,keydown
6245400,Backspace,keydown
6245600,Backspace,keydown
6246300,Backspace,keydown
6246600,Enter,keydown
6247300,d,keydown
6247400,i,keydown
6247500, ,keydown
6247600,r,keydown
6247800,e,keydown
6247900,c,keydown
6248000,e,keydown
6248200,n,keydown
6248300,t,keydown
6248400,e,keydown
6249000,#,keydown
6249200, ,keydown
6250400,s,keydown
6250600,t,keydown
6250600,o,keydown
6250800, ,keydown
6251000,p,keydown
6251100,r,keydown
6251300,o,keydown
6251400,v,keydown
6251600,a,keydown
6251700,n,keydown
6251900,d,keydown
6251900,o,keydown
6252100, ,keydown
6252300,a,keydown
6252400,d,keydown
6252500, ,keydown
6252700,u,keydown
6252900,s,keydown
6253100,a,keydown
6253300,r,keydown
6253300,e,keydown
6253400, ,keydown
6253500,#,keydown
6253700,o,keydown
6253900,p,keydown
6254000,e,keydown
6254000,r,keydown
6254200,a,keydown
6254600,#,keydown
6254800, ,keydown
6255800,#,keydown
6256100,p,keydown
6256200,e,keydown
6256300,n,keydown
6256500,s,keydown
6256600,o,keydown
6256700, ,keydown
6256800,d,keydown
6256900,i,keydown
6257000, ,keydown
6257100,e,keydown
6257300,s,keydown
6257400,s,keydown
6257600,e,keydown
6257700,r,keydown
6257800,e,keydown
6257900, ,keydown
6258100,l,keydown
6258300,#,keydown
6258400, ,keydown
6258700,u,keydown
6258900,n,keydown
6259100,i,keydown
6259100,c,keydown
6259100,a,keydown
6259500,Enter,keydown
6259800,a,keydown
6259900, ,keydown
6260300,i,keydown
6260500,n,keydown
6260700,s,keydown
6260800,e,keydown
6261000,r,keydown
6261200,i,keydown
6261300,r,keydown
6261500,e,keydown
6261600, ,keydown
6261800,i,keydown
6262000, ,keydown
6262200,d,keydown
6262300,a,keydown
6262600,t,keydown
6262700,i,keydown
6262800, ,keydown
6263000,c,keydown
6263000,o,keydown
6263300,n,keydown
6263400, ,keydown
6263800,q,keydown
6264000,u,keydown
6264000,e,keydown
6264200,s,keydown
6264300,t,keydown
6264600,o,keydown
6264700, ,keydown
6265100,b,keydown
6265200,r,keydown
6265300,o,keydown
6265700,w,keydown
6265800,s,keydown
6266000,e,keydown
6266100,r,keydown
6266200,#,keydown
6266400,1,keydown
6266600,1,keydown
6266800, ,keydown
6268500,#,keydown
6268800,e,keydown
6268900,b,keydown
6269100,b,keydown
6269200,e,keydown
6269300,n,keydown
6269400,e,keydown
6269600,#,keydown
6269800, ,keydown
6269900,s,keydown
6270000,a,keydown
6270200,i,keydown
6270600, ,keydown
6271300,q,keydown
6271300,u,keydown
6271500,a,keydown
6271600,l,keydown
6271900,#,keydown
6272000, ,keydown
6272100,e,keydown
6272300,#,keydown
6272400, ,keydown
6273400, ,keydown
6273600,l,keydown
6273800,a,keydown
6274000,Enter,keydown
6274400,n,keydown
6274500,o,keydown
6274700,v,keydown
6274700,i,keydown
6275000,t,keydown
6275000,a,keydown
6275300,#,keydown
6275400, ,keydown
6276000,#,keydown
6276200,#,keydown
6276500, ,keydown
6276800,#,keydown
6277300,v,keydown
6277300,a,keydown
6277300, ,keydown
6277300,a,keydown
6277500, ,keydown
6277500,c,keydown
6277600,a,keydown
6277900,p,keydown
6278100,o,keydown
6278300, ,keydown
6278400,d,keydown
6278500,a,keydown
6278600, ,keydown
6278900,s,keydown
6278900,o,keydown
6279100,l,keydown
6279200,o,keydown
6279400, ,keydown
6279600,a,keydown
6280000,l,keydown
6280000,l,keydown
6280000,a,keydown
6280100, ,keydown
6280900,f,keydown
6281000,i,keydown
6281200,n,keydown
6281300,e,keydown
6281300, ,keydown
6281500,d,keydown
6281600,e,keydown
6281700,l,keydown
6281900,l,keydown
6282000,a,keydown
6282100, ,keydown
6282200,l,keydown
6282400,i,keydown
6282700,n,keydown
6282700,e,keydown
6282900,a,keydown
6286800,#,keydown
6287000, ,keydown
6287100,s,keydown
6287200,o,keydown
6287400,l,keydown
6287500,o,keydown
6287700, ,keydown
6287800,c,keydown
6288000,g,keydown
6288000,h,keydown
6288000,e,keydown
6288600,Backspace,keydown
6288700,Backspace,keydown
6288900,Backspace,keydown
6289500,h,keydown
6289600,e,keydown
6289800, ,keydown
6290000,n,keydown
6290100,o,keydown
6290300,n,keydown
6290800,Enter,keydown
6291400,f,keydown
6291500,i,keydown
6291700,d,keydown
6291700,a,keydown
6291900,n,keydown
6292100,d,keydown
6292200,o,keydown
6292400,m,keydown
6292600,i,keydown
6292800, ,keydown
6293600,d,keydown
6293600,i,keydown
6293800, ,keydown
6294000,q,keydown
6294100,u,keydown
6294200,e,keydown
6294400,l,keydown
6294400,l,keydown
6294600,o,keydown
6294800, ,keydown
6294800,c,keydown
6295100,h,keydown
6295100,e,keydown
6295200, ,keydown
6295400,r,keydown
6295400,i,keydown
6295600,m,keydown
6295800,a,keydown
6295900,r,keydown
6296100,r,keydown
6296300,a,keydown
6296600,#,keydown
6296900, ,keydown
6297100, ,keydown
6297700,c,keydown
6297800,o,keydown
6298000,m,keydown
6298200,u,keydown
6298400,n,keydown
6298500,q,keydown
6298600,u,keydown
6298700,e,keydown
6298900, ,keydown
6299100,n,keydown
6299300,e,keydown
6299600,l,keydown
6299700, ,keydown
6301800,f,keydown
6301900,i,keydown
6302000,l,keydown
6302200,e,keydown
6302200, ,keydown
6302400,c,keydown
6302600,h,keydown
6302700,e,keydown
6302900, ,keydown
6303100,s,keydown
6303200,a,keydown
6303300,l,keydown
6303500,v,keydown
6303500,i,keydown
6304300,#,keydown
6304400, ,keydown
6304600,l,keydown
6304800,o,keydown
6305000,Enter,keydown
6305600,m,keydown
6305700,a,keydown
6305800,n,keydown
6305900,d,keydown
6306100,o,keydown
6306200, ,keydown
6306400,a,keydown
6306500, ,keydown
6306600,c,keydown
6306800,a,keydown
6306900,p,keydown
6307100,o,keydown
6307200, ,keydown
6307400,m,keydown
6307600,a,keydown
6307600,n,keydown
6307700,u,keydown
6307900,a,keydown
6308000,l,keydown
6308200,m,keydown
6308400,e,keydown
6308500,n,keydown
6308600,t,keydown
6308700,e,keydown
6308800, ,keydown
6309700,s,keydown
6309900,e,keydown
6310000,m,keydown
6310100,p,keydown
6310200,r,keydown
6310300,e,keydown
6310300, ,keydown
6310600,i,keydown
6310600,o,keydown
6310900,#,keydown
6313200, ,keydown
6316100,#,keydown
6316300,q,keydown
6316500,u,keydown
6316600,e,keydown
6316800,s,keydown
6316900,t,keydown
6317000,a,keydown
6317100, ,keydown
6317400,m,keydown
6317600,a,keydown
6317900,t,keydown
6317900,t,keydown
6318100,i,keydown
6318200,n,keydown
6318400,a,keydown
6318500, ,keydown
6319000,c,keydown
6319200,#,keydown
6319300, ,keydown
6319500,e,keydown
6319600,#,keydown
6319700, ,keydown
6319800, ,keydown
6320100,s,keydown
6320300,t,keydown
6320300,a,keydown
6320500,t,keydown
6321300,o,keydown
6321500, ,keydown
6321500,i,keydown
6321800,l,keydown
6322000,Enter,keydown
6322400,s,keydown
6322400,o,keydown
6322600,l,keydown
6322800,i,keydown
6322900,t,keydown
6323000,o,keydown
6323200, ,keydown
6323300,c,keydown
6323400,o,keydown
6323500,n,keydown
6323700,s,keydown
6323800,i,keydown
6323900,g,keydown
6324000,l,keydown
6324200,i,keydown
6324300,o,keydown
6324400, ,keydown
6324500,d,keydown
6324600,i,keydown
6324900, ,keydown
6325100,d,keydown
6325200,i,keydown
6326300,p,keydown
6326500,a,keydown
6326600,r,keydown
6326800,t,keydown
6326800,i,keydown
6327000,m,keydown
6327100,e,keydown
6327300,n,keydown
6327400,t,keydown
6327400,o,keydown
6327700,#,keydown
6327800, ,keydown
6327900,i,keydown
6328100,e,keydown
6328200,r,keydown
6328300,i,keydown
6328500, ,keydown
6328800,s,keydown
6328900,e,keydown
6329100,r,keydown
6329300,a,keydown
6329400, ,keydown
6330000,i,keydown
6330200,n,keydown
6330300,v,keydown
6330500,e,keydown
6330600,c,keydown
6330900,e,keydown
6331000, ,keydown
6331200,h,keydown
6331500,o,keydown
6332500, ,keydown
6332800,g,keydown
6332900,i,keydown
6333100,i,keydown
6333600,Backspace,keydown
6334600,o,keydown
6334700,c,keydown
6334800,a,keydown
6335000,t,keydown
6335300,o,keydown
6335400, ,keydown
6335600,a,keydown
6335800, ,keydown
6336100,Enter,keydown
6336400,#,keydown
6336400,t,keydown
6336500,o,keydown
6336800,m,keydown
6337100,b,keydown
6337100, ,keydown
6337300,#,keydown
6337300,r,keydown
6337500,a,keydown
6337700,i,keydown
6338100,d,keydown
6338200,e,keydown
6338300,r,keydown
6338500, ,keydown
6339100,#,keydown
6339300,#,keydown
6339300,#,keydown
6339400,#,keydown
6339500,#,keydown
6339600,#,keydown
6339600,i,keydown
6339900,v,keydown
6342000,#,keydown
6342300, ,keydown
6342600,#,keydown
6342900,#,keydown
6342900,#,keydown
6342900,e,keydown
6343200,#,keydown
6343300, ,keydown
6343400, ,keydown
6343700,i,keydown
6343900,l,keydown
6344100, ,keydown
6344300,s,keydown
6344400,e,keydown
6344600,c,keydown
6344700,o,keydown
6344900,n,keydown
6345100,d,keydown
6345200,o,keydown
6345200, ,keydown
6345500,g,keydown
6345700,i,keydown
6345800,r,keydown
6345900,o,keydown
6346100, ,keydown
6346400,d,keydown
6346500,i,keydown
6346700, ,keydown
6346800,q,keydown
6346900,u,keydown
6347000,e,keydown
6347200,l,keydown
6347400, ,keydown
6347500,g,keydown
6347600,i,keydown
6347600,o,keydown
6347800,c,keydown
6347900,o,keydown
6348100, ,keydown
6348300,c,keydown
6348300,h,keydown
6348500,e,keydown
6348500, ,keydown
6349100,f,keydown
6349200,a,keydown
6349400,c,keydown
6349500,c,keydown
6349700,i,keydown
6349700,o,keydown
6350200, ,keydown
6350400,e,keydown
6351000,#,keydown
6351300,c,keydown
6351400,o,keydown
6352200,m,keydown
6352300,e,keydown
6354600,Enter,keydown
6355400,p,keydown
6355600,e,keydown
6355600,r,keydown
6355700, ,keydown
6356000,t,keydown
6356100,u,keydown
6356200,t,keydown
6356400,t,keydown
6356400,i,keydown
6356500, ,keydown
6356700,i,keydown
6356900, ,keydown
6357200,#,keydown
6357300,t,keydown
6357500,o,keydown
6357800,m,keydown
6358000,b,keydown
6358100, ,keydown
6358300,#,keydown
6358300,r,keydown
6358500,a,keydown
6358700,i,keydown
6359100,d,keydown
6359100,e,keydown
6359400,r,keydown
6362900,Enter,keydown
6364100,Backspace,keydown
6364700, ,keydown
6366900,#,keydown
6367000, ,keydown
6367300,d,keydown
6367400,e,keydown
6367700,v,keydown
6367700,o,keydown
6367800, ,keydown
6368100,d,keydown
6368200,i,keydown
6368400,r,keydown
6368400,e,keydown
6368500, ,keydown
6369300,c,keydown
6369500,h,keydown
6369600,e,keydown
6369600, ,keydown
6369800,l,keydown
6369900,a,keydown
6370100, ,keydown
6370300,s,keydown
6370400,e,keydown
6370600,c,keydown
6370700,o,keydown
6370900,n,keydown
6370900,d,keydown
6371100,a,keydown
6371100, ,keydown
6371800,v,keydown
6371800,o,keydown
6372000,l,keydown
6372300,t,keydown
6372500,a,keydown
6372500, ,keydown
6372700,e,keydown
6372900,#,keydown
6373100, ,keydown
6373700,Enter,keydown
6374000,m,keydown
6374000,o,keydown
6374300,l,keydown
6374500,t,keydown
6374500,o,keydown
6374600, ,keydown
6374800,m,keydown
6374900,e,keydown
6375200,g,keydown
6375200,l,keydown
6375400,i,keydown
6375500,o,keydown
6375700, ,keydown
6375900,d,keydown
6376000,e,keydown
6376100,l,keydown
6376200,l,keydown
6376400,a,keydown
6376600, ,keydown
6376700,p,keydown
6377800,r,keydown
6378200,i,keydown
6378400,m,keydown
6378500,a,keydown
6378700,#,keydown
6381800, ,keydown
6382300,#,keydown
6382600,i,keydown
6382900,e,keydown
6383000,r,keydown
6383100,i,keydown
6383700, ,keydown
6384300,g,keydown
6385000,Backspace,keydown
6385700,h,keydown
6385900,o,keydown
6386100, ,keydown
6386300,r,keydown
6386400,e,keydown
6386600,c,keydown
6386700,u,keydown
6387100,p,keydown
6387100,e,keydown
6387200,r,keydown
6387400,a,keydown
6387600,t,keydown
6387700,o,keydown
6387900, ,keydown
6388600,i,keydown
6388700, ,keydown
6389000,q,keydown
6389000,u,keydown
6389200,a,keydown
6389400,t,keydown
6389600,t,keydown
6389700,r,keydown
6389900,o,keydown
6390000, ,keydown
6390300,t,keydown
6390300,r,keydown
6390500,i,keydown
6390700,d,keydown
6390800,e,keydown
6390900,n,keydown
6391000,t,keydown
6391100,i,keydown
6392100, ,keydown
6392400,d,keydown
6392500,i,keydown
6393200,Backspace,keydown
6393400,Backspace,keydown
6393900,Enter,keydown
6394500,d,keydown
6394500,i,keydown
6394700, ,keydown
6395900,#,keydown
6396100,p,keydown
6396300,o,keydown
6396400,s,keydown
6396600,e,keydown
6396700,i,keydown
6396800,d,keydown
6396900,o,keydown
6397100,n,keydown
6397300,e,keydown
6398500,#,keydown
6398600, ,keydown
6398800,l,keydown
6399000,i,keydown
6399000, ,keydown
6399300,h,keydown
6399400,o,keydown
6399600, ,keydown
6400300,i,keydown
6400600,n,keydown
6400700,s,keydown
6400800,e,keydown
6401000,r,keydown
6401200,i,keydown
6401300,t,keydown
6401500,i,keydown
6402600, ,keydown
6404700,n,keydown
6404900,e,keydown
6405000,l,keydown
6405200,l,keydown
6405300,a,keydown
6405400, ,keydown
6405600,q,keydown
6405700,u,keydown
6406000,a,keydown
6406200,t,keydown
6406300,t,keydown
6406500,r,keydown
6406600,o,keydown
6406800, ,keydown
6407000,s,keydown
6407200,t,keydown
6407300,a,keydown
6407300,t,keydown
6407600,u,keydown
6407800,e,keydown
6408000, ,keydown
6409900,d,keydown
6410000,e,keydown
6410100,l,keydown
6410300,l,keydown
6410400,a,keydown
6410500, ,keydown
6410700,s,keydown
6410800,u,keydown
6410900,d,keydown
6411000,d,keydown
6411100,e,keydown
6411300,t,keydown
6411500,t,keydown
6411700,a,keydown
6412000,Enter,keydown
6412300,d,keydown
6412400,i,keydown
6412600,v,keydown
6412700,i,keydown
6412900,n,keydown
6413100,i,keydown
6413200,t,keydown
6413300,a,keydown
6414000,#,keydown
6414100, ,keydown
6414300, ,keydown
6414500,e,keydown
6414600, ,keydown
6414800,s,keydown
6414800,o,keydown
6415000,n,keydown
6415200,o,keydown
6415300, ,keydown
6415600,p,keydown
6415600,a,keydown
6415800,s,keydown
6416000,s,keydown
6416100,a,keydown
6416300,t,keydown
6416500,a,keydown
6416600, ,keydown
6417500,a,keydown
6417500,l,keydown
6417800, ,keydown
6418000,l,keydown
6418100,i,keydown
6418300,v,keydown
6418400,e,keydown
6418500,l,keydown
6418600,l,keydown
6418800,o,keydown
6418900, ,keydown
6419200,d,keydown
6419300,e,keydown
6419500,l,keydown
6419500,l,keydown
6419700, ,keydown
6420200,Backspace,keydown
6420400,a,keydown
6420500, ,keydown
6421200,m,keydown
6421300,i,keydown
6421400,s,keydown
6421600,t,keydown
6421700,e,keydown
6421900,r,keydown
6422000,i,keydown
6422100,o,keydown
6422300,s,keydown
6422400,a,keydown
6422600, ,keydown
6423300,b,keydown
6423300,i,keydown
6423500,b,keydown
6423700,l,keydown
6423800,i,keydown
6423800,o,keydown
6424000,t,keydown
6424000,e,keydown
6424200,c,keydown
6424300,a,keydown
6426400,#,keydown
