timestamp,key,type
36711600,Backspace,keydown
36711700,Backspace,keydown
36711700,Backspace,keydown
36711700,Backspace,keydown
36711700,Backspace,keydown
36711700,Backspace,keydown
36711700,Backspace,keydown
36711700,Backspace,keydown
36711700,#,keydown
36711800,e,keydown
36712300,c,keydown
36712500,c,keydown
36712600,o,keydown
36712700,m,keydown
36712800,i,keydown
36713500, ,keydown
36713700,p,keydown
36714000,r,keydown
36714100,e,keydown
36714300,s,keydown
36714500,e,keydown
36714600,n,keydown
36714800,t,keydown
36714800,e,keydown
36714900, ,keydown
36715000,a,keydown
36715300,l,keydown
36715400,l,keydown
36715600,#,keydown
36715800,a,keydown
36716000,p,keydown
36716000,p,keydown
36716400,e,keydown
36716600,l,keydown
36716700,l,keydown
36716800,p,keydown
36716800,o,keydown
36717400,Backspace,keydown
36717500,Backspace,keydown
36718000,o,keydown
36718100, ,keydown
36718300,g,keydown
36718500,i,keydown
36718600,o,keydown
36718600,r,keydown
36718800,n,keydown
36718900,a,keydown
36719200,l,keydown
36719300,i,keydown
36719400,e,keydown
36719600,r,keydown
36719700,o,keydown
36720100,.,keydown
36720300, ,keydown
36720400,#,keydown
36720600,m,keydown
36720700,a,keydown
36720800, ,keydown
36721000,q,keydown
36721100,u,keydown
36721300,a,keydown
36721400,n,keydown
36721600,t,keydown
36721700,o,keydown
36721800, ,keydown
36722200,d,keydown
36722400,u,keydown
36722700,r,keydown
36722800,a,keydown
36722900, ,keydown
36723200,a,keydown
36723400,n,keydown
36723500,c,keydown
36723700,o,keydown
36723800,r,keydown
36723900,a,keydown
36724100, ,keydown
36724300,q,keydown
36724500,u,keydown
36724600,e,keydown
36724700,s,keydown
36724900,t,keydown
36725000,a,keydown
36725600,Enter,keydown
36736200,p,keydown
36736400,r,keydown
36736500,o,keydown
36736700,v,keydown
36736900,a,keydown
36737000, ,keydown
36737200,i,keydown
36737200,n,keydown
36737500,t,keydown
36737600,e,keydown
36737700,r,keydown
36738100,m,keydown
36738200,i,keydown
36738200,n,keydown
36738400,a,keydown
36739000,b,keydown
36739200,i,keydown
36739300,l,keydown
36739500,e,keydown
36739700, ,keydown
36741500,#,keydown
36741800,#,keydown
36742100, ,keydown
36742600,#,keydown
36743000,n,keydown
36743200,o,keydown
36743400,n,keydown
36743400, ,keydown
36743700,e,keydown
36743700,#,keydown
36744000, ,keydown
36744900,o,keydown
36745200,r,keydown
36745300,a,keydown
36745400, ,keydown
36745600,d,keydown
36745900,i,keydown
36745900, ,keydown
36746100,f,keydown
36746300,i,keydown
36746300,n,keydown
36746400,i,keydown
36746500,r,keydown
36746800,l,keydown
36746900,a,keydown
36747400, ,keydown
36747600,#,keydown
36747700,#,keydown
36748000, ,keydown
36748300,#,keydown
36748700,m,keydown
36748800,i,keydown
36749000, ,keydown
36749100,s,keydown
36749200,o,keydown
36749400,n,keydown
36749400,o,keydown
36749500, ,keydown
36749900,q,keydown
36750200,u,keydown
36750300,a,keydown
36750500,s,keydown
36750600,i,keydown
36750800, ,keydown
36751000,s,keydown
36751300,t,keydown
36751300,u,keydown
36751600,f,keydown
36751700,a,keydown
36752100,t,keydown
36752100,o,keydown
36752900,Enter,keydown
36753500,d,keydown
36753700,i,keydown
36753700, ,keydown
36754100,s,keydown
36754300,c,keydown
36754400,r,keydown
36754600,i,keydown
36754800,v,keydown
36754900,e,keydown
36755000,r,keydown
36755200,e,keydown
36755300, ,keydown
36755700,n,keydown
36755800,a,keydown
36756000,h,keydown
36756500,Backspace,keydown
36756500,c,keydown
36756600,h,keydown
36756700,e,keydown
36756800, ,keydown
36757000,p,keydown
36757100,e,keydown
36757200,r,keydown
36757400,c,keydown
36757500,h,keydown
36757600,e,keydown
36757800,#,keydown
36758000, ,keydown
36758100,n,keydown
36758200,o,keydown
36758400,n,keydown
36758500, ,keydown
36759200,s,keydown
36759300,o,keydown
36759500, ,keydown
36759600,p,keydown
36759900,r,keydown
36759900,o,keydown
36760200,p,keydown
36760200,r,keydown
36760300,i,keydown
36760500,o,keydown
36760600, ,keydown
36760900,p,keydown
36761000,i,keydown
36761200,u,keydown
36761300,#,keydown
36761400, ,keydown
36762300,c,keydown
36762400,h,keydown
36762600,e,keydown
36762700, ,keydown
36762900,a,keydown
36763300,r,keydown
36763500,g,keydown
36763600,o,keydown
36763800,m,keydown
36763900,e,keydown
36764000,n,keydown
36764100,t,keydown
36764200,i,keydown
36764700, ,keydown
36765300,i,keydown
36765500,n,keydown
36765700,v,keydown
36765800,e,keydown
36766000,n,keydown
36766200,t,keydown
36766300,a,keydown
36766500,r,keydown
36766700,m,keydown
36766800,i,keydown
36767500,.,keydown
36767800,Enter,keydown
36768100,#,keydown
36768400,i,keydown
36769000,e,keydown
36769200,r,keydown
36769400,i,keydown
36769600, ,keydown
36769700,s,keydown
36769900,e,keydown
36770000,r,keydown
36770200,a,keydown
36770400, ,keydown
36770500,s,keydown
36771000,i,keydown
36771100,a,keydown
36771300,m,keydown
36771400,o,keydown
36771500, ,keydown
36771500,a,keydown
36771700,n,keydown
36771900,c,keydown
36772500,#,keydown
36772600,d,keydown
36772700,a,keydown
36772900,t,keydown
36773000,i,keydown
36773100, ,keydown
36773300,a,keydown
36773400, ,keydown
36774000,v,keydown
36774200,e,keydown
36774400,d,keydown
36774600,e,keydown
36774700,r,keydown
36774900,e,keydown
36775000, ,keydown
36775200,a,keydown
36775300,l,keydown
36775400, ,keydown
36775800,c,keydown
36776000,i,keydown
36776100,n,keydown
36776200,e,keydown
36776500,c,keydown
36776600,l,keydown
36776800,u,keydown
36777100,b,keydown
36777300, ,keydown
36777800,#,keydown
36778400,c,keydown
36778600,#,keydown
36778700,Backspace,keydown
36778900,s,keydown
36779100,c,keydown
36779300,o,keydown
36779400,p,keydown
36779500,r,keydown
36779600,e,keydown
36779900,n,keydown
36779900,d,keydown
36780100,o,keydown
36780500, ,keydown
36780600,#,keydown
36780800,f,keydown
36781100,o,keydown
36781200,r,keydown
36781400,r,keydown
36781400,e,keydown
36781700,s,keydown
36781700,t,keydown
36781800,e,keydown
36782000,r,keydown
36783200,Enter,keydown
36783500,e,keydown
36783600, ,keydown
36783900,i,keydown
36784000,o,keydown
36784100, ,keydown
36784300,n,keydown
36784400,o,keydown
36784500,n,keydown
36784600, ,keydown
36784900,s,keydown
36785100,o,keydown
36785200,n,keydown
36785400,o,keydown
36785500, ,keydown
36786000,c,keydown
36786100,e,keydown
36786300,r,keydown
36786500,t,keydown
36786500,o,keydown
36786600, ,keydown
36786900,c,keydown
36787000,o,keydown
36787100,m,keydown
36787200,e,keydown
36787300, ,keydown
36787600,i,keydown
36788000,l,keydown
36788000, ,keydown
36788200,p,keydown
36788300,r,keydown
36788500,o,keydown
36788600,t,keydown
36788800,a,keydown
36788900,g,keydown
36789200,o,keydown
36789600,n,keydown
36789600,i,keydown
36789800,s,keydown
36790000,t,keydown
36790000,a,keydown
36790400, ,keydown
36790700,c,keydown
36790800,h,keydown
36790900,e,keydown
36791100, ,keydown
36791300,s,keydown
36791400,i,keydown
36791500, ,keydown
36791700,i,keydown
36791900,n,keydown
36792100,v,keydown
36792200,e,keydown
36792500,n,keydown
36792700,t,keydown
36792800,a,keydown
36793000,v,keydown
36793200,a,keydown
36793500, ,keydown
36794200,d,keydown
36794400,e,keydown
36794500,l,keydown
36794700,l,keydown
36794800,e,keydown
36794800, ,keydown
36794900,s,keydown
36795100,t,keydown
36795300,o,keydown
36795400,r,keydown
36795600,i,keydown
36795700,e,keydown
36796200,Enter,keydown
36796600,a,keydown
36796800,n,keydown
36796900,c,keydown
36796900,h,keydown
36797100,e,keydown
36797200, ,keydown
36797900,c,keydown
36798300,r,keydown
36798300,e,keydown
36798500,d,keydown
36798600,i,keydown
36799000,b,keydown
36799100,i,keydown
36799300,l,keydown
36799500,i,keydown
36799700, ,keydown
36799800,e,keydown
36799900, ,keydown
36800200,l,keydown
36800300,e,keydown
36800500, ,keydown
36800700,s,keydown
36800800,c,keydown
36801000,r,keydown
36801200,i,keydown
36801400,v,keydown
36801500,e,keydown
36801700,v,keydown
36801800,a,keydown
36802000, ,keydown
36802300,n,keydown
36802400,e,keydown
36802500,l,keydown
36802700, ,keydown
36803400,g,keydown
36803500,i,keydown
36803700,r,keydown
36803800,o,keydown
36803900, ,keydown
36804100,d,keydown
36804200,i,keydown
36804300, ,keydown
36804500,u,keydown
36804600,n,keydown
36804700,a,keydown
36804800, ,keydown
36805000,s,keydown
36805100,o,keydown
36805300,l,keydown
36805300,a,keydown
36805500, ,keydown
36805700,n,keydown
36805900,o,keydown
36806000,t,keydown
36806300,t,keydown
36806400,e,keydown
36806700,.,keydown
36806900, ,keydown
36807000,#,keydown
36807300,i,keydown
36807500,o,keydown
36807800, ,keydown
36808400,f,keydown
36808500,a,keydown
36808700,c,keydown
36808700,c,keydown
36808900,i,keydown
36809000,o,keydown
36809000,i,keydown
36809100, ,keydown
36809300,u,keydown
36809600,n,keydown
36810300,o,keydown
36810600,Enter,keydown
36811400,s,keydown
36811500,f,keydown
36811700,o,keydown
36811900,r,keydown
36812500,z,keydown
36812700,o,keydown
36870600, ,keydown
36871000,t,keydown
36871000,r,keydown
36871200,e,keydown
36871400,m,keydown
36871500,e,keydown
36871700,n,keydown
36871800,d,keydown
36871900,o,keydown
36872200, ,keydown
36872400,a,keydown
36872600, ,keydown
36875000,s,keydown
36875100,c,keydown
36875300,r,keydown
36875400,i,keydown
36875700,v,keydown
36875700,e,keydown
36875800,r,keydown
36876000,e,keydown
36877500,.,keydown
36877700, ,keydown
36878000,Backspace,keydown
36878200,Backspace,keydown
36878400,",",keydown
36878500, ,keydown
36878700,n,keydown
36878700,o,keydown
36878800,n,keydown
36879000, ,keydown
36879300,t,keydown
36879300,a,keydown
36879400,n,keydown
36879700,t,keydown
36879800,o,keydown
36879800, ,keydown
36880000,a,keydown
36880100, ,keydown
36880300,p,keydown
36880600,i,keydown
36880800,g,keydown
36881200,i,keydown
36881600,a,keydown
36881800,r,keydown
36881900,e,keydown
36882100, ,keydown
36882400,s,keydown
36882700,u,keydown
36882900,i,keydown
36882900, ,keydown
36883200,t,keydown
36883300,a,keydown
36883500,s,keydown
36883700,t,keydown
36883900,i,keydown
36884700,",",keydown
36884800, ,keydown
36884900,m,keydown
36885000,a,keydown
36885200, ,keydown
36885500,a,keydown
36887500,Backspace,keydown
36887600,p,keydown
36887700,#,keydown
36887900,i,keydown
36888200,g,keydown
36888300,i,keydown
36889100,Backspace,keydown
36889400,Backspace,keydown
36889600,Backspace,keydown
36889700,Backspace,keydown
36890400,i,keydown
36890600,g,keydown
36890800,i,keydown
36890900,a,keydown
36891100,r,keydown
36891200,e,keydown
36891800,Enter,keydown
36893800,s,keydown
36894000,e,keydown
36894200,q,keydown
36894400,u,keydown
36894500,e,keydown
36894600,n,keydown
36895100,z,keydown
36895300,e,keydown
36895500, ,keydown
36895600,d,keydown
36895800,i,keydown
36895800, ,keydown
36896200,c,keydown
36896200,a,keydown
36896300,r,keydown
36896400,a,keydown
36896600,t,keydown
36896700,t,keydown
36896800,e,keydown
36897000,r,keydown
36897200,i,keydown
36897300, ,keydown
36897500,d,keydown
36897600,i,keydown
36897600, ,keydown
36897800,s,keydown
36898000,e,keydown
36898100,n,keydown
36898400,s,keydown
36898600,o,keydown
36898600,i,keydown
36898700, ,keydown
36899200,c,keydown
36899300,o,keydown
36899400,m,keydown
36899600,p,keydown
36899700,i,keydown
36899900,u,keydown
36900200,t,keydown
36900200,o,keydown
36902700,.,keydown
36903400, ,keydown
36903800,Backspace,keydown
36903900,Backspace,keydown
36904100, ,keydown
36904200,c,keydown
36904400,h,keydown
36904500,e,keydown
36904500, ,keydown
36904800,e,keydown
36905500,#,keydown
36905700, ,keydown
36906200,q,keydown
36906300,u,keydown
36906400,e,keydown
36906600,l,keydown
36906700,l,keydown
36906900,o,keydown
36907000, ,keydown
36907100,c,keydown
36907100,h,keydown
36907300,e,keydown
36907400, ,keydown
36907600,v,keydown
36908100,u,keydown
36908200,o,keydown
36908400,i,keydown
36908500, ,keydown
36909100,t,keydown
36909200,u,keydown
36909500,.,keydown
36910200,Enter,keydown
36911000,#,keydown
36911900,a,keydown
36912100,l,keydown
36912300,m,keydown
36912400,e,keydown
36912500,n,keydown
36912600,o,keydown
36912800, ,keydown
36912900,c,keydown
36913300,r,keydown
36913300,e,keydown
36913500,d,keydown
36913600,o,keydown
36913900,.,keydown
36914100, ,keydown
36914800,#,keydown
36915900,e,keydown
36916100,c,keydown
36916200,c,keydown
36916600,o,keydown
36917400,",",keydown
36917500, ,keydown
36918300,s,keydown
36918500,o,keydown
36918600,n,keydown
36918600,o,keydown
36919100, ,keydown
36919300,q,keydown
36919400,u,keydown
36919400,a,keydown
36919600,s,keydown
36919700,i,keydown
36919900, ,keydown
36920000,a,keydown
36920300,r,keydown
36920400,r,keydown
36920600,i,keydown
36920700,v,keydown
36920800,a,keydown
36921000,t,keydown
36921100,o,keydown
36921200, ,keydown
36921400,a,keydown
36921500,l,keydown
36921600,l,keydown
36921600,a,keydown
36921800, ,keydown
36922100,f,keydown
36922200,i,keydown
36922300,n,keydown
36922400,e,keydown
36922700,.,keydown
36922800, ,keydown
36923000,#,keydown
36923200,u,keydown
36923300,n,keydown
36923800, ,keydown
36924200,e,keydown
36924300,s,keydown
36924400,e,keydown
36924700,p,keydown
36925100,Backspace,keydown
36925300,Backspace,keydown
36925600,p,keydown
36926800,e,keydown
36927200,r,keydown
36927300,i,keydown
36927500,m,keydown
36927500,e,keydown
36927600,n,keydown
36927800,t,keydown
36927900,o,keydown
36928000, ,keydown
36928200,i,keydown
36928300,n,keydown
36928400,t,keydown
36928600,e,keydown
36928700,r,keydown
36928800,e,keydown
36929000,s,keydown
36929100,s,keydown
36929300,a,keydown
36929600,n,keydown
36929800,t,keydown
36929800,e,keydown
36930400,Enter,keydown
36930800,c,keydown
36930900,h,keydown
36931000,e,keydown
36931100, ,keydown
36932000,t,keydown
36932100,i,keydown
36932200, ,keydown
36932500,v,keydown
36932700,o,keydown
36932900,r,keydown
36933000,r,keydown
36933200,e,keydown
36933300,i,keydown
36933400, ,keydown
36933700,s,keydown
36933900,u,keydown
36934000,g,keydown
36934100,g,keydown
36934300,e,keydown
36934400,r,keydown
36934600,i,keydown
36934900,r,keydown
36935000,e,keydown
36935100, ,keydown
36935400,e,keydown
36935500,#,keydown
36935800, ,keydown
36936000,q,keydown
36936200,u,keydown
36936200,e,keydown
36936500,l,keydown
36936600,l,keydown
36936700,o,keydown
36936900, ,keydown
36937000,d,keydown
36937300,i,keydown
36937400, ,keydown
36937700,i,keydown
36937900,a,keydown
36938000,n,keydown
36938400,d,keydown
36938500,a,keydown
36938800,r,keydown
36938800,e,keydown
36938900, ,keydown
36939100,a,keydown
36939300, ,keydown
36940000,c,keydown
36940200,r,keydown
36940600,Backspace,keydown
36940900,e,keydown
36941100,r,keydown
36941600,c,keydown
36941600,a,keydown
36941900,r,keydown
36942000,e,keydown
36942200, ,keydown
36942400,n,keydown
36942600,e,keydown
36942700,i,keydown
36942900, ,keydown
36943100,t,keydown
36943200,e,keydown
36943500,s,keydown
36943700,t,keydown
36943800,i,keydown
36944000, ,keydown
36944100,c,keydown
36944300,h,keydown
36944500,e,keydown
36944600,Enter,keydown
36945900,t,keydown
36946400,Backspace,keydown
36947100,i,keydown
36948000,Backspace,keydown
36948200,t,keydown
36948300,i,keydown
36948300,u,keydown
36948500, ,keydown
36948800,Backspace,keydown
36949000,Backspace,keydown
36949200, ,keydown
36949500,a,keydown
36949700,v,keydown
36949900,b,keydown
36950000,b,keydown
36950200,i,keydown
36950300,a,keydown
36950500,m,keydown
36950700,o,keydown
36950800, ,keydown
36952100,s,keydown
36952300,c,keydown
36952500,r,keydown
36952600,i,keydown
36952800,t,keydown
36952900,t,keydown
36953100,o,keydown
36954500,",",keydown
36954600, ,keydown
36954800,q,keydown
36955000,u,keydown
36955200,a,keydown
36955600,n,keydown
36955800,t,keydown
36956000,e,keydown
36956100, ,keydown
36956500,v,keydown
36956600,o,keydown
36956700,l,keydown
36956900,t,keydown
36957000,e,keydown
36957100, ,keydown
36958100,c,keydown
36958300,o,keydown
36958400,m,keydown
36958500,p,keydown
36958700,a,keydown
36959000,i,keydown
36959100,o,keydown
36959400,n,keydown
36959400,o,keydown
36959600, ,keydown
36961100,f,keydown
36961300,r,keydown
36961400,a,keydown
36961700,s,keydown
36961900,i,keydown
36962600, ,keydown
36962900,c,keydown
36963100,o,keydown
36963200,m,keydown
36963300,e,keydown
36963400, ,keydown
36963600,q,keydown
36963800,u,keydown
36963900,e,keydown
36964000,l,keydown
36964200,l,keydown
36964300,e,keydown
36964500, ,keydown
36965200,p,keydown
36965300,r,keydown
36965400,e,keydown
36965700,c,keydown
36965900,e,keydown
36966000,d,keydown
36966100,e,keydown
36966500,n,keydown
36966700,t,keydown
36966900,i,keydown
36967800,Enter,keydown
36968100,e,keydown
36968300,#,keydown
36968500, ,keydown
36969000,Backspace,keydown
36969200,Backspace,keydown
36969400, ,keydown
36969600,c,keydown
36969700,i,keydown
36969800,o,keydown
36970000,e,keydown
36970200,#,keydown
36970500, ,keydown
36972100,c,keydown
36972200,h,keydown
36972300,e,keydown
36972500, ,keydown
36973900,l,keydown
36974200,o,keydown
36974200, ,keydown
36974400,f,keydown
36974600,a,keydown
36974700,c,keydown
36974900,c,keydown
36975000,i,keydown
36975200,a,keydown
36975200,m,keydown
36975400,o,keydown
36975600, ,keydown
36975700,c,keydown
36975900,o,keydown
36976000,n,keydown
36976200, ,keydown
36976700,n,keydown
36976700,o,keydown
36976900,t,keydown
36976900,e,keydown
36977400,v,keydown
36977500,o,keydown
36977600,l,keydown
36977700,e,keydown
36977900, ,keydown
36978400,s,keydown
36978700,f,keydown
36978700,o,keydown
36978900,r,keydown
36979400,z,keydown
36979500,o,keydown
36979700, ,keydown
36979900,e,keydown
36980100, ,keydown
36982500,r,keydown
36982500,i,keydown
36982800,p,keydown
36982900,e,keydown
36983200,t,keydown
36983500,i,keydown
36983500,a,keydown
36983700,m,keydown
36983700,o,keydown
36983900, ,keydown
36984100,c,keydown
36984300,h,keydown
36984400,e,keydown
36984400, ,keydown
36984800,s,keydown
36984900,i,keydown
36985100,a,keydown
36985300,m,keydown
36985500,o,keydown
36985800, ,keydown
36986200,q,keydown
36986300,u,keydown
36986400,a,keydown
36986600,s,keydown
36986900,i,keydown
36987200,Enter,keydown
36987600,l,keydown
36988000,Backspace,keydown
36988000,a,keydown
36988200,#,keydown
36988200,l,keydown
36988300,l,keydown
36988800,Backspace,keydown
36988800,Backspace,keydown
36989100,Backspace,keydown
36989200,l,keydown
36989400,l,keydown
36989500,a,keydown
36989600, ,keydown
36990300,f,keydown
36990400,i,keydown
36990400,n,keydown
36990500,e,keydown
36990900,.,keydown
36991300, ,keydown
36991800,#,keydown
36992200,o,keydown
36992500,v,keydown
36992600,v,keydown
36992800,i,keydown
36992900,a,keydown
36993000,m,keydown
36993100,e,keydown
36993100,n,keydown
36993300,t,keydown
36993400,e,keydown
36993700,",",keydown
36993800, ,keydown
36994100,c,keydown
36994400,r,keydown
36994500,e,keydown
36994700,d,keydown
36994800,o,keydown
36994900, ,keydown
36995600,c,keydown
36995900,h,keydown
36996000,e,keydown
36996200, ,keydown
36996800, ,keydown
36997300,Backspace,keydown
36997300,#,keydown
36997600,q,keydown
36997700,u,keydown
36997800,e,keydown
36998000,s,keydown
36998000,t,keydown
36998200,o,keydown
36998400, ,keydown
36999100,t,keydown
36999200,i,keydown
36999400,p,keydown
36999500,o,keydown
36999600, ,keydown
36999800,d,keydown
36999900,i,keydown
37000100, ,keydown
37000300,f,keydown
37000500,r,keydown
37000600,a,keydown
37000900,s,keydown
37001200,i,keydown
37001300, ,keydown
37003500,s,keydown
37003600,i,keydown
37003700,a,keydown
37004700,Backspace,keydown
37005000,Backspace,keydown
37005300,Backspace,keydown
37007400,i,keydown
37007600,m,keydown
37009500,Backspace,keydown
37009800,Backspace,keydown
37010900,p,keydown
37011000,o,keydown
37011100,s,keydown
37011300,s,keydown
37011400,o,keydown
37011700,Backspace,keydown
37011900,a,keydown
37012100, ,keydown
37012900,e,keydown
37013200,s,keydown
37013300,s,keydown
37013500,e,keydown
37013600,r,keydown
37013600,e,keydown
37014000,Enter,keydown
37014200,s,keydown
37015200,Backspace,keydown
37015300,f,keydown
37015500,u,keydown
37015600,o,keydown
37015800,r,keydown
37016000,v,keydown
37016100,i,keydown
37016200,a,keydown
37016400,n,keydown
37016500,t,keydown
37016600,e,keydown
37016800, ,keydown
37017000,p,keydown
37017100,e,keydown
37017200,r,keydown
37017300, ,keydown
37018100,l,keydown
37018200,#,keydown
37018400,a,keydown
37018600,n,keydown
37018700,a,keydown
37018900,l,keydown
37019100,i,keydown
37019200,s,keydown
37019300,i,keydown
37019500, ,keydown
37019800,c,keydown
37020000,h,keydown
37020100,e,keydown
37020300, ,keydown
37021200,f,keydown
37021300,a,keydown
37021400,r,keydown
37021600,a,keydown
37021800,i,keydown
37022400,.,keydown
37022600, ,keydown
37023000,#,keydown
37023700,f,keydown
37023800,o,keydown
37023900,r,keydown
37024100,s,keydown
37024300,e,keydown
37024400, ,keydown
37024600,p,keydown
37024700,o,keydown
37025000,t,keydown
37025100,r,keydown
37025300,e,keydown
37025500,s,keydown
37025700,t,keydown
37025800,i,keydown
37026000, ,keydown
37026100,e,keydown
37026400,l,keydown
37026600,i,keydown
37026800,m,keydown
37026800,i,keydown
37027000,n,keydown
37027100,a,keydown
37027300,r,keydown
37027500,e,keydown
37027600, ,keydown
37028400,l,keydown
37028700,e,keydown
37029800, ,keydown
37030100,f,keydown
37030200,r,keydown
37030400,a,keydown
37030500,s,keydown
37030700,i,keydown
37031000,Enter,keydown
37031500,c,keydown
37031700,o,keydown
37031800,n,keydown
37032200,t,keydown
37032200,e,keydown
37032300,n,keydown
37032500,e,keydown
37032600,t,keydown
37033300,i,keydown
37033800,Backspace,keydown
37033900,Backspace,keydown
37034200,n,keydown
37034600,t,keydown
37035600,i,keydown
37035700, ,keydown
37036600,q,keydown
37036800,u,keydown
37036900,e,keydown
37037600,s,keydown
37037900,t,keydown
37038000,o,keydown
37038100, ,keydown
37038400,t,keydown
37038500,i,keydown
37038700,p,keydown
37039000,o,keydown
37040000, ,keydown
37040400,d,keydown
37040500,i,keydown
37040500, ,keydown
37040700,a,keydown
37041000,r,keydown
37041200,g,keydown
37041300,o,keydown
37041500,m,keydown
37041600,e,keydown
37041600,n,keydown
37041800,t,keydown
37042000,a,keydown
37042200,z,keydown
37042300,i,keydown
37042400,o,keydown
37042600,n,keydown
37042700,i,keydown
37043400,",",keydown
37043500, ,keydown
37043800,u,keydown
37043800,n,keydown
37043900, ,keydown
37044200,p,keydown
37044400,o,keydown
37044500,#,keydown
37044800, ,keydown
37045500,c,keydown
37045700,o,keydown
37045900,m,keydown
37046000,e,keydown
37046100, ,keydown
37046200,s,keydown
37046400,e,keydown
37046500, ,keydown
37047000,f,keydown
37047200,o,keydown
37047400,s,keydown
37047600,s,keydown
37047800,e,keydown
37048000,r,keydown
37048000,o,keydown
37048200, ,keydown
37050300,n,keydown
37050400,o,keydown
37050600,i,keydown
37050900,s,keydown
37051100,y,keydown
37051700,Enter,keydown
37052500,e,keydown
37052700, ,keydown
37052800,q,keydown
37052900,u,keydown
37053100,i,keydown
37053200,n,keydown
37053400,d,keydown
37053500,i,keydown
37053600, ,keydown
37053800,c,keydown
37053900,o,keydown
37054100,m,keydown
37054200,e,keydown
37054200, ,keydown
37054500,s,keydown
37054600,i,keydown
37054600, ,keydown
37054900,f,keydown
37055000,a,keydown
37055100, ,keydown
37055800,n,keydown
37055900,e,keydown
37056000,i,keydown
37056200, ,keydown
37056400,s,keydown
37056500,i,keydown
37056500,s,keydown
37056700,t,keydown
37056900,e,keydown
37057100,m,keydown
37057300,i,keydown
37057400, ,keydown
37057700,d,keydown
37057800,i,keydown
37058000, ,keydown
37058100,a,keydown
37058200,p,keydown
37058300,p,keydown
37058500,r,keydown
37058500,e,keydown
37058700,n,keydown
37058800,d,keydown
37058900,i,keydown
37059100,m,keydown
37059200,e,keydown
37059300,n,keydown
37059500,t,keydown
37059600,i,keydown
37059600,o,keydown
37059900, ,keydown
37060300,Backspace,keydown
37060400,Backspace,keydown
37060600,Backspace,keydown
37060800,o,keydown
37061000, ,keydown
37061500,c,keydown
37061700,h,keydown
37061800,e,keydown
37061800, ,keydown
37063200,s,keydown
37063300,e,keydown
37063500,l,keydown
37063600,e,keydown
37063800,z,keydown
37064000,i,keydown
37064000,o,keydown
37064300,n,keydown
37064300,a,keydown
37064400,n,keydown
37064700,o,keydown
37064900, ,keydown
37065600,u,keydown
37065700,n,keydown
37065900,Enter,keydown
37066100,s,keydown
37066200,o,keydown
37066400,t,keydown
37066500,t,keydown
37066700,o,keydown
37066800,i,keydown
37067100,n,keydown
37067500,s,keydown
37067500,i,keydown
37067600,e,keydown
37067700,m,keydown
37067900,e,keydown
37068300, ,keydown
37068500,p,keydown
37068900,u,keydown
37069000,l,keydown
37069200,i,keydown
37069400,t,keydown
37069400,o,keydown
37069700, ,keydown
37070100,d,keydown
37070200,e,keydown
37070300,i,keydown
37070400, ,keydown
37070600,d,keydown
37070700,a,keydown
37070900,t,keydown
37071100,i,keydown
37072200, ,keydown
37073600,i,keydown
37073800,n,keydown
37073900, ,keydown
37074000,m,keydown
37074200,o,keydown
37074300,d,keydown
37074400,o,keydown
37074600, ,keydown
37074800,d,keydown
37075000,a,keydown
37075000, ,keydown
37075300,n,keydown
37075400,o,keydown
37075600,n,keydown
37075600, ,keydown
37075800,e,keydown
37076100,s,keydown
37076100,s,keydown
37076300,e,keydown
37076400,r,keydown
37076500,e,keydown
37077000,Backspace,keydown
37077200,n,keydown
37077300,e,keydown
37077600, ,keydown
37078300,i,keydown
37078500,n,keydown
37078700,f,keydown
37078800,l,keydown
37078900,u,keydown
37079100,e,keydown
37079300,n,keydown
37079800,z,keydown
37079900,a,keydown
37080100,t,keydown
37080300,i,keydown
37080600,.,keydown
