timestamp,key,type
43292200,Backspace,keydown
43292200,Backspace,keydown
43292200,Backspace,keydown
43292200,Backspace,keydown
43292200,Backspace,keydown
43292200,Backspace,keydown
43292200,Backspace,keydown
43292200,Backspace,keydown
43292200,#,keydown
43292400,e,keydown
43292600,c,keydown
43292900,c,keydown
43293400,o,keydown
43294000,#,keydown
43294200, ,keydown
43294500,#,keydown
43294700,c,keydown
43295100,i,keydown
43295200, ,keydown
43295400,s,keydown
43295800,o,keydown
43296000,n,keydown
43296200,o,keydown
43296300, ,keydown
43296600,c,keydown
43296800,a,keydown
43297600,s,keydown
43297700,c,keydown
43298000,a,keydown
43298300,t,keydown
43298600,o,keydown
43298700, ,keydown
43299100,d,keydown
43299400,i,keydown
43299500, ,keydown
43299700,n,keydown
43300100,u,keydown
43300200,o,keydown
43300600,v,keydown
43300900,o,keydown
43301300,#,keydown
43301500, ,keydown
43301600,#,keydown
43301800,q,keydown
43302100,u,keydown
43302300,i,keydown
43302400, ,keydown
43302800,a,keydown
43302900, ,keydown
43303000,c,keydown
43303400,o,keydown
43303500,m,keydown
43303800,p,keydown
43303900,i,keydown
43304100,l,keydown
43305700,l,keydown
43306000,a,keydown
43306300,r,keydown
43306500,e,keydown
43306700, ,keydown
43309100,q,keydown
43310100,u,keydown
43310700,e,keydown
43310900,s,keydown
43311400,t,keydown
43311700,o,keydown
43311900, ,keydown
43312200,a,keydown
43312500,c,keydown
43312500,c,keydown
43312800,i,keydown
43314400,c,keydown
43314800,i,keydown
43315400,p,keydown
43315700,i,keydown
43316000,c,keydown
43316200,c,keydown
43316400,h,keydown
43316700,i,keydown
43317000,a,keydown
43317400,m,keydown
43317700,a,keydown
43317900,c,keydown
43318100,c,keydown
43318300,e,keydown
43318900,Backspace,keydown
43319900,e,keydown
43320000,d,keydown
43320900,n,keydown
43321300,t,keydown
43321400,e,keydown
43322100,i,keydown
43322200, ,keydown
43322600,d,keydown
43322900,i,keydown
43323200, ,keydown
43323400,p,keydown
43324200,i,keydown
43324500,r,keydown
43325000,i,keydown
43325100,p,keydown
43326300,a,keydown
43326500,c,keydown
43326700,c,keydown
43326900,h,keydown
43327200,i,keydown
43327400, ,keydown
43330100,Backspace,keydown
43330400,o,keydown
43330500, ,keydown
43330800,d,keydown
43331100,i,keydown
43331200, ,keydown
43332400,f,keydown
43332700,o,keydown
43333000,r,keydown
43333500,m,keydown
43334200,#,keydown
43334300, ,keydown
43334600,#,keydown
43334700,m,keydown
43335000,a,keydown
43335200, ,keydown
43335600,p,keydown
43335800,o,keydown
43336000,i,keydown
43336600,#,keydown
43336700, ,keydown
43337600,u,keydown
43337900,r,keydown
43338100,c,keydown
43338300,a,keydown
43338700,#,keydown
43338800, ,keydown
43339100,m,keydown
43339400,e,keydown
43339600, ,keydown
43339800,l,keydown
43340000,o,keydown
43340100, ,keydown
43340400,d,keydown
43340700,i,keydown
43341200,c,keydown
43341500,i,keydown
43341700, ,keydown
43341800,o,keydown
43342000, ,keydown
43342200,n,keydown
43342400,e,keydown
43342600, ,keydown
43342800,s,keydown
43344800,e,keydown
43345000, ,keydown
43345100,s,keydown
43345500,o,keydown
43346200,o,keydown
43346300, ,keydown
43346700,s,keydown
43347000,t,keydown
43347300,a,keydown
43347700,t,keydown
43348400,o,keydown
43348600, ,keydown
43348900,a,keydown
43349100,r,keydown
43349200,r,keydown
43349500,i,keydown
43349800,c,keydown
43350100,o,keydown
43350400,n,keydown
43350700,o,keydown
43351000,s,keydown
43351200,c,keydown
43351600,i,keydown
43351900,u,keydown
43352300,t,keydown
43352600,o,keydown
43353100,#,keydown
43353200, ,keydown
43355400,#,keydown
43355600,t,keydown
43355900,i,keydown
43356000, ,keydown
43357000,c,keydown
43357700,o,keydown
43358100,s,keydown
43358200,a,keydown
43358400, ,keydown
43359200,n,keydown
43362200,e,keydown
43362500, ,keydown
43363100,p,keydown
43363400,e,keydown
43363800,n,keydown
43364200,s,keydown
43364600,i,keydown
43364700, ,keydown
43364900,#,keydown
43364900,9,keydown
43365300,p,keydown
43365700,a,keydown
43366000,r,keydown
43366500,c,keydown
43366800,l,keydown
43367000,o,keydown
43367200, ,keydown
43367400,c,keydown
43367700,o,keydown
43368000,n,keydown
43368100, ,keydown
43368300,u,keydown
43368500,n,keydown
43368600, ,keydown
43368900,a,keydown
43369400,m,keydown
43369600,i,keydown
43369800,c,keydown
43370200,o,keydown
43370400, ,keydown
43371500,i,keydown
43371700,m,keydown
43371900,m,keydown
43372300,a,keydown
43372900,g,keydown
43373200,i,keydown
43373500,m,keydown
43373900,Backspace,keydown
43374300,n,keydown
43374600,a,keydown
43374900,r,keydown
43375300,i,keydown
43375500,o,keydown
43375900,#,keydown
43376200,#,keydown
43376500, ,keydown
43377800,u,keydown
43378000,n,keydown
43378200, ,keydown
43378400,c,keydown
43378800,o,keydown
43378900,p,keydown
43379400,n,keydown
43379600,i,keydown
43380000,g,keydown
43380200,l,keydown
43380500,i,keydown
43380700,o,keydown
43380800, ,keydown
43382000,i,keydown
43382200,n,keydown
43382500, ,keydown
43383000,d,keydown
43383500,o,keydown
43383600,p,keydown
43384000,i,keydown
43384900,p,keydown
43385300,e,keydown
43385500,t,keydown
43385600,t,keydown
43386000,i,keydown
43386400,Backspace,keydown
43386600,o,keydown
43386700, ,keydown
43387300,p,keydown
43387600,i,keydown
43387900,u,keydown
43388100,#,keydown
43388300, ,keydown
43388600,c,keydown
43388800,i,keydown
43389100,l,keydown
43389400,i,keydown
43390100,n,keydown
43390600,d,keydown
43390800,r,keydown
43391100,o,keydown
43391300, ,keydown
43391500,a,keydown
43391900,t,keydown
43392000,r,keydown
43392700,Backspace,keydown
43393000,o,keydown
43393300, ,keydown
43394700,2,keydown
43394800, ,keydown
43395400,m,keydown
43395600,e,keydown
43395900,t,keydown
43396100,r,keydown
43396600,i,keydown
43396700, ,keydown
43397000,c,keydown
43397400,i,keydown
43397700,r,keydown
43398000,c,keydown
43398300,a,keydown
43401100,#,keydown
43401200,0,keydown
43401600,#,keydown
43402200,Backspace,keydown
43402400,#,keydown
43402600, ,keydown
43402800,#,keydown
43403300,#,keydown
43403400,#,keydown
43403400,#,keydown
43403400,#,keydown
43403400,#,keydown
43403500,#,keydown
43403500,#,keydown
43403500,i,keydown
43403900,e,keydown
43404100,r,keydown
43404500,o,keydown
43404600, ,keydown
43404900,Backspace,keydown
43405300,i,keydown
43405500, ,keydown
43405800,s,keydown
43405900,e,keydown
43406100,r,keydown
43406400,a,keydown
43406700, ,keydown
43407700,s,keydown
43408100,o,keydown
43408500,n,keydown
43408800,o,keydown
43409900,#,keydown
43410000,#,keydown
43410200,#,keydown
43410300,#,keydown
43411300,Backspace,keydown
43411500, ,keydown
43411900,s,keydown
43412200,i,keydown
43412400,a,keydown
43412800,m,keydown
43413100,o,keydown
43413700,#,keydown
43413900,#,keydown
43414000,#,keydown
43414800, ,keydown
43415300,#,keydown
43415400,n,keydown
43415600,o,keydown
43415800, ,keydown
43417100,n,keydown
43417400,i,keydown
43417700,e,keydown
43418100,n,keydown
43418500,t,keydown
43418700,e,keydown
43419200, ,keydown
43419300,i,keydown
43419700,e,keydown
43419800,r,keydown
43420100,i,keydown
43420300, ,keydown
43420500,s,keydown
43420700,e,keydown
43420800,r,keydown
43421200,i,keydown
43421700,#,keydown
43421800, ,keydown
43421900,#,keydown
43422100,q,keydown
43422400,u,keydown
43422700,e,keydown
43422900,s,keydown
43423200,t,keydown
43423300,a,keydown
43423600, ,keydown
43423900,s,keydown
43424200,e,keydown
43424400,r,keydown
43424600,a,keydown
43424700, ,keydown
43425100,a,keydown
43425700,n,keydown
43426000,d,keydown
43426100,e,keydown
43426300,r,keydown
43426800,o,keydown
43427200,#,keydown
43427500, ,keydown
43427600,#,keydown
43427800,9,keydown
43428000,a,keydown
43428400,n,keydown
43428700,d,keydown
43429000,r,keydown
43429200,e,keydown
43429800,m,keydown
43430100,o,keydown
43430300, ,keydown
43430700,a,keydown
43430800, ,keydown
43431500,m,keydown
43431800,a,keydown
43432500,Backspace,keydown
43432600,Backspace,keydown
43432800,Backspace,keydown
43432900,Backspace,keydown
43433100,Backspace,keydown
43433700,#,keydown
43433900,0,keydown
43434000, ,keydown
43434300,a,keydown
43434400, ,keydown
43435300,m,keydown
43435700,a,keydown
43436300,n,keydown
43436600,g,keydown
43436900,i,keydown
43437300,a,keydown
43437600,r,keydown
43437700,e,keydown
43437900, ,keydown
43438300,i,keydown
43438500,l,keydown
43438600, ,keydown
43439000,#,keydown
43439100,s,keydown
43439700,u,keydown
43439900,s,keydown
43440300,h,keydown
43440600,i,keydown
43441000, ,keydown
43441800,#,keydown
43442000,9,keydown
43442300,s,keydown
43442600,o,keydown
43442800,l,keydown
43443000,i,keydown
43443700,t,keydown
43444000,o,keydown
43444100, ,keydown
43444300,p,keydown
43444400,o,keydown
43444800,s,keydown
43445200,t,keydown
43445700,o,keydown
43448100, ,keydown
43448400,s,keydown
43448700,o,keydown
43448800,l,keydown
43449000,i,keydown
43449300,t,keydown
43449500,a,keydown
43449700, ,keydown
43449900,o,keydown
43450200,r,keydown
43450500,a,keydown
43450900,#,keydown
43451100, ,keydown
43451400,n,keydown
43451700,o,keydown
43451800, ,keydown
43452100,a,keydown
43452400,n,keydown
43452700,x,keydown
43453100,Backspace,keydown
43453500,z,keydown
43453800,i,keydown
43454600,#,keydown
43454800, ,keydown
43455500,f,keydown
43455700,o,keydown
43456200,r,keydown
43456400,d,keydown
43456400,s,keydown
43456500,e,keydown
43456700, ,keydown
43457000,u,keydown
43457300,n,keydown
43457500, ,keydown
43457700,p,keydown
43457900,o,keydown
43458000, ,keydown
43458800,Backspace,keydown
43459300,#,keydown
43459500, ,keydown
43459800,p,keydown
43460100,i,keydown
43460600,u,keydown
43460900,#,keydown
43461100, ,keydown
43461300,p,keydown
43461700,r,keydown
43461800,e,keydown
43462000,s,keydown
43462400,t,keydown
43462800,o,keydown
43463200,#,keydown
43463300,#,keydown
43463500,#,keydown
43464200,#,keydown
43464200,0,keydown
43464600,#,keydown
43464700, ,keydown
43465100,#,keydown
43465600,m,keydown
43466000,a,keydown
43466100, ,keydown
43466400,p,keydown
43466800,e,keydown
43467500,r,keydown
43467800,c,keydown
43468100,h,keydown
43468400,e,keydown
43468500, ,keydown
43469400,Backspace,keydown
43469600,#,keydown
43469700, ,keydown
43470100,n,keydown
43470400,o,keydown
43470600,n,keydown
43470800, ,keydown
43472200,f,keydown
43472500,i,keydown
43472700,n,keydown
43472900,i,keydown
43473200,s,keydown
43473300,c,keydown
43473600,e,keydown
43474000, ,keydown
43475000,Backspace,keydown
43475400,#,keydown
43475600, ,keydown
43475800,p,keydown
43476100,e,keydown
43476300,r,keydown
43476600,v,keydown
43476600,c,keydown
43477700,h,keydown
43478600,e,keydown
43478900,#,keydown
43478900,#,keydown
43479100, ,keydown
43479700,c,keydown
43480500,i,keydown
43480700, ,keydown
43480800,p,keydown
43481900,m,keydown
43482900,e,keydown
43483100,t,keydown
43483200,t,keydown
43483500,e,keydown
43483700, ,keydown
43483900,c,keydown
43484100,o,keydown
43484400,s,keydown
43484700,i,keydown
43485100,#,keydown
43485400, ,keydown
43485600,t,keydown
43485800,a,keydown
43486300,n,keydown
43486700,t,keydown
43487200,o,keydown
43487400, ,keydown
43487700,q,keydown
43488000,u,keydown
43488400,e,keydown
43488500,s,keydown
43488800,t,keydown
43489200,o,keydown
43489400, ,keydown
43489500,d,keydown
43489800,a,keydown
43490200,n,keydown
43490300,n,keydown
43490600,a,keydown
43491000,t,keydown
43491200,o,keydown
43491400, ,keydown
43492600,f,keydown
43493000,o,keydown
43493300,r,keydown
43493600,m,keydown
43493700, ,keydown
43494000,a,keydown
43494100, ,keydown
43494400,r,keydown
43495000,i,keydown
43495300,e,keydown
43495800,m,keydown
43496100,p,keydown
43496400,i,keydown
43496800,r,keydown
43497000,s,keydown
43497400,i,keydown
43498000,#,keydown
43498200, ,keydown
43498400,#,keydown
43498700,h,keydown
43498900,o,keydown
43499100, ,keydown
43499500,a,keydown
43499900,n,keydown
43500200,c,keydown
43500500,g,keydown
43500700,e,keydown
43501000, ,keydown
43501500,#,keydown
43501600,9,keydown
43502000,o,keydown
43502300,a,keydown
43502500,r,keydown
43502700,a,keydown
43503000, ,keydown
43503000,#,keydown
43503200,0,keydown
43503400, ,keydown
43503700,d,keydown
43503900,e,keydown
43504100,c,keydown
43504300,i,keydown
43504600,s,keydown
43504900,o,keydown
43505100, ,keydown
43505300,d,keydown
43505700,i,keydown
43505800, ,keydown
43506100,p,keydown
43506400,r,keydown
43506800,o,keydown
43507100,v,keydown
43507400,a,keydown
43507600,r,keydown
43507800,e,keydown
43508000, ,keydown
43508200,a,keydown
43508400, ,keydown
43508500,s,keydown
43508700,c,keydown
43508900,r,keydown
43509200,i,keydown
43509600,v,keydown
43509900,e,keydown
43510100,r,keydown
43510200,e,keydown
43510400, ,keydown
43511000,p,keydown
43511300,i,keydown
43511500,u,keydown
43511800,#,keydown
43512000, ,keydown
43512300,i,keydown
43512500,n,keydown
43512600, ,keydown
43513100,f,keydown
43513300,r,keydown
43513500,e,keydown
43513700,t,keydown
43513800,t,keydown
43514000,a,keydown
43514200, ,keydown
43515500,#,keydown
43515600,9,keydown
43516200,c,keydown
43516600,i,keydown
43516800,o,keydown
43517100,e,keydown
43517500,#,keydown
43517700, ,keydown
43517900,s,keydown
43518200,e,keydown
43519100,z,keydown
43519300,a,keydown
43519500, ,keydown
43519800,c,keydown
43520100,o,keydown
43520400,r,keydown
43520600,r,keydown
43520700,e,keydown
43521100,g,keydown
43521200,g,keydown
43521400,e,keydown
43521500,r,keydown
43521800,e,keydown
43522000, ,keydown
43522300,f,keydown
43522600,Backspace,keydown
43523000,g,keydown
43523300,l,keydown
43523500,i,keydown
43523700, ,keydown
43524000,e,keydown
43524200,r,keydown
43524300,r,keydown
43524600,o,keydown
43524900,r,keydown
43525200,i,keydown
43525600,#,keydown
43525700, ,keydown
43525900,i,keydown
43526200,n,keydown
43526500,e,keydown
43527600,e,keydown
43528200,v,keydown
43528500,i,keydown
43529100,t,keydown
43529400,a,keydown
43530100,n,keydown
43530700,b,keydown
43530900,i,keydown
43531200,l,keydown
43531300,i,keydown
43531700,#,keydown
43531900, ,keydown
43532200,q,keydown
43532500,u,keydown
43532900,a,keydown
43533200,n,keydown
43533500,d,keydown
43533900,o,keydown
43534000, ,keydown
43534300,s,keydown
43534600,i,keydown
43534800, ,keydown
43535100,s,keydown
43535300,c,keydown
43535500,r,keydown
43535900,i,keydown
43536100,v,keydown
43536400,e,keydown
43536600, ,keydown
43537200,p,keydown
43537500,r,keydown
43537900,i,keydown
43538000,m,keydown
43538400,a,keydown
43538500, ,keydown
43538700,d,keydown
43539000,i,keydown
43539100, ,keydown
43539900,p,keydown
43540200,e,keydown
43540600,n,keydown
43541100,s,keydown
43541300,a,keydown
43541600,r,keydown
43541600,e,keydown
43542100,#,keydown
43542200, ,keydown
43542500,a,keydown
43542900,l,keydown
43543000,m,keydown
43543400,r,keydown
43543700,n,keydown
43544000,o,keydown
43544200, ,keydown
43544200,p,keydown
43544500,e,keydown
43544700,r,keydown
43544800, ,keydown
43545300,m,keydown
43545600,r,keydown
43546400,#,keydown
43546700,#,keydown
43546900, ,keydown
43547100,c,keydown
43547400,o,keydown
43547600,m,keydown
43547900,e,keydown
43548100, ,keydown
43548500,s,keydown
43548800,t,keydown
43549200,o,keydown
43549300, ,keydown
43549600,f,keydown
43549800,a,keydown
43550300,c,keydown
43550500,e,keydown
43550800,n,keydown
43551800,o,keydown
43552000, ,keydown
43552400,o,keydown
43552700,r,keydown
43552900,a,keydown
43554900,#,keydown
43555300,#,keydown
43555300,#,keydown
43555300,#,keydown
43555400,#,keydown
43555400,#,keydown
43555400,#,keydown
43555500,#,keydown
43555500,#,keydown
43555600,#,keydown
43555600,#,keydown
43555600,0,keydown
43556300,#,keydown
43556400, ,keydown
43556700,#,keydown
43556900,b,keydown
43557100,e,keydown
43557400,n,keydown
43557900,e,keydown
43558000, ,keydown
43558400,m,keydown
43558600,o,keydown
43559200, ,keydown
43559900,p,keydown
43560200,a,keydown
43560500,r,keydown
43560600,e,keydown
43560800, ,keydown
43560900,c,keydown
43561300,h,keydown
43561600,e,keydown
43561700, ,keydown
43561800,s,keydown
43562100,i,keydown
43562400,a,keydown
43562800,m,keydown
43562900,o,keydown
43563100, ,keydown
43564000,v,keydown
43564300,e,keydown
43564500,r,keydown
43564600,s,keydown
43564900,i,keydown
43565000, ,keydown
43565200,l,keydown
43565600,a,keydown
43565800, ,keydown
43566100,f,keydown
43566400,i,keydown
43566600,n,keydown
43567000,e,keydown
43567500,#,keydown
43567800, ,keydown
43567900,l,keydown
43568200,a,keydown
43568500, ,keydown
43569100,v,keydown
43569400,e,keydown
43569500,r,keydown
43569700,a,keydown
43569900, ,keydown
43570500,f,keydown
43570800,i,keydown
43571100,n,keydown
43571400,e,keydown
43571800,#,keydown
43571900, ,keydown
43572700,#,keydown
43572900,l,keydown
43573100,#,keydown
43573600,u,keydown
43573900,l,keydown
43574100,y,keydown
43575000,i,keydown
43575200,m,keydown
43575500,a,keydown
43578000,#,keydown
43578200,#,keydown
43578300,#,keydown
43579100, ,keydown
43579300,c,keydown
43579700,h,keydown
43580000,e,keydown
43580200, ,keydown
43580400,c,keydown
43580700,o,keydown
43580900,s,keydown
43581200,a,keydown
43581300, ,keydown
43581500,e,keydown
43581800,#,keydown
43582000, ,keydown
43582300,c,keydown
43582400,h,keydown
43582800,e,keydown
43582900, ,keydown
43583100,d,keydown
43583500,o,keydown
43583800,v,keydown
43584000,r,keydown
43584300,e,keydown
43584500,i,keydown
43584700, ,keydown
43584900,v,keydown
43585200,e,keydown
43585400,d,keydown
43585500,e,keydown
43585700,r,keydown
43585900,e,keydown
43586300,#,keydown
43586500,#,keydown
43587300, ,keydown
43587800,#,keydown
43588000,u,keydown
43588100,n,keydown
43588400,a,keydown
43588700, ,keydown
43588900,s,keydown
43589200,l,keydown
43589400,i,keydown
43589600,t,keydown
43589800,t,keydown
43590100,a,keydown
43590400,#,keydown
43590500,#,keydown
43590800, ,keydown
43592200,#,keydown
43592300,b,keydown
43592700,a,keydown
43593000,b,keydown
43593100,b,keydown
43593500,o,keydown
43593700, ,keydown
43594100,n,keydown
43594400,a,keydown
43594600,t,keydown
43594900,a,keydown
43595500,l,keydown
43595700,e,keydown
43595900, ,keydown
43596000,#,keydown
43596200,9,keydown
43596800,#,keydown
43596800,n,keydown
43597100,a,keydown
43597400,t,keydown
43597700,a,keydown
43598000,l,keydown
43598400,e,keydown
43598700,#,keydown
43598900,0,keydown
43599300,#,keydown
43599600,#,keydown
43599700, ,keydown
43600300,#,keydown
43600500,v,keydown
43601600, ,keydown
43601700,#,keydown
43601700,c,keydown
43602100,o,keydown
43602500,s,keydown
43602700,a,keydown
43602900,a,keydown
43603000,a,keydown
43603200,a,keydown
43603400,a,keydown
43603800,#,keydown
43604000,1,keydown
43604500,1,keydown
