timestamp,key,type
32327700,Backspace,keydown
32327700,Backspace,keydown
32327700,Backspace,keydown
32327700,Backspace,keydown
32327700,Backspace,keydown
32327700,Backspace,keydown
32327700,Backspace,keydown
32327700,Backspace,keydown
32327700,#,keydown
32328000,s,keydown
32328300,u,keydown
32328800, ,keydown
32329100,u,keydown
32329200,n,keydown
32329300, ,keydown
32329400,m,keydown
32329600,o,keydown
32329800,l,keydown
32330000,o,keydown
32330100, ,keydown
32330300,i,keydown
32330400,n,keydown
32330500, ,keydown
32330800,u,keydown
32330800,n,keydown
32330900, ,keydown
32331200,p,keydown
32331300,a,keydown
32331700,s,keydown
32332100,Backspace,keydown
32332300,e,keydown
32332400,s,keydown
32332500,i,keydown
32332600,n,keydown
32332700,o,keydown
32332800, ,keydown
32333000,s,keydown
32333100,i,keydown
32333400,c,keydown
32333400,i,keydown
32333700,l,keydown
32334000,i,keydown
32334100,a,keydown
32334300,n,keydown
32334400,o,keydown
32336000, ,keydown
32336500,u,keydown
32336600,n,keydown
32336600, ,keydown
32338200,u,keydown
32338400,o,keydown
32338600,m,keydown
32338700,o,keydown
32338800, ,keydown
32339000,s,keydown
32339200,t,keydown
32339200,a,keydown
32339400, ,keydown
32339600,p,keydown
32339800,e,keydown
32340000,s,keydown
32340100,c,keydown
32340300,a,keydown
32341300,n,keydown
32341600,d,keydown
32341700,o,keydown
32343000, ,keydown
32343200,e,keydown
32343500,",",keydown
32343700, ,keydown
32343900,p,keydown
32344000,e,keydown
32344200,r,keydown
32344200, ,keydown
32344400,p,keydown
32344500,a,keydown
32344600,s,keydown
32344800,s,keydown
32344900,a,keydown
32345300,r,keydown
32345500,e,keydown
32345600, ,keydown
32346100,i,keydown
32346300,l,keydown
32346300, ,keydown
32346600,t,keydown
32346600,e,keydown
32346700,m,keydown
32346900,p,keydown
32347100,o,keydown
32347300,",",keydown
32347500,Enter,keydown
32348300,s,keydown
32348700,i,keydown
32348700, ,keydown
32348900,m,keydown
32349000,e,keydown
32349200,t,keydown
32349400,t,keydown
32349500,e,keydown
32349700, ,keydown
32349800,a,keydown
32350000, ,keydown
32350600,c,keydown
32350800,h,keydown
32350800,i,keydown
32351000,a,keydown
32351300,c,keydown
32352100,c,keydown
32352300,h,keydown
32352400,i,keydown
32352500,e,keydown
32352900,r,keydown
32352900,a,keydown
32353100,r,keydown
32353400,e,keydown
32353900, ,keydown
32354700,c,keydown
32354900,o,keydown
32355000,n,keydown
32355100, ,keydown
32355300,q,keydown
32355500,u,keydown
32355600,e,keydown
32355700,l,keydown
32355900,l,keydown
32356100,o,keydown
32356200, ,keydown
32356400,c,keydown
32356600,h,keydown
32356800,e,keydown
32357000, ,keydown
32357200,p,keydown
32357400,e,keydown
32357600,s,keydown
32357900,c,keydown
32358000,a,keydown
32358200, ,keydown
32358600,v,keydown
32358700,i,keydown
32359000,c,keydown
32359100,i,keydown
32359600,n,keydown
32359700,o,keydown
32359900, ,keydown
32360100,a,keydown
32360300, ,keydown
32360500,l,keydown
32360700,u,keydown
32360700,i,keydown
32361100,.,keydown
32361500, ,keydown
32362200,#,keydown
32362500,i,keydown
32362800,l,keydown
32362900, ,keydown
32363000,d,keydown
32363100,i,keydown
32363400,s,keydown
32363700,c,keydown
32364000,o,keydown
32364200,r,keydown
32364400,s,keydown
32364600,o,keydown
32365200,",",keydown
32365200, ,keydown
32365500,a,keydown
32366500,d,keydown
32366700, ,keydown
32366900,u,keydown
32367000,n,keydown
32368400,Enter,keydown
32368800,c,keydown
32368900,e,keydown
32369000,r,keydown
32369200,t,keydown
32369400,o,keydown
32369400, ,keydown
32369700,p,keydown
32369800,u,keydown
32370100,n,keydown
32370400,t,keydown
32370500,o,keydown
32371300,",",keydown
32371400, ,keydown
32371600,c,keydown
32371700,a,keydown
32371900,d,keydown
32372200,e,keydown
32372300, ,keydown
32372500,s,keydown
32372600,u,keydown
32372800,l,keydown
32372900, ,keydown
32373000,p,keydown
32373100,r,keydown
32373300,o,keydown
32373400,b,keydown
32373600,l,keydown
32373700,e,keydown
32373900,m,keydown
32373900,a,keydown
32374100, ,keydown
32375200,d,keydown
32375300,e,keydown
32375400,l,keydown
32375600,l,keydown
32375700,a,keydown
32375900, ,keydown
32376200,d,keydown
32376400,i,keydown
32376500,s,keydown
32376600,o,keydown
32377000,c,keydown
32377100,c,keydown
32377200,u,keydown
32377300,p,keydown
32377400,a,keydown
32377600,z,keydown
32377700,i,keydown
32377800,o,keydown
32378000,n,keydown
32378000,e,keydown
32379100, ,keydown
32379200,e,keydown
32379400,d,keydown
32379700, ,keydown
32380100,i,keydown
32380200,l,keydown
32380300, ,keydown
32380400,s,keydown
32380500,e,keydown
32380700,c,keydown
32380900,o,keydown
32381200,n,keydown
32381500,d,keydown
32381600,o,keydown
32381800, ,keydown
32382300,p,keydown
32383100,e,keydown
32383400,s,keydown
32383600,c,keydown
32383600,a,keydown
32384300,t,keydown
32384500,o,keydown
32384600,r,keydown
32384700,e,keydown
32384800, ,keydown
32385100,d,keydown
32385600,i,keydown
32385700,c,keydown
32385800,e,keydown
32386100,#,keydown
32386200,#,keydown
32386400,Enter,keydown
32389400,#,keydown
32389800,#,keydown
32391000,i,keydown
32391300,o,keydown
32391400, ,keydown
32391700,n,keydown
32391900,o,keydown
32392300,n,keydown
32392500, ,keydown
32392900,t,keydown
32393000,e,keydown
32393100,n,keydown
32393300,g,keydown
32393500,o,keydown
32393600, ,keydown
32393800,p,keydown
32394000,r,keydown
32394000,o,keydown
32394200,b,keydown
32394300,l,keydown
32394500,e,keydown
32394600,m,keydown
32394800,a,keydown
32395600,.,keydown
32395800, ,keydown
32395900,#,keydown
32396000,i,keydown
32396200,l,keydown
32396300, ,keydown
32396500,l,keydown
32396600,a,keydown
32396700,v,keydown
32396900,o,keydown
32397100,r,keydown
32397200,o,keydown
32397700, ,keydown
32398200,n,keydown
32398300,o,keydown
32398400,n,keydown
32398600, ,keydown
32398700,m,keydown
32398800,i,keydown
32398900, ,keydown
32399200,m,keydown
32399400,a,keydown
32399600,n,keydown
32399800,c,keydown
32399900,a,keydown
32400300, ,keydown
32400400,m,keydown
32400600,a,keydown
32400700,i,keydown
32401100,#,keydown
32402200,.,keydown
32402300,#,keydown
32402400,#,keydown
32402900, ,keydown
32404500,Backspace,keydown
32404800,Enter,keydown
32405300,#,keydown
32405500,#,keydown
32405700, ,keydown
32406000,e,keydown
32407100,Backspace,keydown
32407200,Backspace,keydown
32407400,#,keydown
32407500,e,keydown
32407700, ,keydown
32407900,c,keydown
32408000,o,keydown
32408200,s,keydown
32408500,a,keydown
32408600, ,keydown
32409300,f,keydown
32409400,a,keydown
32409600,c,keydown
32409800,i,keydown
32410000,t,keydown
32410000,e,keydown
32410200, ,keydown
32410700,d,keydown
32410800,i,keydown
32411000, ,keydown
32411600,b,keydown
32411600,e,keydown
32411800,l,keydown
32412000,l,keydown
32412400,o,keydown
32412600,#,keydown
32413300,#,keydown
32414000,#,keydown
32414500, ,keydown
32414800,c,keydown
32415000,h,keydown
32415000,i,keydown
32415100,e,keydown
32415400,d,keydown
32415500,e,keydown
32415600, ,keydown
32415900,i,keydown
32416000,l,keydown
32416100, ,keydown
32416200,p,keydown
32416400,r,keydown
32416800,i,keydown
32416900,m,keydown
32417000,o,keydown
32417200, ,keydown
32417300,p,keydown
32417400,e,keydown
32417700,s,keydown
32417900,c,keydown
32418100,a,keydown
32418400,t,keydown
32418500,o,keydown
32418600,r,keydown
32418700,e,keydown
32419300,.,keydown
32421800,Enter,keydown
32427100,#,keydown
32427300,l,keydown
32427600,a,keydown
32428200,Backspace,keydown
32428400,Backspace,keydown
32428400,#,keydown
32428600,#,keydown
32429100,#,keydown
32429400,l,keydown
32429600,a,keydown
32429900,v,keydown
32430000,o,keydown
32430200,r,keydown
32430300,o,keydown
32430400, ,keydown
32430600,p,keydown
32430700,e,keydown
32430800,r,keydown
32430900, ,keydown
32431300,g,keydown
32431400,l,keydown
32431500,i,keydown
32431600, ,keydown
32431800,a,keydown
32432000,m,keydown
32432000,i,keydown
32432200,c,keydown
32432300,i,keydown
32433700,.,keydown
32433800, ,keydown
32433900,#,keydown
32434100,q,keydown
32434200,u,keydown
32434300,a,keydown
32434400,n,keydown
32434600,d,keydown
32434700,o,keydown
32434800, ,keydown
32434900,c,keydown
32435200,#,keydown
32435400,e,keydown
32435500,#,keydown
32435700, ,keydown
32438300,u,keydown
32438400,n,keydown
32438500, ,keydown
32438600,p,keydown
32438800,r,keydown
32438900,o,keydown
32439100,b,keydown
32439100,l,keydown
32439200,e,keydown
32439400,m,keydown
32439500,a,keydown
32439600, ,keydown
32440200,d,keydown
32440300,a,keydown
32440500, ,keydown
32440700,r,keydown
32440900,i,keydown
32441000,s,keydown
32441100,o,keydown
32441200,l,keydown
32441500,v,keydown
32441500,e,keydown
32441700,r,keydown
32441800,e,keydown
32442800,",",keydown
32443000, ,keydown
32443200,i,keydown
32443300,o,keydown
32443500, ,keydown
32443900,l,keydown
32444100,o,keydown
32444200, ,keydown
32444400,r,keydown
32444600,i,keydown
32444900,s,keydown
32445000,o,keydown
32445200,l,keydown
32445300,v,keydown
32445400,o,keydown
32446600, ,keydown
32446800,.,keydown
32447000,.,keydown
32447100,.,keydown
32449600,Enter,keydown
32450600,c,keydown
32450700,o,keydown
32450800,n,keydown
32451400, ,keydown
32451700,q,keydown
32451900,u,keydown
32452000,e,keydown
32452100,s,keydown
32452300,t,keydown
32452600,o,keydown
32452900,#,keydown
32453500,.,keydown
32453600,#,keydown
32453800,#,keydown
32454100, ,keydown
32454600,e,keydown
32454900, ,keydown
32455700,t,keydown
32455800,i,keydown
32456100,r,keydown
32456200,a,keydown
32456400, ,keydown
32456700,f,keydown
32456800,u,keydown
32456900,o,keydown
32457100,r,keydown
32457200,i,keydown
32457400, ,keydown
32457600,u,keydown
32457700,n,keydown
32457800, ,keydown
32460000,f,keydown
32460300,u,keydown
32460600,c,keydown
32460700,i,keydown
32460900,l,keydown
32460900,e,keydown
32461100, ,keydown
32461600,d,keydown
32461700,i,keydown
32461700, ,keydown
32461900,p,keydown
32462200,r,keydown
32462200,e,keydown
32462500,c,keydown
32462600,i,keydown
32462900,s,keydown
32463000,i,keydown
32463000,o,keydown
32463200,n,keydown
32463400,e,keydown
32463500, ,keydown
32464300,c,keydown
32464400,o,keydown
32464600,n,keydown
32464600, ,keydown
32464800,m,keydown
32465000,i,keydown
32465300,r,keydown
32465400,i,keydown
32465600,n,keydown
32465700,o,keydown
32465800, ,keydown
32466600,t,keydown
32466600,e,keydown
32466800,l,keydown
32466900,e,keydown
32467300,s,keydown
32467500,c,keydown
32467700,o,keydown
32467900,p,keydown
32468000,i,keydown
32468400,c,keydown
32468500,o,keydown
32469500,.,keydown
32470500,Enter,keydown
32470800,#,keydown
32471100,#,keydown
32472300,#,keydown
32472400,m,keydown
32472700,i,keydown
32472900,n,keydown
32473100,c,keydown
32473200,h,keydown
32473200,i,keydown
32473300,a,keydown
32473700,#,keydown
32474000,#,keydown
32475600,#,keydown
32475800,#,keydown
32476700, ,keydown
32477600,e,keydown
32478300,s,keydown
32478400,c,keydown
32478500,a,keydown
32478700,l,keydown
32478900,a,keydown
32479300,Backspace,keydown
32479600,m,keydown
32479700,a,keydown
32479800, ,keydown
32480200,i,keydown
32480300,l,keydown
32480500, ,keydown
32480600,p,keydown
32480800,r,keydown
32480900,i,keydown
32481100,m,keydown
32481300,o,keydown
32481300, ,keydown
32481500,p,keydown
32481600,e,keydown
32481900,s,keydown
32482000,c,keydown
32482100,a,keydown
32482500,o,keydown
32482600,t,keydown
32483100,Backspace,keydown
32483200,Backspace,keydown
32483400,t,keydown
32483500,o,keydown
32483800,r,keydown
32484000,e,keydown
32486200,",",keydown
32486300, ,keydown
32486500,#,keydown
32486600,#,keydown
32486700, ,keydown
32487300,Backspace,keydown
32487600,c,keydown
32487600,o,keydown
32487900,n,keydown
32488100, ,keydown
32488300,q,keydown
32488600,u,keydown
32488700,e,keydown
32488800,l,keydown
32488900,l,keydown
32489100,o,keydown
32489400, ,keydown
32490900,Backspace,keydown
32491100,Backspace,keydown
32491200,Backspace,keydown
32491400,Backspace,keydown
32491600,Backspace,keydown
32491700,Backspace,keydown
32492400,Backspace,keydown
32492700,i,keydown
32492900,d,keydown
32493100,d,keydown
32493100,u,keydown
32493300, ,keydown
32494200,b,keydown
32494400,e,keydown
32494500,n,keydown
32494700, ,keydown
32494900,l,keydown
32495000,o,keydown
32495200,n,keydown
32495400,t,keydown
32495500,a,keydown
32495700,n,keydown
32495800,o,keydown
32496000, ,keydown
32497000,p,keydown
32497100,o,keydown
32497400,t,keydown
32497400,e,keydown
32497600,t,keydown
32497700,e,keydown
32498100, ,keydown
32498400,v,keydown
32498400,e,keydown
32498600,d,keydown
32498700,e,keydown
32498900,r,keydown
32499000,e,keydown
32499300,#,keydown
32499500,#,keydown
32499500,#,keydown
32500700,Backspace,keydown
32501000,#,keydown
32501300,#,keydown
32503200,Enter,keydown
32503400,#,keydown
32503800,a,keydown
32504100,l,keydown
32504100, ,keydown
32504600,c,keydown
32504700,h,keydown
32504800,e,keydown
32504900, ,keydown
32505100,i,keydown
32505200,l,keydown
32505300, ,keydown
32505400,k,keydown
32505600,i,keydown
32505900,l,keydown
32506000,l,keydown
32506100,e,keydown
32506200,r,keydown
32521500, ,keydown
32522000,f,keydown
32522100,a,keydown
32522200, ,keydown
32522400,p,keydown
32522600,r,keydown
32522600,o,keydown
32522800,v,keydown
32523000,a,keydown
32523200,r,keydown
32523300,e,keydown
32523500, ,keydown
32525000,i,keydown
32525100,l,keydown
32525100, ,keydown
32525500,m,keydown
32525700,i,keydown
32525900,r,keydown
32526100,i,keydown
32526200,n,keydown
32526300,o,keydown
32526600, ,keydown
32527000,t,keydown
32527100,e,keydown
32527200,l,keydown
32527300,e,keydown
32527700,s,keydown
32527800,c,keydown
32528200,o,keydown
32528400,p,keydown
32528400,i,keydown
32528700,c,keydown
32528800,o,keydown
32529000, ,keydown
32529200,a,keydown
32529400,l,keydown
32529600, ,keydown
32533700,Backspace,keydown
32534100,Backspace,keydown
32534100,Backspace,keydown
32534100,Backspace,keydown
32534100,Backspace,keydown
32534200,Backspace,keydown
32534300,Backspace,keydown
32534300,Backspace,keydown
32534300,Backspace,keydown
32534300,Backspace,keydown
32534300,Backspace,keydown
32534300,Backspace,keydown
32534400,Backspace,keydown
32534500,Backspace,keydown
32534500,Backspace,keydown
32534500,Backspace,keydown
32534500,Backspace,keydown
32534500,Backspace,keydown
32534600,Backspace,keydown
32534600,Backspace,keydown
32534600,Backspace,keydown
32534700,Backspace,keydown
32534700,Backspace,keydown
32534700,Backspace,keydown
32534800,Backspace,keydown
32534800,Backspace,keydown
32534800,Backspace,keydown
32534800,Backspace,keydown
32536000,Backspace,keydown
32536200,Backspace,keydown
32536400,Backspace,keydown
32536600,Backspace,keydown
32536900,Backspace,keydown
32537500,Backspace,keydown
32537900,Backspace,keydown
32543000,Backspace,keydown
32543400,Backspace,keydown
32544200,#,keydown
32544700,#,keydown
32545200,#,keydown
32545600,#,keydown
32546100,#,keydown
32546100,#,keydown
32546300,#,keydown
32546700,#,keydown
32546700,#,keydown
32546800,#,keydown
32546900,#,keydown
32546900,#,keydown
32546900,#,keydown
32546900,#,keydown
32546900,#,keydown
32547000,#,keydown
32547100,#,keydown
32547100,#,keydown
32547100,#,keydown
32547100,#,keydown
32547100,#,keydown
32547200,#,keydown
32547200,#,keydown
32547200,#,keydown
32547300,#,keydown
32547300,#,keydown
32547400,#,keydown
32547400,#,keydown
32547400,#,keydown
32547400,#,keydown
32547500,#,keydown
32547600,#,keydown
32547600,#,keydown
32548900,#,keydown
32549200,#,keydown
32550700, ,keydown
32551600,f,keydown
32551600,a,keydown
32551800, ,keydown
32551900,p,keydown
32552100,r,keydown
32552300,o,keydown
32552400,v,keydown
32552500,a,keydown
32552600,r,keydown
32552800,e,keydown
32552900, ,keydown
32555700,i,keydown
32555900,l,keydown
32556000, ,keydown
32556500,m,keydown
32556800,i,keydown
32556900,r,keydown
32557100,i,keydown
32557200,n,keydown
32557400,o,keydown
32557400, ,keydown
32557800,t,keydown
32557800,e,keydown
32558000,l,keydown
32558000,e,keydown
32558300,s,keydown
32558400,c,keydown
32558600,o,keydown
32558700,p,keydown
32558900,i,keydown
32559100,c,keydown
32559300,o,keydown
32559300, ,keydown
32559500,a,keydown
32559700,l,keydown
32559900, ,keydown
32561500,p,keydown
32561800,e,keydown
32562100,s,keydown
32562200,c,keydown
32562400,a,keydown
32562600,t,keydown
32562900,o,keydown
32563100,r,keydown
32563200,e,keydown
32564200,#,keydown
32564400,#,keydown
32564700, ,keydown
32565100,q,keydown
32565500,u,keydown
32565500,e,keydown
32565700,s,keydown
32565900,t,keydown
32566100,o,keydown
32566200, ,keydown
32566500,g,keydown
32566600,u,keydown
32566800,a,keydown
32566900,r,keydown
32567100,d,keydown
32567200,a,keydown
32569100, ,keydown
32570400,Enter,keydown
32570800,u,keydown
32570900,n,keydown
32571000, ,keydown
32571200,p,keydown
32571300,o,keydown
32571700,#,keydown
32571700, ,keydown
32572200,i,keydown
32572300,n,keydown
32572400, ,keydown
32572800,g,keydown
32572900,i,keydown
32573000,r,keydown
32573100,o,keydown
32574800,",",keydown
32574900, ,keydown
32575100,p,keydown
32575200,o,keydown
32575300,i,keydown
32575500, ,keydown
32575700,d,keydown
32575900,i,keydown
32576000,c,keydown
32576100,e,keydown
32576400,#,keydown
32576500,#,keydown
32577000, ,keydown
32577300,#,keydown
32577500,#,keydown
32577800, ,keydown
32578400,Backspace,keydown
32578600,#,keydown
32578800,p,keydown
32579100,u,keydown
32579300,r,keydown
32579400,e,keydown
32579500, ,keydown
32579800,c,keydown
32579900,a,keydown
32580100,s,keydown
32580200,a,keydown
32580400, ,keydown
32581500,m,keydown
32581700,i,keydown
32581900,a,keydown
32582000, ,keydown
32582300,s,keydown
32582400,i,keydown
32582400, ,keydown
32582700,v,keydown
32582800,e,keydown
32583000,d,keydown
32583100,e,keydown
32583400,#,keydown
32583400,#,keydown
32584600, ,keydown
32584800,#,keydown
32585000,e,keydown
32585300,c,keydown
32585500,c,keydown
32585600,o,keydown
32586900, ,keydown
32587000,m,keydown
32587200,i,keydown
32587300,a,keydown
32587400, ,keydown
32587600,m,keydown
32587800,u,keydown
32588100,g,keydown
32588200,l,keydown
32588300,i,keydown
32588500,e,keydown
32588800,r,keydown
32588900,a,keydown
32589200,#,keydown
32589800,#,keydown
32589900, ,keydown
32590200,.,keydown
32590300,.,keydown
32590400,.,keydown
32590700, ,keydown
32591400,e,keydown
32591800,#,keydown
32592000, ,keydown
32593200,t,keydown
32593300,u,keydown
32593500,t,keydown
32593600,t,keydown
32593800,a,keydown
32593900, ,keydown
32594400,n,keydown
32594900,u,keydown
32595100,d,keydown
32595100,a,keydown
32596300,Enter,keydown
32596900,i,keydown
32597100,n,keydown
32597200, ,keydown
32597400,c,keydown
32597500,a,keydown
32597600,m,keydown
32597700,e,keydown
32597900,r,keydown
32598000,a,keydown
32598200, ,keydown
32598500,d,keydown
32598500,a,keydown
32598600, ,keydown
32598800,l,keydown
32598900,e,keydown
32599100,t,keydown
32599300,t,keydown
32599500,o,keydown
32599800,#,keydown
32600000,#,keydown
32601900, ,keydown
32602200,.,keydown
32602300,.,keydown
32602400,.,keydown
32602700, ,keydown
32603000,#,keydown
32603200,c,keydown
32603400,h,keydown
32603500,e,keydown
32603600, ,keydown
32604000,g,keydown
32604200,r,keydown
32604300,a,keydown
32604500,n,keydown
32604600, ,keydown
32604900,f,keydown
32605000,e,keydown
32605300,m,keydown
32605400,m,keydown
32605600,i,keydown
32605800,n,keydown
32606900,a,keydown
32607200,#,keydown
32607800,#,keydown
32608100, ,keydown
32608300,.,keydown
32608600,.,keydown
32608800,.,keydown
32609300,#,keydown
32609500,m,keydown
32609800,i,keydown
32610000,n,keydown
32610300,c,keydown
32610300,h,keydown
32610400,i,keydown
32610500,a,keydown
32610800,#,keydown
32610800,#,keydown
32612400,#,keydown
32612700,#,keydown
32612900,#,keydown
32613500, ,keydown
32613900,#,keydown
32614200,o,keydown
32614400,r,keydown
32614500,a,keydown
32614700, ,keydown
32615000,c,keydown
32615100,i,keydown
32615200, ,keydown
32615500,s,keydown
32615500,t,keydown
32615600,a,keydown
32616100, ,keydown
32616700,p,keydown
32616900,u,keydown
32617200,r,keydown
32617300,e,keydown
32618000,Enter,keydown
32618200,q,keydown
32618400,u,keydown
32618500,e,keydown
32618700,l,keydown
32618800, ,keydown
32619000,f,keydown
32619100,e,keydown
32619400,t,keydown
32619500,u,keydown
32619800,s,keydown
32620000,o,keydown
32620100, ,keydown
32620800,d,keydown
32621000,e,keydown
32621100,l,keydown
32621300, ,keydown
32621800,p,keydown
32621800,o,keydown
32622000,s,keydown
32622200,t,keydown
32622400,i,keydown
32622600,b,keydown
32622600,n,keydown
32622700,i,keydown
32622700,o,keydown
32623700,Backspace,keydown
32623800,Backspace,keydown
32624100,Backspace,keydown
32624500,Backspace,keydown
32624800,n,keydown
32624900,o,keydown
32626500, ,keydown
32627300,Backspace,keydown
32627700,",",keydown
32627700, ,keydown
32628100,.,keydown
32628200,.,keydown
32628400,.,keydown
32628600, ,keydown
32629700,t,keydown
32629800,u,keydown
32630000,t,keydown
32630200,t,keydown
32630200,o,keydown
32630300, ,keydown
32630500,n,keydown
32630600,u,keydown
32630900,d,keydown
32631200,o,keydown
32631500, ,keydown
32632100,p,keydown
32632300,u,keydown
32632500,r,keydown
32632600,e,keydown
32632700, ,keydown
32632900,i,keydown
32633100,s,keydown
32633200,s,keydown
32633300,o,keydown
32633900,#,keydown
32634100,#,keydown
32634700,#,keydown
32637300, ,keydown
32637600,e,keydown
32637800,d,keydown
32638000, ,keydown
32638100,a,keydown
32638300, ,keydown
32638600,q,keydown
32638900,u,keydown
32639000,e,keydown
32639100,s,keydown
32639300,t,keydown
32639400,o,keydown
32639700, ,keydown
32640100,p,keydown
32641000,u,keydown
32641100,n,keydown
32641300,t,keydown
32641700,o,keydown
32642100,",",keydown
32642200, ,keydown
32642500,t,keydown
32642600,r,keydown
32642800,a,keydown
32643400,Enter,keydown
32644500,u,keydown
32644600,n,keydown
32644600, ,keydown
32644900,p,keydown
32645100,u,keydown
32645300,t,keydown
32645400,i,keydown
32645800,f,keydown
32645900,e,keydown
32646100,r,keydown
32646400,i,keydown
32646400,o,keydown
32646700, ,keydown
32647500,d,keydown
32647600,i,keydown
32647700, ,keydown
32648000,o,keydown
32648300,Backspace,keydown
32648600,i,keydown
32648700,m,keydown
32648800,p,keydown
32649100,r,keydown
32649100,e,keydown
32649400,c,keydown
32649400,a,keydown
32649700,s,keydown
32649800,i,keydown
32649900,o,keydown
32650200,Backspace,keydown
32650300,Backspace,keydown
32650400,z,keydown
32650600,i,keydown
32650700,o,keydown
32650800,n,keydown
32651000,i,keydown
32653800, ,keydown
32653900,e,keydown
32654000, ,keydown
32654300,m,keydown
32654300,a,keydown
32654400,l,keydown
32654600,e,keydown
32654800,d,keydown
32655100,i,keydown
32655400,z,keydown
32655500,i,keydown
32655600,o,keydown
32655700,n,keydown
32655800,i,keydown
32657000,",",keydown
32657000, ,keydown
32657300,i,keydown
32657400,l,keydown
32657500, ,keydown
32657600,p,keydown
32657800,e,keydown
32658200,s,keydown
32658400,c,keydown
32658500,a,keydown
32659000,t,keydown
32659200,o,keydown
32659300,r,keydown
32659400,e,keydown
32660700, ,keydown
32660900,c,keydown
32661300,h,keydown
32661400,i,keydown
32661400,e,keydown
32661700,d,keydown
32661800,e,keydown
32661900, ,keydown
32662000,a,keydown
32662300,l,keydown
32662600,Enter,keydown
32663100,k,keydown
32663300,i,keydown
32663500,l,keydown
32663600,l,keydown
32663700,e,keydown
32663800,r,keydown
32664400, ,keydown
32665400,q,keydown
32665600,u,keydown
32665700,a,keydown
32665800,n,keydown
32666100,t,keydown
32666100,o,keydown
32666200, ,keydown
32666700,v,keydown
32666700,u,keydown
32666800,o,keydown
32667000,l,keydown
32667100,e,keydown
32667200, ,keydown
32668100,p,keydown
32668200,e,keydown
32668300,r,keydown
32668400, ,keydown
32668800,r,keydown
32668900,i,keydown
32669100,s,keydown
32669200,o,keydown
32669300,l,keydown
32669600,v,keydown
32669600,e,keydown
32669800,r,keydown
32670000,e,keydown
32670200, ,keydown
32670900,i,keydown
32670900,l,keydown
32671100, ,keydown
32671200,s,keydown
32671400,u,keydown
32671400,o,keydown
32671600, ,keydown
32671900,p,keydown
32672000,r,keydown
32672100,o,keydown
32672300,b,keydown
32672400,l,keydown
32672500,e,keydown
32672700,m,keydown
32672900,a,keydown
32673700,.,keydown
32675200, ,keydown
32676400,Backspace,keydown
32677000,Enter,keydown
32677400,#,keydown
32678000,#,keydown
32678600,u,keydown
32679000,n,keydown
32679300, ,keydown
32679500,m,keydown
32679700,i,keydown
32680400,Backspace,keydown
32680800,l,keydown
32680900,i,keydown
32681100,o,keydown
32681300,n,keydown
32682000,Backspace,keydown
32682100,Backspace,keydown
32682300,Backspace,keydown
32682700,Backspace,keydown
32683100,i,keydown
32683200,l,keydown
32683500,i,keydown
32683500,o,keydown
32683700,n,keydown
32684000,e,keydown
32684200, ,keydown
32685800,o,keydown
32686100,b,keydown
32686900,Backspace,keydown
32687100,g,keydown
32687200,n,keydown
32687300,i,keydown
32687600, ,keydown
32689500,v,keydown
32689600,o,keydown
32689800,l,keydown
32690200,t,keydown
32690200,a,keydown
32690300, ,keydown
32690800,c,keydown
32691000,h,keydown
32691100,e,keydown
32691300, ,keydown
32692300,t,keydown
32692400,i,keydown
32692700,r,keydown
32692800,o,keydown
32692900, ,keydown
32693100,i,keydown
32693200,l,keydown
32693300, ,keydown
32693500,g,keydown
32693700,r,keydown
32693800,i,keydown
32694000,l,keydown
32694100,l,keydown
32694200,e,keydown
32694500,t,keydown
32694600,t,keydown
32694700,o,keydown
32695400,#,keydown
32695800,#,keydown
32696000, ,keydown
32696300,r,keydown
32696400,i,keydown
32696500,d,keydown
32696500,s,keydown
32696600,p,keydown
32696700,o,keydown
32697000,n,keydown
32697200,d,keydown
32697300,e,keydown
32699200,Backspace,keydown
32699400,Backspace,keydown
32699500,Backspace,keydown
32699700,Backspace,keydown
32699900,Backspace,keydown
32700000,Backspace,keydown
32700200,Backspace,keydown
32700700,s,keydown
32700900,p,keydown
32701000,o,keydown
32701400,n,keydown
32701600,d,keydown
32701600,e,keydown
32701800, ,keydown
32702100,q,keydown
32702200,u,keydown
32702400,e,keydown
32702500,s,keydown
32702600,t,keydown
32703500,o,keydown
32703800,.,keydown
32705100,Enter,keydown
32706300,#,keydown
32707000,#,keydown
32707600,#,keydown
32707900,v,keydown
32708100,a,keydown
32708300, ,keydown
32708400,b,keydown
32708500,e,keydown
32708600,n,keydown
32708700,e,keydown
32709400,#,keydown
32711100,#,keydown
32713900,#,keydown
32714100,#,keydown
32717000, ,keydown
32717300,c,keydown
32717400,o,keydown
32717600,n,keydown
32717800,f,keydown
32718000,e,keydown
32718100,r,keydown
32718300,m,keydown
32718300,a,keydown
32718600, ,keydown
32718800,i,keydown
32718900,l,keydown
32719000, ,keydown
32719300,p,keydown
32719400,e,keydown
32719600,s,keydown
32719800,c,keydown
32719900,a,keydown
32720100,t,keydown
32720300,o,keydown
32720400,r,keydown
32720500,e,keydown
32724600,",",keydown
32725400,",",keydown
32725900,Backspace,keydown
32726000, ,keydown
32726200,#,keydown
32726400,#,keydown
32727000,m,keydown
32727000,a,keydown
32727100, ,keydown
32727400,d,keydown
32727500,o,keydown
32727700,v,keydown
32727800,e,keydown
32728100,t,keydown
32728200,e,keydown
32730600, ,keydown
32730800,s,keydown
32731100,p,keydown
32731200,a,keydown
32731400,r,keydown
32731700,a,keydown
32732100,r,keydown
32732400,e,keydown
32732700, ,keydown
32733000,d,keydown
32733100,u,keydown
32733300,e,keydown
32733400, ,keydown
32733800,c,keydown
32733900,o,keydown
32734200,p,keydown
32734600,Backspace,keydown
32734700,l,keydown
32734900,p,keydown
32735100,i,keydown
32736100,#,keydown
32736500,#,keydown
32736800, ,keydown
32737000,u,keydown
32737100,n,keydown
32737400,o,keydown
32737400, ,keydown
32737600,i,keydown
32737800,n,keydown
32738400, ,keydown
32738700,b,keydown
32738700,o,keydown
32739000,c,keydown
32739200,c,keydown
32739300,a,keydown
32740000,Enter,keydown
32740300,a,keydown
32740500, ,keydown
32740900,q,keydown
32741100,u,keydown
32741300,e,keydown
32741500,l,keydown
32741600,l,keydown
32741800,a,keydown
32741900, ,keydown
32742200,b,keydown
32742400,o,keydown
32742500,t,keydown
32742700,a,keydown
32743700,n,keydown
32744100,Backspace,keydown
32744300,Backspace,keydown
32744800,t,keydown
32745000,a,keydown
32745200,n,keydown
32745300,a,keydown
32746900, ,keydown
32747400,d,keydown
32747400,i,keydown
32747500, ,keydown
32747700,m,keydown
32747900,i,keydown
32747900,a,keydown
32748100, ,keydown
32748300,m,keydown
32748500,u,keydown
32748700,g,keydown
32748900,l,keydown
32749000,i,keydown
32749200,e,keydown
32749300,r,keydown
32749400,a,keydown
32772100,.,keydown
32772200,.,keydown
32772400,.,keydown
32772700, ,keydown
32773200,c,keydown
32773400,h,keydown
32773400,e,keydown
32773600, ,keydown
32773800,p,keydown
32773900,a,keydown
32774900,r,keydown
32775100,l,keydown
32775200,a,keydown
32775500, ,keydown
32775700,s,keydown
32775900,e,keydown
32776000,m,keydown
32776200,p,keydown
32776300,r,keydown
32776400,e,keydown
32776600, ,keydown
32777100,t,keydown
32777300,r,keydown
32777400,o,keydown
32777600,p,keydown
32777700,p,keydown
32777900,o,keydown
32779200, ,keydown
32779300,e,keydown
32779600, ,keydown
32780100,u,keydown
32780200,n,keydown
32780400,o,keydown
32780500, ,keydown
32780800,g,keydown
32781000,i,keydown
32781000,u,keydown
32781300,s,keydown
32781400,t,keydown
32781600,o,keydown
32783100,Enter,keydown
32783800,n,keydown
32783900,e,keydown
32784000,l,keydown
32784100,k,keydown
32784200,l,keydown
32784200,a,keydown
32785700,Backspace,keydown
32785900,Backspace,keydown
32786000,Backspace,keydown
32786200,l,keydown
32786300,a,keydown
32786500, ,keydown
32786800,m,keydown
32787000,i,keydown
32787200,n,keydown
32787500,c,keydown
32787700,h,keydown
32787800,i,keydown
32787900,a,keydown
32788700, ,keydown
32789200,d,keydown
32789200,e,keydown
32789400,l,keydown
32789600, ,keydown
32789800,p,keydown
32789900,o,keydown
32790000,s,keydown
32790200,t,keydown
32790400,i,keydown
32790600,n,keydown
32790700,o,keydown
32791400,#,keydown
32791800,.,keydown
32791900,#,keydown
32792100,#,keydown
32794500, ,keydown
32794800,#,keydown
32795000,a,keydown
32795200,l,keydown
32795300,l,keydown
32795500,o,keydown
32795700,r,keydown
32795900,a,keydown
32795900, ,keydown
32796200,i,keydown
32796200,l,keydown
32796300, ,keydown
32796500,k,keydown
32796700,i,keydown
32797000,l,keydown
32797000,l,keydown
32797200,e,keydown
32797400,r,keydown
32798000, ,keydown
32798900,i,keydown
32799000,m,keydown
32799500,b,keydown
32799700,r,keydown
32799800,a,keydown
32800100,c,keydown
32800300,c,keydown
32800400,i,keydown
32800400,a,keydown
32800500, ,keydown
32800800,i,keydown
32800900,l,keydown
32801100, ,keydown
32801200,f,keydown
32801400,u,keydown
32801500,c,keydown
32801700,i,keydown
32801800,l,keydown
32801900,e,keydown
32802900,",",keydown
32803200, ,keydown
32803400,s,keydown
32803500,i,keydown
32803600, ,keydown
32803800,m,keydown
32803900,e,keydown
32804100,t,keydown
32804200,t,keydown
32804300,e,keydown
32804500, ,keydown
32804600,i,keydown
32804800,n,keydown
32804900, ,keydown
32805900,Enter,keydown
32806200,p,keydown
32806300,o,keydown
32806400,s,keydown
32806500,i,keydown
32806900,z,keydown
32807000,i,keydown
32807100,o,keydown
32807200,n,keydown
32807400,e,keydown
32807500, ,keydown
32808700,d,keydown
32808900,i,keydown
32809000, ,keydown
32809200,t,keydown
32809300,i,keydown
32809400,r,keydown
32809500,o,keydown
32810400,",",keydown
32810600, ,keydown
32810800,p,keydown
32810900,r,keydown
32810900,e,keydown
32811200,n,keydown
32811300,d,keydown
32811400,e,keydown
32811500, ,keydown
32811700,l,keydown
32811800,a,keydown
32812000, ,keydown
32814300,Backspace,keydown
32814500,Backspace,keydown
32815000,Backspace,keydown
32815200,a,keydown
32815500,c,keydown
32815600,c,keydown
32815700,u,keydown
32816000,r,keydown
32816100,a,keydown
32816400,t,keydown
32816600,a,keydown
32816800,m,keydown
32816900,e,keydown
32817000,n,keydown
32817200,t,keydown
32817300,e,keydown
32817400, ,keydown
32817700,l,keydown
32817700,a,keydown
32817800, ,keydown
32818000,m,keydown
32818200,i,keydown
32818300,r,keydown
32818600,a,keydown
32819300, ,keydown
32819400,e,keydown
32819700, ,keydown
32819900,d,keydown
32820000,i,keydown
32820500,c,keydown
32820600,e,keydown
32820800, ,keydown
32821100,a,keydown
32821300,l,keydown
32821300, ,keydown
32821600,p,keydown
32821800,e,keydown
32821900,s,keydown
32822000,c,keydown
32822100,a,keydown
32822400,t,keydown
32822600,o,keydown
32822700,r,keydown
32822700,e,keydown
32823000,#,keydown
32823200,#,keydown
32824700,Enter,keydown
32825000,#,keydown
32825200,#,keydown
32825600,m,keydown
32826100,i,keydown
32826300,n,keydown
32826600,c,keydown
32826700,h,keydown
32826800,i,keydown
32827000,a,keydown
32827400,#,keydown
32827500,#,keydown
32828400,#,keydown
32828500,#,keydown
32828800,#,keydown
32829100, ,keydown
32829800,f,keydown
32830000,o,keydown
32830200,r,keydown
32830500,t,keydown
32830600,u,keydown
32830800,n,keydown
32830800,a,keydown
32831000,t,keydown
32831900,o,keydown
32832000, ,keydown
32832300,a,keydown
32832600,s,keydown
32832700,s,keydown
32833100,a,keydown
32833400,i,keydown
32834300, ,keydown
32834700,s,keydown
32834800,i,keydown
32834900,e,keydown
32835000,t,keydown
32835200,e,keydown
32836100,.,keydown
32836200,.,keydown
32836300,.,keydown
32836600, ,keydown
32837000,s,keydown
32837100,t,keydown
32837300,o,keydown
32837400, ,keydown
32837800,p,keydown
32837900,e,keydown
32838100,r,keydown
32838100, ,keydown
32838300,f,keydown
32838400,a,keydown
32838600,r,keydown
32838800,v,keydown
32839000,i,keydown
32839200, ,keydown
32839700,r,keydown
32839900,i,keydown
32840000,s,keydown
32840100,p,keydown
32840300,a,keydown
32840500,r,keydown
32840800,m,keydown
32841000,i,keydown
32841000,a,keydown
32841300,r,keydown
32841400,e,keydown
32841700, ,keydown
32842200,u,keydown
32842300,n,keydown
32842400, ,keydown
32842600,m,keydown
32842800,i,keydown
32843500,l,keydown
32843800,i,keydown
32843800,o,keydown
32844000,n,keydown
32844200,e,keydown
32844900,#,keydown
32845400,#,keydown
32845800,#,keydown
32846300,.,keydown
