timestamp,key,type
12618300,Backspace,keydown
12618300,Backspace,keydown
12618400,Backspace,keydown
12618400,Backspace,keydown
12618400,Backspace,keydown
12618400,Backspace,keydown
12618400,Backspace,keydown
12618400,Backspace,keydown
12618400,#,keydown
12619200,#,keydown
12619400,d,keydown
12619500,a,keydown
12619700,l,keydown
12619900, ,keydown
12620200,m,keydown
12620400,o,keydown
12620900,m,keydown
12621000,e,keydown
12621200,n,keydown
12621300,t,keydown
12621500,o,keydown
12621800, ,keydown
12622200,c,keydown
12622300,h,keydown
12622400,e,keydown
12622600, ,keydown
12622800,s,keydown
12622900,o,keydown
12623100,n,keydown
12623200,o,keydown
12623400, ,keydown
12624000,s,keydown
12624200,t,keydown
12624400,a,keydown
12624400,t,keydown
12714700,a,keydown
12715000, ,keydown
12715300,s,keydown
12715400,o,keydown
12715600,l,keydown
12715700,l,keydown
12715800,e,keydown
12716400,c,keydown
12716500,i,keydown
12717200,t,keydown
12717300,a,keydown
12717500,t,keydown
12717600,a,keydown
12717900, ,keydown
12718000,a,keydown
12718100, ,keydown
12718800,t,keydown
12719000,e,keydown
12719100,r,keydown
12719400,m,keydown
12719600,i,keydown
12719900,n,keydown
12720100,a,keydown
12720400,r,keydown
12720500,e,keydown
12720800, ,keydown
12722400,q,keydown
12722600,u,keydown
12723200,e,keydown
12723500,s,keydown
12723600,t,keydown
12723700,o,keydown
12724000, ,keydown
12815600,t,keydown
12815800,e,keydown
12816100,s,keydown
12816300,t,keydown
12816800,Enter,keydown
12817400,i,keydown
12817600,l,keydown
12817800, ,keydown
12818000,p,keydown
12818800,i,keydown
12819300,u,keydown
12819700,#,keydown
12820000, ,keydown
12820100,p,keydown
12820300,r,keydown
12820500,e,keydown
12820600,s,keydown
12820800,t,keydown
12820900,o,keydown
12821100, ,keydown
12821600,p,keydown
12821800,o,keydown
12822000,s,keydown
12822100,s,keydown
12822400,i,keydown
12822700,b,keydown
12822900,i,keydown
12823200,l,keydown
12823400,e,keydown
12823900, ,keydown
12915500,Backspace,keydown
12917200,",",keydown
12917400, ,keydown
12917700,e,keydown
12918200,c,keydown
12918400,c,keydown
12918500,o,keydown
12921000, ,keydown
12921600,Backspace,keydown
12922700, ,keydown
12923400,a,keydown
12923500, ,keydown
12923700,v,keydown
12923900,o,keydown
12924200,i,keydown
13014900, ,keydown
13015500,u,keydown
13015800,n,keydown
13016000, ,keydown
13016400,Backspace,keydown
13017800,a,keydown
13018000, ,keydown
13018200,b,keydown
13018500,a,keydown
13018700,r,keydown
13019100,z,keydown
13019400,e,keydown
13019700,l,keydown
13019800,l,keydown
13020100,e,keydown
13020500,t,keydown
13020700,t,keydown
13021000,a,keydown
13022600,#,keydown
13022800,#,keydown
13023300,Enter,keydown
13122000,s,keydown
13122200,u,keydown
13122500, ,keydown
13123200,d,keydown
13123200,i,keydown
13123500, ,keydown
13123800,u,keydown
13124000,n,keydown
13124200, ,keydown
13124500,a,keydown
13215000,e,keydown
13215100,r,keydown
13215500,e,keydown
13215900,o,keydown
13216100, ,keydown
13216300,i,keydown
13216500,n,keydown
13216700, ,keydown
13217100,v,keydown
13217400,o,keydown
13217800,l,keydown
13218200,o,keydown
13218900, ,keydown
13219200,c,keydown
13219200,i,keydown
13219400, ,keydown
13219700,s,keydown
13219900,o,keydown
13220000,n,keydown
13220100,o,keydown
13220700, ,keydown
13222200,u,keydown
13222400,n,keydown
13223400,Backspace,keydown
13223800,Backspace,keydown
13223900,Backspace,keydown
13223900,Backspace,keydown
13315100,Backspace,keydown
13315200,Backspace,keydown
13315400,Backspace,keydown
13315700,Backspace,keydown
13315900,Backspace,keydown
13317400,#,keydown
13317500,e,keydown
13317700,#,keydown
13317900, ,keydown
13318500,u,keydown
13318600,n,keydown
13318800, ,keydown
13319300,g,keydown
13319500,r,keydown
13319700,u,keydown
13320000,p,keydown
13320100,p,keydown
13320400,o,keydown
13320500, ,keydown
13320800,d,keydown
13320800,i,keydown
13320900, ,keydown
13321200,u,keydown
13322000,o,keydown
13322300,m,keydown
13322600,i,keydown
13322900,n,keydown
13323000,i,keydown
13323300, ,keydown
13324200,d,keydown
13414600,#,keydown
13414800,a,keydown
13415400,f,keydown
13415500,f,keydown
13415900,a,keydown
13416100,r,keydown
13416500,i,keydown
13418100, ,keydown
13420800,p,keydown
13421000,i,keydown
13421100,u,keydown
13421500,#,keydown
13421800, ,keydown
13422000,u,keydown
13422300,n,keydown
13422600,a,keydown
13422700, ,keydown
13424000,d,keydown
13424000,o,keydown
13424300,n,keydown
13424400,n,keydown
13424500,a,keydown
13515100,Enter,keydown
13517000,#,keydown
13517100,#,keydown
13517600,d,keydown
13517900,#,keydown
13518000,a,keydown
13518500,f,keydown
13518600,f,keydown
13518800,a,keydown
13519000,r,keydown
13519400,i,keydown
13519600, ,keydown
13519800,a,keydown
13520000,n,keydown
13520300,c,keydown
13520400,h,keydown
13520600,e,keydown
13520700, ,keydown
13520900,l,keydown
13521100,e,keydown
13521300,i,keydown
13521700,#,keydown
13522100,#,keydown
13524400,.,keydown
13615600,Enter,keydown
13616000,#,keydown
13616300,a,keydown
13616600,d,keydown
13616800, ,keydown
13616900,u,keydown
13617100,n,keydown
13617500, ,keydown
13617700,c,keydown
13617900,e,keydown
13618000,r,keydown
13618400,t,keydown
13618500,o,keydown
13618700, ,keydown
13619400,p,keydown
13619600,u,keydown
13619800,n,keydown
13619900,t,keydown
13620000,o,keydown
13620300, ,keydown
13621100,l,keydown
13621500,#,keydown
13621800,a,keydown
13622100,r,keydown
13622500,Backspace,keydown
13622600,e,keydown
13622700,r,keydown
13623000,e,keydown
13623400,o,keydown
13623600, ,keydown
13716700,Backspace,keydown
13717200,Backspace,keydown
13717200,Backspace,keydown
13717200,Backspace,keydown
13717300,Backspace,keydown
13717300,Backspace,keydown
13717300,Backspace,keydown
13717300,Backspace,keydown
13719700,s,keydown
13719800,i,keydown
13720000, ,keydown
13720300,v,keydown
13720400,e,keydown
13720600,r,keydown
13720700,i,keydown
13720900,f,keydown
13721100,i,keydown
13721400,c,keydown
13721500,a,keydown
13721600, ,keydown
13721900,u,keydown
13722100,n,keydown
13722300, ,keydown
13723000,g,keydown
13723100,u,keydown
13723600,a,keydown
13723800,s,keydown
13815300,t,keydown
13815500,o,keydown
13815700, ,keydown
13816200,s,keydown
13816300,u,keydown
13816500,l,keydown
13816600,l,keydown
13817100,#,keydown
13817300,a,keydown
13817600,r,keydown
13817900,e,keydown
13819500,Backspace,keydown
13819700,Backspace,keydown
13819800,e,keydown
13820100,r,keydown
13820400,e,keydown
13820700,o,keydown
13821000, ,keydown
13916500,#,keydown
13916600,#,keydown
13917800,#,keydown
13918200,#,keydown
13918400,#,keydown
13918800,#,keydown
13919100,#,keydown
13920400,#,keydown
13920700,#,keydown
13921500,#,keydown
13921900,#,keydown
13922400,#,keydown
13923000,#,keydown
13923000,#,keydown
13923000,#,keydown
13923000,#,keydown
13923000,#,keydown
13923200,#,keydown
13924100,#,keydown
14014700,Backspace,keydown
14015000,Backspace,keydown
14015100,Backspace,keydown
14015200,Backspace,keydown
14015300,Backspace,keydown
14015500,Backspace,keydown
14015700,Backspace,keydown
14015800,Backspace,keydown
14015900,Backspace,keydown
14016100,Backspace,keydown
14016300,Backspace,keydown
14017400,u,keydown
14017600,n,keydown
14017700, ,keydown
14017900,e,keydown
14018200,l,keydown
14018200,e,keydown
14019100,Backspace,keydown
14019400,i,keydown
14019800,c,keydown
14019900,o,keydown
14020300,t,keydown
14020500,t,keydown
14020600,e,keydown
14020800,r,keydown
14021300,o,keydown
14023700,#,keydown
14024400,#,keydown
14114900,#,keydown
14115400,#,keydown
14115400,#,keydown
14115500,#,keydown
14115500,#,keydown
14115500,#,keydown
14115500,#,keydown
14115600,#,keydown
14115600,#,keydown
14115600,#,keydown
14115700,#,keydown
14115700,#,keydown
14115800,#,keydown
14115900,#,keydown
14115900,#,keydown
14115900,#,keydown
14115900,#,keydown
14116000,#,keydown
14116000,#,keydown
14116100,#,keydown
14116100,#,keydown
14116100,#,keydown
14116200,#,keydown
14116200,#,keydown
14116200,#,keydown
14116900,#,keydown
14117000,#,keydown
14117200,#,keydown
14117300,#,keydown
14117600,#,keydown
14117700,#,keydown
14117900,#,keydown
14118400,#,keydown
14118600,#,keydown
14119800,Backspace,keydown
14120200,Backspace,keydown
14120200,Backspace,keydown
14120200,Backspace,keydown
14120300,Backspace,keydown
14120300,Backspace,keydown
14120300,Backspace,keydown
14120400,Backspace,keydown
14120400,Backspace,keydown
14120500,Backspace,keydown
14120500,Backspace,keydown
14120500,Backspace,keydown
14120500,Backspace,keydown
14120600,Backspace,keydown
14120700,Backspace,keydown
14120700,Backspace,keydown
14120700,Backspace,keydown
14120700,Backspace,keydown
14120800,Backspace,keydown
14120900,Backspace,keydown
14121100,Backspace,keydown
14121600,Backspace,keydown
14121700,Backspace,keydown
14121700,Backspace,keydown
14121700,Backspace,keydown
14121700,Backspace,keydown
14121700,Backspace,keydown
14121800,Backspace,keydown
14121800,Backspace,keydown
14122000,Backspace,keydown
14122100,Backspace,keydown
14122300,Backspace,keydown
14215000,m,keydown
14215100,a,keydown
14215300,n,keydown
14215500,c,keydown
14215600,a,keydown
14216400,Backspace,keydown
14216600,Backspace,keydown
14216900,Backspace,keydown
14217200,Backspace,keydown
14217400,Backspace,keydown
14218000,i,keydown
14218200,l,keydown
14218500, ,keydown
14218800,l,keydown
14219000,i,keydown
14220400,v,keydown
14220600,e,keydown
14220700,l,keydown
14220900,l,keydown
14221100,o,keydown
14221300, ,keydown
14221900,d,keydown
14222100,e,keydown
14222300,l,keydown
14222400, ,keydown
14222600,c,keydown
14222800,a,keydown
14223100,r,keydown
14223400,b,keydown
14223700,u,keydown
14224000,r,keydown
14224100,a,keydown
14224600,n,keydown
14314900,t,keydown
14315200,e,keydown
14315500, ,keydown
14317500,s,keydown
14318500,c,keydown
14318800,e,keydown
14319000,n,keydown
14319100,d,keydown
14319200,e,keydown
14319400, ,keydown
14319700,i,keydown
14320500,m,keydown
14320700,p,keydown
14320900,o,keydown
14321500,Backspace,keydown
14321700,r,keydown
14322100,p,keydown
14322800,Backspace,keydown
14323200,o,keydown
14323400,v,keydown
14323600,v,keydown
14323800,i,keydown
14324100,s,keydown
14324400,a,keydown
14414800,m,keydown
14415200,n,keydown
14415400,e,keydown
14415600,t,keydown
14416000,Backspace,keydown
14416100,Backspace,keydown
14416400,Backspace,keydown
14416700,e,keydown
14416800,n,keydown
14417100,t,keydown
14417700,e,keydown
14419100,Enter,keydown
14420700,e,keydown
14422100, ,keydown
14517700,p,keydown
14518300,e,keydown
14518800,r,keydown
14520300, ,keydown
14520700,p,keydown
14520800,o,keydown
14521200,t,keydown
14521300,e,keydown
14521700,r,keydown
14521800, ,keydown
14616100,a,keydown
14616700,t,keydown
14616800,t,keydown
14617200,e,keydown
14617600,r,keydown
14618000,r,keydown
14619300,Backspace,keydown
14619500,Backspace,keydown
14619800,Backspace,keydown
14620900,e,keydown
14621200,r,keydown
14621400,r,keydown
14621600,a,keydown
14621800,r,keydown
14622100,e,keydown
14623100, ,keydown
14623500,c,keydown
14623600,o,keydown
14623800,n,keydown
14624200, ,keydown
14719200,Backspace,keydown
14719400,Backspace,keydown
14719600,Backspace,keydown
14719800,Backspace,keydown
14720100,Backspace,keydown
14720600,Backspace,keydown
14720600,Backspace,keydown
14720600,Backspace,keydown
14720700,Backspace,keydown
14720700,Backspace,keydown
14720700,Backspace,keydown
14720700,Backspace,keydown
14720800,Backspace,keydown
14720900,Backspace,keydown
14720900,Backspace,keydown
14720900,Backspace,keydown
14720900,Backspace,keydown
14721000,Backspace,keydown
14721000,Backspace,keydown
14721300,Backspace,keydown
14721700,e,keydown
14722000,v,keydown
14722100,i,keydown
14722700,t,keydown
14722800,a,keydown
14723100,r,keydown
14723200,e,keydown
14723600, ,keydown
14723900,c,keydown
14724100,h,keydown
14724300,e,keydown
14724400, ,keydown
14815700,Backspace,keydown
14816200,Backspace,keydown
14816300,Backspace,keydown
14816300,Backspace,keydown
14816300,Backspace,keydown
14816400,Backspace,keydown
14816400,Backspace,keydown
14816400,Backspace,keydown
14816400,Backspace,keydown
14816400,Backspace,keydown
14816500,Backspace,keydown
14816500,Backspace,keydown
14816500,Backspace,keydown
14816500,Backspace,keydown
14816600,Backspace,keydown
14817000,Backspace,keydown
14818800,q,keydown
14819000,u,keydown
14819100,a,keydown
14819200,l,keydown
14819800,c,keydown
14819900,u,keydown
14820100,n,keydown
14820400,o,keydown
14820600, ,keydown
14823100,d,keydown
14823200,e,keydown
14914800,i,keydown
14915000, ,keydown
14915300,v,keydown
14915300,i,keydown
14915500,a,keydown
14915800,g,keydown
14916000,g,keydown
14916300,i,keydown
14916400,a,keydown
14916800,t,keydown
14916900,o,keydown
14917200,r,keydown
14917300,i,keydown
14919100, ,keydown
14919400,d,keydown
14919600,e,keydown
14919700,v,keydown
14920100,e,keydown
14920200, ,keydown
14920500,s,keydown
14920900,a,keydown
14921500,c,keydown
14921800,r,keydown
14922000,i,keydown
14922300,f,keydown
14922300,i,keydown
14922700,c,keydown
14922900,a,keydown
14923100,r,keydown
14923600,s,keydown
14923700,i,keydown
14923900, ,keydown
14924200,e,keydown
14924400, ,keydown
15015000,n,keydown
15015000,b,keydown
15015700,Backspace,keydown
15015800,Backspace,keydown
15016200,b,keydown
15016400,u,keydown
15017300,Backspace,keydown
15017400,Backspace,keydown
15018500,Backspace,keydown
15018700,d,keydown
15018900, ,keydown
15019200,a,keydown
15019700,b,keydown
15019800,b,keydown
15019900,a,keydown
15020200,n,keydown
15020700,d,keydown
15020900,o,keydown
15021800,n,keydown
15022300,a,keydown
15022600,r,keydown
15022700,e,keydown
15022900, ,keydown
15023100,l,keydown
15023500,#,keydown
15023900,e,keydown
15024300,f,keydown
15114800,Backspace,keydown
15115100,l,keydown
15115600,e,keydown
15116700,Backspace,keydown
15117000,i,keydown
15117200,c,keydown
15117400,o,keydown
15117700,t,keydown
15117900,t,keydown
15118000,e,keydown
15118200,r,keydown
15118400,o,keydown
15118700,Enter,keydown
15119100,s,keydown
15119400,a,keydown
15120100,c,keydown
15120400,r,keydown
15120500,i,keydown
15121400,f,keydown
15121600,i,keydown
15121800,c,keydown
15122000,a,keydown
15122200,n,keydown
15122600,d,keydown
15122700,o,keydown
15123100,s,keydown
15123300,i,keydown
15123400, ,keydown
15123900,p,keydown
15124000,e,keydown
15124100,r,keydown
15124300, ,keydown
15214800,t,keydown
15214900,u,keydown
15215200,t,keydown
15215300,t,keydown
15215400,i,keydown
15215700, ,keydown
15216800,g,keydown
15216900,l,keydown
15217100,i,keydown
15217400, ,keydown
15218100,a,keydown
15218200,l,keydown
15218500,t,keydown
15218700,r,keydown
15218900,i,keydown
15318700,Backspace,keydown
15319100,Backspace,keydown
15319100,Backspace,keydown
15319100,Backspace,keydown
15319200,Backspace,keydown
15319200,Backspace,keydown
15319300,Backspace,keydown
15319300,Backspace,keydown
15319300,Backspace,keydown
15319300,Backspace,keydown
15319400,Backspace,keydown
15319400,Backspace,keydown
15319400,Backspace,keydown
15319500,Backspace,keydown
15319500,Backspace,keydown
15319500,Backspace,keydown
15319600,Backspace,keydown
15319600,Backspace,keydown
15319600,Backspace,keydown
15319700,Backspace,keydown
15319700,Backspace,keydown
15319800,Backspace,keydown
15319800,Backspace,keydown
15319800,Backspace,keydown
15319900,Backspace,keydown
15320000,Backspace,keydown
15320000,Backspace,keydown
15320000,Backspace,keydown
15320000,Backspace,keydown
15320100,Backspace,keydown
15320300,Backspace,keydown
15320400,Backspace,keydown
15320600,Backspace,keydown
15320800,Backspace,keydown
15324300,a,keydown
15324500,f,keydown
15324600,f,keydown
15414700,i,keydown
15415000,c,keydown
15415500,Backspace,keydown
15415800,n,keydown
15415900,c,keydown
15416200,h,keydown
15416600,e,keydown
15416800,#,keydown
15417100, ,keydown
15418100,l,keydown
15418500,#,keydown
15418700,e,keydown
15419400,l,keydown
15419600,i,keydown
15419800,c,keydown
15420000,o,keydown
15420400,t,keydown
15420500,t,keydown
15420700,e,keydown
15420800,r,keydown
15421200,o,keydown
15421400, ,keydown
15422100,p,keydown
15422300,o,keydown
15422600,s,keydown
15422700,s,keydown
15422900,a,keydown
15423300, ,keydown
15423600,a,keydown
15423700,t,keydown
15423900,t,keydown
15424300,e,keydown
15424700,r,keydown
15514800,r,keydown
15515200,a,keydown
15515600,r,keydown
15515800,e,keydown
15519900,#,keydown
15520600,#,keydown
15521000,#,keydown
15521000,#,keydown
15521000,#,keydown
15521100,#,keydown
15521200,#,keydown
15521200,#,keydown
15521200,#,keydown
15521300,#,keydown
15521300,#,keydown
15521400,#,keydown
15521400,#,keydown
15521400,#,keydown
15521400,#,keydown
15521500,#,keydown
15521600,#,keydown
15521600,#,keydown
15521600,#,keydown
15521600,#,keydown
15521700,#,keydown
15521700,#,keydown
15521700,#,keydown
15521700,#,keydown
15521900,#,keydown
15521900,#,keydown
15521900,#,keydown
15521900,#,keydown
15521900,#,keydown
15522000,#,keydown
15522000,#,keydown
15522000,#,keydown
15522100,#,keydown
15522200,#,keydown
15522200,#,keydown
15522200,#,keydown
15522200,#,keydown
15620800,p,keydown
15621000,e,keydown
15621200,r,keydown
15621300, ,keydown
15621600,a,keydown
15621800,l,keydown
15621800,l,keydown
15622100,e,keydown
15623300,g,keydown
15623400,g,keydown
15623600,e,keydown
15623700,r,keydown
15623800,i,keydown
15624200,r,keydown
15624400,e,keydown
15624400, ,keydown
15714900,i,keydown
15715100,l,keydown
15715200, ,keydown
15715500,c,keydown
15715700,a,keydown
15715900,r,keydown
15716000,i,keydown
15716500,c,keydown
15716500,o,keydown
15717900, ,keydown
15815800,Backspace,keydown
15816200,Backspace,keydown
15816300,Backspace,keydown
15816300,Backspace,keydown
15816300,Backspace,keydown
15816400,Backspace,keydown
15816400,Backspace,keydown
15816500,Backspace,keydown
15816600,Backspace,keydown
15816800,Backspace,keydown
15816900,Backspace,keydown
15817100,Backspace,keydown
15819500,#,keydown
15820000,#,keydown
15820000,#,keydown
15820000,#,keydown
15820100,#,keydown
15820200,#,keydown
15820200,#,keydown
15820200,#,keydown
15820200,#,keydown
15820300,#,keydown
15820300,#,keydown
15820300,#,keydown
15820400,#,keydown
15820400,#,keydown
15820800,#,keydown
15821000,#,keydown
15822100, ,keydown
15822800,c,keydown
15822900,o,keydown
15823100,n,keydown
15823200, ,keydown
15823500,i,keydown
15823700,l,keydown
15823800, ,keydown
15824100,r,keydown
15824200,e,keydown
15824400,s,keydown
15824600,t,keydown
15914700,o,keydown
15914900, ,keydown
15916500,#,keydown
15917000,#,keydown
15917500,#,keydown
15917500,#,keydown
15917500,#,keydown
15917600,#,keydown
15917700,#,keydown
15917700,#,keydown
15917700,#,keydown
15917700,#,keydown
15917800,#,keydown
15919000,#,keydown
15920400,#,keydown
15923300,Backspace,keydown
15923700,Backspace,keydown
15923800,Backspace,keydown
15923800,Backspace,keydown
15923800,Backspace,keydown
15923900,Backspace,keydown
15923900,Backspace,keydown
15923900,Backspace,keydown
15923900,Backspace,keydown
15924000,Backspace,keydown
15924100,Backspace,keydown
15924100,Backspace,keydown
15924100,Backspace,keydown
15924500,Backspace,keydown
16014900,Backspace,keydown
16015000,Backspace,keydown
16015000,Backspace,keydown
16015100,Backspace,keydown
16015200,Backspace,keydown
16015200,Backspace,keydown
16015200,Backspace,keydown
16015200,Backspace,keydown
16015300,Backspace,keydown
16015300,Backspace,keydown
16015300,Backspace,keydown
16015300,Backspace,keydown
16015500,Backspace,keydown
16015500,Backspace,keydown
16015500,Backspace,keydown
16015500,Backspace,keydown
16015500,Backspace,keydown
16015600,Backspace,keydown
16015600,Backspace,keydown
16015600,Backspace,keydown
16015700,Backspace,keydown
16015700,Backspace,keydown
16015800,Backspace,keydown
16015800,Backspace,keydown
16015800,Backspace,keydown
16015900,Backspace,keydown
16015900,Backspace,keydown
16015900,Backspace,keydown
16017800,o,keydown
16018100,.,keydown
16024500,Enter,keydown
16115400,#,keydown
16116100,Backspace,keydown
16117500,#,keydown
16117700,#,keydown
16117800,#,keydown
16118100,#,keydown
16118300,#,keydown
16118600,#,keydown
16120100,#,keydown
16121300,#,keydown
16123700,#,keydown
16215900,#,keydown
16217400,#,keydown
16218800,#,keydown
16220500,#,keydown
16222100,Enter,keydown
16318600,#,keydown
16318800,i,keydown
16319100,n,keydown
16319200,i,keydown
16320600,z,keydown
16320700,i,keydown
16320900,a,keydown
16321100, ,keydown
16321400,u,keydown
16321500,n,keydown
16321700,a,keydown
16321900, ,keydown
16322500,d,keydown
16322700,i,keydown
16322800,s,keydown
16323000,c,keydown
16323300,u,keydown
16323600,s,keydown
16323800,s,keydown
16323900,i,keydown
16324100,o,keydown
16324300,n,keydown
16324400,e,keydown
16324600, ,keydown
16417700,t,keydown
16417800,r,keydown
16418000,a,keydown
16418200, ,keydown
16418500,i,keydown
16418600, ,keydown
16418800,p,keydown
16419000,r,keydown
16419200,e,keydown
16419500,s,keydown
16419600,e,keydown
16419800,n,keydown
16420300,t,keydown
16420400,i,keydown
16420600, ,keydown
16420700,p,keydown
16420900,e,keydown
16421000,r,keydown
16421100, ,keydown
16422400,d,keydown
16422500,e,keydown
16422700,c,keydown
16423100,i,keydown
16423600,d,keydown
16423800,e,keydown
16424200,r,keydown
16424300,e,keydown
16514700, ,keydown
16515200,c,keydown
16515300,h,keydown
16515600,i,keydown
16516400, ,keydown
16517200,s,keydown
16518800,a,keydown
16519800,c,keydown
16520300,Backspace,keydown
16520400,Backspace,keydown
16520700,Backspace,keydown
16521100,d,keydown
16521300,e,keydown
16521500,v,keydown
16521700,e,keydown
16521800, ,keydown
16522200,b,keydown
16522500,u,keydown
16522700,t,keydown
16522800,t,keydown
16523100,a,keydown
16523300,r,keydown
16524000,s,keydown
16524100,i,keydown
16524400,Enter,keydown
16615100,g,keydown
16615300,i,keydown
16615600,#,keydown
16616300,Backspace,keydown
16616600,u,keydown
16617000,#,keydown
16617200, ,keydown
16618600,e,keydown
16618800, ,keydown
16621100,g,keydown
16621200,l,keydown
16621400,i,keydown
16621500, ,keydown
16621700,u,keydown
16622100,o,keydown
16622600,m,keydown
16622800,i,keydown
16623100,n,keydown
16623200,i,keydown
16623500, ,keydown
16623900,n,keydown
16624000,o,keydown
16624200,n,keydown
16624300, ,keydown
16624600,s,keydown
16714700,i,keydown
16714900, ,keydown
16715200,m,keydown
16715300,e,keydown
16715900,t,keydown
16716000,t,keydown
16716100,o,keydown
16716300, ,keydown
16716800,Backspace,keydown
16717100,n,keydown
16717300,o,keydown
16717700, ,keydown
16718300,d,keydown
16718700,#,keydown
16718900,a,keydown
16719300,c,keydown
16719400,c,keydown
16719700,o,keydown
16719800,r,keydown
16720400,d,keydown
16720700,o,keydown
16817800,",",keydown
16818000, ,keydown
16818200,n,keydown
16818400,e,keydown
16818700,l,keydown
16819000, ,keydown
16819300,f,keydown
16819500,r,keydown
16819700,a,keydown
16820000,m,keydown
16820400,Backspace,keydown
16820700,t,keydown
16820900,t,keydown
16821100,e,keydown
16821500,m,keydown
16821700,p,keydown
16821900,o,keydown
16822600, ,keydown
16822900,l,keydown
16824000,#,keydown
16824200,e,keydown
16824400,l,keydown
16824600,e,keydown
16915500,Backspace,keydown
16915700,i,keydown
16916100,c,keydown
16916200,o,keydown
16916500,t,keydown
16916700,t,keydown
16917000,e,keydown
16917100,r,keydown
16917200,o,keydown
16917500, ,keydown
16917900,s,keydown
16918800,t,keydown
16919200,a,keydown
16919400,#,keydown
16919900, ,keydown
16920400,p,keydown
16920500,r,keydown
16920700,e,keydown
16921100,c,keydown
16921300,i,keydown
16921900,p,keydown
16922100,i,keydown
16923000,t,keydown
16923100,a,keydown
16923300,n,keydown
16923600,d,keydown
16923600,o,keydown
16924100,.,keydown
16924400,Enter,keydown
17014900,#,keydown
17015300,a,keydown
17015700,l,keydown
17015900,l,keydown
17016100,a,keydown
17016300, ,keydown
17016600,f,keydown
17016700,i,keydown
17016900,n,keydown
17017000,e,keydown
17017200, ,keydown
17019100,v,keydown
17019200,i,keydown
17019300,s,keydown
17019500,o,keydown
17020000,Backspace,keydown
17020100,t,keydown
17020400,o,keydown
17020600, ,keydown
17020900,c,keydown
17021100,h,keydown
17021100,e,keydown
17021200, ,keydown
17021400,n,keydown
17021500,o,keydown
17021700,n,keydown
17021900, ,keydown
17022100,s,keydown
17022200,i,keydown
17022300, ,keydown
17022500,a,keydown
17022900,r,keydown
17023000,r,keydown
17023100,i,keydown
17023400,v,keydown
17023600,a,keydown
17023700, ,keydown
17023900,a,keydown
17024000,l,keydown
17024100,l,keydown
17024400,a,keydown
17024500, ,keydown
17114900,c,keydown
17115000,o,keydown
17115200,n,keydown
17115800,c,keydown
17115900,l,keydown
17116100,u,keydown
17116800,Backspace,keydown
17117200,Backspace,keydown
17117200,Backspace,keydown
17117300,Backspace,keydown
17117300,Backspace,keydown
17117400,Backspace,keydown
17117400,Backspace,keydown
17117400,Backspace,keydown
17117400,Backspace,keydown
17117900,Backspace,keydown
17118300,d,keydown
17118400, ,keydown
17118600,u,keydown
17118700,n,keydown
17118900,a,keydown
17119000, ,keydown
17119400,c,keydown
17119500,o,keydown
17119700,n,keydown
17119900,l,keydown
17120200,Backspace,keydown
17120400,c,keydown
17121000,l,keydown
17121200,u,keydown
17121500,s,keydown
17121600,i,keydown
17121800,o,keydown
17121900,n,keydown
17122500,e,keydown
17124300, ,keydown
17215900,Backspace,keydown
17217100, ,keydown
17218300,l,keydown
17218400,a,keydown
17218500, ,keydown
17218700,d,keydown
17218800,o,keydown
17219500,n,keydown
17219700,n,keydown
17219800,a,keydown
17219900, ,keydown
17221900,Backspace,keydown
17222400,Backspace,keydown
17222400,Backspace,keydown
17222400,Backspace,keydown
17222400,Backspace,keydown
17222500,Backspace,keydown
17223200,u,keydown
17223400,n,keydown
17223500,i,keydown
17223700,c,keydown
17223800,a,keydown
17223900, ,keydown
17224100,d,keydown
17224200,o,keydown
17224500,n,keydown
17224600,n,keydown
17314800,a,keydown
17314900, ,keydown
17315200,p,keydown
17315400,r,keydown
17315600,e,keydown
17315900,s,keydown
17316000,e,keydown
17316200,n,keydown
17316500,t,keydown
17316700,e,keydown
17317400, ,keydown
17317700,p,keydown
17318000,r,keydown
17318200,e,keydown
17318500,n,keydown
17318700,d,keydown
17319000,e,keydown
17319400,Enter,keydown
17320100,l,keydown
17320300,a,keydown
17320500, ,keydown
17321000,p,keydown
17321100,a,keydown
17321500,r,keydown
17321700,o,keydown
17322000,l,keydown
17322200,a,keydown
17322700,#,keydown
17323000,#,keydown
17323600, ,keydown
17416400,Backspace,keydown
17416600,Backspace,keydown
17417000, ,keydown
17417100,e,keydown
17417300,d,keydown
17417400, ,keydown
17417700,i,keydown
17417900,n,keydown
17418100,i,keydown
17418600,z,keydown
17418800,i,keydown
17418900,a,keydown
17419100, ,keydown
17420900,a,keydown
17421000, ,keydown
17421300,f,keydown
17421500,a,keydown
17421700,r,keydown
17421900,e,keydown
17422000, ,keydown
17422200,u,keydown
17422400,n,keydown
17422600, ,keydown
17423100,d,keydown
17423400,i,keydown
17423700,s,keydown
17424000,c,keydown
17424300,o,keydown
17424600,r,keydown
17514800,s,keydown
17514900,o,keydown
17515100, ,keydown
17515300,c,keydown
17515400,o,keydown
17515600,m,keydown
17515700,m,keydown
17516200,o,keydown
17517000,v,keydown
17517200,e,keydown
17517700,n,keydown
17518100,t,keydown
17518300,e,keydown
17518600,#,keydown
17519100,#,keydown
17519300,Enter,keydown
17519600,#,keydown
17519700,#,keydown
17523500,#,keydown
17524400,d,keydown
17524600,#,keydown
17614900,a,keydown
17615100,c,keydown
17615300,c,keydown
17615300,o,keydown
17615900,r,keydown
17616100,d,keydown
17616300,o,keydown
17616600, ,keydown
17617000,m,keydown
17617100,i,keydown
17617400, ,keydown
17617900,Backspace,keydown
17618600, ,keydown
17618900,s,keydown
17619000,a,keydown
17619300,c,keydown
17619500,r,keydown
17619700,i,keydown
17620000,f,keydown
17620100,i,keydown
17620500,c,keydown
17620600,o,keydown
17620900, ,keydown
17621300,i,keydown
17621500,o,keydown
17714900,#,keydown
17715100,#,keydown
17715300, ,keydown
17716200,Backspace,keydown
17716300,Backspace,keydown
17716600, ,keydown
17716800,d,keydown
17717000,a,keydown
17717200,l,keydown
17717400, ,keydown
17717500,m,keydown
17717800,o,keydown
17718000,m,keydown
17718300,n,keydown
17718500,e,keydown
17718600,t,keydown
17718800,o,keydown
17719300,Backspace,keydown
17719400,Backspace,keydown
17719600,Backspace,keydown
17719700,Backspace,keydown
17720400,Backspace,keydown
17721200,m,keydown
17721400,e,keydown
17721400,n,keydown
17721600,t,keydown
17721800,o,keydown
17722200, ,keydown
17722800,c,keydown
17723300,h,keydown
17723500,e,keydown
17723800, ,keydown
17814800,n,keydown
17814900,o,keydown
17815200,i,keydown
17815300, ,keydown
17815600,d,keydown
17815700,o,keydown
17816000,n,keydown
17816200,n,keydown
17816300,e,keydown
17816600, ,keydown
17817700,s,keydown
17817800,i,keydown
17818100,a,keydown
17818900,m,keydown
17819000,o,keydown
17819200, ,keydown
17819800,p,keydown
17820000,r,keydown
17820100,e,keydown
17820500,p,keydown
17820700,a,keydown
17821100,r,keydown
17821200,a,keydown
17821600,t,keydown
17821700,e,keydown
17821900, ,keydown
17822100,a,keydown
17822200, ,keydown
17822600,Enter,keydown
17823800,s,keydown
17824100,a,keydown
17824200,c,keydown
17824400,r,keydown
17824600,i,keydown
17824700,f,keydown
17914800,i,keydown
17914900,c,keydown
17916000,Backspace,keydown
17916900,c,keydown
17917000,a,keydown
17917200,r,keydown
17917400,d,keydown
17917900,Backspace,keydown
17918000,c,keydown
17918200,i,keydown
17918400, ,keydown
17918600,p,keydown
17918900,e,keydown
17919100,r,keydown
17919300, ,keydown
17919800,g,keydown
17919900,l,keydown
17920000,i,keydown
17921600,Backspace,keydown
17921800,Backspace,keydown
17921900,Backspace,keydown
17923300,i,keydown
17923500, ,keydown
17923700,m,keydown
17923900,a,keydown
17924100,r,keydown
17924300,i,keydown
17924800,t,keydown
18015000,i,keydown
18018700,",",keydown
18018900, ,keydown
18019300,i,keydown
18019500, ,keydown
18019700,f,keydown
18019800,i,keydown
18020400,g,keydown
18020500,l,keydown
18020700,i,keydown
18021300, ,keydown
18021600,e,keydown
18021900,t,keydown
18022100,c,keydown
18022500,.,keydown
18115200,#,keydown
18116700,#,keydown
18118000,.,keydown
18118100,.,keydown
18118200,.,keydown
18118300,.,keydown
18119300,#,keydown
18119600,#,keydown
18123200,#,keydown
18123500,Backspace,keydown
18123600,Backspace,keydown
18123900,Backspace,keydown
18124600,i,keydown
18214800, ,keydown
18215100,s,keydown
18215100,o,keydown
18215300,n,keydown
18215400,o,keydown
18315400,Enter,keydown
18316000,#,keydown
18316100,#,keydown
18316200,#,keydown
18316400,#,keydown
18316600,#,keydown
18317200,Backspace,keydown
18317400,Backspace,keydown
18317500,Backspace,keydown
18317600,Backspace,keydown
18318200,Backspace,keydown
18318900,e,keydown
18319500,#,keydown
18319700,#,keydown
18320400,Backspace,keydown
18320800, ,keydown
18321500,#,keydown
18321800,c,keydown
18321900,o,keydown
18322000,n,keydown
18322200,s,keydown
18322600,r,keydown
18322800,e,keydown
18323000,t,keydown
18323100,a,keydown
18323800,Backspace,keydown
18323900,Backspace,keydown
18324000,Backspace,keydown
18324300,Backspace,keydown
18324400,Backspace,keydown
18415100,c,keydown
18415300,r,keydown
18415400,e,keydown
18415600,t,keydown
18415800,a,keydown
18416600,Enter,keydown
18418400,#,keydown
18419800,#,keydown
18421100,#,keydown
18421300,#,keydown
18421700,#,keydown
18421800,#,keydown
18421900,#,keydown
18421900,#,keydown
18421900,#,keydown
18421900,#,keydown
18422000,#,keydown
18422000,#,keydown
18422100,#,keydown
18422100,#,keydown
18422200,#,keydown
18422200,#,keydown
18422200,#,keydown
18422200,#,keydown
18422200,#,keydown
18422300,#,keydown
18422400,#,keydown
18422400,#,keydown
18422400,#,keydown
18422400,#,keydown
18422500,#,keydown
18422500,#,keydown
18422600,#,keydown
18422600,#,keydown
18422600,#,keydown
18422700,#,keydown
18422700,#,keydown
18422700,#,keydown
18422700,#,keydown
18422800,#,keydown
18422900,#,keydown
18422900,#,keydown
18422900,#,keydown
18422900,#,keydown
18423000,#,keydown
18423000,#,keydown
18423000,#,keydown
18423100,#,keydown
18423200,#,keydown
18423200,#,keydown
18423200,#,keydown
18423200,#,keydown
18423300,#,keydown
18423300,#,keydown
18423400,#,keydown
18423400,#,keydown
18424300,#,keydown
18424400,#,keydown
18515200, ,keydown
18515700,d,keydown
18516000,e,keydown
18516100,l,keydown
18516300, ,keydown
18516500,t,keydown
18516600,i,keydown
18516800,p,keydown
18517000,o,keydown
18520300,Backspace,keydown
18520800,Backspace,keydown
18520800,Backspace,keydown
18520800,Backspace,keydown
18520800,Backspace,keydown
18520900,Backspace,keydown
18521000,Backspace,keydown
18521100,Backspace,keydown
18521100,Backspace,keydown
18521100,Backspace,keydown
18521100,Backspace,keydown
18521100,Backspace,keydown
18521200,Backspace,keydown
18521200,Backspace,keydown
18521200,Backspace,keydown
18521200,Backspace,keydown
18521300,Backspace,keydown
18521400,Backspace,keydown
18521400,Backspace,keydown
18521400,Backspace,keydown
18521500,Backspace,keydown
18521500,Backspace,keydown
18521800,Backspace,keydown
18521900,Backspace,keydown
18522000,Backspace,keydown
18522100,Backspace,keydown
18523600,p,keydown
18523700,a,keydown
18524100,d,keydown
18524400,r,keydown
18524500,i,keydown
18615900,",",keydown
18616100, ,keydown
18616200,i,keydown
18616400, ,keydown
18617100,#,keydown
18617600,#,keydown
18617600,#,keydown
18617600,#,keydown
18617700,#,keydown
18617700,#,keydown
18617700,#,keydown
18617800,#,keydown
18617800,#,keydown
18617900,#,keydown
18617900,#,keydown
18617900,#,keydown
18618000,#,keydown
18618000,#,keydown
18618000,#,keydown
18618000,#,keydown
18618100,#,keydown
18618500,#,keydown
18618700,#,keydown
18618900,#,keydown
18619100,#,keydown
18619200,#,keydown
18619400,#,keydown
18619500,#,keydown
18620800,a,keydown
18621000,c,keydown
18621100,c,keydown
18621400,e,keydown
18621600,t,keydown
18622200,t,keydown
18622400,o,keydown
18622500, ,keydown
18622700,d,keydown
18622900,i,keydown
18623300,Enter,keydown
18624300,s,keydown
18624500,a,keydown
18624600,c,keydown
18714900,r,keydown
18715000,i,keydown
18715500,f,keydown
18715600,i,keydown
18715900,c,keydown
18716000,a,keydown
18716300,r,keydown
18716600,m,keydown
18716900,i,keydown
18717100, ,keydown
18717400,t,keydown
18718100,Backspace,keydown
18718300,p,keydown
18718500,e,keydown
18718600,r,keydown
18718700, ,keydown
18719000,t,keydown
18719100,u,keydown
18719400,t,keydown
18719600,t,keydown
18719600,i,keydown
18719900, ,keydown
18720400,v,keydown
18720500,o,keydown
18721000,i,keydown
18721700, ,keydown
18721900,e,keydown
18722000, ,keydown
18722900,m,keydown
18723000,i,keydown
18723200, ,keydown
18723400,b,keydown
18723600,u,keydown
18723900,t,keydown
18724100,t,keydown
18724100,o,keydown
18815200,#,keydown
18816800,.,keydown
18817000,Enter,keydown
18817800,#,keydown
18818000,t,keydown
18818200,u,keydown
18819000,t,keydown
18819100,t,keydown
18819300,i,keydown
18819500, ,keydown
18819700,i,keydown
18819800, ,keydown
18820100,p,keydown
18820300,r,keydown
18820500,e,keydown
18820700,s,keydown
18820900,e,keydown
18821200,n,keydown
18821400,t,keydown
18821600,i,keydown
18824400,#,keydown
18824800,#,keydown
18824800,#,keydown
18914800,#,keydown
18914800,#,keydown
18914900,#,keydown
18915000,#,keydown
18915000,#,keydown
18915000,#,keydown
18916000,#,keydown
18916500,Backspace,keydown
18916600,Backspace,keydown
18916800,Backspace,keydown
18916900,Backspace,keydown
18917200,Backspace,keydown
18917300,Backspace,keydown
18917900,#,keydown
18918800,e,keydown
18920200, ,keydown
18920500,t,keydown
18920700,u,keydown
18921000,t,keydown
18921200,t,keydown
18921900,#,keydown
18922400,#,keydown
18922400,#,keydown
18922400,#,keydown
18922400,#,keydown
18922500,#,keydown
18922600,#,keydown
18922600,#,keydown
18923100,#,keydown
18923900,#,keydown
18924500,#,keydown
18924800,#,keydown
19015000, ,keydown
19015100,#,keydown
19015300,#,keydown
19016200,#,keydown
19016400,b,keydown
19016600,r,keydown
19016700,a,keydown
19017000,v,keydown
19017300,a,keydown
19019000, ,keydown
19019100,#,keydown
19019500,#,keydown
19019600,#,keydown
19019800,#,keydown
19020000,#,keydown
19020100,#,keydown
19115900, ,keydown
19116600,#,keydown
19116900,s,keydown
19117100,e,keydown
19117200,i,keydown
19117400, ,keydown
19117600,f,keydown
19117700,o,keydown
19117900,r,keydown
19118700,t,keydown
19119200,e,keydown
19120200,#,keydown
19121000,#,keydown
19121500,#,keydown
19121900,#,keydown
19122700,#,keydown
19123200,#,keydown
19123900,#,keydown
19124100,#,keydown
19124300,#,keydown
19124400,#,keydown
19124500,#,keydown
19215100,#,keydown
19215300,#,keydown
19216100,#,keydown
19217200,#,keydown
19217400,#,keydown
19219100,#,keydown
19221700,#,keydown
19223400,#,keydown
19224300,#,keydown
19315800,#,keydown
19316000,#,keydown
19316200,#,keydown
19316600,#,keydown
19316800,#,keydown
19317600,#,keydown
19317700,#,keydown
19317900,#,keydown
19318200,#,keydown
19318500,#,keydown
19323000,#,keydown
19323500,#,keydown
19323900,#,keydown
19324500,#,keydown
19415200,#,keydown
19416100,#,keydown
19417400, ,keydown
19419400,a,keydown
19419600,p,keydown
19420000,p,keydown
19420400,e,keydown
19420500,r,keydown
19420900,s,keydown
19421300,Backspace,keydown
19421400,Backspace,keydown
19421700,s,keydown
19421800,i,keydown
19422300,Backspace,keydown
19422500,Backspace,keydown
19422600,Backspace,keydown
19422800,Backspace,keydown
19422900,Backspace,keydown
19423400,Backspace,keydown
19424000,s,keydown
19424000,o,keydown
19424400,s,keydown
19424500,p,keydown
19424800,e,keydown
19515300,s,keydown
19515400,i,keydown
19515500, ,keydown
19515700,n,keydown
19515800,e,keydown
19516000,l,keydown
19516100, ,keydown
19516600,v,keydown
19516700,u,keydown
19516900,o,keydown
19518000,t,keydown
19518100,o,keydown
19522300,Backspace,keydown
19522500,#,keydown
19522700,d,keydown
19616400,a,keydown
19616700,g,keydown
19616800,g,keydown
19617000,r,keydown
19617100,a,keydown
19617300,p,keydown
19617500,p,keydown
19617600,a,keydown
19618000,t,keydown
19618100,i,keydown
19618500, ,keydown
19618900,a,keydown
19715000,g,keydown
19715200,l,keydown
19715300,i,keydown
19715500, ,keydown
19716100,e,keydown
19716200,s,keydown
19716400,p,keydown
19716500,o,keydown
19716900,Backspace,keydown
19717100,Backspace,keydown
19717200,Backspace,keydown
19717400,Backspace,keydown
19718100,s,keydown
19718200,p,keydown
19718400,o,keydown
19718700,r,keydown
19718900,t,keydown
19719000,e,keydown
19719200,l,keydown
19719300,l,keydown
19719500,o,keydown
19719800,b,keydown
19720100,i,keydown
19720800,Backspace,keydown
19720900,Backspace,keydown
19721700,n,keydown
19721800,i,keydown
19721900, ,keydown
19722500,d,keydown
19723300,e,keydown
19723700,l,keydown
19723900,l,keydown
19815000,#,keydown
19815300,e,keydown
19815500,l,keydown
19815800,i,keydown
19815900,c,keydown
19816000,o,keydown
19816600,t,keydown
19816800,t,keydown
19816900,e,keydown
19817100,r,keydown
19817200,o,keydown
19817500, ,keydown
19817700,e,keydown
19817900, ,keydown
19818300,Enter,keydown
19818900, ,keydown
19819900,e,keydown
19819900, ,keydown
19820200,a,keydown
19820400,p,keydown
19820500,p,keydown
19820800,l,keydown
19821500,a,keydown
19821800,u,keydown
19822100,t,keydown
19822700,Backspace,keydown
19822900,d,keydown
19823100,o,keydown
19823400,b,keydown
19824000,Backspace,keydown
19824500,n,keydown
19824700,o,keydown
19914900, ,keydown
19915400,a,keydown
19915900,l,keydown
19916100,l,keydown
19916500,#,keydown
19917200,u,keydown
19917500,n,keydown
19917600,a,keydown
19917800,m,keydown
19918000,i,keydown
19919400,Backspace,keydown
19919600,Backspace,keydown
19921900,Backspace,keydown
19922100,Backspace,keydown
19922300,Backspace,keydown
19922400,Backspace,keydown
19922500,Backspace,keydown
19922700,Backspace,keydown
19922900,Backspace,keydown
19923300,Backspace,keydown
19924000, ,keydown
19924300,a,keydown
19924400,l,keydown
19924700,l,keydown
20015100,#,keydown
20015500,u,keydown
20015700,n,keydown
20016300,Backspace,keydown
20016500,Backspace,keydown
20016600,Backspace,keydown
20016800,Backspace,keydown
20016900,Backspace,keydown
20017100,Backspace,keydown
20017500,Backspace,keydown
20114900, ,keydown
20115100,.,keydown
20115200,.,keydown
20115300,.,keydown
20115400,.,keydown
20115600,.,keydown
20115700,.,keydown
20116100,Enter,keydown
20116200,Enter,keydown
20116500,Enter,keydown
20117600,#,keydown
20117700,m,keydown
20118000,o,keydown
20118400,r,keydown
20118600,a,keydown
20118600,l,keydown
20118900,e,keydown
20119600,#,keydown
20119800,#,keydown
20120000, ,keydown
20120400,#,keydown
20120500,m,keydown
20120800,a,keydown
20120900,i,keydown
20121100, ,keydown
20121400,s,keydown
20121400,o,keydown
20121900,t,keydown
20122000,t,keydown
20122100,o,keydown
20122700,v,keydown
20122700,a,keydown
20122900,l,keydown
20123100,u,keydown
20123300,t,keydown
20123700,a,keydown
20123900,r,keydown
20124000,e,keydown
20124100, ,keydown
20124300,u,keydown
20124500,n,keydown
20214900,a,keydown
20215000, ,keydown
20215400,d,keydown
20215500,o,keydown
20215800,n,keydown
20215900,n,keydown
20216000,a,keydown
20217000, ,keydown
20217100,#,keydown
20217200,#,keydown
20217500,-,keydown
20217600,#,keydown
20217700,#,keydown
20223800,Enter,keydown
20322500,Backspace,keydown
20322700,Backspace,keydown
