timestamp,key,type
3820100,Backspace,keydown
3820100,Backspace,keydown
3820200,Backspace,keydown
3820200,Backspace,keydown
3820200,Backspace,keydown
3820200,Backspace,keydown
3820200,Backspace,keydown
3820200,Backspace,keydown
3820200,u,keydown
3820300,n,keydown
3820400, ,keydown
3820600,g,keydown
3820800,i,keydown
3820800,o,keydown
3821000,r,keydown
3821300,n,keydown
3821500,o,keydown
3821600, ,keydown
3821700,a,keydown
3822000,s,keydown
3822100,s,keydown
3822100,o,keydown
3822400,l,keydown
3822400,a,keydown
3822700,t,keydown
3822800,o,keydown
3822900, ,keydown
3823100,d,keydown
3823100,e,keydown
3823300,l,keydown
3823400, ,keydown
3823500,2,keydown
3823800,0,keydown
3823900,0,keydown
3824000,3,keydown
3824200, ,keydown
3826100,u,keydown
3826300,n,keydown
3826400, ,keydown
3826600,p,keydown
3826800,r,keydown
3826800,o,keydown
3826900,g,keydown
3827100,r,keydown
3827300,a,keydown
3827400,m,keydown
3827600,m,keydown
3827800,i,keydown
3828500,s,keydown
3828600,t,keydown
3828700,a,keydown
3828900, ,keydown
3829200,r,keydown
3829200,e,keydown
3829700,g,keydown
3829900,i,keydown
3829900,s,keydown
3830100,t,keydown
3830200,a,keydown
3831000, ,keydown
3831300,d,keydown
3831300,e,keydown
3831800,c,keydown
3832000,i,keydown
3832100,d,keydown
3832800,e,keydown
3833200,#,keydown
3833500,#,keydown
3834000, ,keydown
3834400,#,keydown
3834800,#,keydown
3835100,v,keydown
3835200,o,keydown
3835500,g,keydown
3835700,l,keydown
3835900,i,keydown
3836000,o,keydown
3836200,Enter,keydown
3837400,f,keydown
3837500,a,keydown
3837600,r,keydown
3837700,e,keydown
3837900, ,keydown
3839300,i,keydown
3839400,l,keydown
3839600, ,keydown
3839700,p,keydown
3839700,r,keydown
3839800,o,keydown
3840000,g,keydown
3840100,r,keydown
3840200,a,keydown
3840200,m,keydown
3840400,m,keydown
3840600,a,keydown
3840700, ,keydown
3840700,d,keydown
3840800,e,keydown
3840900,l,keydown
3841000, ,keydown
3841100,s,keydown
3841300,e,keydown
3841500,c,keydown
3841500,o,keydown
3841800,l,keydown
3841900,o,keydown
3842100,#,keydown
3842200,#,keydown
3842400,#,keydown
3842600,#,keydown
3842600,#,keydown
3843400,#,keydown
3844700, ,keydown
3847800,i,keydown
3848100,l,keydown
3848300, ,keydown
3848500,p,keydown
3848600,r,keydown
3848700,o,keydown
3848800,g,keydown
3848800,r,keydown
3849100,a,keydown
3849100,m,keydown
3849300,m,keydown
3849400,a,keydown
3849500, ,keydown
3849600,c,keydown
3849800,h,keydown
3849900,e,keydown
3850100, ,keydown
3850100,s,keydown
3850200,a,keydown
3850400,r,keydown
3850500,a,keydown
3850800,#,keydown
3850900, ,keydown
3851200,r,keydown
3851200,e,keydown
3851400,a,keydown
3851500,l,keydown
3851700,i,keydown
3851700,z,keydown
3851900,z,keydown
3852000,a,keydown
3852300,t,keydown
3852400,o,keydown
3852700, ,keydown
3860200,Enter,keydown
3860700,n,keydown
3860900,o,keydown
3861000,n,keydown
3861200, ,keydown
3861500,l,keydown
3861700,o,keydown
3861800, ,keydown
3862000,a,keydown
3862100,v,keydown
3862200,r,keydown
3862400,a,keydown
3862700,#,keydown
3862800, ,keydown
3863100,m,keydown
3863300,a,keydown
3863500,i,keydown
3863500, ,keydown
3865300,f,keydown
3865500,a,keydown
3865600,t,keydown
3865800,t,keydown
3865900,o,keydown
3866000, ,keydown
3866200,n,keydown
3866300,e,keydown
3866500,s,keydown
3866600,s,keydown
3866700,u,keydown
3866900,n,keydown
3867200,o,keydown
3867400, ,keydown
3867500,a,keydown
3867600,l,keydown
3867800,t,keydown
3867800,r,keydown
3868000,e,keydown
3868200,t,keydown
3868300,t,keydown
3868500,a,keydown
3868700,n,keydown
3868800,t,keydown
3868900,o,keydown
3869200, ,keydown
3869500,b,keydown
3869600,e,keydown
3869600,l,keydown
3869800,l,keydown
3870000,o,keydown
3870300, ,keydown
3870500,e,keydown
3870700, ,keydown
3871100,r,keydown
3871200,i,keydown
3871400,c,keydown
3871500,c,keydown
3871600,o,keydown
3871700, ,keydown
3871900,d,keydown
3872100,i,keydown
3872200, ,keydown
3872400,i,keydown
3872500,d,keydown
3872700,e,keydown
3872800,e,keydown
3873100,.,keydown
3873400,Enter,keydown
3877500,#,keydown
3877800,i,keydown
3878000,l,keydown
3878100, ,keydown
3878300,d,keydown
3878700,Backspace,keydown
3878900,c,keydown
3879000,o,keydown
3879200,n,keydown
3879300,d,keydown
3879600,t,keydown
3879900,t,keydown
3880300,Backspace,keydown
3880400,Backspace,keydown
3880700,Backspace,keydown
3881400,d,keydown
3881500,u,keydown
3881800,t,keydown
3882000,t,keydown
3882100,o,keydown
3882100,r,keydown
3882300,e,keydown
3882400, ,keydown
3882500,d,keydown
3882800,o,keydown
3882900,v,keydown
3882900,r,keydown
3883100,a,keydown
3883500,#,keydown
3883600, ,keydown
3883800,e,keydown
3884000,s,keydown
3884100,s,keydown
3884300,e,keydown
3884500,r,keydown
3884500,e,keydown
3884700, ,keydown
3884800,f,keydown
3885000,a,keydown
3885100,m,keydown
3885300,o,keydown
3885400,s,keydown
3885500,o,keydown
3886100, ,keydown
3886500,e,keydown
3886600, ,keydown
3886900,b,keydown
3886900,r,keydown
3887100,i,keydown
3887400,l,keydown
3887500,l,keydown
3887600,a,keydown
3887700,n,keydown
3887900,t,keydown
3888000,e,keydown
3889700,",",keydown
3889800, ,keydown
3890300,p,keydown
3890500,o,keydown
3890700,s,keydown
3890800,s,keydown
3890900,i,keydown
3891100,b,keydown
3891100,i,keydown
3891300,l,keydown
3891600,m,keydown
3891800,e,keydown
3891900,n,keydown
3892600,t,keydown
3892600,e,keydown
3892600, ,keydown
3892800,u,keydown
3893000,n,keydown
3893300,Enter,keydown
3893400,b,keydown
3893600,e,keydown
3893600,l,keydown
3893700,l,keydown
3894000,#,keydown
3894200,u,keydown
3894400,o,keydown
3894500,m,keydown
3894600,o,keydown
3895000,.,keydown
3895200,Enter,keydown
3896100,Backspace,keydown
3896700, ,keydown
3899800,l,keydown
3900400,e,keydown
3900600, ,keydown
3900800,s,keydown
3901000,i,keydown
3901200,g,keydown
3901300,l,keydown
3901400,e,keydown
3901600, ,keydown
3902800,d,keydown
3903000,o,keydown
3903400,v,keydown
3903500,r,keydown
3903700,a,keydown
3903800,n,keydown
3903900,n,keydown
3904100,o,keydown
3904200, ,keydown
3904300,e,keydown
3904500,s,keydown
3904700,s,keydown
3904800,e,keydown
3904900,r,keydown
3905100,e,keydown
3905100, ,keydown
3905300,i,keydown
3905500,n,keydown
3905600,n,keydown
3905900,o,keydown
3906000,v,keydown
3906000,a,keydown
3906200,t,keydown
3906300,i,keydown
3906500,v,keydown
3906600,e,keydown
3906700, ,keydown
3909400,m,keydown
3909400,a,keydown
3909500, ,keydown
3909800,a,keydown
3909900,l,keydown
3910000, ,keydown
3910200,c,keydown
3910300,o,keydown
3910500,n,keydown
3910900,m,keydown
3912000,Backspace,keydown
3912300,t,keydown
3912400,e,keydown
3912500,m,keydown
3912700,p,keydown
3912800,o,keydown
3913800, ,keydown
3914000,c,keydown
3914100,o,keydown
3914200,n,keydown
3914600,s,keydown
3914700,e,keydown
3914900,r,keydown
3915200,v,keydown
3915300,a,keydown
3915500,r,keydown
3915600,e,keydown
3915700,Enter,keydown
3916000,u,keydown
3916100,n,keydown
3916300, ,keydown
3916600,c,keydown
3916700,h,keydown
3916700,e,keydown
3916800, ,keydown
3917100,d,keydown
3917200,i,keydown
3917400, ,keydown
3918900,a,keydown
3919400,n,keydown
3919700,t,keydown
3919900,i,keydown
3920000,c,keydown
3920200,o,keydown
3920400,.,keydown
3920600, ,keydown
3925300,#,keydown
3925500,i,keydown
3925700,n,keydown
3925800, ,keydown
3926000,q,keydown
3926100,u,keydown
3926200,e,keydown
3926400,s,keydown
3926400,t,keydown
3926700,o,keydown
3926800, ,keydown
3927000,p,keydown
3927100,r,keydown
3927200,o,keydown
3927300,g,keydown
3927300,r,keydown
3927600,a,keydown
3927600,m,keydown
3927800,m,keydown
3928000,a,keydown
3928100, ,keydown
3930500,s,keydown
3930600,i,keydown
3930700, ,keydown
3931000,d,keydown
3931100,o,keydown
3931300,v,keydown
3931400,r,keydown
3931500,a,keydown
3931700,n,keydown
3931800,n,keydown
3931900,o,keydown
3932100, ,keydown
3932200,c,keydown
3932300,o,keydown
3932500,n,keydown
3932500,f,keydown
3932600,r,keydown
3932700,o,keydown
3932900,n,keydown
3933000,t,keydown
3933300,a,keydown
3933500,r,keydown
3933600,e,keydown
3933900,Enter,keydown
3934200,d,keydown
3934300,i,keydown
3934400,v,keydown
3934500,e,keydown
3934600,r,keydown
3934800,s,keydown
3935000,i,keydown
3935100, ,keydown
3935400,t,keydown
3935500,i,keydown
3935800,p,keydown
3936100,i,keydown
3936100, ,keydown
3937000,d,keydown
3937200,i,keydown
3937300, ,keydown
3938200,p,keydown
3938400,e,keydown
3938500,r,keydown
3938700,s,keydown
3938900,o,keydown
3939000,n,keydown
3939100,e,keydown
3940400, ,keydown
3940600,.,keydown
3940800,.,keydown
3941000,.,keydown
3941200, ,keydown
3941600,q,keydown
3941800,u,keydown
3941900,a,keydown
3942100,l,keydown
3942200,i,keydown
3942300, ,keydown
3942600,t,keydown
3942700,i,keydown
3942900,p,keydown
3943000,i,keydown
3943300,#,keydown
3943400,#,keydown
3943700, ,keydown
3943800,#,keydown
3943800,b,keydown
3944000,e,keydown
3944100,h,keydown
3945500,",",keydown
3945600, ,keydown
3945900,u,keydown
3946400,Backspace,keydown
3946700,d,keydown
3946800,i,keydown
3946900, ,keydown
3947000,t,keydown
3947200,u,keydown
3947200,t,keydown
3947400,t,keydown
3947500,o,keydown
3947600, ,keydown
3947800,u,keydown
3947900,n,keydown
3948000, ,keydown
3948200,p,keydown
3948200,o,keydown
3948700,#,keydown
3949900,.,keydown
3950100, ,keydown
3951400,#,keydown
3951600,g,keydown
3951700,e,keydown
3951900,n,keydown
3951900,t,keydown
3952000,e,keydown
3952100,Enter,keydown
3952400,p,keydown
3952500,r,keydown
3952600,e,keydown
3952700,s,keydown
3952900,a,keydown
3953000, ,keydown
3953100,d,keydown
3953200,a,keydown
3953400,l,keydown
3953500,l,keydown
3953500,a,keydown
3953700, ,keydown
3953800,s,keydown
3954100,t,keydown
3954100,r,keydown
3954200,a,keydown
3954300,d,keydown
3954500,a,keydown
3954800,",",keydown
3955000, ,keydown
3955500,g,keydown
3955700,e,keydown
3955800,n,keydown
3956500,t,keydown
3956600,e,keydown
3957300, ,keydown
3958800,e,keydown
3958800,m,keydown
3958900,e,keydown
3959200,r,keydown
3959400,s,keydown
3959500,a,keydown
3959600, ,keydown
3959800,d,keydown
3959900,a,keydown
3960000,l,keydown
3960200,l,keydown
3960300,a,keydown
3960400, ,keydown
3960500,v,keydown
3960600,i,keydown
3960800,t,keydown
3960900,a,keydown
3961000, ,keydown
3961300,q,keydown
3961400,u,keydown
3961600,o,keydown
3961800,t,keydown
3962000,i,keydown
3962100,d,keydown
3962300,i,keydown
3962300,a,keydown
3962400,n,keydown
3962500,a,keydown
3962800,.,keydown
3963200, ,keydown
3970400,#,keydown
3971100,o,keydown
3971300,l,keydown
3971400,t,keydown
3971500,r,keydown
3971700,e,keydown
3971700, ,keydown
3971800,a,keydown
3972000,Enter,keydown
3972200,c,keydown
3972200,i,keydown
3972300,o,keydown
3972600,#,keydown
3972800, ,keydown
3973600,n,keydown
3973800,o,keydown
3974000,n,keydown
3974200, ,keydown
3974400,p,keydown
3974700,o,keydown
3974800,s,keydown
3974900,s,keydown
3975100,o,keydown
3975300,n,keydown
3975500,o,keydown
3975600, ,keydown
3975700,m,keydown
3975800,a,keydown
3976000,n,keydown
3976100,c,keydown
3976200,a,keydown
3976400,r,keydown
3976500,e,keydown
3976500, ,keydown
3976800,g,keydown
3976800,l,keydown
3977000,i,keydown
3977100, ,keydown
3977600,o,keydown
3977700,s,keydown
3977800,p,keydown
3978100,i,keydown
3978200,t,keydown
3978300,i,keydown
3980400, ,keydown
3980700,p,keydown
3980800,e,keydown
3980800,r,keydown
3981000,o,keydown
3981200,#,keydown
3981400, ,keydown
3981800,p,keydown
3981900,e,keydown
3981900,r,keydown
3982000, ,keydown
3982300,n,keydown
3982500,o,keydown
3982700,n,keydown
3982800, ,keydown
3983600,c,keydown
3983700,o,keydown
3983900,m,keydown
3984100,p,keydown
3984300,i,keydown
3984400,e,keydown
3984600,r,keydown
3984600,e,keydown
3984700, ,keydown
3984900,u,keydown
3985100,n,keydown
3985200,a,keydown
3985400, ,keydown
3986200,Enter,keydown
3986400,s,keydown
3986500,c,keydown
3986600,e,keydown
3986600,l,keydown
3986800,t,keydown
3986900,a,keydown
3987000, ,keydown
3987200,b,keydown
3987300,a,keydown
3987400,n,keydown
3987500,a,keydown
3987700,l,keydown
3987800,e,keydown
3988000,",",keydown
3988100, ,keydown
3988400,g,keydown
3988500,l,keydown
3988700,i,keydown
3988800, ,keydown
3989000,o,keydown
3989100,s,keydown
3989200,p,keydown
3989400,i,keydown
3989500,t,keydown
3989600,i,keydown
3989700, ,keydown
3990900,d,keydown
3991100,o,keydown
3991200,v,keydown
3991300,r,keydown
3991600,a,keydown
3992000,n,keydown
3992200,n,keydown
3992300,o,keydown
3992700, ,keydown
3993100,e,keydown
3993400,s,keydown
3993500,s,keydown
3993700,e,keydown
3993900,r,keydown
3994000,e,keydown
3994100, ,keydown
3996300,d,keydown
3996500,i,keydown
3996600,v,keydown
3996700,e,keydown
3996800,r,keydown
3997000,s,keydown
3997000,i,keydown
3997200, ,keydown
3997300,d,keydown
3997300,a,keydown
3997600, ,keydown
3997700,q,keydown
3997800,u,keydown
3997900,e,keydown
3998000,l,keydown
3998200,l,keydown
3998300,i,keydown
3998400, ,keydown
3998500,c,keydown
3998700,h,keydown
3998800,e,keydown
3999000, ,keydown
3999400,v,keydown
3999500,a,keydown
3999600,n,keydown
3999800,n,keydown
4000000,o,keydown
4000600,Enter,keydown
4000800,a,keydown
4001000, ,keydown
4001600,t,keydown
4001700,u,keydown
4001900,t,keydown
4002000,t,keydown
4002000,i,keydown
4002200, ,keydown
4002400,i,keydown
4002500, ,keydown
4002700,p,keydown
4002800,r,keydown
4003000,o,keydown
4003000,g,keydown
4003100,r,keydown
4003400,a,keydown
4003500,m,keydown
4003700,m,keydown
4003800,i,keydown
4004000, ,keydown
4004200,#,keydown
4004500,#,keydown
4004800,i,keydown
4004800, ,keydown
4005100,c,keydown
4005100,o,keydown
4005300,s,keydown
4005400,i,keydown
4005500,d,keydown
4005600,d,keydown
4005800,e,keydown
4006000,t,keydown
4006100,t,keydown
4006200,i,keydown
4006600,p,keydown
4006700,r,keydown
4006700,e,keydown
4006900,z,keydown
4007100,z,keydown
4007400,e,keydown
4007400,m,keydown
4007700,o,keydown
4007900,l,keydown
4008000,i,keydown
4008200,n,keydown
4008400,i,keydown
4008500,#,keydown
4008700,#,keydown
4010700,#,keydown
4011000,#,keydown
4011100,#,keydown
4011100,#,keydown
4011100,#,keydown
4011200,#,keydown
4011300,#,keydown
4011300,#,keydown
4011300,#,keydown
4011400,#,keydown
4011400,#,keydown
4011400,#,keydown
4011400,#,keydown
4011400,#,keydown
4011500,#,keydown
4012100,#,keydown
4012200,#,keydown
4012600, ,keydown
4012800,#,keydown
4013100,#,keydown
4013100,#,keydown
4013100,#,keydown
4013100,#,keydown
4013200,#,keydown
4013200,#,keydown
4013200,#,keydown
4013300,#,keydown
4013400,#,keydown
4013400,#,keydown
4013400,#,keydown
4013500,#,keydown
4013500,#,keydown
4013500,#,keydown
4013500,#,keydown
4013600,#,keydown
4013900,#,keydown
4015000,.,keydown
4015200, ,keydown
4015500,#,keydown
4015500,e,keydown
4015700,c,keydown
4015800,c,keydown
4016000,o,keydown
4016000, ,keydown
4016300,q,keydown
4016400,u,keydown
4016500,i,keydown
4016600,n,keydown
4016700,d,keydown
4016900,i,keydown
4017100, ,keydown
4017300,l,keydown
4017400,a,keydown
4017700,Enter,keydown
4018100,s,keydown
4018100,c,keydown
4018200,e,keydown
4018300,l,keydown
4018500,t,keydown
4018600,a,keydown
4019200,#,keydown
4019500,#,keydown
4019600, ,keydown
4020300,g,keydown
4020400,l,keydown
4020600,i,keydown
4020700, ,keydown
4021000,o,keydown
4021000,s,keydown
4021100,p,keydown
4021400,i,keydown
4021400,t,keydown
4021600,i,keydown
4021800, ,keydown
4021900,c,keydown
4022100,h,keydown
4022100,e,keydown
4022200, ,keydown
4022700,p,keydown
4022800,a,keydown
4023600,r,keydown
4023900,t,keydown
4023900,e,keydown
4024200,c,keydown
4024300,i,keydown
4024500,p,keydown
4024600,e,keydown
4024700,r,keydown
4024900,a,keydown
4025000,n,keydown
4025200,n,keydown
4025300,o,keydown
4025500, ,keydown
4025700,a,keydown
4025800,l,keydown
4026000,l,keydown
4026400,a,keydown
4026700, ,keydown
4027200,n,keydown
4027400,u,keydown
4027600,o,keydown
4028000,v,keydown
4028200,a,keydown
4028300, ,keydown
4028900,t,keydown
4029000,r,keydown
4029200,a,keydown
4029300,s,keydown
4029500,m,keydown
4029700,i,keydown
4029800,s,keydown
4030000,s,keydown
4030100,i,keydown
4030100,o,keydown
4030400,n,keydown
4030500,e,keydown
4031000, ,keydown
4031700,.,keydown
4031800,.,keydown
4032000,.,keydown
