timestamp,key,type
5613800,Backspace,keydown
5613800,Backspace,keydown
5613800,Backspace,keydown
5613800,Backspace,keydown
5613800,Backspace,keydown
5613800,Backspace,keydown
5613800,Backspace,keydown
5613800,Backspace,keydown
5613800,m,keydown
5613900,a,keydown
5614000,m,keydown
5614100,m,keydown
5614300,a,keydown
5614300, ,keydown
5614400,m,keydown
5614600,i,keydown
5614800,a,keydown
5614900,",",keydown
5615100, ,keydown
5615300,l,keydown
5615400,a,keydown
5615400, ,keydown
5615700,q,keydown
5615800,u,keydown
5615900,e,keydown
5616100,s,keydown
5616200,t,keydown
5616400,o,keydown
5616400,i,keydown
5617700,Backspace,keydown
5617800,Backspace,keydown
5618200,i,keydown
5618300,o,keydown
5618500,n,keydown
5618500,e,keydown
5618700, ,keydown
5618900,e,keydown
5619000,d,keydown
5619300,e,keydown
5619400,l,keydown
5619500,l,keydown
5619700,e,keydown
5619800, ,keydown
5619900,v,keydown
5620000,o,keydown
5620100,t,keydown
5620100,a,keydown
5620400,z,keydown
5620400,i,keydown
5620500,o,keydown
5620800,n,keydown
5620900,i,keydown
5621100, ,keydown
5621200,e,keydown
5621300,l,keydown
5621400,e,keydown
5621600,t,keydown
5621700,t,keydown
5621900,r,keydown
5622000,o,keydown
5622300,n,keydown
5622400,i,keydown
5622600,c,keydown
5622600,h,keydown
5622700,e,keydown
5622900, ,keydown
5623200,e,keydown
5623300,#,keydown
5623500, ,keydown
5624900,u,keydown
5625100,n,keydown
5625300,o,keydown
5625400, ,keydown
5625500,s,keydown
5625600,p,keydown
5625700,a,keydown
5625900,s,keydown
5626100,s,keydown
5626100,o,keydown
5626400,.,keydown
5626800,Enter,keydown
5628000,#,keydown
5628200,a,keydown
5628300,d,keydown
5628500,e,keydown
5628700,s,keydown
5628800,s,keydown
5628800,o,keydown
5629000, ,keydown
5629200,s,keydown
5629200,i,keydown
5629400,a,keydown
5629400,m,keydown
5629600,o,keydown
5629700, ,keydown
5629800,i,keydown
5630000,n,keydown
5630200, ,keydown
5630200,f,keydown
5630300,a,keydown
5630500,s,keydown
5630600,e,keydown
5630700, ,keydown
5630800,c,keydown
5630900,o,keydown
5631100,s,keydown
5631400,t,keydown
5631400,i,keydown
5631600,t,keydown
5631600,u,keydown
5631900,e,keydown
5632000,n,keydown
5632100,t,keydown
5632100,e,keydown
5634000,#,keydown
5634100,#,keydown
5634200, ,keydown
5634400,s,keydown
5634600,t,keydown
5634700,i,keydown
5634800,a,keydown
5634900,m,keydown
5635100,o,keydown
5635200, ,keydown
5635300,d,keydown
5635400,e,keydown
5635600,f,keydown
5635700,i,keydown
5635800,n,keydown
5635900,e,keydown
5636100,n,keydown
5636200,d,keydown
5636300,o,keydown
5636500, ,keydown
5636800,i,keydown
5637000,l,keydown
5637100, ,keydown
5637100,r,keydown
5637200,e,keydown
5637400,g,keydown
5637500,o,keydown
5637700,l,keydown
5637700,a,keydown
5637900,m,keydown
5638000,e,keydown
5638100,n,keydown
5638200,t,keydown
5638300,o,keydown
5639200,Enter,keydown
5639400,d,keydown
5639600,e,keydown
5641300,l,keydown
5641400,l,keydown
5641800,e,keydown
5642000, ,keydown
5642100,v,keydown
5642100,o,keydown
5642300,t,keydown
5642400,a,keydown
5642600,z,keydown
5642700,i,keydown
5642800,o,keydown
5642900,n,keydown
5643100,i,keydown
5643200, ,keydown
5643500,e,keydown
5643600,l,keydown
5643800,e,keydown
5643900,t,keydown
5644100,t,keydown
5644300,r,keydown
5644400,o,keydown
5644600,n,keydown
5644700,i,keydown
5644900,c,keydown
5645000,h,keydown
5645100,e,keydown
5645200, ,keydown
5645500,#,keydown
5645700,#,keydown
5646000, ,keydown
5646200,i,keydown
5646400,l,keydown
5646500, ,keydown
5646700,r,keydown
5646800,e,keydown
5646900,g,keydown
5646900,o,keydown
5647200,l,keydown
5647300,a,keydown
5647400,m,keydown
5647500,e,keydown
5647600,n,keydown
5647700,t,keydown
5647800,o,keydown
5647900, ,keydown
5648100,a,keydown
5648200,t,keydown
5648400,t,keydown
5648400,u,keydown
5648500,a,keydown
5648700,t,keydown
5648700,i,keydown
5648900,v,keydown
5649000,o,keydown
5649300,.,keydown
5649600, ,keydown
5649900,#,keydown
5650100,e,keydown
5650300,#,keydown
5650500, ,keydown
5650500,d,keydown
5650700,i,keydown
5650700,v,keydown
5650900,e,keydown
5651000,r,keydown
5651100,t,keydown
5651200,e,keydown
5651300,n,keydown
5651400,t,keydown
5651500,e,keydown
5651700,Enter,keydown
5652000,p,keydown
5652000,e,keydown
5652100,r,keydown
5654300,c,keydown
5654400,h,keydown
5654500,e,keydown
5655000,#,keydown
5655500, ,keydown
5656000,i,keydown
5656200,l,keydown
5656400, ,keydown
5656500,n,keydown
5656500,u,keydown
5656800,m,keydown
5656900,e,keydown
5657000,r,keydown
5657000,o,keydown
5657100, ,keydown
5657200,d,keydown
5657300,e,keydown
5657500,l,keydown
5657600,l,keydown
5657800,e,keydown
5657900, ,keydown
5658600,p,keydown
5658700,e,keydown
5658800,r,keydown
5659000,s,keydown
5659100,o,keydown
5659300,n,keydown
5659400,e,keydown
5659400, ,keydown
5659600,c,keydown
5659700,h,keydown
5659900,e,keydown
5660000, ,keydown
5661000,s,keydown
5661100,o,keydown
5661200,n,keydown
5661400,o,keydown
5661500, ,keydown
5661800,o,keydown
5662000,i,keydown
5662200,n,keydown
5662300,v,keydown
5662500,o,keydown
5662600,l,keydown
5662700,t,keydown
5662800,e,keydown
5662900, ,keydown
5663300,n,keydown
5663400,e,keydown
5663600,l,keydown
5663700,l,keydown
5663800,a,keydown
5664300, ,keydown
5664600,d,keydown
5664700,e,keydown
5664900,f,keydown
5664900,i,keydown
5665100,n,keydown
5665200,i,keydown
5665400,z,keydown
5665500,i,keydown
5665500,o,keydown
5665700,n,keydown
5665900,e,keydown
5666100,Enter,keydown
5666100,d,keydown
5666200,e,keydown
5666300,l,keydown
5666500, ,keydown
5666800,m,keydown
5667000,e,keydown
5667200,d,keydown
5667400,e,keydown
5667600,s,keydown
5667600,i,keydown
5667800,m,keydown
5668000,o,keydown
5668200, ,keydown
5668800,s,keydown
5669000,t,keydown
5669300,a,keydown
5669400, ,keydown
5669600,c,keydown
5669800,r,keydown
5669900,e,keydown
5670400,s,keydown
5670400,c,keydown
5670700,e,keydown
5670800,n,keydown
5670900,d,keydown
5671000,o,keydown
5671200, ,keydown
5671500,v,keydown
5671700,i,keydown
5671700,e,keydown
5671900,p,keydown
5672100,p,keydown
5672300,i,keydown
5672400,u,keydown
5672600,#,keydown
5674600,.,keydown
5674800, ,keydown
5675400,#,keydown
5675600,p,keydown
5675800,r,keydown
5675900,i,keydown
5676100,m,keydown
5676200,a,keydown
5677300,Backspace,keydown
5677500,Backspace,keydown
5677700,Backspace,keydown
5677900,Backspace,keydown
5678000,Backspace,keydown
5678500,#,keydown
5678700,h,keydown
5678800,o,keydown
5678900, ,keydown
5679100,c,keydown
5679100,o,keydown
5679400,m,keydown
5679500,i,keydown
5679700,n,keydown
5679800,c,keydown
5679900,i,keydown
5680100,a,keydown
5680200,t,keydown
5680200,o,keydown
5680500, ,keydown
5680600,i,keydown
5680600,o,keydown
5686000,",",keydown
5686200, ,keydown
5688000,c,keydown
5688100,o,keydown
5688200,m,keydown
5688300,e,keydown
5689300, ,keydown
5689500,r,keydown
5689600,a,keydown
5689800,p,keydown
5689900,p,keydown
5690000,r,keydown
5690100,e,keydown
5690200,-,keydown
5690400,Enter,keydown
5690500,s,keydown
5690700,e,keydown
5690800,n,keydown
5690900,t,keydown
5690900,a,keydown
5691100,n,keydown
5691300,t,keydown
5691400,e,keydown
5691700, ,keydown
5691700,d,keydown
5691900,e,keydown
5691900,l,keydown
5692100,l,keydown
5692200,a,keydown
5692300, ,keydown
5692400,p,keydown
5692500,r,keydown
5692600,e,keydown
5692700,p,keydown
5692900,o,keydown
5692900,s,keydown
5693100,t,keydown
5693200,a,keydown
5693400, ,keydown
5693500,c,keydown
5693500,o,keydown
5693700,m,keydown
5693800,m,keydown
5694000,i,keydown
5694200,s,keydown
5694400,s,keydown
5694400,i,keydown
5694500,o,keydown
5694600,n,keydown
5694800,e,keydown
5695600,.,keydown
5695800, ,keydown
5696000,#,keydown
5696100,s,keydown
5696300,i,keydown
5696400, ,keydown
5696700,e,keydown
5696900,#,keydown
5697100, ,keydown
5697200,a,keydown
5697400,g,keydown
5697500,g,keydown
5697700,i,keydown
5697900,u,keydown
5698000,n,keydown
5698000,t,keydown
5698200,o,keydown
5698400, ,keydown
5698500,#,keydown
5698500,s,keydown
5698700,e,keydown
5698900,r,keydown
5699100,g,keydown
5699200,i,keydown
5699300,o,keydown
5699300,i,keydown
5700000,Backspace,keydown
5701900, ,keydown
5702000,e,keydown
5702100, ,keydown
5702300,d,keydown
5702400,i,keydown
5702600, ,keydown
5703100,Backspace,keydown
5703200,Backspace,keydown
5703400,Backspace,keydown
5703600,a,keydown
5703800, ,keydown
5704200,r,keydown
5704300,u,keydown
5704500,o,keydown
5704700,t,keydown
5704800,a,keydown
5705000,Enter,keydown
5705900,#,keydown
5706000,g,keydown
5706100,e,keydown
5706300,r,keydown
5706300,m,keydown
5706500,a,keydown
5706500,n,keydown
5706600,a,keydown
5706800, ,keydown
5706900,e,keydown
5707000, ,keydown
5707200,#,keydown
5707200,f,keydown
5707500,r,keydown
5707600,n,keydown
5707600,a,keydown
5707700,c,keydown
5707900,o,keydown
5708200,.,keydown
5708400, ,keydown
5709200,#,keydown
5709400,i,keydown
5709600,e,keydown
5709600,r,keydown
5709700,i,keydown
5709800, ,keydown
5710000,a,keydown
5710200,n,keydown
5710300,c,keydown
5710400,h,keydown
5710500,e,keydown
5710600, ,keydown
5710800,#,keydown
5710800,d,keydown
5711100,a,keydown
5711100,n,keydown
5711300,i,keydown
5711400,e,keydown
5711500,l,keydown
5711700,a,keydown
5711800, ,keydown
5712500,e,keydown
5712700,#,keydown
5712900, ,keydown
5713100,i,keydown
5713300,n,keydown
5713400,t,keydown
5713400,e,keydown
5713600,r,keydown
5713800,v,keydown
5713900,e,keydown
5714000,n,keydown
5714200,u,keydown
5714300,t,keydown
5714400,a,keydown
5714600, ,keydown
5715800,c,keydown
5716000,o,keydown
5716200,n,keydown
5716200, ,keydown
5716400,a,keydown
5716500,l,keydown
5716600,c,keydown
5716800,u,keydown
5716900,n,keydown
5717100,e,keydown
5717600, ,keydown
5717800,i,keydown
5717900,n,keydown
5718100,t,keydown
5718300,e,keydown
5718500,-,keydown
5718700,Enter,keydown
5718900,r,keydown
5718900,e,keydown
5719100,s,keydown
5719300,s,keydown
5719400,a,keydown
5719600,n,keydown
5719700,t,keydown
5719800,i,keydown
5719900, ,keydown
5720100,o,keydown
5720800,s,keydown
5720900,s,keydown
5721500,e,keydown
5721600,r,keydown
5721800,v,keydown
5721900,a,keydown
5722100,z,keydown
5722100,i,keydown
5722300,o,keydown
5722400,n,keydown
5722600,i,keydown
5723300,.,keydown
5723600, ,keydown
5728900,#,keydown
5729100,n,keydown
5729200,a,keydown
5729400,t,keydown
5729600,u,keydown
5729700,r,keydown
5729800,a,keydown
5729900,l,keydown
5730100,m,keydown
5730200,e,keydown
5730400,n,keydown
5730400,t,keydown
5730600,e,keydown
5732700,Backspace,keydown
5733000,Backspace,keydown
5733000,Backspace,keydown
5733000,Backspace,keydown
5733100,Backspace,keydown
5733100,Backspace,keydown
5733100,Backspace,keydown
5733100,Backspace,keydown
5733200,Backspace,keydown
5733300,Backspace,keydown
5733300,Backspace,keydown
5733300,Backspace,keydown
5733400,Backspace,keydown
5734000, ,keydown
5734100,#,keydown
5734300,a,keydown
5734500,l,keydown
5734800,c,keydown
5735400,Backspace,keydown
5736100,t,keydown
5736200,r,keydown
5736300,i,keydown
5736500, ,keydown
5736700,p,keydown
5736700,e,keydown
5736900,r,keydown
5737000,s,keydown
5737200,o,keydown
5737400,n,keydown
5737500,a,keydown
5737700,g,keydown
5737900,g,keydown
5738000,i,keydown
5738100, ,keydown
5738300,c,keydown
5738300,o,keydown
5738600,i,keydown
5738800,n,keydown
5738900,v,keydown
5739100,o,keydown
5739300,l,keydown
5739300,t,keydown
5739500,i,keydown
5739600, ,keydown
5739900,f,keydown
5739900,i,keydown
5740200,n,keydown
5740300, ,keydown
5740600,d,keydown
5740900,l,keydown
5741400,Backspace,keydown
5741500,a,keydown
5741600,l,keydown
5741800,l,keydown
5742400,#,keydown
5742500,i,keydown
5742800,n,keydown
5743000,i,keydown
5743200,z,keydown
5743200,i,keydown
5743300,o,keydown
5744200,Enter,keydown
5744800,n,keydown
5744900,o,keydown
5745100,n,keydown
5745200, ,keydown
5745400,h,keydown
5745500,a,keydown
5745600,n,keydown
5745700,n,keydown
5745900,o,keydown
5746000, ,keydown
5746200,m,keydown
5746300,a,keydown
5746400,i,keydown
5746500, ,keydown
5746900,m,keydown
5747100,o,keydown
5747200,s,keydown
5747300,s,keydown
5747400,o,keydown
5747500, ,keydown
5747700,c,keydown
5747800,o,keydown
5747900,m,keydown
5748000,m,keydown
5748200,e,keydown
5748300,n,keydown
5748400,t,keydown
5748500,i,keydown
5749000,.,keydown
5749300, ,keydown
5750700,Backspace,keydown
5750900,Backspace,keydown
5751800,",",keydown
5751900, ,keydown
5752100,m,keydown
5752200,a,keydown
5752300, ,keydown
5752500,n,keydown
5752700,o,keydown
5752800,n,keydown
5752900, ,keydown
5753000,f,keydown
5753100,a,keydown
5753200,r,keydown
5753300,o,keydown
5753500,#,keydown
5753600, ,keydown
5753800,i,keydown
5754000,l,keydown
5754100, ,keydown
5754200,l,keydown
5754300,o,keydown
5754500,r,keydown
5754600,o,keydown
5754700, ,keydown
5754800,n,keydown
5755000,o,keydown
5755100,m,keydown
5755300,e,keydown
5755400,.,keydown
5755500, ,keydown
5757600,#,keydown
5757800,a,keydown
5757900,l,keydown
5758000,t,keydown
5758200,o,keydown
5758200,r,keydown
5759200,Backspace,keydown
5759300,Backspace,keydown
5759600,Backspace,keydown
5759700,Backspace,keydown
5759800,Backspace,keydown
5760100,#,keydown
5760400,a,keydown
5760400,l,keydown
5760600,t,keydown
5760700,r,keydown
5760800,o,keydown
5761000,#,keydown
5761100,#,keydown
5761400, ,keydown
5763300,o,keydown
5763500,r,keydown
5763600,a,keydown
5763700,Enter,keydown
5764200,i,keydown
5764300,n,keydown
5764500,v,keydown
5764600,e,keydown
5764800,x,keydown
5765600,Backspace,keydown
5765800,c,keydown
5765900,e,keydown
5766200, ,keydown
5766500,d,keydown
5766500,i,keydown
5766600, ,keydown
5766700,c,keydown
5766900,h,keydown
5767000,i,keydown
5767200,a,keydown
5767200,m,keydown
5767400,a,keydown
5767700,r,keydown
5767900,l,keydown
5768000,o,keydown
5768200, ,keydown
5768400,#,keydown
5768700,#,keydown
5769000,r,keydown
5769000,e,keydown
5769200,g,keydown
5769400,o,keydown
5769500,l,keydown
5769600,a,keydown
5769700,m,keydown
5769900,e,keydown
5769900,n,keydown
5770000,t,keydown
5770100,o,keydown
5770300,#,keydown
5770700,#,keydown
5771400, ,keydown
5771700,l,keydown
5771900,o,keydown
5772000, ,keydown
5772100,c,keydown
5772200,h,keydown
5772400,i,keydown
5772500,a,keydown
5772600,m,keydown
5772700,i,keydown
5772900,a,keydown
5773100,n,keydown
5773400,Backspace,keydown
5773700,m,keydown
5773900,o,keydown
5774000, ,keydown
5774500,#,keydown
5774800,#,keydown
5775000,l,keydown
5775100,i,keydown
5775300,n,keydown
5775500,e,keydown
5775700,e,keydown
5775900, ,keydown
5776300,g,keydown
5776300,u,keydown
5776500,i,keydown
5776600,d,keydown
5776800,a,keydown
5777000, ,keydown
5777200,p,keydown
5777300,e,keydown
5777400,r,keydown
5777500, ,keydown
5777600,i,keydown
5777900,l,keydown
5778200,Enter,keydown
5778900,r,keydown
5778900,e,keydown
5779100,g,keydown
5779200,o,keydown
5779400,l,keydown
5779500,a,keydown
5780300,m,keydown
5780500,e,keydown
5780600,n,keydown
5780800,t,keydown
5781000,o,keydown
5781500,#,keydown
5781800,#,keydown
5782200,",",keydown
5782300, ,keydown
5782800,c,keydown
5783000,h,keydown
5783100,e,keydown
5783200, ,keydown
5783400,s,keydown
5783700,u,keydown
5783800,o,keydown
5784000,n,keydown
5784100,a,keydown
5784200, ,keydown
5784400,m,keydown
5784500,o,keydown
5784700,l,keydown
5784900,t,keydown
5785000,o,keydown
5785100, ,keydown
5785300,p,keydown
5785800,i,keydown
5786000,u,keydown
5786300,#,keydown
5786500, ,keydown
5788000,a,keydown
5788100,p,keydown
5788200,e,keydown
5788200,r,keydown
5788400,t,keydown
5788600,o,keydown
5788600, ,keydown
5788800,a,keydown
5788900,l,keydown
5789100,l,keydown
5789200,a,keydown
5789200, ,keydown
5789400,d,keydown
5789600,i,keydown
5789700,s,keydown
5789800,c,keydown
5790000,u,keydown
5790300,s,keydown
5790500,s,keydown
5790500,i,keydown
5790600,o,keydown
5790800,n,keydown
5790900,e,keydown
5793500,.,keydown
5793800, ,keydown
5794600,#,keydown
5794800,i,keydown
5795100,n,keydown
5795200, ,keydown
5795300,f,keydown
5795400,o,keydown
5795600,n,keydown
5795600,d,keydown
5795800,o,keydown
5796400,Enter,keydown
5796700,e,keydown
5797100,#,keydown
5797300, ,keydown
5797900,d,keydown
5798100,i,keydown
5798200,v,keydown
5798300,e,keydown
5798400,r,keydown
5798600,t,keydown
5798800,e,keydown
5798900,n,keydown
5799100,t,keydown
5799100,e,keydown
5800700,#,keydown
5800900, ,keydown
5801100,f,keydown
5801200,o,keydown
5801400,r,keydown
5801500,s,keydown
5801700,e,keydown
5801800, ,keydown
5801900,l,keydown
5802100,o,keydown
5802200, ,keydown
5802300,s,keydown
5802500,a,keydown
5802600,r,keydown
5802800,a,keydown
5803100,#,keydown
5803200, ,keydown
5803800,m,keydown
5803900,e,keydown
5804000,n,keydown
5804200,o,keydown
5804400, ,keydown
5804500,i,keydown
5804700,l,keydown
5804700, ,keydown
5804900,g,keydown
5805000,i,keydown
5805100,o,keydown
5805200,r,keydown
5805200,n,keydown
5805400,o,keydown
5805500, ,keydown
5805700,d,keydown
5805800,e,keydown
5805900,l,keydown
5806000, ,keydown
5806500,c,keydown
5806500,o,keydown
5806800,n,keydown
5806900,s,keydown
5807000,i,keydown
5807200,g,keydown
5807300,l,keydown
5807500,i,keydown
5807600,o,keydown
5807800,.,keydown
5808100, ,keydown
5808300,#,keydown
5808600,v,keydown
5808800,e,keydown
5809000,d,keydown
5809100,r,keydown
5809200,e,keydown
5809300,m,keydown
5809500,o,keydown
5809600,.,keydown
