timestamp,key,type
47072100,Backspace,keydown
47072100,Backspace,keydown
47072100,Backspace,keydown
47072100,Backspace,keydown
47072100,Backspace,keydown
47072100,Backspace,keydown
47072100,Backspace,keydown
47072100,Backspace,keydown
47072100,#,keydown
47072300,o,keydown
47072600,g,keydown
47072800,g,keydown
47072800,i,keydown
47072900, ,keydown
47073100,h,keydown
47073300,o,keydown
47073500, ,keydown
47073900,m,keydown
47074100,o,keydown
47074600,l,keydown
47074900,t,keydown
47075000,o,keydown
47075000, ,keydown
47075200,d,keydown
47075400,a,keydown
47075400, ,keydown
47075700,r,keydown
47075700,a,keydown
47076000,c,keydown
47076200,o,keydown
47076200,c,keydown
47076500,n,keydown
47076700,t,keydown
47076700,a,keydown
47076900,r,keydown
47077200,t,keydown
47077300,i,keydown
47078800,",",keydown
47079000, ,keydown
47079300,t,keydown
47079300,i,keydown
47079400, ,keydown
47079700,d,keydown
47079800,e,keydown
47079900,v,keydown
47080100,o,keydown
47080200, ,keydown
47080700,d,keydown
47080800,i,keydown
47080900,r,keydown
47081000,e,keydown
47081100, ,keydown
47081200,c,keydown
47081400,h,keydown
47081500,e,keydown
47081500, ,keydown
47081800,c,keydown
47081900,o,keydown
47082000,s,keydown
47082200,a,keydown
47082200, ,keydown
47082400,h,keydown
47082500,o,keydown
47082600, ,keydown
47082900,f,keydown
47083000,a,keydown
47083200,t,keydown
47083300,t,keydown
47083500,o,keydown
47083500, ,keydown
47083800,i,keydown
47084000,e,keydown
47084100,r,keydown
47084200,i,keydown
47084800,Enter,keydown
47085300,s,keydown
47085400,e,keydown
47085700,r,keydown
47085700,a,keydown
47087100,#,keydown
47087300, ,keydown
47087600,i,keydown
47087700,m,keydown
47088100,Backspace,keydown
47088300,n,keydown
47088500,n,keydown
47088700,a,keydown
47089100,n,keydown
47089700,z,keydown
47089800,i,keydown
47090100,t,keydown
47090300,u,keydown
47090400,t,keydown
47090500,t,keydown
47090800,o,keydown
47091300, ,keydown
47091600,l,keydown
47091700,a,keydown
47091900, ,keydown
47092100,c,keydown
47092100,o,keydown
47092200,m,keydown
47092300,p,keydown
47092600,a,keydown
47092800,g,keydown
47092900,n,keydown
47093000,i,keydown
47093200,a,keydown
47093300, ,keydown
47093500,e,keydown
47093700,r,keydown
47093800,a,keydown
47093900, ,keydown
47094100,o,keydown
47094800,t,keydown
47094900,t,keydown
47094900,i,keydown
47095100,m,keydown
47095200,a,keydown
47095700,",",keydown
47095800, ,keydown
47096400,e,keydown
47096700,c,keydown
47096900,c,keydown
47096900,e,keydown
47097700,z,keydown
47097800,i,keydown
47097900,o,keydown
47098100,n,keydown
47098400, ,keydown
47098500,f,keydown
47098500,a,keydown
47098800,t,keydown
47099000,t,keydown
47099300,a,keydown
47100100, ,keydown
47100900,p,keydown
47101100,e,keydown
47101100,r,keydown
47102100,Enter,keydown
47102800,q,keydown
47103000,u,keydown
47103200,a,keydown
47105000,l,keydown
47105300,c,keydown
47105500,u,keydown
47105600,n,keydown
47105700,o,keydown
47107400, ,keydown
47107700,c,keydown
47107800,h,keydown
47107900,e,keydown
47107900, ,keydown
47108100,m,keydown
47108200,i,keydown
47108200, ,keydown
47108500,o,keydown
47109200,b,keydown
47109200,b,keydown
47109300,l,keydown
47109400,i,keydown
47109600,g,keydown
47109600,f,keydown
47109800,a,keydown
47109800, ,keydown
47111100,a,keydown
47111300, ,keydown
47111900,f,keydown
47112000,a,keydown
47112300,r,keydown
47112400,e,keydown
47112400, ,keydown
47112500,d,keydown
47112600,e,keydown
47112700,g,keydown
47112800,l,keydown
47112900,i,keydown
47113000, ,keydown
47113100,e,keydown
47113300,s,keydown
47113400,p,keydown
47113500,e,keydown
47113900,r,keydown
47114100,i,keydown
47114200,m,keydown
47114300,e,keydown
47114500,n,keydown
47114600,t,keydown
47114700,i,keydown
47115500, ,keydown
47116900,s,keydown
47116900,u,keydown
47117300,l,keydown
47117400, ,keydown
47117500,m,keydown
47117700,i,keydown
47117800,o,keydown
47118300, ,keydown
47118900,k,keydown
47119000,e,keydown
47119200,y,keydown
47119500,s,keydown
47119700,t,keydown
47119900,r,keydown
47120000,o,keydown
47120200,k,keydown
47120500,e,keydown
47121300,",",keydown
47122100,#,keydown
47122200,Enter,keydown
47123000,Enter,keydown
47123800,m,keydown
47123900,a,keydown
47124200,h,keydown
47124600,#,keydown
47124900,#,keydown
47125000,#,keydown
47125300,#,keydown
47126300, ,keydown
47126500,#,keydown
47126800,l,keydown
47127000,a,keydown
47127100, ,keydown
47127300,c,keydown
47127500,u,keydown
47127800,c,keydown
47127900,i,keydown
47128100,n,keydown
47128300,a,keydown
47128300, ,keydown
47129300,d,keydown
47129400,i,keydown
47129600, ,keydown
47129700,#,keydown
47129800,g,keydown
47130300,i,keydown
47130500,a,keydown
47130600,n,keydown
47130800,c,keydown
47130800,a,keydown
47131000,r,keydown
47131200,l,keydown
47131300,o,keydown
47131400, ,keydown
47132100,e,keydown
47132400,#,keydown
47132500, ,keydown
47132800,o,keydown
47133100,t,keydown
47133300,t,keydown
47133400,i,keydown
47133500,m,keydown
47133800,a,keydown
47134200,",",keydown
47134400, ,keydown
47134700,o,keydown
47134900,g,keydown
47135100,g,keydown
47135200,i,keydown
47135200, ,keydown
47135500,h,keydown
47135700,o,keydown
47136200, ,keydown
47136800,p,keydown
47136800,r,keydown
47137000,o,keydown
47137200,v,keydown
47137300,a,keydown
47137600,t,keydown
47137600,o,keydown
47137700, ,keydown
47137800,a,keydown
47138000, ,keydown
47138100,c,keydown
47138300,h,keydown
47138300,i,keydown
47138400,e,keydown
47138600,d,keydown
47138700,e,keydown
47138800,r,keydown
47139100,g,keydown
47139100,l,keydown
47139200,i,keydown
47139800,Enter,keydown
47140400,s,keydown
47140400,e,keydown
47140500, ,keydown
47140800,a,keydown
47140900,n,keydown
47141000,d,keydown
47141000,a,keydown
47141400,v,keydown
47141400,a,keydown
47141500, ,keydown
47141700,a,keydown
47141900, ,keydown
47142000,c,keydown
47142200,a,keydown
47142300,s,keydown
47142500,a,keydown
47142500, ,keydown
47142800,a,keydown
47143100, ,keydown
47143400,p,keydown
47143400,r,keydown
47143500,e,keydown
47144200,p,keydown
47144400,a,keydown
47144600,r,keydown
47144700,a,keydown
47145100,r,keydown
47145100,e,keydown
47145200, ,keydown
47145500,p,keydown
47145700,r,keydown
47145700,a,keydown
47146000,n,keydown
47146200,z,keydown
47146300,o,keydown
47148000,",",keydown
47148000, ,keydown
47148300,m,keydown
47148400,a,keydown
47148500, ,keydown
47148800,n,keydown
47149000,o,keydown
47149100,n,keydown
47149200, ,keydown
47149600,s,keydown
47149800,o,keydown
47149900,n,keydown
47150100,o,keydown
47150100, ,keydown
47150300,s,keydown
47150400,t,keydown
47150600,a,keydown
47150800,t,keydown
47151100,o,keydown
47151100, ,keydown
47152000,a,keydown
47152000,b,keydown
47152200,b,keydown
47152300,a,keydown
47152500,s,keydown
47152700,t,keydown
47152800,a,keydown
47152900,n,keydown
47153100,z,keydown
47153200,a,keydown
47153500,Enter,keydown
47154200,c,keydown
47154200,o,keydown
47154400,n,keydown
47154800,v,keydown
47154900,i,keydown
47155000,n,keydown
47155200,c,keydown
47155300,e,keydown
47155400,n,keydown
47155600,t,keydown
47155600,e,keydown
47156700,",",keydown
47156700, ,keydown
47157000,s,keydown
47157200,e,keydown
47157400,c,keydown
47157400,o,keydown
47157500,n,keydown
47157700,d,keydown
47157800,o,keydown
47157800, ,keydown
47158000,m,keydown
47158200,e,keydown
47158200, ,keydown
47158900,o,keydown
47159000,c,keydown
47159100,c,keydown
47159300,o,keydown
47159500,r,keydown
47159600,r,keydown
47159800,e,keydown
47159900,r,keydown
47160100,e,keydown
47160300,b,keydown
47160400,b,keydown
47160600,e,keydown
47160700,r,keydown
47160800,o,keydown
47160900, ,keydown
47161100,p,keydown
47161300,i,keydown
47161500,u,keydown
47162200,#,keydown
47162200, ,keydown
47162600,p,keydown
47162700,r,keydown
47162700,e,keydown
47163000,s,keydown
47163000,s,keydown
47163200,i,keydown
47163300,o,keydown
47163400,n,keydown
47163500,i,keydown
47164300,#,keydown
47164600,#,keydown
47164800,#,keydown
47165300,#,keydown
47166700, ,keydown
47166900,#,keydown
47167100,s,keydown
47167300,c,keydown
47167400,h,keydown
47167500,e,keydown
47167900,r,keydown
47168500,z,keydown
47168600,i,keydown
47169000,Enter,keydown
47169200,a,keydown
47169300, ,keydown
47170000,p,keydown
47170100,a,keydown
47170300,r,keydown
47170600,t,keydown
47170800,e,keydown
47171000,",",keydown
47171100, ,keydown
47171200,e,keydown
47171500,#,keydown
47171500, ,keydown
47171700,s,keydown
47171900,t,keydown
47171900,a,keydown
47172200,t,keydown
47172300,a,keydown
47172400, ,keydown
47172500,u,keydown
47172500,n,keydown
47172900,a,keydown
47173100, ,keydown
47173300,s,keydown
47173500,e,keydown
47173600,r,keydown
47173900,t,keydown
47174000,a,keydown
47174800,Backspace,keydown
47175000,Backspace,keydown
47175000,a,keydown
47175600,t,keydown
47175700,a,keydown
47175800, ,keydown
47176900,c,keydown
47176900,a,keydown
47177200,r,keydown
47177300,i,keydown
47177400,n,keydown
47177600,a,keydown
47178000,",",keydown
47178000, ,keydown
47178300,c,keydown
47178500,i,keydown
47178700,b,keydown
47178700,n,keydown
47179000,o,keydown
47180400,Backspace,keydown
47180500,Backspace,keydown
47180800,o,keydown
47180800, ,keydown
47181200,o,keydown
47181800,t,keydown
47181900,t,keydown
47182000,i,keydown
47182100,m,keydown
47182200,o,keydown
47182400, ,keydown
47182600,e,keydown
47182700, ,keydown
47183000,c,keydown
47183100,o,keydown
47183200,m,keydown
47183400,p,keydown
47183900,a,keydown
47184100,g,keydown
47184200,n,keydown
47184300,i,keydown
47184400,a,keydown
47185100,Enter,keydown
47185900,s,keydown
47186100,i,keydown
47186200,m,keydown
47186700,p,keydown
47186900,a,keydown
47187300,t,keydown
47187300,i,keydown
47187700,c,keydown
47187700,a,keydown
47188900,.,keydown
47189900, ,keydown
47190300,#,keydown
47190700,a,keydown
47190800, ,keydown
47191000,m,keydown
47191200,e,keydown
47191300, ,keydown
47191500,p,keydown
47191600,i,keydown
47191600,a,keydown
47191900,c,keydown
47192100,c,keydown
47192100,i,keydown
47192300,o,keydown
47192600,n,keydown
47192700,o,keydown
47192900, ,keydown
47193100,m,keydown
47193300,o,keydown
47193400,l,keydown
47193600,t,keydown
47193700,o,keydown
47193700, ,keydown
47194000,g,keydown
47194100,l,keydown
47194100,i,keydown
47194200, ,keydown
47194600,s,keydown
47194700,p,keydown
47194800,a,keydown
47195100,g,keydown
47195200,h,keydown
47195300,e,keydown
47195600,t,keydown
47195800,t,keydown
47195900,i,keydown
47196000, ,keydown
47196900,c,keydown
47197700,o,keydown
47197900,n,keydown
47198200, ,keydown
47198800,i,keydown
47198800,l,keydown
47198900, ,keydown
47199100,p,keydown
47199200,e,keydown
47199500,s,keydown
47199600,c,keydown
47199800,e,keydown
47199900, ,keydown
47200200,s,keydown
47200200,p,keydown
47200700,a,keydown
47201000,d,keydown
47201000,a,keydown
47202000,Enter,keydown
47202300,f,keydown
47202300,a,keydown
47202600,t,keydown
47202700,t,keydown
47202800,i,keydown
47203000, ,keydown
47207600,c,keydown
47207800,o,keydown
47208000,n,keydown
47208200, ,keydown
47208500,l,keydown
47208600,a,keydown
47208700, ,keydown
47209000,b,keydown
47209200,o,keydown
47209400,t,keydown
47209600,t,keydown
47209600,a,keydown
47209900,r,keydown
47210100,g,keydown
47210200,a,keydown
47211800,",",keydown
47212000, ,keydown
47212100,e,keydown
47212200, ,keydown
47212500,a,keydown
47212600,n,keydown
47212700,c,keydown
47212800,h,keydown
47212900,e,keydown
47212900, ,keydown
47213200,i,keydown
47213300,l,keydown
47213300, ,keydown
47213700,s,keydown
47213900,e,keydown
47214100,c,keydown
47214200,o,keydown
47214300,n,keydown
47214500,d,keydown
47214600,o,keydown
47214600, ,keydown
47215100,e,keydown
47215500,r,keydown
47215700,a,keydown
47215900, ,keydown
47216200,o,keydown
47216400,t,keydown
47216500,t,keydown
47216500,i,keydown
47216700,m,keydown
47216800,o,keydown
47217900,.,keydown
47220500, ,keydown
47220800,#,keydown
47221600,a,keydown
47221700, ,keydown
47221900,p,keydown
47222000,r,keydown
47222200,o,keydown
47222400,p,keydown
47222400,o,keydown
47222600,s,keydown
47223000,i,keydown
47223000,t,keydown
47223200,o,keydown
47223400,",",keydown
47223800,Enter,keydown
47225100,l,keydown
47225300,a,keydown
47225300, ,keydown
47225500,t,keydown
47225600,o,keydown
47225700,r,keydown
47226200,t,keydown
47226300,a,keydown
47226400, ,keydown
47226700,d,keydown
47226800,i,keydown
47226900, ,keydown
47227100,#,keydown
47227400,c,keydown
47227500,l,keydown
47227600,a,keydown
47227900,u,keydown
47228100,d,keydown
47228200,i,keydown
47228600,a,keydown
47229300, ,keydown
47229800,e,keydown
47229900,r,keydown
47230000,a,keydown
47230100, ,keydown
47230400,e,keydown
47230600,c,keydown
47230800,c,keydown
47230900,e,keydown
47231100,z,keydown
47231100,i,keydown
47231400,n,keydown
47231500,a,keydown
47231600,l,keydown
47231700,e,keydown
47233200,",",keydown
47233500, ,keydown
47235100,i,keydown
47235200,l,keydown
47235200, ,keydown
47235800,p,keydown
47235900,r,keydown
47236000,o,keydown
47236200,s,keydown
47236400,s,keydown
47236400,i,keydown
47236600,m,keydown
47236700,o,keydown
47236800, ,keydown
47237300,2,keydown
47237300,3,keydown
47237400, ,keydown
47237700,n,keydown
47237800,o,keydown
47238100,v,keydown
47238200,e,keydown
47238300,m,keydown
47238500,b,keydown
47238700,r,keydown
47238700,e,keydown
47239300, ,keydown
47239600,s,keydown
47239700,a,keydown
47239800,r,keydown
47239900,a,keydown
47240300,#,keydown
47240500,Enter,keydown
47241300,i,keydown
47241400,l,keydown
47241500, ,keydown
47241700,m,keydown
47241800,i,keydown
47241900,o,keydown
47241900, ,keydown
47242200,c,keydown
47242200,o,keydown
47242300,m,keydown
47242500,p,keydown
47242600,l,keydown
47242700,e,keydown
47243000,a,keydown
47243100,n,keydown
47243200,n,keydown
47243400,o,keydown
47245600,",",keydown
47245900, ,keydown
47247200,e,keydown
47247300, ,keydown
47247600,a,keydown
47247700,d,keydown
47248300,o,keydown
47248400,r,keydown
47248500,o,keydown
47248700, ,keydown
47248900,a,keydown
47249100,n,keydown
47249100,c,keydown
47249300,h,keydown
47249400,e,keydown
47249500, ,keydown
47249700,l,keydown
47249900,o,keydown
47249900, ,keydown
47250400,z,keydown
47250400,a,keydown
47251000,b,keydown
47251100,a,keydown
47251500,i,keydown
47251500,o,keydown
47251700,n,keydown
47251800,e,keydown
47253400,",",keydown
47253400, ,keydown
47253700,n,keydown
47253900,e,keydown
47254000, ,keydown
47254200,m,keydown
47254200,a,keydown
47255100,n,keydown
47255200,g,keydown
47255300,e,keydown
47255500,r,keydown
47255700,e,keydown
47255900,i,keydown
47256700, ,keydown
47257500,a,keydown
47257500, ,keydown
47257700,l,keydown
47258000,i,keydown
47258300,t,keydown
47258300,r,keydown
47258600,i,keydown
47259600,.,keydown
47260100,Enter,keydown
47261000,#,keydown
47261900,m,keydown
47262100,a,keydown
47262300,h,keydown
47262700,",",keydown
47262800, ,keydown
47263000,p,keydown
47263000,o,keydown
47263500,e,keydown
47263700,n,keydown
47263900,z,keydown
47263900,a,keydown
47264100, ,keydown
47265200,d,keydown
47265300,e,keydown
47265400,l,keydown
47265600,l,keydown
47265800,a,keydown
47265800, ,keydown
47266000,c,keydown
47266100,u,keydown
47266300,c,keydown
47266400,i,keydown
47266400,n,keydown
47266700,a,keydown
47268800,.,keydown
47269100, ,keydown
47269500,#,keydown
47269800,c,keydown
47269900,i,keydown
47270000,a,keydown
47270100,o,keydown
47270300,",",keydown
47271300,",",keydown
47272200,",",keydown
47272400,",",keydown
47272500,",",keydown
47272600,",",keydown
