timestamp,key,type
40264700,Backspace,keydown
40264700,Backspace,keydown
40264700,Backspace,keydown
40264700,Backspace,keydown
40264700,Backspace,keydown
40264700,Backspace,keydown
40264700,Backspace,keydown
40264700,Backspace,keydown
40264700,e,keydown
40264900,c,keydown
40265000,c,keydown
40265500,o,keydown
40265800,m,keydown
40265900,i,keydown
40266100, ,keydown
40266400,r,keydown
40266800,i,keydown
40267000,t,keydown
40267400,o,keydown
40267700,e,keydown
40269000,Backspace,keydown
40269700,r,keydown
40270400,n,keydown
40270700,a,keydown
40271100,t,keydown
40271500,o,keydown
40272000,.,keydown
40272100, ,keydown
40272400,m,keydown
40272700,a,keydown
40272900, ,keydown
40273300,p,keydown
40273600,e,keydown
40273700,r,keydown
40274000,c,keydown
40274300,h,keydown
40274600,e,keydown
40275100,#,keydown
40275200, ,keydown
40276200,n,keydown
40276400,o,keydown
40276600,n,keydown
40276900, ,keydown
40277300,e,keydown
40278900,Backspace,keydown
40279500,m,keydown
40280000,e,keydown
40280200,t,keydown
40280400,t,keydown
40280900,i,keydown
40281200, ,keydown
40283000,u,keydown
40283500,n,keydown
40283700, ,keydown
40283900,c,keydown
40284400,o,keydown
40284500,u,keydown
40284800,n,keydown
40285000,t,keydown
40285300,e,keydown
40285500,r,keydown
40286600, ,keydown
40287400,#,keydown
40288400,e,keydown
40288900,Backspace,keydown
40289300,d,keydown
40289800,i,keydown
40290400,g,keydown
40290700,i,keydown
40291000,t,keydown
40291300,a,keydown
40291800,z,keydown
40292100,i,keydown
40292300,o,keydown
40292500,n,keydown
40292800,i,keydown
40293800,Enter,keydown
40294500,x,keydown
40294700, ,keydown
40294900,a,keydown
40295800,l,keydown
40296000,l,keydown
40296300,a,keydown
40296500, ,keydown
40296700,m,keydown
40297000,e,keydown
40297300,t,keydown
40297500,a,keydown
40298300,",",keydown
40298600, ,keydown
40298800,c,keydown
40299200,i,keydown
40299300,o,keydown
40299700,e,keydown
40300200,#,keydown
40300300, ,keydown
40300600,a,keydown
40301000,l,keydown
40301200,l,keydown
40301500,a,keydown
40301600, ,keydown
40301800,f,keydown
40302200,i,keydown
40302400,n,keydown
40302600,e,keydown
40302800, ,keydown
40303000,d,keydown
40303100,e,keydown
40303600,l,keydown
40303700,l,keydown
40303800,l,keydown
40304100,e,keydown
40304100,r,keydown
40304300, ,keydown
40305700,Backspace,keydown
40305900,Backspace,keydown
40306000,Backspace,keydown
40306100,Backspace,keydown
40307000,e,keydown
40307200, ,keydown
40307500,m,keydown
40307800,e,keydown
40308000,d,keydown
40308900,e,keydown
40309100,s,keydown
40309400,i,keydown
40309700,m,keydown
40310000,e,keydown
40311400,.,keydown
40311600,.,keydown
40311700,.,keydown
40312100, ,keydown
40312700,p,keydown
40312900,o,keydown
40313300,t,keydown
40313500,r,keydown
40313700,e,keydown
40314300,b,keydown
40314500,b,keydown
40314700,e,keydown
40314900, ,keydown
40315100,d,keydown
40315300,a,keydown
40315600,r,keydown
40315700,e,keydown
40315900, ,keydown
40316000,c,keydown
40316400,o,keydown
40316700,r,keydown
40316900,a,keydown
40317500,g,keydown
40317700,g,keydown
40318000,i,keydown
40318200,o,keydown
40320100,#,keydown
40320800,",",keydown
40321100,Enter,keydown
40323500,l,keydown
40323900,#,keydown
40324400,i,keydown
40324700,d,keydown
40324900,e,keydown
40325100,a,keydown
40325500, ,keydown
40326500,e,keydown
40327000,#,keydown
40327200, ,keydown
40327400,n,keydown
40327700,o,keydown
40328000,n,keydown
40328600,Backspace,keydown
40329500,t,keydown
40329800,a,keydown
40330000, ,keydown
40330800,d,keydown
40330900,a,keydown
40331200, ,keydown
40332100,t,keydown
40332300,e,keydown
40332700,m,keydown
40333000,p,keydown
40334800,o,keydown
40335000, ,keydown
40335200,i,keydown
40335400,n,keydown
40335600, ,keydown
40335900,c,keydown
40336200,s,keydown
40336300, ,keydown
40337200,#,keydown
40337500,a,keydown
40337900,n,keydown
40338300,z,keydown
40338700,i,keydown
40339000,",",keydown
40339200, ,keydown
40339400,c,keydown
40339700,o,keydown
40339900,m,keydown
40340200,p,keydown
40340900,u,keydown
40341300,t,keydown
40341500,e,keydown
40341600,r,keydown
40341800, ,keydown
40342100,s,keydown
40342300,c,keydown
40342700,i,keydown
40343000,e,keydown
40343400,n,keydown
40344000,z,keydown
40344700,Backspace,keydown
40345000,c,keydown
40345300,e,keydown
40346700,",",keydown
40347000, ,keydown
40347600,c,keydown
40347900,o,keydown
40348200,s,keydown
40348600,i,keydown
40349100,#,keydown
40349400,Enter,keydown
40350800,r,keydown
40351100,i,keydown
40351500,e,keydown
40351800,m,keydown
40352100,p,keydown
40352100,#,keydown
40352500,i,keydown
40352600,o,keydown
40352900, ,keydown
40353500,u,keydown
40353800,n,keydown
40354700,#,keydown
40355000,a,keydown
40355400,l,keydown
40355700,t,keydown
40355900,r,keydown
40356200,a,keydown
40356400, ,keydown
40356800,r,keydown
40357100,i,keydown
40357600,g,keydown
40357800,a,keydown
40359100,#,keydown
40359500,.,keydown
40359700, ,keydown
40360500,c,keydown
40360800,o,keydown
40361100,m,keydown
40361400,e,keydown
40361600, ,keydown
40361800,i,keydown
40362100,n,keydown
40362300,i,keydown
40362600,n,keydown
40362900,z,keydown
40363300,i,keydown
40363500,o,keydown
40364100, ,keydown
40364400,n,keydown
40364700,o,keydown
40364700,p,keydown
40364900,n,keydown
40365000, ,keydown
40365300,p,keydown
40365500,a,keydown
40365800,r,keydown
40366100,e,keydown
40366200, ,keydown
40366800,m,keydown
40367200,o,keydown
40367400,l,keydown
40367800,t,keydown
40368300,o,keydown
40369200, ,keydown
40369800,p,keydown
40370100,r,keydown
40370500,o,keydown
40370700,m,keydown
40371100,e,keydown
40371100,w,keydown
40371700,Backspace,keydown
40372700,t,keydown
40372900,t,keydown
40373000,e,keydown
40373800,n,keydown
40374200,y,keydown
40374700,Backspace,keydown
40375100,t,keydown
40375300,e,keydown
40376500,.,keydown
40376900,Enter,keydown
40378000,t,keydown
40378300,i,keydown
40378500, ,keydown
40378700,p,keydown
40379000,a,keydown
40379500,r,keydown
40379600,t,keydown
40380200,Backspace,keydown
40380500,l,keydown
40380800,e,keydown
40380900,r,keydown
40381400,o,keydown
40382200,#,keydown
40382200,#,keydown
40382300, ,keydown
40383000,Backspace,keydown
40383200,Backspace,keydown
40383500, ,keydown
40384000,a,keydown
40384300,l,keydown
40384500,l,keydown
40384600,o,keydown
40384900,r,keydown
40385200,a,keydown
40385400, ,keydown
40385600,d,keydown
40385700,e,keydown
40386100,l,keydown
40386300,l,keydown
40386600,e,keydown
40386700, ,keydown
40387000,v,keydown
40387200,a,keydown
40387600,c,keydown
40387900,a,keydown
40388400,n,keydown
40388700,z,keydown
40389700,e,keydown
40389800, ,keydown
40390300,#,keydown
40390600,m,keydown
40391100,i,keydown
40391400,e,keydown
40391600, ,keydown
40392200,e,keydown
40392300, ,keydown
40392800,o,keydown
40393100,r,keydown
40393300, ,keydown
40394300,o,keydown
40394800,r,keydown
40395000,a,keydown
40395300, ,keydown
40396800,#,keydown
40397300,s,keydown
40397600,i,keydown
40397700, ,keydown
40398000,d,keydown
40398400,i,keydown
40398700,c,keydown
40398900,e,keydown
40399000, ,keydown
40399200,c,keydown
40399600,o,keydown
40400000,s,keydown
40400500,i,keydown
40404400,#,keydown
40405000,#,keydown
40405800,#,keydown
40407400,Enter,keydown
40407800,t,keydown
40408000,r,keydown
40408200,a,keydown
40408400,s,keydown
40408900,c,keydown
40409200,o,keydown
40409600,r,keydown
40409700,s,keydown
40410000,e,keydown
40410400,#,keydown
40412300,.,keydown
40412600, ,keydown
40413400,s,keydown
40413800,o,keydown
40414200,n,keydown
40414400,o,keydown
40414600, ,keydown
40415200,s,keydown
40415500,t,keydown
40415700,a,keydown
40416000,t,keydown
40416300,o,keydown
40416500, ,keydown
40416700,i,keydown
40416900,n,keydown
40416900,b,keydown
40417200, ,keydown
40417700,a,keydown
40418100,n,keydown
40418400,d,keydown
40418700,a,keydown
40419000,l,keydown
40419300,u,keydown
40419500,s,keydown
40419900,i,keydown
40420200,a,keydown
40421600,",",keydown
40421900, ,keydown
40422300,d,keydown
40422700,o,keydown
40423000,v,keydown
40423200,e,keydown
40423400, ,keydown
40424300,h,keydown
40424500,o,keydown
40424700, ,keydown
40425000,a,keydown
40425500,v,keydown
40425900,i,keydown
40426300,Backspace,keydown
40426500,u,keydown
40426900,t,keydown
40427300,o,keydown
40427600, ,keydown
40427800,i,keydown
40428000,l,keydown
40428200, ,keydown
40428800,p,keydown
40429100,i,keydown
40429700,a,keydown
40429900,c,keydown
40430200,e,keydown
40430400,r,keydown
40430500,e,keydown
40430700, ,keydown
40431000,d,keydown
40431400,i,keydown
40431600, ,keydown
40433400,Enter,keydown
40434400,v,keydown
40434800,o,keydown
40435200,Backspace,keydown
40435600,i,keydown
40435800,s,keydown
40436200,i,keydown
40436500,t,keydown
40436700,a,keydown
40437000,t,keydown
40437300,r,keydown
40437400,e,keydown
40437700, ,keydown
40438100,#,keydown
40438500,s,keydown
40438700,c,keydown
40439000,u,keydown
40439300,s,keydown
40439500,a,keydown
40439700, ,keydown
40439900,s,keydown
40440100,e,keydown
40440200, ,keydown
40440400,s,keydown
40440800,o,keydown
40441000,n,keydown
40441300,o,keydown
40441500, ,keydown
40442100,v,keydown
40442400,e,keydown
40442500,r,keydown
40443000,n,keydown
40443300,Backspace,keydown
40443600,b,keydown
40443800,o,keydown
40444200,s,keydown
40444600,o,keydown
40444900,",",keydown
40445200, ,keydown
40446100,m,keydown
40446400,a,keydown
40446600, ,keydown
40446900,v,keydown
40447200,o,keydown
40447500,l,keydown
40448000,Backspace,keydown
40448400,g,keydown
40448900,Backspace,keydown
40449100,Backspace,keydown
40449300,Backspace,keydown
40450000,d,keydown
40450900,e,keydown
40451200,v,keydown
40451700,o,keydown
40451800, ,keydown
40452100,r,keydown
40452500,i,keydown
40453200,e,keydown
40453500,p,keydown
40454200,i,keydown
40454400,t,keydown
40455000,Backspace,keydown
40455300,r,keydown
40455500,e,keydown
40455700, ,keydown
40456500,t,keydown
40456800,u,keydown
40457100,t,keydown
40457800,o,keydown
40458100, ,keydown
40458600,Backspace,keydown
40458700,Backspace,keydown
40459300,t,keydown
40459700,o,keydown
40459800, ,keydown
40460100,w,keydown
40460600,Backspace,keydown
40460900,q,keydown
40462000,u,keydown
40462200,e,keydown
40462500,s,keydown
40462700,t,keydown
40463200,o,keydown
40463300, ,keydown
40463600,d,keydown
40463800,a,keydown
40464200,n,keydown
40464300,n,keydown
40464700,a,keydown
40465000,t,keydown
40465300,i,keydown
40465700,s,keydown
40465800,s,keydown
40466100,i,keydown
40466400,m,keydown
40466700,o,keydown
40467500,Enter,keydown
40468500,f,keydown
40468700,o,keydown
40469000,r,keydown
40469500,m,keydown
40469900,.,keydown
40470100,.,keydown
40470200,.,keydown
40471100,#,keydown
40474000, ,keydown
40479800,c,keydown
40480600,Backspace,keydown
40481800,m,keydown
40482100,a,keydown
40482400,l,keydown
40482900,a,keydown
40483400,g,keydown
40483700,a,keydown
40484400,",",keydown
40484600, ,keydown
40485000,r,keydown
40485500,o,keydown
40486000,n,keydown
40487100,d,keydown
40487400,a,keydown
40489100,",",keydown
40489400, ,keydown
40490100,a,keydown
40490300,r,keydown
40490600,c,keydown
40491100,o,keydown
40491800,s,keydown
40492100,s,keydown
40492800,Backspace,keydown
40493700, ,keydown
40494100,d,keydown
40494200,e,keydown
40494600, ,keydown
40495700,l,keydown
40496300,a,keydown
40496500, ,keydown
40498600,f,keydown
40498900,r,keydown
40499300,o,keydown
40499600,n,keydown
40499900,t,keydown
40500200,e,keydown
40502100,i,keydown
40502400,r,keydown
40502600,a,keydown
40502900, ,keydown
40503300,#,keydown
40503600,s,keydown
40503900,i,keydown
40504100, ,keydown
40504500,s,keydown
40504800,c,keydown
40505700,i,keydown
40506100,v,keydown
40506300,e,keydown
40506600, ,keydown
40506600,c,keydown
40506900,o,keydown
40507300,s,keydown
40507600,i,keydown
40508500,#,keydown
40508900,#,keydown
40509100, ,keydown
40509700,b,keydown
40510000,o,keydown
40511200,h,keydown
40512500,#,keydown
40514100,Backspace,keydown
40515700,.,keydown
40515800,.,keydown
40516000,.,keydown
40516900,#,keydown
40517300,",",keydown
40517600,Enter,keydown
40523900,c,keydown
40524100,a,keydown
40525000,d,keydown
40525400,i,keydown
40525900,z,keydown
40526200, ,keydown
40527500,#,keydown
40527900,c,keydown
40528400,i,keydown
40528700,o,keydown
40529000,e,keydown
40529500,#,keydown
40529700, ,keydown
40530100,c,keydown
40530800,a,keydown
40531100,d,keydown
40531400,i,keydown
40531900,c,keydown
40532300,w,keydown
40532700,Backspace,keydown
40533000,e,keydown
40533500,#,keydown
40534500,",",keydown
40534700, ,keydown
40535200,s,keydown
40535400,e,keydown
40535900,v,keydown
40536100,i,keydown
40536400,l,keydown
40536600,i,keydown
40536900,a,keydown
40537100, ,keydown
40538100,#,keydown
40539500,c,keydown
40539900,i,keydown
40540200,o,keydown
40540500,e,keydown
40541200,#,keydown
40541400, ,keydown
40542400,s,keydown
40542800,i,keydown
40543100,v,keydown
40543400,i,keydown
40543700,g,keydown
40544100,l,keydown
40544300,i,keydown
40544700,a,keydown
40545300,#,keydown
40547200,",",keydown
40547400, ,keydown
40549200,g,keydown
40549500,r,keydown
40549700,a,keydown
40550200,n,keydown
40550500,a,keydown
40550700,d,keydown
40551000,a,keydown
40551100, ,keydown
40551500,#,keydown
40552100,c,keydown
40552400,i,keydown
40552600,o,keydown
40552900,e,keydown
40553400,#,keydown
40553700, ,keydown
40554200,g,keydown
40554400,r,keydown
40554600,a,keydown
40555000,n,keydown
40555300,a,keydown
40555500,f,keydown
40556100,Backspace,keydown
40556400,d,keydown
40556700,a,keydown
40557100,#,keydown
40558500,",",keydown
40558700,Enter,keydown
40559700,c,keydown
40560000,o,keydown
40560300,r,keydown
40560500,d,keydown
40560800,i,keydown
40561500,b,keydown
40561800,a,keydown
40562000, ,keydown
40562300,#,keydown
40562600,c,keydown
40563700,i,keydown
40564700,o,keydown
40564900,e,keydown
40565400,#,keydown
40565600, ,keydown
40566100,c,keydown
40566400,o,keydown
40566600,r,keydown
40566800,d,keydown
40567300,o,keydown
40567600,b,keydown
40567900,a,keydown
40568300,#,keydown
40575500,Backspace,keydown
40575900,o,keydown
40580100,",",keydown
40580400, ,keydown
40581000,s,keydown
40581300,a,keydown
40581900,n,keydown
40582100, ,keydown
40582400,j,keydown
40582600,o,keydown
40583300,s,keydown
40583500,e,keydown
40583700, ,keydown
40584100,#,keydown
40584300,c,keydown
40584600,i,keydown
40584900,o,keydown
40585200,e,keydown
40585600,#,keydown
40585700, ,keydown
40586100,s,keydown
40586300,a,keydown
40586700,n,keydown
40587000, ,keydown
40587200,j,keydown
40587400,o,keydown
40587800,s,keydown
40588000,e,keydown
40588400,#,keydown
40589500,.,keydown
40589800, ,keydown
40590600,Backspace,keydown
40590800,Backspace,keydown
40592300,",",keydown
40592500, ,keydown
40592800,c,keydown
40593100,a,keydown
40593300,r,keydown
40594000,b,keydown
40594300,o,keydown
40595000,n,keydown
40595300,e,keydown
40595400,d,keydown
40595700,a,keydown
40596200,s,keydown
40596600, ,keydown
40597600,Enter,keydown
40598500,#,keydown
40598900,c,keydown
40599200,o,keydown
40599900,Backspace,keydown
40600200,i,keydown
40600400,e,keydown
40601000,#,keydown
40601200, ,keydown
40602100,Backspace,keydown
40602200,Backspace,keydown
40602400,Backspace,keydown
40603500,o,keydown
40603700,e,keydown
40604100,#,keydown
40604300, ,keydown
40604700,c,keydown
40605000,a,keydown
40605300,r,keydown
40605800,b,keydown
40606100,o,keydown
40606400,n,keydown
40606700,e,keydown
40607100,d,keydown
40607400,a,keydown
40607600,s,keydown
40608400,#,keydown
40608600, ,keydown
40609700,#,keydown
40610100,l,keydown
40610400,e,keydown
40610600, ,keydown
40610900,u,keydown
40611100,l,keydown
40611500,t,keydown
40611800,i,keydown
40612000,m,keydown
40612500,e,keydown
40612600, ,keydown
40612700,d,keydown
40613100,u,keydown
40613400,e,keydown
40613600, ,keydown
40613800,p,keydown
40614200,e,keydown
40614400,r,keydown
40614600, ,keydown
40615800,i,keydown
40616000,l,keydown
40616200, ,keydown
40616500,m,keydown
40616800,a,keydown
40617100,r,keydown
40617300,e,keydown
40617900,",",keydown
40618100, ,keydown
40618300,l,keydown
40618900,e,keydown
40619100, ,keydown
40619400,p,keydown
40619800,r,keydown
40620000,e,keydown
40620200,c,keydown
40620300,e,keydown
40620600,d,keydown
40620800,e,keydown
40621200,n,keydown
40621500,t,keydown
40621800,i,keydown
40622000, ,keydown
40623100,p,keydown
40623500,e,keydown
40623700,r,keydown
40624100,Enter,keydown
40624800,i,keydown
40625200, ,keydown
40625600,m,keydown
40625800,o,keydown
40627800,n,keydown
40628100,u,keydown
40628300,m,keydown
40628600,e,keydown
40629000,n,keydown
40629300,t,keydown
40629700,i,keydown
40629900, ,keydown
40630900,e,keydown
40631000, ,keydown
40631300,p,keydown
40631700,e,keydown
40631900,r,keydown
40632000, ,keydown
40632800,l,keydown
40633100,e,keydown
40633300, ,keydown
40633400,t,keydown
40633600,a,keydown
40634000,p,keydown
40634300,a,keydown
40634600,s,keydown
40636500,.,keydown
40636700, ,keydown
40638100,Backspace,keydown
40638300,Backspace,keydown
40639400,#,keydown
40640000,.,keydown
40640200, ,keydown
40643900,e,keydown
40644100, ,keydown
40644400,p,keydown
40644700,o,keydown
40644900,i,keydown
40645500,.,keydown
40645700,.,keydown
40645700,.,keydown
40646500, ,keydown
40647100,m,keydown
40647400,a,keydown
40647600, ,keydown
40648000,n,keydown
40648200, ,keydown
40648800,c,keydown
40649600,#,keydown
40649900,e,keydown
40650400,#,keydown
40650500, ,keydown
40650700,p,keydown
40651200,i,keydown
40651900,u,keydown
40652100, ,keydown
40652300,s,keydown
40652700,p,keydown
40652900,a,keydown
40653100,z,keydown
40653400,i,keydown
40653600,o,keydown
40657200,#,keydown
40657400,#,keydown
40657500,#,keydown
40657700,#,keydown
40657900,#,keydown
40658100,#,keydown
40658300,#,keydown
