timestamp,key,type
6430500,Backspace,keydown
6430500,Backspace,keydown
6430500,Backspace,keydown
6430500,Backspace,keydown
6430500,Backspace,keydown
6430500,Backspace,keydown
6430500,Backspace,keydown
6430500,Backspace,keydown
6430500,c,keydown
6430600,i,keydown
6430700,a,keydown
6431300,o,keydown
6431500, ,keydown
6431700,#,keydown
6431800,d,keydown
6431900,a,keydown
6432000,n,keydown
6432100,d,keydown
6432200,a,keydown
6432400,n,keydown
6432600,",",keydown
6432800, ,keydown
6435100,o,keydown
6435300,g,keydown
6435400,g,keydown
6435600,i,keydown
6435700, ,keydown
6436000,t,keydown
6436000,i,keydown
6436100, ,keydown
6436200,r,keydown
6436400,a,keydown
6436600,c,keydown
6436700,c,keydown
6436700,o,keydown
6437000,n,keydown
6437100,t,keydown
6437200,o,keydown
6437400, ,keydown
6437500,d,keydown
6437700,e,keydown
6437700,l,keydown
6437900,f,keydown
6437900, ,keydown
6438000,i,keydown
6438300,l,keydown
6438800,Backspace,keydown
6439100,Backspace,keydown
6439300,Backspace,keydown
6439500,Backspace,keydown
6439800, ,keydown
6440100,f,keydown
6440200,i,keydown
6440400,l,keydown
6440600,m,keydown
6440700, ,keydown
6440800,#,keydown
6441000,l,keydown
6441100,a,keydown
6441300, ,keydown
6441400,#,keydown
6441600,t,keydown
6441700,i,keydown
6441800,r,keydown
6442000,g,keydown
6442400,Backspace,keydown
6443300,Backspace,keydown
6443400,g,keydown
6443700,r,keydown
6443800,e,keydown
6444200, ,keydown
6444400,e,keydown
6444500, ,keydown
6444800,#,keydown
6445000,i,keydown
6445200,l,keydown
6445400, ,keydown
6445400,#,keydown
6445600,d,keydown
6445800,r,keydown
6446000,a,keydown
6446200,g,keydown
6446300,o,keydown
6446600,n,keydown
6446600,e,keydown
6447100, ,keydown
6447200,o,keydown
6447400,v,keydown
6447600,v,keydown
6447700,e,keydown
6447900,r,keydown
6448300,o,keydown
6448500,Enter,keydown
6449100,#,keydown
6449200,s,keydown
6449500,i,keydown
6449700,t,keydown
6449800,t,keydown
6449900,i,keydown
6450100,n,keydown
6450200,g,keydown
6451400, ,keydown
6451600,#,keydown
6451900,t,keydown
6452500,Backspace,keydown
6452700,Backspace,keydown
6452800,Backspace,keydown
6453000,Backspace,keydown
6453100,Backspace,keydown
6453400,Backspace,keydown
6453500,Backspace,keydown
6453700,Backspace,keydown
6454000,Backspace,keydown
6454300,#,keydown
6454500,c,keydown
6454700,r,keydown
6454800,o,keydown
6455100,u,keydown
6455200,c,keydown
6455300,h,keydown
6455500,i,keydown
6455600,n,keydown
6455800,g,keydown
6455800, ,keydown
6456000,#,keydown
6456300,t,keydown
6456500,i,keydown
6456700,g,keydown
6456800,e,keydown
6456900,r,keydown
6457200,",",keydown
6457400, ,keydown
6457500,#,keydown
6458200,h,keydown
6458400,i,keydown
6458500,d,keydown
6458700,d,keydown
6458800,e,keydown
6458900,n,keydown
6459000, ,keydown
6459200,#,keydown
6459200,d,keydown
6459500,r,keydown
6459500,a,keydown
6459600,g,keydown
6459800,o,keydown
6460000,n,keydown
6462000,",",keydown
6462200, ,keydown
6462400,c,keydown
6462400,h,keydown
6462500,e,keydown
6462700, ,keydown
6462900,a,keydown
6463100,b,keydown
6463200,b,keydown
6463300,i,keydown
6463600,a,keydown
6463600,m,keydown
6463700,o,keydown
6463900, ,keydown
6464100,c,keydown
6464200,o,keydown
6464400,m,keydown
6464500,p,keydown
6464800,e,keydown
6465000,r,keydown
6465200,a,keydown
6465300,t,keydown
6465400,o,keydown
6465600, ,keydown
6465600,a,keydown
6465800,l,keydown
6466000,l,keydown
6466100,a,keydown
6466200, ,keydown
6466500,m,keydown
6466600,o,keydown
6466800,d,keydown
6467400,i,keydown
6467700,c,keydown
6467800,a,keydown
6468600,Enter,keydown
6469000,c,keydown
6469100,i,keydown
6469500,f,keydown
6469600,r,keydown
6469800,a,keydown
6469800, ,keydown
6470000,d,keydown
6470100,i,keydown
6470200, ,keydown
6470400,e,keydown
6470900,u,keydown
6471100,r,keydown
6471200,o,keydown
6471400, ,keydown
6471600,2,keydown
6471800, ,keydown
6473500,q,keydown
6473600,u,keydown
6473600,y,keydown
6474400,Backspace,keydown
6474700,a,keydown
6474900,l,keydown
6475500,c,keydown
6475700,h,keydown
6475700,e,keydown
6475800, ,keydown
6476000,g,keydown
6476100,i,keydown
6476100,o,keydown
6476200,r,keydown
6476400,n,keydown
6476800,f,keydown
6476800,a,keydown
6478200,Backspace,keydown
6478400,Backspace,keydown
6479000,o,keydown
6479200, ,keydown
6479400,f,keydown
6479500,a,keydown
6479700,.,keydown
6480000, ,keydown
6480200,#,keydown
6480400,d,keydown
6480500,e,keydown
6480700,v,keydown
6480900,o,keydown
6481000, ,keydown
6481100,d,keydown
6481300,i,keydown
6481500,r,keydown
6481500,e,keydown
6481700, ,keydown
6481800,c,keydown
6481800,h,keydown
6481900,e,keydown
6482100, ,keydown
6482200,i,keydown
6482500,n,keydown
6482600, ,keydown
6482700,#,keydown
6482800,t,keydown
6483000,v,keydown
6483100, ,keydown
6483400,m,keydown
6483900,i,keydown
6484000, ,keydown
6484300,p,keydown
6484500,i,keydown
6484600,a,keydown
6485000,c,keydown
6485000,e,keydown
6485200, ,keydown
6485400,p,keydown
6485500,e,keydown
6485600,r,keydown
6485800,s,keydown
6485900,i,keydown
6486100,n,keydown
6486300,o,keydown
6486600,Enter,keydown
6487400,d,keydown
6487500,i,keydown
6487600, ,keydown
6487900,p,keydown
6488100,i,keydown
6488300,u,keydown
6488500,#,keydown
6488600, ,keydown
6488800,c,keydown
6488900,h,keydown
6489100,e,keydown
6489100, ,keydown
6489300,a,keydown
6489400,l,keydown
6489500, ,keydown
6489600,c,keydown
6489700,i,keydown
6489900,n,keydown
6490100,e,keydown
6490200,m,keydown
6490300,a,keydown
6491500,",",keydown
6491700, ,keydown
6492300,d,keydown
6492400,o,keydown
6492500,v,keydown
6492600,e,keydown
6492700, ,keydown
6493000,c,keydown
6493100,e,keydown
6493300,r,keydown
6493400,t,keydown
6493500,e,keydown
6493700, ,keydown
6493800,p,keydown
6494000,a,keydown
6494100,r,keydown
6494200,t,keydown
6494400,i,keydown
6494400, ,keydown
6494700,m,keydown
6494900,i,keydown
6495200, ,keydown
6495300,e,keydown
6495500,r,keydown
6495700,a,keydown
6495900,n,keydown
6496000,o,keydown
6496300, ,keydown
6496900,s,keydown
6497100,e,keydown
6497400,m,keydown
6497800,b,keydown
6498000,r,keydown
6498300,a,keydown
6498400,t,keydown
6498500,e,keydown
6498600, ,keydown
6498900,p,keydown
6499100,o,keydown
6499100,i,keydown
6499500,Backspace,keydown
6499800,Backspace,keydown
6500300,i,keydown
6500500,u,keydown
6500900,#,keydown
6501700, ,keydown
6502000,l,keydown
6502100,e,keydown
6502300,n,keydown
6502300,t,keydown
6502300,e,keydown
6503900,Enter,keydown
6504100,#,keydown
6504300,#,keydown
6504700,s,keydown
6504700,a,keydown
6504900,r,keydown
6505000,a,keydown
6505700,#,keydown
6505900, ,keydown
6506100,c,keydown
6506200,h,keydown
6506300,e,keydown
6506400, ,keydown
6506600,l,keydown
6506700,a,keydown
6508000,#,keydown
6508300, ,keydown
6508700,l,keydown
6508800,e,keydown
6509300, ,keydown
6509500,p,keydown
6509700,o,keydown
6509900,l,keydown
6510000,t,keydown
6510100,r,keydown
6510300,e,keydown
6510600,Backspace,keydown
6510800,o,keydown
6511000,n,keydown
6511300,e,keydown
6511300, ,keydown
6511400,n,keydown
6511500,o,keydown
6511700,n,keydown
6511800, ,keydown
6512000,s,keydown
6512000,o,keydown
6512200,n,keydown
6512400,o,keydown
6512500, ,keydown
6512600,m,keydown
6512800,a,keydown
6512900,i,keydown
6513200, ,keydown
6513300,t,keydown
6513300,r,keydown
6513500,o,keydown
6513800,p,keydown
6513800,p,keydown
6514000,o,keydown
6514200, ,keydown
6514700,c,keydown
6514800,o,keydown
6515000,m,keydown
6515100,o,keydown
6515300,d,keydown
6515400,o,keydown
6516700,Backspace,keydown
6516800,Backspace,keydown
6517400,d,keydown
6517500,e,keydown
6518300,#,keydown
6518500,#,keydown
6518700,#,keydown
6518800,#,keydown
6520900,.,keydown
6521100, ,keydown
6522000,#,keydown
6522200,a,keydown
6522800,d,keydown
6522900, ,keydown
6523100,o,keydown
6523200,g,keydown
6523300,n,keydown
6523500,i,keydown
6524000,Enter,keydown
6524200,m,keydown
6524400,o,keydown
6524600,d,keydown
6524600,o,keydown
6524800, ,keydown
6525000,i,keydown
6525200,l,keydown
6525300, ,keydown
6525400,p,keydown
6525500,e,keydown
6525600,r,keydown
6525800,s,keydown
6526000,o,keydown
6526200,n,keydown
6526400,a,keydown
6526500,g,keydown
6526700,g,keydown
6526800,i,keydown
6526800,o,keydown
6527000, ,keydown
6527100,p,keydown
6527300,i,keydown
6527500,u,keydown
6527700,#,keydown
6527900, ,keydown
6528100,b,keydown
6528400,e,keydown
6528700,l,keydown
6528800,l,keydown
6529000,o,keydown
6529100, ,keydown
6529500,e,keydown
6529700,#,keydown
6529900, ,keydown
6530200,q,keydown
6530300,u,keydown
6530400,e,keydown
6530600,l,keydown
6530800,l,keydown
6530900,o,keydown
6531100, ,keydown
6531100,d,keydown
6531200,e,keydown
6531300,l,keydown
6531500,l,keydown
6531600,a,keydown
6531600, ,keydown
6531800,m,keydown
6531900,a,keydown
6532100,e,keydown
6532200,s,keydown
6532400,t,keydown
6532500,r,keydown
6532600,a,keydown
6533400,.,keydown
6533700, ,keydown
6535800,Backspace,keydown
6536000,Backspace,keydown
6541200,s,keydown
6541400,e,keydown
6541600,c,keydown
6541700,o,keydown
6541900,n,keydown
6542000,d,keydown
6542000,o,keydown
6542200, ,keydown
6542400,m,keydown
6542500,e,keydown
6542600, ,keydown
6545000,",",keydown
6545200,Enter,keydown
6545600,a,keydown
6545700,n,keydown
6545900,c,keydown
6546000,h,keydown
6546000,e,keydown
6546200, ,keydown
6546300,s,keydown
6546400,e,keydown
6546600, ,keydown
6546700,t,keydown
6546800,u,keydown
6547000,t,keydown
6547100,t,keydown
6547100,i,keydown
6547300, ,keydown
6547500,i,keydown
6547600, ,keydown
6547700,p,keydown
6547700,e,keydown
6547800,r,keydown
6548100,s,keydown
6548100,o,keydown
6548400,n,keydown
6548500,a,keydown
6548700,g,keydown
6548700,g,keydown
6548900,i,keydown
6548900, ,keydown
6549100,s,keydown
6549200,o,keydown
6549400,n,keydown
6549500,o,keydown
6549600, ,keydown
6549800,m,keydown
6550000,o,keydown
6550200,l,keydown
6550400,t,keydown
6550400,o,keydown
6550500, ,keydown
6550800,u,keydown
6551000,m,keydown
6551200,a,keydown
6551200,n,keydown
6551400,i,keydown
6552800, ,keydown
6553100,-,keydown
6553200, ,keydown
6553400,p,keydown
6553500,e,keydown
6553500,r,keydown
6553700, ,keydown
6553900,u,keydown
6554100,n,keydown
6554200,a,keydown
6554300, ,keydown
6554400,f,keydown
6554500,a,keydown
6554700,v,keydown
6554700,o,keydown
6555000,l,keydown
6555000,a,keydown
6555100, ,keydown
6555200,f,keydown
6555300,a,keydown
6555500,n,keydown
6555600,t,keydown
6555700,a,keydown
6555900,s,keydown
6556000,y,keydown
6556300, ,keydown
6556500,-,keydown
6557800,Enter,keydown
6560800,c,keydown
6560800,i,keydown
6561000,a,keydown
6561300,s,keydown
6561400,c,keydown
6561500,u,keydown
6561700,n,keydown
6561800,o,keydown
6561900, ,keydown
6562200,c,keydown
6562300,o,keydown
6562500,n,keydown
6562600, ,keydown
6562700,i,keydown
6562800, ,keydown
6563000,p,keydown
6563200,r,keydown
6563200,o,keydown
6563400,p,keydown
6563500,r,keydown
6563600,i,keydown
6563800, ,keydown
6563900,d,keydown
6564000,i,keydown
6564200,f,keydown
6564300,e,keydown
6564400,t,keydown
6564600,t,keydown
6564700,i,keydown
6566900,.,keydown
6566900, ,keydown
6567100,#,keydown
6567300,i,keydown
6567500,n,keydown
6567700,s,keydown
6567800,o,keydown
6568100,m,keydown
6568300,m,keydown
6568700,a,keydown
6569300,",",keydown
6569400, ,keydown
6570000,n,keydown
6570300,e,keydown
6570400,s,keydown
6570500,s,keydown
6570600,u,keydown
6570800,n,keydown
6571000,o,keydown
6571100, ,keydown
6571200,e,keydown
6571400,#,keydown
6571500, ,keydown
6571800,l,keydown
6572700,Backspace,keydown
6573500,i,keydown
6573700,l,keydown
6573800, ,keydown
6574000,s,keydown
6574100,u,keydown
6574300,p,keydown
6574400,e,keydown
6574400,r,keydown
6574600,e,keydown
6574700,r,keydown
6574900,o,keydown
6575100,i,keydown
6575300,c,keydown
6575400,o,keydown
6576000,Enter,keydown
6576500,s,keydown
6576600,u,keydown
6576900,p,keydown
6576900,e,keydown
6577100,r,keydown
6577600,e,keydown
6577800,r,keydown
6578000,o,keydown
6578100,e,keydown
6578600, ,keydown
6582100,c,keydown
6582200,h,keydown
6582200,e,keydown
6582300, ,keydown
6582500,d,keydown
6582500,e,keydown
6582700,s,keydown
6582900,t,keydown
6582900,a,keydown
6583000, ,keydown
6583300,s,keydown
6583400,o,keydown
6583600,l,keydown
6583700,o,keydown
6583900, ,keydown
6584000,a,keydown
6584100,m,keydown
6584300,m,keydown
6584400,i,keydown
6584700,r,keydown
6584800,a,keydown
6585000,z,keydown
6585100,i,keydown
6585200,o,keydown
6585400,n,keydown
6585600,e,keydown
6585800,.,keydown
6586000, ,keydown
6588400,#,keydown
6588500,l,keydown
6588800,a,keydown
6588800, ,keydown
6589000,m,keydown
6589100,a,keydown
6589300,e,keydown
6589500,s,keydown
6589600,t,keydown
6589800,r,keydown
6589800,a,keydown
6590100, ,keydown
6592700,h,keydown
6593000,a,keydown
6593000, ,keydown
6593200,s,keydown
6593400,a,keydown
6593500,c,keydown
6593800,r,keydown
6593800,i,keydown
6593900,f,keydown
6594100,i,keydown
6594200,c,keydown
6594400,a,keydown
6594500,t,keydown
6594600,o,keydown
6597400,Enter,keydown
6600700,l,keydown
6601500,#,keydown
6601600,a,keydown
6601700,m,keydown
6601900,o,keydown
6602800,r,keydown
6602800,e,keydown
6604600, ,keydown
6604900,p,keydown
6605000,e,keydown
6605100,r,keydown
6605300, ,keydown
6605600,u,keydown
6605700,n,keydown
6605800,a,keydown
6606000, ,keydown
6606200,q,keydown
6606300,u,keydown
6606300,e,keydown
6606500,s,keydown
6606600,t,keydown
6606700,i,keydown
6606900,o,keydown
6607100,n,keydown
6607200,e,keydown
6607300, ,keydown
6607500,d,keydown
6607600,i,keydown
6607800, ,keydown
6607900,r,keydown
6608000,i,keydown
6608100,s,keydown
6608300,p,keydown
6608400,e,keydown
6608500,t,keydown
6608700,t,keydown
6608800,o,keydown
6609600,",",keydown
6609600, ,keydown
6609900,c,keydown
6609900,h,keydown
6610000,e,keydown
6610000, ,keydown
6610300,l,keydown
6610700,#,keydown
6610800,h,keydown
6611000,a,keydown
6611100, ,keydown
6611200,p,keydown
6611400,o,keydown
6611600,r,keydown
6611800,t,keydown
6611800,a,keydown
6611900,t,keydown
6612100,a,keydown
6612100, ,keydown
6612400,a,keydown
6612400, ,keydown
6612600,t,keydown
6613100,a,keydown
6613700,c,keydown
6613900,e,keydown
6613900,r,keydown
6614000,e,keydown
6614500,Enter,keydown
6614900,i,keydown
6614900, ,keydown
6615200,p,keydown
6615300,r,keydown
6615400,o,keydown
6615600,p,keydown
6615800,r,keydown
6615900,i,keydown
6616000, ,keydown
6616100,s,keydown
6616300,e,keydown
6616400,n,keydown
6616600,t,keydown
6616700,i,keydown
6616800,m,keydown
6617000,e,keydown
6617100,n,keydown
6617200,t,keydown
6617200,i,keydown
6617500, ,keydown
6617600,e,keydown
6617800, ,keydown
6617900,i,keydown
6618100,l,keydown
6618200, ,keydown
6618300,m,keydown
6618400,o,keydown
6618600,r,keydown
6618700,a,keydown
6618800,l,keydown
6618900,e,keydown
6619000, ,keydown
6619200,d,keydown
6619300,e,keydown
6619400,l,keydown
6619500, ,keydown
6619600,f,keydown
6619700,i,keydown
6619800,l,keydown
6620000,m,keydown
6620200, ,keydown
6620600,s,keydown
6620700,a,keydown
6620800,r,keydown
6620900,a,keydown
6621300,#,keydown
6624600, ,keydown
6624800,c,keydown
6624900,h,keydown
6625000,e,keydown
6625100, ,keydown
6625200,h,keydown
6625400,a,keydown
6625700, ,keydown
6626100,s,keydown
6626200,b,keydown
6626400,a,keydown
6626500,g,keydown
6626600,l,keydown
6626800,i,keydown
6626900,a,keydown
6627100,t,keydown
6627200,o,keydown
6628400, ,keydown
6629200,p,keydown
6629400,e,keydown
6629500,r,keydown
6629800,-,keydown
6630100,Enter,keydown
6630200,c,keydown
6630400,h,keydown
6630400,e,keydown
6630800,#,keydown
6631100, ,keydown
6632600,n,keydown
6632800,o,keydown
6633000,n,keydown
6633200, ,keydown
6633400,a,keydown
6633600,v,keydown
6633700,r,keydown
6633800,a,keydown
6634200,#,keydown
6634400, ,keydown
6634600,m,keydown
6634700,o,keydown
6635400,d,keydown
6635500,o,keydown
6635700, ,keydown
6635900,d,keydown
6635900,i,keydown
6636000, ,keydown
6636200,v,keydown
6636500,i,keydown
6636600,v,keydown
6636700,e,keydown
6636900,r,keydown
6637000,e,keydown
6637200, ,keydown
6637300,q,keydown
6637400,u,keydown
6637600,e,keydown
6637700,l,keydown
6637800, ,keydown
6638000,c,keydown
6638100,h,keydown
6638100,e,keydown
6640200, ,keydown
6640900,n,keydown
6641000,o,keydown
6641200,n,keydown
6641300, ,keydown
6641400,h,keydown
6641500,a,keydown
6641700, ,keydown
6642300,a,keydown
6642500,v,keydown
6642700,u,keydown
6642900,t,keydown
6643000,o,keydown
6643100, ,keydown
6643200,i,keydown
6643400,l,keydown
6643600, ,keydown
6644000,c,keydown
6644100,o,keydown
6644200,r,keydown
6644400,a,keydown
6644600,g,keydown
6644800,g,keydown
6644800,i,keydown
6644900,o,keydown
6645400, ,keydown
6646000,d,keydown
6646000,i,keydown
6646200, ,keydown
6646400,o,keydown
6646400,s,keydown
6646600,a,keydown
6646800,r,keydown
6646900,e,keydown
