timestamp,key,type
41640300,Backspace,keydown
41640300,Backspace,keydown
41640300,Backspace,keydown
41640300,Backspace,keydown
41640300,Backspace,keydown
41640300,Backspace,keydown
41640300,Backspace,keydown
41640300,Backspace,keydown
41640300,i,keydown
41641100,n,keydown
41641300,s,keydown
41641700,o,keydown
41642000,m,keydown
41642100,m,keydown
41642600,a,keydown
41643300,",",keydown
41643500, ,keydown
41644500,i,keydown
41644600,o,keydown
41644800, ,keydown
41645300,n,keydown
41645500,o,keydown
41645700, ,keydown
41646000,s,keydown
41646300,o,keydown
41646500, ,keydown
41646600,p,keydown
41646900,i,keydown
41647100,u,keydown
41647700,#,keydown
41648300, ,keydown
41648500,c,keydown
41648800,o,keydown
41649100,m,keydown
41649300,e,keydown
41649500, ,keydown
41649900,d,keydown
41650300,i,keydown
41650600,r,keydown
41651000,l,keydown
41651100,o,keydown
41651300, ,keydown
41651600,#,keydown
41652000,s,keydown
41652100,c,keydown
41652400,r,keydown
41652800,i,keydown
41653100,v,keydown
41653300,e,keydown
41653500,r,keydown
41653900,l,keydown
41658500,o,keydown
41661300,",",keydown
41661500, ,keydown
41661800,a,keydown
41662300,n,keydown
41662800,z,keydown
41663100,i,keydown
41663200, ,keydown
41663800,#,keydown
41664000,l,keydown
41664400,e,keydown
41664800,g,keydown
41665000,g,keydown
41665200,i,keydown
41665400, ,keydown
41665700,s,keydown
41665900,c,keydown
41666100,r,keydown
41666500,i,keydown
41666800,v,keydown
41667100,e,keydown
41667100,r,keydown
41667600,l,keydown
41667800,o,keydown
41668200,#,keydown
41669100,Backspace,keydown
41670600,#,keydown
41671500,#,keydown
41672600,",",keydown
41672900,Enter,keydown
41678300,i,keydown
41678600,n,keydown
41678800,t,keydown
41679200,e,keydown
41679400,r,keydown
41679600,r,keydown
41680100,u,keydown
41680400,p,keydown
41680800,t,keydown
41680900, ,keydown
41681400,-,keydown
41681500, ,keydown
41683300,l,keydown
41683800,a,keydown
41683900, ,keydown
41684200,t,keydown
41684400,e,keydown
41684600,r,keydown
41685400,z,keydown
41685600,a,keydown
41685800, ,keydown
41686000,p,keydown
41686400,a,keydown
41686700,r,keydown
41687000,o,keydown
41687100,l,keydown
41687500,a,keydown
41690400,d,keydown
41690800,i,keydown
41691000, ,keydown
41691400,w,keydown
41691800,Backspace,keydown
41692200,q,keydown
41692700,u,keydown
41693100,e,keydown
41693600,s,keydown
41693900,t,keydown
41694100,e,keydown
41694300, ,keydown
41696700,Backspace,keydown
41697400,Backspace,keydown
41698000,a,keydown
41698200, ,keydown
41698700,n,keydown
41698900,o,keydown
41699200,t,keydown
41699400,a,keydown
41699600, ,keydown
41699800,#,keydown
41700400,c,keydown
41700700,i,keydown
41701200,Backspace,keydown
41701500,o,keydown
41701700,n,keydown
41702000,t,keydown
41702400,i,keydown
41702800,n,keydown
41703000,u,keydown
41703200,i,keydown
41703700,a,keydown
41704200,m,keydown
41704400,o,keydown
41704500, ,keydown
41704800,a,keydown
41705000, ,keydown
41705200,c,keydown
41705700,h,keydown
41706000,i,keydown
41706300,a,keydown
41706600,m,keydown
41706900,a,keydown
41707400,r,keydown
41707800,l,keydown
41708100,a,keydown
41708300, ,keydown
41708500,c,keydown
41708800,o,keydown
41709800,Backspace,keydown
41710600,Backspace,keydown
41710800,Backspace,keydown
41710900,Backspace,keydown
41711900,e,keydown
41712200,Enter,keydown
41712500,c,keydown
41712900,o,keydown
41713100,s,keydown
41713500,i,keydown
41714000,#,keydown
41717900,#,keydown
41718200, ,keydown
41719400,e,keydown
41719700,r,keydown
41719800,a,keydown
41720100, ,keydown
41722200,#,keydown
41722700,n,keydown
41723000,o,keydown
41723300,n,keydown
41723700,#,keydown
41723900, ,keydown
41724200,e,keydown
41724400, ,keydown
41724800,n,keydown
41725100,o,keydown
41725400,n,keydown
41725600, ,keydown
41725900,#,keydown
41726400,n,keydown
41726600,o,keydown
41727200,#,keydown
41728000,",",keydown
41728300, ,keydown
41738100,i,keydown
41738400,n,keydown
41738600,o,keydown
41738800,l,keydown
41739100,t,keydown
41739400,r,keydown
41739500,e,keydown
41739700, ,keydown
41740100,l,keydown
41740500,a,keydown
41740700, ,keydown
41741100,t,keydown
41741300,e,keydown
41741500,r,keydown
41741700,z,keydown
41741800,a,keydown
41742000, ,keydown
41742700,p,keydown
41743000,a,keydown
41743300,r,keydown
41743800,o,keydown
41743900,l,keydown
41744200,a,keydown
41744400, ,keydown
41744600,f,keydown
41745000,Backspace,keydown
41745400,d,keydown
41745700,i,keydown
41745900, ,keydown
41746800,q,keydown
41747300,u,keydown
41747500,e,keydown
41747700,s,keydown
41748100,t,keydown
41748500,o,keydown
41748700, ,keydown
41749200,i,keydown
41749500,n,keydown
41749800,t,keydown
41750000,e,keydown
41750200,r,keydown
41750300,r,keydown
41751000,u,keydown
41751200,p,keydown
41751800,t,keydown
41754600,Enter,keydown
41755700,#,keydown
41756000,a,keydown
41756600,n,keydown
41756900,z,keydown
41757200,i,keydown
41757400, ,keydown
41757800,#,keydown
41758100,i,keydown
41758400,n,keydown
41758800,t,keydown
41758900,e,keydown
41759200,r,keydown
41759300,r,keydown
41759700,u,keydown
41760000,p,keydown
41760300,t,keydown
41760900,#,keydown
41762300,#,keydown
41762500, ,keydown
41765000,d,keydown
41767300,Backspace,keydown
41769300,e,keydown
41769800,#,keydown
41770000, ,keydown
41770200,l,keydown
41770600,a,keydown
41770800, ,keydown
41772100,c,keydown
41772400,o,keydown
41772900,n,keydown
41773300,c,keydown
41773600,a,keydown
41774100,t,keydown
41774700,e,keydown
41775100,n,keydown
41775400,a,keydown
41775500,z,keydown
41775800,i,keydown
41776100,o,keydown
41776200,n,keydown
41776600,e,keydown
41776700, ,keydown
41776900,d,keydown
41777300,i,keydown
41777500, ,keydown
41777700,d,keydown
41778000,u,keydown
41778400,e,keydown
41778600, ,keydown
41779000,p,keydown
41779000,#,keydown
41779400,a,keydown
41779700,r,keydown
41780000,o,keydown
41780200,l,keydown
41780600,e,keydown
41780800, ,keydown
41781000,d,keydown
41781300,i,keydown
41781600,s,keydown
41781900,t,keydown
41782300,i,keydown
41782500,n,keydown
41782700,t,keydown
41783000,e,keydown
41783600,#,keydown
41783700, ,keydown
41784600,#,keydown
41784900,p,keydown
41790500,a,keydown
41790900,p,keydown
41792100,Backspace,keydown
41793100,r,keydown
41793400,o,keydown
41793600,l,keydown
41794300,a,keydown
41795000,#,keydown
41795500,Backspace,keydown
41795800,#,keydown
41796400,Enter,keydown
41797100,e,keydown
41797300, ,keydown
41798400,#,keydown
41798900,d,keydown
41799400,i,keydown
41799900,#,keydown
41802100, ,keydown
41802800,-,keydown
41803100, ,keydown
41803900,f,keydown
41804300,i,keydown
41804600,n,keydown
41804900,e,keydown
41805000, ,keydown
41805200,i,keydown
41805500,n,keydown
41805700,t,keydown
41806000,e,keydown
41806100,r,keydown
41806300,r,keydown
41806700,u,keydown
41807000,p,keydown
41807500,t,keydown
41820000, ,keydown
41822200,s,keydown
41822400,e,keydown
41822600,c,keydown
41823000,o,keydown
41823300,n,keydown
41823600,d,keydown
41823900,o,keydown
41824200, ,keydown
41824300,m,keydown
41824600,e,keydown
41824800, ,keydown
41825400,l,keydown
41825800,e,keydown
41825900, ,keydown
41826300,1,keydown
41827000,0,keydown
41827800,#,keydown
41829900, ,keydown
41830600,#,keydown
41831100,Backspace,keydown
41831300,#,keydown
41831900,1,keydown
41831900,1,keydown
41833400,Backspace,keydown
41833500,Backspace,keydown
41833700,Backspace,keydown
41834300,Backspace,keydown
41834400,Backspace,keydown
41834600, ,keydown
41836200,#,keydown
41836600,1,keydown
41838500,1,keydown
41839600,#,keydown
41839900, ,keydown
41840300,q,keydown
41840600,u,keydown
41840900,a,keydown
41841400,b,keydown
41841700,Backspace,keydown
41842300,d,keydown
41842400,e,keydown
41842600, ,keydown
41843200,Backspace,keydown
41843400,Backspace,keydown
41844000,Backspace,keydown
41844300,t,keydown
41844600,e,keydown
41844800, ,keydown
41845000,a,keydown
41845200,c,keydown
41845300,c,keydown
41845600,i,keydown
41845800,p,keydown
41846100,i,keydown
41846400,c,keydown
41847300,h,keydown
41847500,i,keydown
41847900,a,keydown
41848800,Backspace,keydown
41849000,Backspace,keydown
41849200,Backspace,keydown
41850000,c,keydown
41850300,h,keydown
41850600,i,keydown
41850800,a,keydown
41851000, ,keydown
41851100,s,keydown
41851600,o,keydown
41851800,n,keydown
41852100,o,keydown
41853500, ,keydown
41855800,Enter,keydown
41857900,l,keydown
41858300,e,keydown
41858500, ,keydown
41858800,v,keydown
41859000,o,keydown
41859200,l,keydown
41859500,t,keydown
41859800,e,keydown
41865000,Backspace,keydown
41865100,Backspace,keydown
41865200,Backspace,keydown
41865400,Backspace,keydown
41865500,Backspace,keydown
41865700,Backspace,keydown
41866500,#,keydown
41866700, ,keydown
41867700,v,keydown
41868000,o,keydown
41868100,l,keydown
41868400,t,keydown
41868600,e,keydown
41868800, ,keydown
41869000,c,keydown
41869300,h,keydown
41869500,e,keydown
41869700, ,keydown
41869800,d,keydown
41870200,e,keydown
41870600,v,keydown
41871000,o,keydown
41871100, ,keydown
41871600,f,keydown
41871800,a,keydown
41872000,r,keydown
41872200,e,keydown
41872300, ,keydown
41872900,c,keydown
41873600,o,keydown
41874000,d,keydown
41874100,e,keydown
41874300,s,keydown
41874600,t,keydown
41875100,o,keydown
41875300, ,keydown
41876200,#,keydown
41876500,p,keydown
41876900,e,keydown
41877000,r,keydown
41877100,c,keydown
41877400,h,keydown
41877700,e,keydown
41878100,#,keydown
41878400, ,keydown
41878600,e,keydown
41878800, ,keydown
41879100,p,keydown
41879400,i,keydown
41879700,u,keydown
41880300,#,keydown
41880400, ,keydown
41881100,v,keydown
41881300,i,keydown
41881700,c,keydown
41882000,i,keydown
41882300,n,keydown
41882500,o,keydown
41884100, ,keydown
41884600,a,keydown
41884800, ,keydown
41885000,t,keydown
41885200,e,keydown
41885400, ,keydown
41885600,c,keydown
41885800,h,keydown
41886000,e,keydown
41886200, ,keydown
41886800,m,keydown
41887200,e,keydown
41887700,#,keydown
41889200,Enter,keydown
41892400,#,keydown
41892700,e,keydown
41893300,#,keydown
41893600,s,keydown
41894100,p,keydown
41894600,e,keydown
41894700,r,keydown
41895100,i,keydown
41895300,m,keydown
41895600,e,keydown
41896000,n,keydown
41896400,t,keydown
41896800,o,keydown
41917100, ,keydown
41919800,d,keydown
41920100,o,keydown
41920500,v,keydown
41920700,r,keydown
41920900,e,keydown
41921200,b,keydown
41921400,b,keydown
41921600,e,keydown
41921800,r,keydown
41922500,o,keydown
41922800, ,keydown
41923000,#,keydown
41923600,o,keydown
41923900,s,keydown
41924000,e,keydown
41924500,r,keydown
41924700,e,keydown
41925000,i,keydown
41925200, ,keydown
41925500,d,keydown
41925900,i,keydown
41926300,e,keydown
41926600, ,keydown
41928500,s,keydown
41928800,o,keydown
41929200,n,keydown
41929400,o,keydown
41929700,",",keydown
41929800, ,keydown
41930200,d,keydown
41930300,e,keydown
41930700,v,keydown
41931000,o,keydown
41931400,n,keydown
41932200,o,keydown
41932700,",",keydown
41932900, ,keydown
41934400,v,keydown
41934900,o,keydown
41935200,g,keydown
41935500,l,keydown
41935700,i,keydown
41936000,o,keydown
41936200, ,keydown
41936700,c,keydown
41937000,h,keydown
41937200,e,keydown
41938100,Enter,keydown
41939600,e,keydown
41940200,s,keydown
41940400,s,keydown
41940600,e,keydown
41940700, ,keydown
41941200,s,keydown
41941400,i,keydown
41941700,a,keydown
41942300,n,keydown
41942500,o,keydown
41942800,",",keydown
41943100, ,keydown
41943400,f,keydown
41943800,o,keydown
41944000,r,keydown
41944200,t,keydown
41944600,i,keydown
41944900,s,keydown
41945000,s,keydown
41945300,i,keydown
41945600,m,keydown
41945900,a,keydown
41946100,n,keydown
41946500,t,keydown
41946700,e,keydown
41946800, ,keydown
41947300,v,keydown
41947500,o,keydown
41947900,g,keydown
41948100,l,keydown
41948500,i,keydown
41948600,o,keydown
41949100,.,keydown
41949200,.,keydown
41949400,.,keydown
41950400, ,keydown
41951400,l,keydown
41951500,#,keydown
41952100,e,keydown
41952300,r,keydown
41953200,b,keydown
41953500,a,keydown
41953600, ,keydown
41953800,v,keydown
41954100,o,keydown
41954400,g,keydown
41954700,l,keydown
41954900,i,keydown
41955000,o,keydown
41955300, ,keydown
41955400,n,keydown
41955800,n,keydown
41956100, ,keydown
41956200,c,keydown
41956800,#,keydown
41957200,e,keydown
41957500, ,keydown
41957800,n,keydown
41958200,e,keydown
41959700,Backspace,keydown
41959900,Backspace,keydown
41960100,Backspace,keydown
41960700,#,keydown
41962600,n,keydown
41962900,e,keydown
41963300,p,keydown
41963400,p,keydown
41963800,u,keydown
41964200,r,keydown
41965500,.,keydown
41965800,.,keydown
41965900,.,keydown
41968000,Enter,keydown
41968400,l,keydown
41968700,o,keydown
41968800, ,keydown
41969100,s,keydown
41969300,a,keydown
41969600,i,keydown
41969800, ,keydown
41970000,c,keydown
41970400,i,keydown
41971300,Backspace,keydown
41972000,o,keydown
41972300,s,keydown
41972500,a,keydown
41972600, ,keydown
41974400,u,keydown
41974700,o,keydown
41974800,i,keydown
41975100, ,keydown
41975700,Backspace,keydown
41975900,Backspace,keydown
41976100,Backspace,keydown
41976100,Backspace,keydown
41976700,p,keydown
41977200,u,keydown
41977400,o,keydown
41977500,i,keydown
41977700, ,keydown
41978200,f,keydown
41978500,a,keydown
41978700,r,keydown
41978800,c,keydown
41979100,i,keydown
41979400, ,keydown
41979600,c,keydown
41980000,o,keydown
41980300,n,keydown
41980500, ,keydown
41980600,l,keydown
41981100,a,keydown
41981200, ,keydown
41981500,t,keydown
41981900,u,keydown
41982300,r,keydown
41982400, ,keydown
41982700,e,keydown
41983400,r,keydown
41984000,b,keydown
41984200,a,keydown
41984500, ,keydown
41985200,v,keydown
41987700,.,keydown
41987800,.,keydown
41988500,.,keydown
41989300,#,keydown
41989500, ,keydown
41999600,r,keydown
42004200, ,keydown
42016200,o,keydown
42020400,e,keydown
42020600,s,keydown
42020700,s,keydown
42020900,e,keydown
42021000,r,keydown
42021300,e,keydown
42021400, ,keydown
42021900,#,keydown
42022300,d,keydown
42022600,a,keydown
42022800, ,keydown
42023300,u,keydown
42023400,n,keydown
42023600, ,keydown
42024000,p,keydown
42024300,e,keydown
42024500,z,keydown
42024600,z,keydown
42025000,o,keydown
42026500,#,keydown
42029600,Enter,keydown
42030900,t,keydown
42031200,r,keydown
42031400,a,keydown
42031600,s,keydown
42031800,c,keydown
42032100,o,keydown
42032600,r,keydown
42032800,s,keydown
42033000,e,keydown
42033700,.,keydown
42033900, ,keydown
42035900,h,keydown
42036200,a,keydown
42036400, ,keydown
42036700,p,keydown
42036800,o,keydown
42037000,c,keydown
42037400,o,keydown
42037500, ,keydown
42037800,d,keydown
42038000,a,keydown
42038200, ,keydown
42038500,d,keydown
42038800,i,keydown
42039200,r,keydown
42039300,e,keydown
42039500, ,keydown
42040200,m,keydown
42040600,a,keydown
42040900,t,keydown
42041100,t,keydown
42041300,e,keydown
42041600,o,keydown
42041800, ,keydown
42042100,c,keydown
42042300,h,keydown
42042600,e,keydown
42042700, ,keydown
42043000,s,keydown
42043700,e,keydown
42043800, ,keydown
42044200,l,keydown
42044300,o,keydown
42044600, ,keydown
42044800,f,keydown
42045000,a,keydown
42045300,c,keydown
42045400,c,keydown
42045700,i,keydown
42045900,o,keydown
42046000, ,keydown
42046400,u,keydown
42046500,n,keydown
42046900,a,keydown
42047100, ,keydown
42047300,v,keydown
42047700,o,keydown
42047900,l,keydown
42048200,t,keydown
42048400,a,keydown
42048600, ,keydown
42048700,a,keydown
42049000,l,keydown
42049200, ,keydown
42049500,m,keydown
42050100,e,keydown
42050300,s,keydown
42050500,e,keydown
42050600, ,keydown
42052000,Enter,keydown
42052900,a,keydown
42053200,l,keydown
42053300,l,keydown
42053500,o,keydown
42053900,r,keydown
42054100,a,keydown
42054300, ,keydown
42054500,c,keydown
42055000,i,keydown
42055100, ,keydown
42055400,m,keydown
42055700,e,keydown
42055900,t,keydown
42056000,t,keydown
42056400,o,keydown
42056600, ,keydown
42060500,u,keydown
42060600,n,keydown
42060800, ,keydown
42061100,a,keydown
42061800,n,keydown
42061900,n,keydown
42062200,o,keydown
42062600, ,keydown
42122200,#,keydown
42122700,a,keydown
42123300,n,keydown
42123600,z,keydown
42124200,i,keydown
42124500, ,keydown
42125500,t,keydown
42125800,u,keydown
42126100,t,keydown
42126200,t,keydown
42126800,o,keydown
42147800,Backspace,keydown
42147900,Backspace,keydown
42148100,Backspace,keydown
42148200,Backspace,keydown
42148200,Backspace,keydown
42148400,Backspace,keydown
42149000, ,keydown
42149600,p,keydown
42149900,i,keydown
42150000,u,keydown
42150400,#,keydown
42150600, ,keydown
42150900,d,keydown
42151200,i,keydown
42151400, ,keydown
42151700,a,keydown
42152100,n,keydown
42152200,n,keydown
42152600,o,keydown
42154300,",",keydown
42154400, ,keydown
42154700,c,keydown
42155100,o,keydown
42155400,n,keydown
42155700,t,keydown
42156000,a,keydown
42156800,n,keydown
42157200,d,keydown
42157500,o,keydown
42157900,",",keydown
42158000, ,keydown
42158500,a,keydown
42159000,n,keydown
42159300,z,keydown
42159700,i,keydown
42159900, ,keydown
42160300,e,keydown
42160400,s,keydown
42160700,c,keydown
42161100,l,keydown
42161300,u,keydown
42163300,d,keydown
42163600,e,keydown
42163800,n,keydown
42164400,d,keydown
42164800,o,keydown
42166500,",",keydown
42166900,Enter,keydown
42173900,n,keydown
42174200,a,keydown
42174700,t,keydown
42174900,a,keydown
42175200,l,keydown
42175600,e,keydown
42175800, ,keydown
42175900,e,keydown
42176100, ,keydown
42176900,p,keydown
42177200,a,keydown
42177400,s,keydown
42177900,q,keydown
42178400,u,keydown
42178700,a,keydown
42236900,",",keydown
42237600,Backspace,keydown
42238800,.,keydown
42238900,.,keydown
42239100,.,keydown
42239600, ,keydown
42240300,c,keydown
42240700,o,keydown
42241100,n,keydown
42241600,t,keydown
42241800,a,keydown
42242300,n,keydown
42242500,d,keydown
42242900,o,keydown
42243100, ,keydown
42243200,o,keydown
42243400, ,keydown
42243700,e,keydown
42243900,s,keydown
42244200,c,keydown
42244600,l,keydown
42245000,u,keydown
42245300,d,keydown
42245400,e,keydown
42246100,n,keydown
42246600,d,keydown
42247200,o,keydown
42249200,#,keydown
42249500, ,keydown
42250300,f,keydown
42250600,a,keydown
42251000,i,keydown
42251100, ,keydown
42251400,t,keydown
42252100,u,keydown
42253200,.,keydown
42253300,.,keydown
42253500,.,keydown
42257300,#,keydown
42258200,.,keydown
42258400, ,keydown
42259200,f,keydown
42259700,i,keydown
42259900,n,keydown
42260300,e,keydown
42261000,#,keydown
42261100,#,keydown
42261200,#,keydown
42261500,#,keydown
42261600,#,keydown
42261800,#,keydown
