timestamp,key,type
2927800,Backspace,keydown
2927800,Backspace,keydown
2927800,Backspace,keydown
2927800,Backspace,keydown
2927800,Backspace,keydown
2927800,Backspace,keydown
2927800,Backspace,keydown
2927800,Backspace,keydown
2927800,c,keydown
2928000,i,keydown
2928100,a,keydown
2928200,o,keydown
2928500,#,keydown
2928600, ,keydown
2929600,h,keydown
2929800,o,keydown
2929900, ,keydown
2930300,f,keydown
2930500,i,keydown
2930600,n,keydown
2930700,i,keydown
2930900,t,keydown
2931000,o,keydown
2931100, ,keydown
2931300,l,keydown
2931400,e,keydown
2931700,z,keydown
2931900,i,keydown
2932100,o,keydown
2932300,n,keydown
2932400,e,keydown
2932600, ,keydown
2932700,e,keydown
2932900, ,keydown
2933800,o,keydown
2933900,r,keydown
2934100,a,keydown
2934300, ,keydown
2934500,m,keydown
2934600,i,keydown
2934800, ,keydown
2935000,a,keydown
2935200,p,keydown
2935300,p,keydown
2935500,r,keydown
2935600,e,keydown
2936000,s,keydown
2936300,t,keydown
2936400,o,keydown
2936400, ,keydown
2936700,a,keydown
2938800, ,keydown
2939000,f,keydown
2939200,a,keydown
2939700,r,keydown
2939900,e,keydown
2940000, ,keydown
2940400,l,keydown
2940400,e,keydown
2940600, ,keydown
2941200,d,keydown
2941300,i,keydown
2941600,s,keydown
2941900,Backspace,keydown
2942100,m,keydown
2942300,o,keydown
2942400,s,keydown
2942500,t,keydown
2942800,r,keydown
2943100,a,keydown
2943400,z,keydown
2943500,i,keydown
2943600,o,keydown
2943800,n,keydown
2943900,e,keydown
2944000, ,keydown
2944500,Backspace,keydown
2944900,i,keydown
2945800,Backspace,keydown
2946000,Backspace,keydown
2946300,i,keydown
2946400, ,keydown
2946800,p,keydown
2946900,e,keydown
2947100,r,keydown
2947200, ,keydown
2947500,l,keydown
2947900,#,keydown
2948000,a,keydown
2948300,r,keydown
2948500,t,keydown
2948600,i,keydown
2948800,c,keydown
2948900,o,keydown
2949100,l,keydown
2949200,o,keydown
2949300, ,keydown
2949600,c,keydown
2949700,h,keydown
2949900,e,keydown
2949900, ,keydown
2951500,s,keydown
2951700,t,keydown
2952000,i,keydown
2952100,a,keydown
2952200,m,keydown
2952500,o,keydown
2952700, ,keydown
2952800,s,keydown
2953000,c,keydown
2953300,r,keydown
2953500,i,keydown
2953500,v,keydown
2953700,e,keydown
2953800,n,keydown
2953900,t,keydown
2954400,Backspace,keydown
2954600,d,keydown
2954700,o,keydown
2954900, ,keydown
2955600,c,keydown
2955800,o,keydown
2956000,n,keydown
2956900,Backspace,keydown
2957200,Backspace,keydown
2957300,Backspace,keydown
2958100,i,keydown
2958300,o,keydown
2958300, ,keydown
2958600,e,keydown
2958800, ,keydown
2959200,v,keydown
2959400,i,keydown
2959600,v,keydown
2959700,i,keydown
2959900,a,keydown
2960100,n,keydown
2960800,a,keydown
2961100, ,keydown
2961200,c,keydown
2961300,o,keydown
2961500,n,keydown
2961700, ,keydown
2962200,a,keydown
2962400,l,keydown
2962600,b,keydown
2962800,e,keydown
2963000,r,keydown
2963100,t,keydown
2963300,o,keydown
2963400, ,keydown
2963600,e,keydown
2963700, ,keydown
2964100,l,keydown
2964200,a,keydown
2964300,u,keydown
2964400,r,keydown
2964700,a,keydown
2965000,#,keydown
2965200, ,keydown
2965700,o,keydown
2966400,r,keydown
2966600,a,keydown
2966800,m,keydown
2966900,a,keydown
2967100,i,keydown
2967300, ,keydown
2967500,s,keydown
2967600,o,keydown
2967700,n,keydown
2967900,o,keydown
2968000, ,keydown
2968400,c,keydown
2968600,i,keydown
2968700,r,keydown
2969100,c,keydown
2969300,a,keydown
2969400, ,keydown
2970500,t,keydown
2970900,r,keydown
2971200,e,keydown
2971300, ,keydown
2971500,a,keydown
2971700,n,keydown
2971800,n,keydown
2972000,i,keydown
2972100, ,keydown
2973000,c,keydown
2973100,h,keydown
2973300,e,keydown
2973400, ,keydown
2973500,s,keydown
2973800,t,keydown
2973900,i,keydown
2974100,a,keydown
2974200,m,keydown
2974400,o,keydown
2974500, ,keydown
2974900,c,keydown
2975500,e,keydown
2975600,r,keydown
2975900,c,keydown
2976100,a,keydown
2976200,n,keydown
2976200,d,keydown
2976400,o,keydown
2976500, ,keydown
2976700,d,keydown
2976900,i,keydown
2977000, ,keydown
2977300,c,keydown
2977500,o,keydown
2977700,n,keydown
2977900,c,keydown
2978000,l,keydown
2978100,u,keydown
2978800,d,keydown
2979100,e,keydown
2979200,r,keydown
2979400,e,keydown
2979500, ,keydown
2979800,q,keydown
2980000,u,keydown
2980100,e,keydown
2980400,s,keydown
2980600,t,keydown
2980700,o,keydown
2980700, ,keydown
2980900,a,keydown
2981100,r,keydown
2981300,t,keydown
2981500,i,keydown
2981700,c,keydown
2981700,o,keydown
2981900,l,keydown
2982200,o,keydown
2982200, ,keydown
2983100,e,keydown
2983300, ,keydown
2983500,n,keydown
2983700,o,keydown
2983800,n,keydown
2983900, ,keydown
2984800,r,keydown
2984900,i,keydown
2985600,u,keydown
2985800,s,keydown
2986000,c,keydown
2986100,i,keydown
2986300,a,keydown
2986400,m,keydown
2986600,o,keydown
2986700, ,keydown
2987000,m,keydown
2987200,a,keydown
2987300,i,keydown
2987400, ,keydown
2987700,a,keydown
2987900,d,keydown
2988100, ,keydown
2988300,a,keydown
2988500,n,keydown
2988600,d,keydown
2989000,a,keydown
2989300,r,keydown
2989500,e,keydown
2989700, ,keydown
2989800,a,keydown
2990200,v,keydown
2990300,a,keydown
2990400,n,keydown
2990600,t,keydown
2990700,i,keydown
2990900, ,keydown
2991000,p,keydown
2991100,e,keydown
2991300,r,keydown
2991400, ,keydown
2991600,u,keydown
2991700,n,keydown
2991900, ,keydown
2992200,m,keydown
2992400,o,keydown
2992500,t,keydown
2992700,i,keydown
2992900,v,keydown
2992900,o,keydown
2993100, ,keydown
2993400,o,keydown
2993500, ,keydown
2993700,l,keydown
2994200,#,keydown
2994500,a,keydown
2994500,l,keydown
2994600,t,keydown
2994900,r,keydown
2995000,o,keydown
2995300,#,keydown
2996100, ,keydown
2996400,c,keydown
2996700,h,keydown
2996800,i,keydown
2996900,s,keydown
2997100,s,keydown
2997400,a,keydown
2997600,#,keydown
2997800, ,keydown
2998500,q,keydown
2998800,u,keydown
2998900,a,keydown
2999100,n,keydown
2999400,d,keydown
2999600,o,keydown
2999700, ,keydown
2999900,l,keydown
3000100,o,keydown
3000300, ,keydown
3000400,v,keydown
3000600,i,keydown
3001000,Backspace,keydown
3001200,Backspace,keydown
3001500,f,keydown
3001700,i,keydown
3002100,n,keydown
3002300,i,keydown
3002600,r,keydown
3002900,e,keydown
3003700,m,keydown
3003900,o,keydown
3004700,#,keydown
3004800, ,keydown
3005300,f,keydown
3005500,o,keydown
3005600,r,keydown
3005800,s,keydown
3005900,e,keydown
3006100, ,keydown
3006200,m,keydown
3006300,a,keydown
3006500,i,keydown
3006900,#,keydown
3007200,Enter,keydown
3008100,c,keydown
3008300,e,keydown
3008400,r,keydown
3008700,t,keydown
3008900,o,keydown
3008900, ,keydown
3009000,c,keydown
3009200,h,keydown
3009300,e,keydown
3009400, ,keydown
3010400,n,keydown
3010500,o,keydown
3010700,n,keydown
3010800, ,keydown
3011000,e,keydown
3011300,#,keydown
3011500, ,keydown
3011700,m,keydown
3011800,a,keydown
3011900,l,keydown
3012200,e,keydown
3012300, ,keydown
3012400,s,keydown
3012600,c,keydown
3012900,r,keydown
3013000,i,keydown
3013200,v,keydown
3013400,e,keydown
3013600,r,keydown
3013700,e,keydown
3013800, ,keydown
3014300,q,keydown
3014400,u,keydown
3014500,e,keydown
3014700,s,keydown
3014800,t,keydown
3015000,e,keydown
3015200, ,keydown
3015200,d,keydown
3015400,i,keydown
3015600,m,keydown
3015800,o,keydown
3016000,s,keydown
3016200,t,keydown
3016400,r,keydown
3016600,a,keydown
3016900,z,keydown
3017200,i,keydown
3017300,o,keydown
3017500,n,keydown
3017700,i,keydown
3019300,#,keydown
3019400, ,keydown
3020900,p,keydown
3021100,r,keydown
3021200,i,keydown
3021300,m,keydown
3021500,a,keydown
3021600, ,keydown
3021900,n,keydown
3022800,Backspace,keydown
3024800,n,keydown
3024900,e,keydown
3025100, ,keydown
3025400,f,keydown
3025500,a,keydown
3025700,c,keydown
3025900,e,keydown
3026200,v,keydown
3026400,o,keydown
3026600, ,keydown
3031100,p,keydown
3032100,Backspace,keydown
3032300,Backspace,keydown
3032500,Backspace,keydown
3032700,Backspace,keydown
3033200,Backspace,keydown
3033500,Backspace,keydown
3033700,Backspace,keydown
3033800,Backspace,keydown
3034200,s,keydown
3035700,c,keydown
3036400,r,keydown
3036600,i,keydown
3036700,v,keydown
3036800,e,keydown
3037100,v,keydown
3037400,o,keydown
3037500, ,keydown
3037700,p,keydown
3037800,i,keydown
3038000,u,keydown
3038200,#,keydown
3038400, ,keydown
3038600,s,keydown
3038900,p,keydown
3039200,e,keydown
3039400,s,keydown
3039600,s,keydown
3039700,o,keydown
3039900, ,keydown
3040000,i,keydown
3040200,n,keydown
3040600,v,keydown
3040800,e,keydown
3041200,c,keydown
3041400,e,keydown
3041600, ,keydown
3041900,u,keydown
3042000,l,keydown
3042200,t,keydown
3042400,i,keydown
3042500,m,keydown
3042800,a,keydown
3043000,m,keydown
3043500,e,keydown
3043700,n,keydown
3043900,t,keydown
3044100,e,keydown
3044200, ,keydown
3044600,m,keydown
3044900,o,keydown
3045100,l,keydown
3045200,t,keydown
3045400,e,keydown
3045400, ,keydown
3045900,m,keydown
3046000,e,keydown
3046100,n,keydown
3046200,o,keydown
3046500,#,keydown
3046800, ,keydown
3048200,Enter,keydown
3048800,c,keydown
3049000,h,keydown
3049100,i,keydown
3049300,s,keydown
3049500,s,keydown
3049600,a,keydown
3050000,#,keydown
3050100, ,keydown
3050600,l,keydown
3050700,a,keydown
3050900,u,keydown
3051100,r,keydown
3051300,a,keydown
3051400, ,keydown
3051600,s,keydown
3051900,e,keydown
3052000, ,keydown
3052200,a,keydown
3052500,v,keydown
3052700,r,keydown
3052900,a,keydown
3053300,#,keydown
3053600, ,keydown
3053800,u,keydown
3054000,n,keydown
3054100, ,keydown
3054300,p,keydown
3054500,o,keydown
3054900,#,keydown
3055100, ,keydown
3055200,d,keydown
3055400,i,keydown
3055600, ,keydown
3056100,t,keydown
3056200,e,keydown
3056400,m,keydown
3056600,p,keydown
3056800,o,keydown
3056900, ,keydown
3057200,c,keydown
3057500,Backspace,keydown
3057900,p,keydown
3058000,e,keydown
3058200,r,keydown
3058300, ,keydown
3059500,c,keydown
3059700,o,keydown
3059800,m,keydown
3060100,p,keydown
3060200,l,keydown
3060400,e,keydown
3060600,t,keydown
3060800,a,keydown
3060900,r,keydown
3061100,e,keydown
3061200, ,keydown
3061500,i,keydown
3061600,l,keydown
3061800, ,keydown
3062000,l,keydown
3062200,a,keydown
3062400,v,keydown
3062600,o,keydown
3062900,r,keydown
3063000,o,keydown
3063100, ,keydown
3063300,c,keydown
3063400,o,keydown
3063600,n,keydown
3063800, ,keydown
3065600,l,keydown
3065800,a,keydown
3065800, ,keydown
3066100,s,keydown
3066100,u,keydown
3066400,a,keydown
3066600, ,keydown
3066900,d,keydown
3067000,i,keydown
3067100,m,keydown
3067300,o,keydown
3067400,s,keydown
3067600,t,keydown
3068000,r,keydown
3068200,a,keydown
3068500,z,keydown
3068600,i,keydown
3068800,o,keydown
3069000,n,keydown
3069100,e,keydown
3069200, ,keydown
3069700,l,keydown
3070100,Backspace,keydown
3070400,s,keydown
3070500,u,keydown
3070600,u,keydown
3071300,Backspace,keydown
3071400,l,keydown
3071600,l,keydown
3072300,#,keydown
3072500,u,keydown
3072700,n,keydown
3072900,i,keydown
3073100,c,keydown
3073300,i,keydown
3073600,t,keydown
3073800,a,keydown
3074100,#,keydown
3074200, ,keydown
3074500,d,keydown
3074700,e,keydown
3074800,l,keydown
3075000,l,keydown
3075600,a,keydown
3075800, ,keydown
3076000,s,keydown
3076100,o,keydown
3076300,l,keydown
3076700,u,keydown
3077400,z,keydown
3077600,i,keydown
3077600,o,keydown
3077800,n,keydown
3078000,e,keydown
3078100, ,keydown
3078300,a,keydown
3078900,b,keydown
3079100,d,keydown
3079300,u,keydown
3079500,t,keydown
3079600,t,keydown
3079900,i,keydown
3080000,v,keydown
3080200,a,keydown
3080500, ,keydown
3081700,c,keydown
3081900,h,keydown
3082000,e,keydown
3082100, ,keydown
3083000,a,keydown
3083100,v,keydown
3083300,e,keydown
3083500,v,keydown
3083800,a,keydown
3083900, ,keydown
3084100,d,keydown
3084400,e,keydown
3084500,t,keydown
3084700,t,keydown
3084900,o,keydown
3084900, ,keydown
3085100,d,keydown
3085200,i,keydown
3085300, ,keydown
3085500,a,keydown
3085700,v,keydown
3085900,e,keydown
3086100,r,keydown
3086300, ,keydown
3086500,f,keydown
3086700,a,keydown
3087000,t,keydown
3087100,t,keydown
3087100,o,keydown
3087200, ,keydown
3087400,c,keydown
3087800,Backspace,keydown
3088100,m,keydown
3088400,a,keydown
3088400, ,keydown
3088600,c,keydown
3088700,h,keydown
3088900,e,keydown
3089000, ,keydown
3089200,n,keydown
3089300,o,keydown
3089600,n,keydown
3089700, ,keydown
3090700,h,keydown
3090800,o,keydown
3090900, ,keydown
3091200,m,keydown
3091300,a,keydown
3091700,i,keydown
3091900, ,keydown
3092300,v,keydown
3092500,i,keydown
3092600,s,keydown
3092800,t,keydown
3092900,o,keydown
3093200,#,keydown
3093500,Enter,keydown
3096400,v,keydown
3096700,o,keydown
3096800,r,keydown
3096900,r,keydown
3097100,e,keydown
3097300,i,keydown
3097500, ,keydown
3097600,t,keydown
3097800,a,keydown
3097900,n,keydown
3098100,t,keydown
3098200,o,keydown
3098300, ,keydown
3098400,c,keydown
3098600,h,keydown
3098700,e,keydown
3098700, ,keydown
3100100,q,keydown
3100300,u,keydown
3100400,e,keydown
3100600,s,keydown
3100700,t,keydown
3100800,o,keydown
3101000, ,keydown
3101100,a,keydown
3101200,r,keydown
3101500,t,keydown
3101700,i,keydown
3101800,c,keydown
3102000,o,keydown
3102200,l,keydown
3102400,o,keydown
3102500, ,keydown
3103200,f,keydown
3103300,o,keydown
3103500,s,keydown
3103600,s,keydown
3103800,e,keydown
3104000, ,keydown
3104400,p,keydown
3104700,u,keydown
3104900,b,keydown
3105000,b,keydown
3105200,l,keydown
3105400,i,keydown
3105500,c,keydown
3105700,a,keydown
3105800,t,keydown
3105900,o,keydown
3106100, ,keydown
3106200,a,keydown
3106300,l,keydown
3106500, ,keydown
3106700,p,keydown
3106900,i,keydown
3107200,u,keydown
3107300,#,keydown
3107500, ,keydown
3107800,p,keydown
3108000,r,keydown
3108100,e,keydown
3108300,s,keydown
3108500,t,keydown
3108600,o,keydown
3108700, ,keydown
3108700,e,keydown
3109000, ,keydown
3109200,s,keydown
3109400,e,keydown
3109800,n,keydown
3110000,z,keydown
3110100,a,keydown
3110300, ,keydown
3110600,t,keydown
3110800,a,keydown
3110900,n,keydown
3111100,t,keydown
3111200,i,keydown
3111300, ,keydown
3111500,p,keydown
3111700,r,keydown
3111800,o,keydown
3112100,b,keydown
3112200,l,keydown
3112300,e,keydown
3112500,m,keydown
3112900,i,keydown
3113100,#,keydown
3113300, ,keydown
3114300,c,keydown
3114500,h,keydown
3114900,Backspace,keydown
3115100,r,keydown
3115300,e,keydown
3115500,d,keydown
3115600,o,keydown
3115800, ,keydown
3115900,c,keydown
3116000,h,keydown
3116200,e,keydown
3116200, ,keydown
3118500,s,keydown
3118800,a,keydown
3119000,r,keydown
3119100,e,keydown
3119300,b,keydown
3119500,b,keydown
3119600,e,keydown
3119700, ,keydown
3120100,g,keydown
3120200,i,keydown
3120400,u,keydown
3120500,s,keydown
3120800,t,keydown
3120900,o,keydown
3121000, ,keydown
3121600,Backspace,keydown
3121800,#,keydown
3122000, ,keydown
3122700,g,keydown
3122800,l,keydown
3123000,i,keydown
3123400, ,keydown
3124400,a,keydown
3124600,l,keydown
3125100,t,keydown
3125200,r,keydown
3125300,i,keydown
3125500, ,keydown
3125600,a,keydown
3125900,Backspace,keydown
3126900,h,keydown
3127000,a,keydown
3127200,n,keydown
3127400,n,keydown
3127600,o,keydown
3127700, ,keydown
3128200,c,keydown
3128400,o,keydown
3128600,s,keydown
3128700,i,keydown
3128800,#,keydown
3129000, ,keydown
3129300,t,keydown
3129500,a,keydown
3129500,n,keydown
3129600,t,keydown
3129900,e,keydown
3129900, ,keydown
3130300,p,keydown
3130500,u,keydown
3130600,b,keydown
3130700,b,keydown
3130900,l,keydown
3131100,i,keydown
3131200,c,keydown
3131400,a,keydown
3131700,z,keydown
3131900,i,keydown
3132000,o,keydown
3132100,n,keydown
3132200,i,keydown
3132500,#,keydown
3132700,#,keydown
3132900,#,keydown
3133000,#,keydown
