timestamp,key,type
801300,Backspace,keydown
801300,Backspace,keydown
801300,Backspace,keydown
801300,Backspace,keydown
801300,Backspace,keydown
801300,Backspace,keydown
801300,Backspace,keydown
801300,Backspace,keydown
801300,c,keydown
801500,o,keydown
801600,n,keydown
801700,t,keydown
801900,i,keydown
802100,n,keydown
802300,u,keydown
802500,a,keydown
802700, ,keydown
803100,q,keydown
803200,u,keydown
803400,e,keydown
803600,s,keydown
803700,t,keydown
803800,o,keydown
804000, ,keydown
804200,e,keydown
804300,s,keydown
804500,p,keydown
804700,e,keydown
804900,r,keydown
805000,i,keydown
805200,m,keydown
805300,e,keydown
805400,n,keydown
805500,t,keydown
805600,o,keydown
806600,#,keydown
806700, ,keydown
807000,o,keydown
807100,g,keydown
807200,n,keydown
807500,o,keydown
808400,Backspace,keydown
808600,i,keydown
808900, ,keydown
809300,v,keydown
809500,o,keydown
809600,l,keydown
809700,t,keydown
809900,a,keydown
810000, ,keydown
810200,c,keydown
810300,h,keydown
810400,e,keydown
810500, ,keydown
810700,s,keydown
810800,c,keydown
811100,r,keydown
811300,i,keydown
811400,v,keydown
811500,o,keydown
811700, ,keydown
813000,i,keydown
813200,n,keydown
813400, ,keydown
813500,q,keydown
813700,u,keydown
813800,e,keydown
814000,s,keydown
814200,t,keydown
814300,o,keydown
814500, ,keydown
816300,f,keydown
816500,o,keydown
816700,r,keydown
816800,m,keydown
817000, ,keydown
817300,m,keydown
817400,i,keydown
817600, ,keydown
817800,c,keydown
817900,h,keydown
818100,i,keydown
818100,e,keydown
818400,d,keydown
818600,o,keydown
818800, ,keydown
820000,s,keydown
820200,e,keydown
820400, ,keydown
820500,i,keydown
820800,l,keydown
821000, ,keydown
821100,b,keydown
821300,a,keydown
821400,c,keydown
821700,k,keydown
823400,s,keydown
823700,p,keydown
824000,a,keydown
824300,v,keydown
824400,e,keydown
824800,Backspace,keydown
825000,c,keydown
825100,e,keydown
825600,Backspace,keydown
825800,Backspace,keydown
826000,Backspace,keydown
826200,c,keydown
826400,e,keydown
826500, ,keydown
827500,v,keydown
828600,i,keydown
828900,e,keydown
829300,n,keydown
829600,e,keydown
829700, ,keydown
829900,c,keydown
829900,o,keydown
830100,n,keydown
830500,s,keydown
830700,i,keydown
830800,d,keydown
831000,e,keydown
831200,r,keydown
831300,a,keydown
831500,t,keydown
831700,o,keydown
831900, ,keydown
832100,o,keydown
832400,p,keydown
832600,p,keydown
832800,u,keydown
833000,r,keydown
833100,e,keydown
833400, ,keydown
833800,n,keydown
834500,o,keydown
834700, ,keydown
835100,v,keydown
835200,i,keydown
835300,s,keydown
835500,t,keydown
835700,o,keydown
835700, ,keydown
836300,c,keydown
836500,h,keydown
836500,e,keydown
836700, ,keydown
836900,i,keydown
837000,o,keydown
837200, ,keydown
837400,l,keydown
837500,o,keydown
837700, ,keydown
838000,u,keydown
838100,s,keydown
838400,o,keydown
838600, ,keydown
838700,s,keydown
838900,p,keydown
840700,e,keydown
841000,s,keydown
841200,s,keydown
841500,i,keydown
841700,s,keydown
843200,s,keydown
844000,i,keydown
844300,m,keydown
844500,o,keydown
844900,#,keydown
845900,Enter,keydown
850100,f,keydown
850200,o,keydown
850400,r,keydown
850600,s,keydown
850700,e,keydown
850900, ,keydown
851000,s,keydown
851200,i,keydown
851300, ,keydown
851500,p,keydown
851700,r,keydown
851700,o,keydown
852000,t,keydown
852100,r,keydown
852300,e,keydown
852900,b,keydown
853100,b,keydown
853200,e,keydown
853400, ,keydown
853700,r,keydown
853800,i,keydown
854400,c,keydown
854600,o,keydown
854700,n,keydown
855000,o,keydown
855200,s,keydown
855400,c,keydown
855600,e,keydown
855800,r,keydown
856000,e,keydown
856100, ,keydown
858000,u,keydown
858200,n,keydown
858400,a,keydown
858600, ,keydown
858800,p,keydown
858900,e,keydown
859000,r,keydown
859200,s,keydown
859400,o,keydown
859600,n,keydown
859800,a,keydown
859800, ,keydown
860500,s,keydown
860600,o,keydown
860800,l,keydown
861000,o,keydown
861100, ,keydown
862400,d,keydown
862600,a,keydown
862700, ,keydown
863000,q,keydown
863100,u,keydown
863300,a,keydown
863400,n,keydown
863600,t,keydown
863700,o,keydown
863900, ,keydown
864100,u,keydown
864300,n,keydown
864700,Backspace,keydown
864800,s,keydown
865100,a,keydown
865300, ,keydown
866800,i,keydown
866900,l,keydown
867100, ,keydown
867500,b,keydown
867600,a,keydown
867800,c,keydown
868000,k,keydown
868500,s,keydown
868600,p,keydown
868900,a,keydown
869500,Backspace,keydown
869700,c,keydown
869900,e,keydown
870100, ,keydown
870500,Backspace,keydown
870700,Backspace,keydown
870800,Backspace,keydown
871100,a,keydown
871800,c,keydown
871900,e,keydown
872100, ,keydown
872200,e,keydown
872400, ,keydown
872600,c,keydown
872700,o,keydown
872900,m,keydown
873000,e,keydown
874400,#,keydown
874600, ,keydown
875000,u,keydown
875200,n,keydown
875400, ,keydown
875500,a,keydown
875600,l,keydown
875900,t,keydown
876100,r,keydown
876200,o,keydown
876300, ,keydown
876500,s,keydown
876600,u,keydown
877000,g,keydown
877200,g,keydown
877200,f,keydown
877800,Backspace,keydown
878300,g,keydown
878800,Backspace,keydown
878900,e,keydown
879500,r,keydown
879700,i,keydown
879800,m,keydown
880000,e,keydown
880200,n,keydown
880500,t,keydown
880600,o,keydown
880800, ,keydown
881000,p,keydown
881200,o,keydown
881900,t,keydown
882100,r,keydown
882300,e,keydown
882400,b,keydown
882600,b,keydown
882700,e,keydown
882900, ,keydown
883100,s,keydown
883400,Backspace,keydown
883600,e,keydown
883700,s,keydown
883900,s,keydown
884100,e,keydown
884200,r,keydown
884400,e,keydown
884500, ,keydown
884700,d,keydown
884900,a,keydown
885400,l,keydown
885500, ,keydown
885800,l,keydown
885900,i,keydown
886200,v,keydown
886600,e,keydown
886900,l,keydown
887000,l,keydown
887300,o,keydown
887500, ,keydown
887700,d,keydown
887900,i,keydown
888000, ,keydown
888600,e,keydown
888800,r,keydown
888900,r,keydown
889200,o,keydown
889400,r,keydown
889700,i,keydown
889900, ,keydown
891000,n,keydown
891100,e,keydown
891300,l,keydown
891500, ,keydown
892000,t,keydown
892100,e,keydown
892300,s,keydown
892600,t,keydown
892700,o,keydown
893100,#,keydown
893300, ,keydown
893500,a,keydown
893800,d,keydown
894100, ,keydown
894300,e,keydown
894500,s,keydown
894700,e,keydown
894800,m,keydown
895100,p,keydown
895200,i,keydown
895400,o,keydown
895500, ,keydown
895900,i,keydown
896000,o,keydown
896200, ,keydown
896600,r,keydown
896800,i,keydown
897000,c,keydown
897100,o,keydown
897300,n,keydown
897600,o,keydown
898100,s,keydown
898300,c,keydown
898400,e,keydown
898600,r,keydown
898800,e,keydown
899100,i,keydown
899200, ,keydown
899400,a,keydown
899500,l,keydown
899700,c,keydown
899900,u,keydown
900000,n,keydown
900200,e,keydown
900400, ,keydown
900600,m,keydown
900800,a,keydown
900900,i,keydown
901000,l,keydown
901200, ,keydown
902400,s,keydown
902500,o,keydown
902700,l,keydown
903000,o,keydown
903200, ,keydown
903600,d,keydown
903800,a,keydown
904000, ,keydown
904200,c,keydown
904300,o,keydown
904500,m,keydown
904800,e,keydown
908900,l,keydown
909100,#,keydown
909400,a,keydown
909600,u,keydown
909700,t,keydown
909900,o,keydown
910000,r,keydown
910100,e,keydown
910300, ,keydown
911000,d,keydown
911100,i,keydown
911300, ,keydown
913600, ,keydown
913800,q,keydown
914000,u,keydown
914100,e,keydown
914300,s,keydown
914400,t,keydown
914600,e,keydown
914800, ,keydown
915000,v,keydown
915200,e,keydown
915300,n,keydown
915400,g,keydown
915600,o,keydown
915700,n,keydown
915900,o,keydown
916000, ,keydown
916200,s,keydown
916300,c,keydown
916500,r,keydown
916700,i,keydown
917000,t,keydown
917100,t,keydown
917300,e,keydown
917700,#,keydown
918000, ,keydown
918600,v,keydown
918800,e,keydown
919100,d,keydown
919300,i,keydown
919500, ,keydown
920000,e,keydown
920100,s,keydown
920400,e,keydown
920700,m,keydown
922200,p,keydown
922500,i,keydown
922600,o,keydown
923000,#,keydown
923200,#,keydown
923300, ,keydown
924000,b,keydown
924100,e,keydown
924300,h,keydown
924600,#,keydown
924700, ,keydown
925100,f,keydown
925100,o,keydown
925300,r,keydown
925500,s,keydown
925600,e,keydown
925800, ,keydown
926000,e,keydown
927900,#,keydown
928200, ,keydown
929000,m,keydown
929100,e,keydown
929300,g,keydown
929500,l,keydown
929700,i,keydown
929900,o,keydown
930000, ,keydown
930200,n,keydown
930300,o,keydown
930500,n,keydown
930700, ,keydown
930900,f,keydown
931000,a,keydown
931200,r,keydown
931300,e,keydown
931500, ,keydown
931600,n,keydown
931700,o,keydown
932000,m,keydown
932200,i,keydown
932400, ,keydown
932700,i,keydown
932900,n,keydown
933000, ,keydown
933500,q,keydown
933700,u,keydown
933800,e,keydown
934000,s,keydown
934200,t,keydown
934300,o,keydown
934400, ,keydown
934600,f,keydown
934800,o,keydown
934900,r,keydown
935100,m,keydown
935400,#,keydown
936300,Enter,keydown
942500,a,keydown
942700,l,keydown
942900,t,keydown
943100,r,keydown
943200,a,keydown
943400, ,keydown
943500,c,keydown
943600,o,keydown
943700,s,keydown
943900,a,keydown
944100, ,keydown
944200,c,keydown
944300,h,keydown
944400,e,keydown
944500, ,keydown
944700,m,keydown
944900,i,keydown
945000, ,keydown
945200,c,keydown
945200,h,keydown
945300,i,keydown
945500,e,keydown
945600,d,keydown
945800,e,keydown
946500,Backspace,keydown
946600,v,keydown
947000,o,keydown
947700,Backspace,keydown
947800,Backspace,keydown
948000,Backspace,keydown
948800,d,keydown
948900,e,keydown
949500,v,keydown
949700,o,keydown
949900, ,keydown
950000,e,keydown
950300,#,keydown
950500, ,keydown
952200,i,keydown
953100,Backspace,keydown
955100,Backspace,keydown
955500,#,keydown
956700, ,keydown
956900,m,keydown
957100,a,keydown
957200, ,keydown
957600,q,keydown
957800,u,keydown
957900,a,keydown
958100,l,keydown
958200,e,keydown
958400, ,keydown
958900,e,keydown
959200,#,keydown
959300, ,keydown
959600,i,keydown
959700,l,keydown
959900, ,keydown
960100,s,keydown
960300,i,keydown
960400,g,keydown
960600,n,keydown
960700,i,keydown
961000,f,keydown
961100,i,keydown
961200,c,keydown
961400,a,keydown
961600,t,keydown
961800,o,keydown
961900, ,keydown
962100,d,keydown
962200,e,keydown
962500,i,keydown
962700, ,keydown
963300,n,keydown
963500,u,keydown
963700,m,keydown
963900,e,keydown
964100,r,keydown
964300,i,keydown
964700,l,keydown
964900,l,keydown
965100,i,keydown
965200, ,keydown
965700,c,keydown
965800,h,keydown
966000,e,keydown
966100, ,keydown
966200,e,keydown
966500,s,keydown
966700,c,keydown
966900,o,keydown
967100,n,keydown
967300,o,keydown
967500, ,keydown
967800,f,keydown
967900,u,keydown
968100,o,keydown
968300,r,keydown
968400,i,keydown
968600, ,keydown
969500,d,keydown
969700,o,keydown
969900,p,keydown
970000,o,keydown
970200, ,keydown
970400,c,keydown
970400,h,keydown
970600,e,keydown
970700, ,keydown
971100,h,keydown
971200,o,keydown
971500, ,keydown
971700,i,keydown
971800,n,keydown
972000,v,keydown
972200,i,keydown
972400,a,keydown
972500,t,keydown
972600,o,keydown
972800, ,keydown
973000,i,keydown
973100,l,keydown
973300, ,keydown
973400,f,keydown
973600,o,keydown
973800,r,keydown
974000,m,keydown
974400,#,keydown
978300, ,keydown
978800,c,keydown
979000,o,keydown
979100,m,keydown
979400,u,keydown
979600,n,keydown
979900,q,keydown
980100,u,keydown
980300,e,keydown
980400, ,keydown
980600,u,keydown
980800,n,keydown
981400,a,keydown
981600, ,keydown
982000,c,keydown
982200,o,keydown
982300,s,keydown
982500,a,keydown
982700, ,keydown
983000,l,keydown
983400,#,keydown
983800,h,keydown
984000,o,keydown
984100, ,keydown
984400,i,keydown
984500,m,keydown
984700,p,keydown
984900,a,keydown
985100,r,keydown
985200,a,keydown
985500,t,keydown
985700,a,keydown
986400,#,keydown
986600, ,keydown
987500,n,keydown
987700,o,keydown
987900,n,keydown
988100, ,keydown
988800,s,keydown
989000,a,keydown
989100,p,keydown
989300,e,keydown
989700,v,keydown
990000,o,keydown
990100, ,keydown
990300,c,keydown
990700,o,keydown
990900,m,keydown
991200,e,keydown
991300, ,keydown
991500,a,keydown
991700,l,keydown
991700,l,keydown
992000,e,keydown
992400,g,keydown
992500,a,keydown
992700,r,keydown
993000,e,keydown
993400, ,keydown
993500,u,keydown
993700,n,keydown
993800, ,keydown
994600,s,keydown
994800,o,keydown
994900,u,keydown
995200,r,keydown
995500,c,keydown
995700,e,keydown
996400, ,keydown
996800,d,keydown
996900,i,keydown
997100, ,keydown
997500,c,keydown
997700,o,keydown
997900,d,keydown
998100,i,keydown
998200,c,keydown
998400,e,keydown
998600, ,keydown
999000,j,keydown
999100,a,keydown
999300,v,keydown
999500,a,keydown
999600,s,keydown
999800,c,keydown
1000000,r,keydown
1000200,i,keydown
1000400,p,keydown
1000600,t,keydown
1000900, ,keydown
1001100,i,keydown
1001200,n,keydown
1001400, ,keydown
1001600,u,keydown
1001700,n,keydown
1001900, ,keydown
1002300,Backspace,keydown
1002500,a,keydown
1002700, ,keydown
1003300,p,keydown
1003500,a,keydown
1003600,g,keydown
1003700,i,keydown
1003900,n,keydown
1004100,a,keydown
1004300, ,keydown
1004600,w,keydown
1004800,e,keydown
1004900,b,keydown
1005200, ,keydown
1005300,e,keydown
1005500, ,keydown
1006200,g,keydown
1006300,u,keydown
1006400,a,keydown
1006700,r,keydown
1006900,d,keydown
1007100,a,keydown
1007400,n,keydown
1008000,d,keydown
1008100,o,keydown
1008200, ,keydown
1008400,i,keydown
1008600,l,keydown
1008900, ,keydown
1009600,s,keydown
1009800,o,keydown
1010000,u,keydown
1010100,r,keydown
1010300,d,keydown
1010800,Backspace,keydown
1011200,c,keydown
1011400,e,keydown
1011800, ,keydown
1012000,d,keydown
1012100,i,keydown
1012200, ,keydown
1013200,q,keydown
1013400,u,keydown
1013600,e,keydown
1013700,s,keydown
1013900,t,keydown
1014000,a,keydown
1014300, ,keydown
1015400, ,keydown
1015600,p,keydown
1015800,a,keydown
1016000,g,keydown
1016100,i,keydown
1016200,n,keydown
1016300,a,keydown
1016500, ,keydown
1016900,h,keydown
1017100,o,keydown
1017300, ,keydown
1017500,p,keydown
1017600,o,keydown
1018000,t,keydown
1018200,u,keydown
1018400,t,keydown
1018600,o,keydown
1018700, ,keydown
1018900,i,keydown
1019200,m,keydown
1019300,p,keydown
1019500,a,keydown
1019700,r,keydown
1019900,a,keydown
1020300,r,keydown
1020500,l,keydown
1020800,o,keydown
1021500,#,keydown
1021800, ,keydown
1022300,c,keydown
1022500,i,keydown
1022600,a,keydown
1022800,o,keydown
1022900, ,keydown
1023100,e,keydown
1023200, ,keydown
1023600,a,keydown
1023700, ,keydown
1024000,d,keydown
1024200,o,keydown
1024400,m,keydown
1024500,a,keydown
1024700,n,keydown
1024800,i,keydown
1025200,1,keydown
