timestamp,key,type
29399000,Backspace,keydown
29399000,Backspace,keydown
29399000,Backspace,keydown
29399000,Backspace,keydown
29399000,Backspace,keydown
29399000,Backspace,keydown
29399000,Backspace,keydown
29399000,Backspace,keydown
29399000,b,keydown
29399100,o,keydown
29399300,n,keydown
29399300,o,keydown
29399600,Backspace,keydown
29399800,Backspace,keydown
29399900,Backspace,keydown
29400000,Backspace,keydown
29405600,#,keydown
29405800,a,keydown
29406000,n,keydown
29406200,c,keydown
29406200,v,keydown
29406300,o,keydown
29406600,Backspace,keydown
29406800,Backspace,keydown
29407400,o,keydown
29407600,r,keydown
29407800,a,keydown
29407900, ,keydown
29408300,u,keydown
29408500,n,keydown
29408700, ,keydown
29409200,t,keydown
29409300,e,keydown
29409500,n,keydown
29409500,t,keydown
29409800,a,keydown
29409900,t,keydown
29410100,i,keydown
29410300,v,keydown
29410500,o,keydown
29410500, ,keydown
29410800,d,keydown
29410900,i,keydown
29411000, ,keydown
29411600,e,keydown
29411700,s,keydown
29411900,p,keydown
29412100,e,keydown
29412200,r,keydown
29412400,i,keydown
29412500,m,keydown
29412700,e,keydown
29412800,n,keydown
29412900,t,keydown
29413000,o,keydown
29413200, ,keydown
29413400,p,keydown
29413500,e,keydown
29413500,r,keydown
29413700, ,keydown
29414200,t,keydown
29414300,e,keydown
29414600,.,keydown
29414900, ,keydown
29415100,#,keydown
29415300,a,keydown
29415500, ,keydown
29415700,c,keydown
29416000,h,keydown
29416000,e,keydown
29416200, ,keydown
29416400,p,keydown
29416600,u,keydown
29416800,n,keydown
29416900,t,keydown
29417100,o,keydown
29417100, ,keydown
29417700,s,keydown
29417800,o,keydown
29418100,n,keydown
29418200,o,keydown
29418900,#,keydown
29419000,#,keydown
29419300, ,keydown
29419700,#,keydown
29420800,h,keydown
29421000,o,keydown
29421100, ,keydown
29421200,p,keydown
29421400,e,keydown
29421600,r,keydown
29421800,s,keydown
29421900,o,keydown
29422000, ,keydown
29422500,Backspace,keydown
29422600,Backspace,keydown
29422700,Backspace,keydown
29422900,Backspace,keydown
29423100,Backspace,keydown
29423200,Backspace,keydown
29423500,Enter,keydown
29424000,p,keydown
29424200,w,keydown
29424200,e,keydown
29424700,Backspace,keydown
29424700,Backspace,keydown
29425300,e,keydown
29425400,r,keydown
29425700,s,keydown
29425800,o,keydown
29425900, ,keydown
29426000,i,keydown
29426200,l,keydown
29426300, ,keydown
29426400,c,keydown
29426600,o,keydown
29426800,n,keydown
29426900,t,keydown
29427100,o,keydown
29428300,.,keydown
29428500, ,keydown
29428600,#,keydown
29428700,s,keydown
29429000,e,keydown
29429300, ,keydown
29429700,p,keydown
29429900,e,keydown
29430000,r,keydown
29430100,o,keydown
29430300,#,keydown
29430500, ,keydown
29430800,s,keydown
29430900,e,keydown
29431200,r,keydown
29431500,v,keydown
29431500,e,keydown
29431600, ,keydown
29431800,c,keydown
29432000,h,keydown
29432100,e,keydown
29432100, ,keydown
29432300,i,keydown
29432500,o,keydown
29432600, ,keydown
29432900,v,keydown
29432900,a,keydown
29433100,d,keydown
29433200,a,keydown
29433300, ,keydown
29433600,a,keydown
29433600, ,keydown
29434000,Backspace,keydown
29434300,a,keydown
29434900,Backspace,keydown
29435200,v,keydown
29435300,a,keydown
29435400,n,keydown
29435500,t,keydown
29435700,i,keydown
29435800, ,keydown
29436000,o,keydown
29436000,p,keydown
29436200,l,keydown
29436700,Backspace,keydown
29436900,Backspace,keydown
29437500,l,keydown
29437700,y,keydown
29437700,t,keydown
29437800,r,keydown
29438100,Backspace,keydown
29438300,Backspace,keydown
29438600,Backspace,keydown
29439100,t,keydown
29439200,r,keydown
29439500,e,keydown
29439600, ,keydown
29439800,a,keydown
29440400,i,keydown
29440400, ,keydown
29440700,d,keydown
29440800,i,keydown
29441000,e,keydown
29441300,c,keydown
29441400,i,keydown
29441500, ,keydown
29441700,n,keydown
29441900,o,keydown
29442100,n,keydown
29442200, ,keydown
29442600,Backspace,keydown
29442700,Backspace,keydown
29442800,Backspace,keydown
29443000,Backspace,keydown
29443100,Backspace,keydown
29443900,",",keydown
29444200,Enter,keydown
29444500,n,keydown
29444700,o,keydown
29444900,n,keydown
29445000, ,keydown
29445200,c,keydown
29445700,#,keydown
29445900,e,keydown
29446200,#,keydown
29446400, ,keydown
29446900,p,keydown
29447000,r,keydown
29447200,o,keydown
29448300,b,keydown
29448400,l,keydown
29448600,e,keydown
29448700,m,keydown
29448800,a,keydown
29450500,#,keydown
29450900,#,keydown
29451400, ,keydown
29451700,#,keydown
29452200,c,keydown
29452400,o,keydown
29452500,s,keydown
29452600,a,keydown
29452800, ,keydown
29453000,r,keydown
29453000,t,keydown
29453100,i,keydown
29453100,o,keydown
29453400,Backspace,keydown
29453600,Backspace,keydown
29453800,Backspace,keydown
29453900,Backspace,keydown
29454500,t,keydown
29454600,i,keydown
29454700, ,keydown
29455100,s,keydown
29455300,c,keydown
29455600,r,keydown
29455700,i,keydown
29455900,v,keydown
29456000,o,keydown
29456100, ,keydown
29456300,o,keydown
29456500,g,keydown
29456500,g,keydown
29456700,i,keydown
29457200,#,keydown
29457400,#,keydown
29457700, ,keydown
29458100,#,keydown
29458400,c,keydown
29458600,h,keydown
29458700,e,keydown
29458800, ,keydown
29462500,s,keydown
29462700,o,keydown
29462800,n,keydown
29463100,o,keydown
29463100, ,keydown
29463300,c,keydown
29463300,o,keydown
29463500,n,keydown
29463700,t,keydown
29463800,e,keydown
29463900,n,keydown
29464100,t,keydown
29464300,a,keydown
29464600, ,keydown
29464700,d,keydown
29464800,i,keydown
29464900,o,keydown
29465300,Backspace,keydown
29466700, ,keydown
29467100,Enter,keydown
29467400,s,keydown
29468800,p,keydown
29468900,o,keydown
29469200,s,keydown
29469400,a,keydown
29469600,r,keydown
29469800,m,keydown
29470000,i,keydown
29470200, ,keydown
29470400,#,keydown
29470500,#,keydown
29471800,q,keydown
29472000,u,keydown
29472100,e,keydown
29472200,s,keydown
29472500,t,keydown
29472600,o,keydown
29472700, ,keydown
29473100,f,keydown
29473200,o,keydown
29473300,r,keydown
29473600,s,keydown
29473800,e,keydown
29474000, ,keydown
29474300,e,keydown
29474800,#,keydown
29475000, ,keydown
29475300,u,keydown
29475400,n,keydown
29475600, ,keydown
29475700,a,keydown
29476200,r,keydown
29476500,g,keydown
29476700,o,keydown
29476900,m,keydown
29477100,e,keydown
29477500,t,keydown
29477900,Backspace,keydown
29478200,n,keydown
29478200,t,keydown
29478500,o,keydown
29479300, ,keydown
29479500,u,keydown
29479700,n,keydown
29479700, ,keydown
29479800, ,keydown
29480200,p,keydown
29480400,o,keydown
29480600,Backspace,keydown
29480800,Backspace,keydown
29480900,Backspace,keydown
29481500,p,keydown
29481700,o,keydown
29481900,#,keydown
29482100, ,keydown
29482400,p,keydown
29482500,e,keydown
29482500,r,keydown
29482700,s,keydown
29482900,o,keydown
29483100,n,keydown
29483200,a,keydown
29483300,l,keydown
29483500,e,keydown
29484300,",",keydown
29484500, ,keydown
29484600,m,keydown
29484700,a,keydown
29486400, ,keydown
29486600,s,keydown
29486800,i,keydown
29486900,c,keydown
29487000,c,keydown
29487000,o,keydown
29487300,m,keydown
29487400,e,keydown
29487700,Enter,keydown
29488700,t,keydown
29488800,e,keydown
29489000,n,keydown
29489000,m,keydown
29489100,f,keydown
29489700,Backspace,keydown
29489800,Backspace,keydown
29490300,d,keydown
29490300,o,keydown
29490500, ,keydown
29492300,a,keydown
29492400, ,keydown
29492900,d,keydown
29493000,i,keydown
29493200,r,keydown
29493600,l,keydown
29493700,o,keydown
29493900, ,keydown
29494000,a,keydown
29494100, ,keydown
29494500,t,keydown
29494600,u,keydown
29494800,t,keydown
29494900,t,keydown
29495000,i,keydown
29495900,",",keydown
29496000, ,keydown
29496300,n,keydown
29496500,o,keydown
29496600,n,keydown
29496700, ,keydown
29496900,e,keydown
29497100,#,keydown
29497300, ,keydown
29497700,c,keydown
29497900,o,keydown
29498100,s,keydown
29498200,i,keydown
29498700,#,keydown
29498800, ,keydown
29499100,p,keydown
29499200,r,keydown
29499400,i,keydown
29499700,v,keydown
29499800,a,keydown
29500100,t,keydown
29500200,o,keydown
29501500,#,keydown
29502100, ,keydown
29502300,#,keydown
29503000,Backspace,keydown
29503300,#,keydown
29503700,#,keydown
29506200,.,keydown
29506500, ,keydown
29506900,#,keydown
29507700,i,keydown
29507900,l,keydown
29508000, ,keydown
29508400,m,keydown
29508500,i,keydown
29508900,o,keydown
29509100, ,keydown
29509400,v,keydown
29509500,e,keydown
29509700,s,keydown
29509900,t,keydown
29510000,i,keydown
29510300,t,keydown
29510300,o,keydown
29510900, ,keydown
29511000,d,keydown
29511300,a,keydown
29511500, ,keydown
29511800,Enter,keydown
29512100,s,keydown
29512400,p,keydown
29512800,o,keydown
29513000,d,keydown
29513200,a,keydown
29513400, ,keydown
29513800,Backspace,keydown
29513900,Backspace,keydown
29514000,Backspace,keydown
29514700,s,keydown
29514800,a,keydown
29515000, ,keydown
29515300,a,keydown
29515500,s,keydown
29515700,s,keydown
29515900,o,keydown
29516100,m,keydown
29516300,i,keydown
29516900,g,keydown
29517000,l,keydown
29517200,i,keydown
29517300,a,keydown
29517500, ,keydown
29517500,t,keydown
29517700,u,keydown
29517800,t,keydown
29518000,t,keydown
29518100,o,keydown
29518200, ,keydown
29518600,m,keydown
29518700,e,keydown
29518800,n,keydown
29519100,a,keydown
29519200,o,keydown
29519400, ,keydown
29519700,Backspace,keydown
29519900,Backspace,keydown
29520200,o,keydown
29520300, ,keydown
29520600,Backspace,keydown
29520700,Backspace,keydown
29521200,Backspace,keydown
29521700,o,keydown
29521700, ,keydown
29521900,c,keydown
29522000,h,keydown
29522100,e,keydown
29522100,r,keydown
29522300, ,keydown
29522300,a,keydown
29522800,Backspace,keydown
29522900,Backspace,keydown
29523100,Backspace,keydown
29523600, ,keydown
29523700,a,keydown
29524200, ,keydown
29524800,u,keydown
29524900,n,keydown
29525000, ,keydown
29525200,v,keydown
29525400,e,keydown
29525700,s,keydown
29525800,t,keydown
29526100,i,keydown
29526200,t,keydown
29526400,o,keydown
29526400, ,keydown
29526800,d,keydown
29527000,a,keydown
29527200, ,keydown
29527300,s,keydown
29527500,p,keydown
29527700,o,keydown
29527800,s,keydown
29527900,a,keydown
29528800,",",keydown
29529000, ,keydown
29529100,m,keydown
29529100,a,keydown
29529300, ,keydown
29529900,q,keydown
29530100,u,keydown
29530300,e,keydown
29530400,s,keydown
29530600,t,keydown
29530700,o,keydown
29531200,Enter,keydown
29531700,c,keydown
29532000,r,keydown
29532100,e,keydown
29532400,d,keydown
29532500,o,keydown
29532600, ,keydown
29532900,s,keydown
29533000,i,keydown
29533200,a,keydown
29533500, ,keydown
29534000,u,keydown
29534100,n,keydown
29534300, ,keydown
29534500,b,keydown
29534600,e,keydown
29534800,n,keydown
29534800,e,keydown
29535400,.,keydown
29535700, ,keydown
29535900,#,keydown
29536200,i,keydown
29537000, ,keydown
29537400,#,keydown
29537900,#,keydown
29538200,m,keydown
29538400,e,keydown
29538500,r,keydown
29538700,i,keydown
29539000,n,keydown
29539000,g,keydown
29539100,u,keydown
29539300,e,keydown
29539700,#,keydown
29540400,#,keydown
29540600, ,keydown
29541200,Backspace,keydown
29541300,Backspace,keydown
29541600, ,keydown
29542100,d,keydown
29542300,r,keydown
29542500,e,keydown
29543000,s,keydown
29543200,s,keydown
29543500,#,keydown
29543800,#,keydown
29544100, ,keydown
29544300,n,keydown
29544500,o,keydown
29544800,n,keydown
29544900, ,keydown
29545200,c,keydown
29545500,r,keydown
29545600,e,keydown
29545800,d,keydown
29545900,o,keydown
29546000, ,keydown
29546600,m,keydown
29546800,i,keydown
29546900, ,keydown
29547200,s,keydown
29547700,t,keydown
29547800,a,keydown
29548000,i,keydown
29548200,n,keydown
29548700,Backspace,keydown
29548700,Backspace,keydown
29548900,Backspace,keydown
29549200,i,keydown
29549300,a,keydown
29549800,n,keydown
29550100,o,keydown
29550100, ,keydown
29550400,b,keydown
29550500,e,keydown
29550600,n,keydown
29550800,e,keydown
29551300,.,keydown
29551800,Enter,keydown
29554800,#,keydown
29555000,c,keydown
29555200,e,keydown
29555400,r,keydown
29555600,t,keydown
29555700,o,keydown
29555800, ,keydown
29555900,c,keydown
29556100,h,keydown
29556200,e,keydown
29556300, ,keydown
29556700,e,keydown
29557100,Backspace,keydown
29557400,i,keydown
29557600,l,keydown
29557700, ,keydown
29557900,m,keydown
29558200,a,keydown
29558400,t,keydown
29558500,r,keydown
29558700,i,keydown
29558700,o,keydown
29558800,m,keydown
29559000,o,keydown
29559200,n,keydown
29559400,i,keydown
29559600,o,keydown
29559600, ,keydown
29560200,e,keydown
29560400,#,keydown
29560500, ,keydown
29560800,u,keydown
29561000,n,keydown
29561000, ,keydown
29561300,b,keydown
29561300,e,keydown
29561500,l,keydown
29561600, ,keydown
29561800,p,keydown
29561900,r,keydown
29562000,e,keydown
29562500,t,keydown
29562800,e,keydown
29563200,s,keydown
29563500,t,keydown
29563700,o,keydown
29563700, ,keydown
29563900,p,keydown
29564000,e,keydown
29564000,r,keydown
29564200, ,keydown
29564400,f,keydown
29564600,a,keydown
29564900,r,keydown
29565000,s,keydown
29565200,i,keydown
29565300, ,keydown
29565500,u,keydown
29565700,n,keydown
29565800, ,keydown
29566600,v,keydown
29567000,s,keydown
29567600,Backspace,keydown
29567800,e,keydown
29567900,s,keydown
29568100,t,keydown
29568300,i,keydown
29568500,t,keydown
29568600,o,keydown
29569100,Enter,keydown
29569500,n,keydown
29569700,u,keydown
29570000,o,keydown
29570100,v,keydown
29570200,o,keydown
29573100, ,keydown
29573400,c,keydown
29573500,h,keydown
29574000,Backspace,keydown
29574100,Backspace,keydown
29574300,Backspace,keydown
29574900,",",keydown
29575000, ,keydown
29575200,e,keydown
29575300, ,keydown
29575500,c,keydown
29575700,h,keydown
29575700,e,keydown
29575900, ,keydown
29576100,v,keydown
29576300,e,keydown
29576500,s,keydown
29576700,t,keydown
29576800,i,keydown
29577000,t,keydown
29577100,o,keydown
29577300,#,keydown
29577900,#,keydown
29578100,#,keydown
29578300,#,keydown
29581100,#,keydown
29581800,#,keydown
29581900,#,keydown
29582200,#,keydown
29582300,#,keydown
29583000,Backspace,keydown
29584100,#,keydown
29584600,#,keydown
29584800,#,keydown
29584900,#,keydown
29585100,#,keydown
29585200,#,keydown
29585800, ,keydown
29586100,#,keydown
29586400,m,keydown
29586600,i,keydown
29586600, ,keydown
29586800,r,keydown
29586900,e,keydown
29587200,n,keydown
29587300,d,keydown
29587400,o,keydown
29587500, ,keydown
29587600,c,keydown
29587900,o,keydown
29588100,n,keydown
29588300,t,keydown
29588400,o,keydown
29588500, ,keydown
29588700,c,keydown
29588800,h,keydown
29588900,e,keydown
29589300, ,keydown
29589900,q,keydown
29590000,u,keydown
29590300,r,keydown
29590500,Backspace,keydown
29590700,e,keydown
29590900,t,keydown
29591200,a,keydown
29591600,Backspace,keydown
29591700,s,keydown
29592000,Backspace,keydown
29592200,Backspace,keydown
29592300,s,keydown
29592800,t,keydown
29593000,a,keydown
29593100, ,keydown
29593600,c,keydown
29593600,h,keydown
29593800,i,keydown
29594300,a,keydown
29594800,c,keydown
29594900,c,keydown
29595100,h,keydown
29595200,i,keydown
29595400,e,keydown
29595500,r,keydown
29595700,a,keydown
29595900,t,keydown
29596200,a,keydown
29596900,Enter,keydown
29597400,n,keydown
29597600,o,keydown
29597800,n,keydown
29598000, ,keydown
29598100,s,keydown
29598100,i,keydown
29598300,a,keydown
29598600, ,keydown
29599000,m,keydown
29599200,o,keydown
29599300,t,keydown
29599500,l,keydown
29599900,o,keydown
29600200,Backspace,keydown
29600400,Backspace,keydown
29600400,Backspace,keydown
29600900,l,keydown
29601200,t,keydown
29601200,o,keydown
29601300, ,keydown
29601500,i,keydown
29601700,n,keydown
29601900,t,keydown
29602000,e,keydown
29602700,r,keydown
29602800,e,keydown
29603100,s,keydown
29603100,s,keydown
29603300,a,keydown
29603500,n,keydown
29603700,t,keydown
29603700,e,keydown
29603800, ,keydown
29604000,p,keydown
29604100,e,keydown
29604200,r,keydown
29604400, ,keydown
29605000,n,keydown
29605200,e,keydown
29605400,s,keydown
29605600,s,keydown
29605700,u,keydown
29606100,n,keydown
29606800,i,keydown
29607400,Backspace,keydown
29607900,o,keydown
29608100,",",keydown
29608200, ,keydown
29608400,m,keydown
29608500,a,keydown
29608700, ,keydown
29610800,a,keydown
29610900,l,keydown
29611100,m,keydown
29611300,e,keydown
29611300,n,keydown
29611600,o,keydown
29611600, ,keydown
29611900,l,keydown
29612100,o,keydown
29612200, ,keydown
29612500,e,keydown
29612800,#,keydown
29612900, ,keydown
29613200,p,keydown
29613200,e,keydown
29613400,r,keydown
29613500, ,keydown
29613700,m,keydown
29613800,e,keydown
29615300,",",keydown
29615400, ,keydown
29616200,h,keydown
29616400,i,keydown
29616800,Backspace,keydown
29616900,Backspace,keydown
29617400,i,keydown
29617700,h,keydown
29618200,i,keydown
29618400,h,keydown
29619600,i,keydown
29620600,.,keydown
29620700,.,keydown
29620800,.,keydown
29621200,Enter,keydown
29622400,#,keydown
29622700,d,keydown
29623000,o,keydown
29623300,v,keydown
29623500,e,keydown
29623600, ,keydown
29623900,s,keydown
29624000,a,keydown
29624300,Backspace,keydown
29625000,e,keydown
29625100,i,keydown
29625300, ,keydown
29625800,a,keydown
29626000,k,keydown
29626000,l,keydown
29626100, ,keydown
29626500,Backspace,keydown
29626600,Backspace,keydown
29626900,Backspace,keydown
29627400,l,keydown
29627600, ,keydown
29627800,m,keydown
29628000,o,keydown
29628200,m,keydown
29628300,e,keydown
29628300,n,keydown
29628500,t,keydown
29628600,o,keydown
29628900,#,keydown
29629200,#,keydown
29629400, ,keydown
29629500,#,keydown
29629700,g,keydown
29629900,i,keydown
29630000,a,keydown
29630300,#,keydown
29630400, ,keydown
29630700,i,keydown
29630900,n,keydown
29631000, ,keydown
29631200,v,keydown
29631300,a,keydown
29631600,c,keydown
29631700,a,keydown
29631800,n,keydown
29632100,z,keydown
29632200,a,keydown
29632300, ,keydown
29632900,Backspace,keydown
29633200,",",keydown
29633300, ,keydown
29633400,a,keydown
29633600,s,keydown
29633700,s,keydown
29633900,u,keydown
29634000,m,keydown
29634200,o,keydown
29635000,.,keydown
29635100,.,keydown
29635200,.,keydown
29636300, ,keydown
29636600,#,keydown
29636900,m,keydown
29637100,a,keydown
29637400,h,keydown
29638600,",",keydown
29638800, ,keydown
29639000,p,keydown
29639100,e,keydown
29639200,r,keydown
29639200, ,keydown
29639700,o,keydown
29639800,g,keydown
29640000,g,keydown
29640000,i,keydown
29640200, ,keydown
29641000,t,keydown
29641000,i,keydown
29641200, ,keydown
29641900,Enter,keydown
29642400,l,keydown
29642500,a,keydown
29642700,s,keydown
29642900,c,keydown
29643000,i,keydown
29643200,o,keydown
29644400,.,keydown
29644700, ,keydown
29644900,#,keydown
29645100,v,keydown
29645400,i,keydown
29645400,v,keydown
29645500,i,keydown
29645600,a,keydown
29645700,n,keydown
29645800,a,keydown
