timestamp,key,type
27054300,Backspace,keydown
27054300,Backspace,keydown
27054300,Backspace,keydown
27054300,Backspace,keydown
27054300,Backspace,keydown
27054300,Backspace,keydown
27054300,Backspace,keydown
27054300,Backspace,keydown
27054300,#,keydown
27055300,p,keydown
27055500,a,keydown
27055800,c,keydown
27056200,a,keydown
27056700,Backspace,keydown
27056900,Backspace,keydown
27057500,#,keydown
27057700,c,keydown
27058000,e,keydown
27058300,#,keydown
27058900,Backspace,keydown
27059300,Enter,keydown
27059900,#,keydown
27060300,a,keydown
27060700,o,keydown
27060800,o,keydown
27061100,m,keydown
27061500,Backspace,keydown
27061600,Backspace,keydown
27061700,Backspace,keydown
27062000,s,keydown
27062100,o,keydown
27062600,Backspace,keydown
27062700,s,keydown
27063000,o,keydown
27063300,m,keydown
27063700,i,keydown
27064000,g,keydown
27064000,l,keydown
27064100,i,keydown
27064200,a,keydown
27064400,r,keydown
27064700,e,keydown
27064900, ,keydown
27065400,a,keydown
27065800, ,keydown
27066000,u,keydown
27066300,n,keydown
27066400,a,keydown
27066400, ,keydown
27066700,s,keydown
27066900,t,keydown
27067000,a,keydown
27067200,n,keydown
27067500,z,keydown
27067900,a,keydown
27068500, ,keydown
27068900,v,keydown
27069000,u,keydown
27069200,o,keydown
27069500,t,keydown
27069700,a,keydown
27070100,#,keydown
27070500,#,keydown
27070600, ,keydown
27070800,p,keydown
27070900,a,keydown
27071100,r,keydown
27071200,e,keydown
27071400,t,keydown
27071600,i,keydown
27071700, ,keydown
27071900,b,keydown
27072200,i,keydown
27072500,a,keydown
27072800,n,keydown
27073100,c,keydown
27073100,h,keydown
27073400,e,keydown
27073900, ,keydown
27074200,o,keydown
27074400,v,keydown
27074500,e,keydown
27074800, ,keydown
27075300,p,keydown
27075500,e,keydown
27075600,n,keydown
27075800,e,keydown
27076300,t,keydown
27076500,r,keydown
27076600,a,keydown
27076800, ,keydown
27077100,l,keydown
27077400,a,keydown
27077600, ,keydown
27077800,l,keydown
27078000,u,keydown
27078300,c,keydown
27078500,e,keydown
27079800,.,keydown
27080200,Enter,keydown
27081300,#,keydown
27081500,d,keydown
27081700,o,keydown
27082000,v,keydown
27082200,r,keydown
27082400,e,keydown
27082600,m,keydown
27082700,m,keydown
27082900,o,keydown
27083200, ,keydown
27083400,c,keydown
27083600,e,keydown
27083700,r,keydown
27084100,c,keydown
27084200,a,keydown
27084500,r,keydown
27084800,e,keydown
27084900, ,keydown
27085000,d,keydown
27085200,i,keydown
27085300, ,keydown
27085500,e,keydown
27085600,l,keydown
27085900,i,keydown
27086300,m,keydown
27086500,i,keydown
27086700,n,keydown
27087000,a,keydown
27087200,r,keydown
27087400,e,keydown
27087500, ,keydown
27087700,l,keydown
27087800,e,keydown
27087900, ,keydown
27088200,a,keydown
27088400,z,keydown
27088700,i,keydown
27088700,o,keydown
27088900,n,keydown
27089000,i,keydown
27089300, ,keydown
27089500,i,keydown
27090000,n,keydown
27090300,u,keydown
27090600,t,keydown
27090800,i,keydown
27091000,l,keydown
27091200,i,keydown
27092600,.,keydown
27092800,Enter,keydown
27095300,#,keydown
27095400,t,keydown
27095700,a,keydown
27095800,l,keydown
27096100,v,keydown
27096300,o,keydown
27096600,l,keydown
27096800,t,keydown
27096900,a,keydown
27097100, ,keydown
27097200,l,keydown
27097400,e,keydown
27097500, ,keydown
27097800,a,keydown
27098000,z,keydown
27098200,i,keydown
27098300,o,keydown
27098500,n,keydown
27098700,i,keydown
27098900, ,keydown
27099100,a,keydown
27099400,r,keydown
27099900,b,keydown
27100100,i,keydown
27100800,t,keydown
27101100,r,keydown
27101400,a,keydown
27102800,r,keydown
27102900,i,keydown
27103200,e,keydown
27109100, ,keydown
27109400,s,keydown
27109700,i,keydown
27109900, ,keydown
27110200,r,keydown
27110400,i,keydown
27111100,v,keydown
27111300,e,keydown
27111500,l,keydown
27111700,a,keydown
27112000,n,keydown
27112100,o,keydown
27112300, ,keydown
27112400,i,keydown
27112800,Backspace,keydown
27113000,c,keydown
27113100,o,keydown
27113300,n,keydown
27114000,t,keydown
27114100,r,keydown
27114200,o,keydown
27114700,p,keydown
27114900,r,keydown
27115100,o,keydown
27115500,d,keydown
27115700,u,keydown
27115900,c,keydown
27116200,e,keydown
27116200,n,keydown
27116400,t,keydown
27116500,i,keydown
27117600,.,keydown
27118000,Enter,keydown
27118300,#,keydown
27118800,s,keydown
27119100,e,keydown
27119300, ,keydown
27119400,m,keydown
27119500,a,keydown
27119700,n,keydown
27119900,t,keydown
27120400,e,keydown
27120700,i,keydown
27120900,a,keydown
27121500,m,keydown
27121700,o,keydown
27123800,Backspace,keydown
27124000,Backspace,keydown
27124100,Backspace,keydown
27124200,Backspace,keydown
27125100,n,keydown
27125200,i,keydown
27125400,a,keydown
27125400,m,keydown
27125600,o,keydown
27127500, ,keydown
27127700,l,keydown
27127800,a,keydown
27127800, ,keydown
27128000,c,keydown
27128300,a,keydown
27128400,l,keydown
27128600,m,keydown
27128700,a,keydown
27128900, ,keydown
27129100,i,keydown
27129200,n,keydown
27129400,t,keydown
27129600,e,keydown
27129700,r,keydown
27129800,i,keydown
27129900,o,keydown
27130900,r,keydown
27131000,e,keydown
27131800, ,keydown
27132000,p,keydown
27132200,o,keydown
27132500,s,keydown
27132700,s,keydown
27133000,i,keydown
27133200,a,keydown
27133400,m,keydown
27133700,o,keydown
27133900, ,keydown
27134200,s,keydown
27134300,v,keydown
27134500,u,keydown
27134800,o,keydown
27135300,t,keydown
27135500,a,keydown
27135600,r,keydown
27136300,c,keydown
27136400,i,keydown
27137700, ,keydown
27138000,c,keydown
27138100,o,keydown
27138200,m,keydown
27138300,p,keydown
27139000,l,keydown
27139200,e,keydown
27139600,t,keydown
27139800,a,keydown
27140000,m,keydown
27140200,e,keydown
27140300,n,keydown
27140600,e,keydown
27144700,Backspace,keydown
27145000,t,keydown
27145300,e,keydown
27145600,Enter,keydown
27147500,d,keydown
27147800,e,keydown
27147900,l,keydown
27148000,l,keydown
27148200,e,keydown
27148400, ,keydown
27148700,n,keydown
27148900,o,keydown
27149300,s,keydown
27149500,t,keydown
27149700,r,keydown
27149900,e,keydown
27150200, ,keydown
27150300,i,keydown
27150500,m,keydown
27150700,p,keydown
27151000,u,keydown
27151300,r,keydown
27151500,i,keydown
27151800,t,keydown
27152000,a,keydown
27152200,#,keydown
27153600, ,keydown
27153800,e,keydown
27153900, ,keydown
27154100,p,keydown
27154300,o,keydown
27154500,r,keydown
27154800,c,keydown
27154900,i,keydown
27155100, ,keydown
27155300,i,keydown
27155500,n,keydown
27155600, ,keydown
27155800,u,keydown
27156100,n,keydown
27156200, ,keydown
27156500,o,keydown
27156600,s,keydown
27156800,s,keydown
27157000,e,keydown
27157200,r,keydown
27157500,v,keydown
27157600,a,keydown
27158000,t,keydown
27158200,o,keydown
27158400,r,keydown
27158400,i,keydown
27158600,o,keydown
27159700, ,keydown
27160000,i,keydown
27160200,n,keydown
27160400,c,keydown
27160500,o,keydown
27160700,n,keydown
27160800,t,keydown
27161000,a,keydown
27161300,m,keydown
27161600,i,keydown
27161800,n,keydown
27162000,a,keydown
27162300,t,keydown
27162400,o,keydown
27163900,.,keydown
27164200,Enter,keydown
27164500,#,keydown
27164500,i,keydown
27164800,m,keydown
27165300,Backspace,keydown
27165700,l,keydown
27165800, ,keydown
27166000,n,keydown
27166200,o,keydown
27166300,s,keydown
27166500,t,keydown
27166700,r,keydown
27166800,o,keydown
27166900, ,keydown
27167100,p,keydown
27167300,u,keydown
27167600,n,keydown
27167700,t,keydown
27168000,o,keydown
27168200, ,keydown
27168400,d,keydown
27168400,i,keydown
27168600, ,keydown
27168900,v,keydown
27168900,c,keydown
27169300,Backspace,keydown
27169600,i,keydown
27169800,s,keydown
27169900,t,keydown
27170100,a,keydown
27172300, ,keydown
27172600,d,keydown
27172700,i,keydown
27172800,v,keydown
27173100,e,keydown
27173400,r,keydown
27173500,r,keydown
27173800,a,keydown
27174100,#,keydown
27175200, ,keydown
27175400,a,keydown
27175500,l,keydown
27175700,l,keydown
27175900,o,keydown
27176000,r,keydown
27176300,a,keydown
27176300, ,keydown
27176700,i,keydown
27177100,Backspace,keydown
27177500,p,keydown
27178400,u,keydown
27178600,r,keydown
27178800,o,keydown
27179000, ,keydown
27179400,e,keydown
27179500, ,keydown
27179800,d,keydown
27179900,e,keydown
27180000,l,keydown
27180200,l,keydown
27180300,e,keydown
27180600, ,keydown
27181200,v,keydown
27181300,i,keydown
27181600,t,keydown
27182100,Backspace,keydown
27182300,Backspace,keydown
27182400,Backspace,keydown
27182500,Backspace,keydown
27182700,Backspace,keydown
27183100,a,keydown
27183600, ,keydown
27183800,v,keydown
27183900,i,keydown
27184100,t,keydown
27184300,a,keydown
27185400, ,keydown
27185600,p,keydown
27186200,o,keydown
27186700,t,keydown
27186900,r,keydown
27187200,e,keydown
27187400,m,keydown
27187600,o,keydown
27189400,Enter,keydown
27189700,p,keydown
27189900,e,keydown
27190000,r,keydown
27190300,c,keydown
27190500,e,keydown
27190800,p,keydown
27191200,i,keydown
27191500,r,keydown
27191600,e,keydown
27193000, ,keydown
27193300,l,keydown
27193500,e,keydown
27193600, ,keydown
27193800,c,keydown
27193900,o,keydown
27194300,r,keydown
27194600,e,keydown
27194700,n,keydown
27194900,t,keydown
27194900,i,keydown
27195200, ,keydown
27195400,p,keydown
27195900,o,keydown
27196700,Backspace,keydown
27197100,i,keydown
27197300,u,keydown
27197700,#,keydown
27197900, ,keydown
27198100,s,keydown
27198200,o,keydown
27198300,t,keydown
27198500,t,keydown
27199100,i,keydown
27199300,l,keydown
27199400,i,keydown
27201400,.,keydown
27201500, ,keydown
27201900,e,keydown
27203200,Backspace,keydown
27203600,Backspace,keydown
27203800,Backspace,keydown
27204800,",",keydown
27205000, ,keydown
27205200,l,keydown
27205400,e,keydown
27205500, ,keydown
27205800,m,keydown
27205900,a,keydown
27206100,n,keydown
27206200,i,keydown
27207200,f,keydown
27207500,e,keydown
27207700,s,keydown
27207900,t,keydown
27208000,a,keydown
27208500,z,keydown
27208600,i,keydown
27208700,o,keydown
27208900,n,keydown
27209000,i,keydown
27210000, ,keydown
27210400,p,keydown
27211400,i,keydown
27211600,u,keydown
27211900,#,keydown
27212100, ,keydown
27212400,n,keydown
27212600,a,keydown
27212700,t,keydown
27212800,u,keydown
27213000,r,keydown
27213200,a,keydown
27213400,l,keydown
27213700,i,keydown
27216300,",",keydown
27216500,Enter,keydown
27216900,i,keydown
27217100,l,keydown
27217200, ,keydown
27217300,s,keydown
27217400,o,keydown
27217700,f,keydown
27217900,f,keydown
27219000,i,keydown
27219000,o,keydown
27219200, ,keydown
27219400,d,keydown
27219700,e,keydown
27219700,l,keydown
27219900, ,keydown
27220300,d,keydown
27220400,i,keydown
27221000,v,keydown
27221300,i,keydown
27221600,n,keydown
27221900,o,keydown
27223400,.,keydown
27223600, ,keydown
27223800,#,keydown
27224000,l,keydown
27224200,e,keydown
27224300, ,keydown
27224600,a,keydown
27224900,z,keydown
27225100,i,keydown
27225200,o,keydown
27225400,n,keydown
27225500,i,keydown
27226000, ,keydown
27226700,a,keydown
27227000,r,keydown
27227500,b,keydown
27228200,i,keydown
27228700,r,keydown
27229100,t,keydown
27229400,Backspace,keydown
27229600,Backspace,keydown
27229900,t,keydown
27230100,r,keydown
27230300,a,keydown
27230400,r,keydown
27230600,i,keydown
27230800,e,keydown
27231800, ,keydown
27231900,s,keydown
27232100,i,keydown
27232200, ,keydown
27232500,r,keydown
27232600,i,keydown
27232900,v,keydown
27233100,e,keydown
27233300,l,keydown
27233500,a,keydown
27233900,n,keydown
27234100,o,keydown
27234200, ,keydown
27234600,q,keydown
27234700,u,keydown
27235000,a,keydown
27235300,s,keydown
27235500,i,keydown
27237100, ,keydown
27237200,s,keydown
27237400,e,keydown
27237500,m,keydown
27238500,p,keydown
27238700,o,keydown
27239300,Backspace,keydown
27239500,r,keydown
27239600,e,keydown
27240000,Enter,keydown
27240300,i,keydown
27240600,n,keydown
27241000,a,keydown
27241400,d,keydown
27241500,a,keydown
27241700,t,keydown
27241900,t,keydown
27242100,e,keydown
27245400,#,keydown
27245700,#,keydown
27245800, ,keydown
27246000,a,keydown
27246100,p,keydown
27246400,p,keydown
27246500,a,keydown
27246800,i,keydown
27246900,o,keydown
27247300,n,keydown
27247400,o,keydown
27247600, ,keydown
27248200,c,keydown
27248300,o,keydown
27248600,m,keydown
27248700,o,keydown
27249200,Backspace,keydown
27249300,e,keydown
27249500, ,keydown
27249700,s,keydown
27249800,t,keydown
27250100,r,keydown
27250200,u,keydown
27250600,t,keydown
27250700,t,keydown
27250900,u,keydown
27251100,r,keydown
27251300,e,keydown
27252400, ,keydown
27252500,i,keydown
27252700,n,keydown
27252900,n,keydown
27253100,a,keydown
27253600,t,keydown
27253700,u,keydown
27253900,r,keydown
27254100,a,keydown
27254300,l,keydown
27254600,i,keydown
27255400, ,keydown
27255700,c,keydown
27255800,h,keydown
27255900,e,keydown
27256000, ,keydown
27256200,i,keydown
27256300, ,keydown
27256600,n,keydown
27256800,o,keydown
27257100,s,keydown
27257300,t,keydown
27257400,r,keydown
27257600,i,keydown
27257800, ,keydown
27258100,p,keydown
27258300,e,keydown
27258400,n,keydown
27258800,s,keydown
27259000,i,keydown
27259400,e,keydown
27259700,r,keydown
27259900,i,keydown
27261400,Enter,keydown
27261700,c,keydown
27262000,r,keydown
27262200,e,keydown
27262500,a,keydown
27263000,n,keydown
27263200,o,keydown
27263600, ,keydown
27264100,n,keydown
27264300,e,keydown
27264400,l,keydown
27264600, ,keydown
27265000,t,keydown
27265100,i,keydown
27265400,m,keydown
27265700,o,keydown
27266000,r,keydown
27266200,e,keydown
27267000, ,keydown
27267600,d,keydown
27267800,e,keydown
27268000,l,keydown
27268200,l,keydown
27268300,a,keydown
27268500, ,keydown
27268700,i,keydown
27268800,n,keydown
27269000,s,keydown
27269200,t,keydown
27269400,a,keydown
27269600,b,keydown
27269800,i,keydown
27270100,l,keydown
27270300,i,keydown
27270600,t,keydown
27271000,a,keydown
27271200,#,keydown
27272900,.,keydown
27273100, ,keydown
27273400,#,keydown
27273700,s,keydown
27273900,a,keydown
27274200,p,keydown
27274500,e,keydown
27274600,r,keydown
27274800, ,keydown
27275100,a,keydown
27275300,s,keydown
27275600,p,keydown
27275800,e,keydown
27276100,t,keydown
27276300,t,keydown
27276500,a,keydown
27276700,r,keydown
27276800,e,keydown
27277900, ,keydown
27278200,c,keydown
27278400,i,keydown
27278600, ,keydown
27278800,c,keydown
27278900,o,keydown
27279200,n,keydown
27279500,s,keydown
27279600,e,keydown
27279900,n,keydown
27280100,t,keydown
27280300,e,keydown
27281500,Enter,keydown
27281900,d,keydown
27282000,i,keydown
27282200, ,keydown
27282400,e,keydown
27282700,s,keydown
27282800,s,keydown
27282900,e,keydown
27283200,r,keydown
27283400,e,keydown
27283500, ,keydown
27283700,c,keydown
27283900,a,keydown
27284000,l,keydown
27284400,m,keydown
27284600,i,keydown
27286700,",",keydown
27286900, ,keydown
27287400,d,keydown
27287500,i,keydown
27287800, ,keydown
27287900,i,keydown
27288100,n,keydown
27288300,c,keydown
27288900,Backspace,keydown
27289300,v,keydown
27289500,o,keydown
27289900,c,keydown
27290000,a,keydown
27290400,r,keydown
27290700,e,keydown
27291900, ,keydown
27292200,l,keydown
27292400,a,keydown
27292500, ,keydown
27292900,p,keydown
27293100,a,keydown
27293400,c,keydown
27293600,e,keydown
27293900,.,keydown
27295300, ,keydown
27295600,#,keydown
27295700,u,keydown
27296000,n,keydown
27296100, ,keydown
27296200,a,keydown
27296500,l,keydown
27296800,b,keydown
27297200,r,keydown
27297600,Backspace,keydown
27297700,e,keydown
27298000,r,keydown
27298200,o,keydown
27299200, ,keydown
27299700,t,keydown
27299800,o,keydown
27300000,r,keydown
27300100,m,keydown
27300500,e,keydown
27300700,n,keydown
27300800,t,keydown
27301100,a,keydown
27302300,t,keydown
27302400,o,keydown
27304000, ,keydown
27304400,d,keydown
27304600,a,keydown
27304700,i,keydown
27304900, ,keydown
27305600,v,keydown
27305800,e,keydown
27305900,n,keydown
27306200,t,keydown
27306300,i,keydown
27307700,Enter,keydown
27308100,n,keydown
27308300,o,keydown
27308400,n,keydown
27308600, ,keydown
27308800,p,keydown
27309100,o,keydown
27309500,t,keydown
27309700,r,keydown
27309900,a,keydown
27310200,#,keydown
27311100, ,keydown
27311600,m,keydown
27311800,a,keydown
27312000,i,keydown
27312200, ,keydown
27312600,c,keydown
27312800,r,keydown
27313000,e,keydown
27313400,s,keydown
27313500,c,keydown
27313700,e,keydown
27314100,r,keydown
27314400,e,keydown
27314700, ,keydown
27314900,d,keydown
27315200,r,keydown
27315500,i,keydown
27315900,t,keydown
27316200,t,keydown
27316400,o,keydown
27317500,.,keydown
27317800, ,keydown
27318000,#,keydown
27318300,s,keydown
27319000,f,keydown
27319200,o,keydown
27319800,r,keydown
27320000,m,keydown
27320700,Backspace,keydown
27320900,z,keydown
27321500,i,keydown
27321700,a,keydown
27322000,m,keydown
27322300,o,keydown
27322500,c,keydown
27322800,i,keydown
27324000, ,keydown
27324200,d,keydown
27324300,i,keydown
27324500, ,keydown
27324700,e,keydown
27325000,s,keydown
27325200,s,keydown
27325400,e,keydown
27325700,r,keydown
27325700,e,keydown
27326000, ,keydown
27326200,r,keydown
27326400,i,keydown
27326600,c,keydown
27326700,e,keydown
27327000,t,keydown
27327100,t,keydown
27327400,i,keydown
27327500,v,keydown
27327600,i,keydown
27328400, ,keydown
27328800,p,keydown
27329000,o,keydown
27329200,i,keydown
27329800,c,keydown
27329900,h,keydown
27330100,e,keydown
27330400,#,keydown
27331300,Enter,keydown
27331700,e,keydown
27332600,#,keydown
27333000, ,keydown
27333200,a,keydown
27333500,s,keydown
27333900,c,keydown
27334300,o,keydown
27334600,l,keydown
27334900,t,keydown
27335100,a,keydown
27335300,n,keydown
27335500,t,keydown
27336000,Backspace,keydown
27336200,d,keydown
27336300,o,keydown
27337200, ,keydown
27337500,c,keydown
27337700,h,keydown
27337900,e,keydown
27338000, ,keydown
27338500,f,keydown
27339300,Backspace,keydown
27339500,g,keydown
27339600,i,keydown
27339800,u,keydown
27340000,n,keydown
27340200,g,keydown
27340400,e,keydown
27340600,r,keydown
27340800,e,keydown
27341100,n,keydown
27342100,Backspace,keydown
27342300,n,keydown
27343000,Backspace,keydown
27343500,m,keydown
27343700,o,keydown
27345500, ,keydown
27345700,a,keydown
27345800,l,keydown
27346000,l,keydown
27346100,a,keydown
27346200, ,keydown
27346500,v,keydown
27346800,e,keydown
27346800,r,keydown
27347100,i,keydown
27347200,f,keydown
27347500,a,keydown
27348000,Backspace,keydown
27348100,Backspace,keydown
27348300,t,keydown
27348600,a,keydown
27348800,#,keydown
27350000,.,keydown
27350900,Enter,keydown
27356400,#,keydown
27356600,#,keydown
27356700,#,keydown
27356900,#,keydown
27357200,Backspace,keydown
27357400,Backspace,keydown
27357500,Backspace,keydown
27357700,Backspace,keydown
27358400,#,keydown
27358500,s,keydown
27359100,Backspace,keydown
27360000,.,keydown
27360200,.,keydown
27360400,.,keydown
27360600,#,keydown
27360800,s,keydown
27360900,e,keydown
27361100,m,keydown
27361900,p,keydown
27362100,r,keydown
27362300,e,keydown
27362500, ,keydown
27362700,l,keydown
27362900,o,keydown
27363000, ,keydown
27363400,s,keydown
27363700,t,keydown
27363800,e,keydown
27364100,s,keydown
27364200,s,keydown
27364400,o,keydown
27364500, ,keydown
27364600,#,keydown
27364800,m,keydown
27365000,i,keydown
27365300,a,keydown
27366000,o,keydown
27367400,.,keydown
27369200,Enter,keydown
27369800,#,keydown
27370200,c,keydown
27370400,i,keydown
27370600,a,keydown
27370700,o,keydown
27371300,.,keydown
27400200,r,keydown
