timestamp,key,type
39829600,Backspace,keydown
39829600,Backspace,keydown
39829600,Backspace,keydown
39829600,Backspace,keydown
39829600,Backspace,keydown
39829600,Backspace,keydown
39829600,Backspace,keydown
39829600,Backspace,keydown
39829600,q,keydown
39830100,u,keydown
39830400,e,keydown
39830700,s,keydown
39830900,t,keydown
39831100,a,keydown
39831300, ,keydown
39831500,e,keydown
39832000,#,keydown
39832100, ,keydown
39832300,l,keydown
39832800,#,keydown
39833100,u,keydown
39833300,l,keydown
39833600,t,keydown
39833800,i,keydown
39834100,m,keydown
39834400,a,keydown
39834600, ,keydown
39835000,#,keydown
39835200,p,keydown
39835600,r,keydown
39835900,i,keydown
39836200,m,keydown
39836500,a,keydown
39836700, ,keydown
39836800,d,keydown
39837000,e,keydown
39837300,l,keydown
39837500,l,keydown
39837800,e,keydown
39838100, ,keydown
39839600,v,keydown
39839800,a,keydown
39840100,c,keydown
39840300,a,keydown
39840700,n,keydown
39841100,z,keydown
39841200,e,keydown
39841800,#,keydown
39842200,",",keydown
39842400, ,keydown
39845500,Backspace,keydown
39845700,Backspace,keydown
39846500,.,keydown
39846700, ,keydown
39847400,e,keydown
39847700,n,keydown
39848000,n,keydown
39848400,Backspace,keydown
39848600,Backspace,keydown
39849600,b,keydown
39849700,b,keydown
39850000,e,keydown
39850300,n,keydown
39850600,e,keydown
39850700, ,keydown
39850900,s,keydown
39851200,i,keydown
39851600,",",keydown
39851900, ,keydown
39852100,m,keydown
39852400,e,keydown
39852600, ,keydown
39852900,n,keydown
39853100,e,keydown
39853300, ,keydown
39853500,v,keydown
39853800,a,keydown
39854000,d,keydown
39854500,o,keydown
39854800,Enter,keydown
39855800,i,keydown
39856100,n,keydown
39856200, ,keydown
39856400,v,keydown
39856700,a,keydown
39857000,c,keydown
39857200,a,keydown
39857500,n,keydown
39857900,z,keydown
39858000, ,keydown
39858200,a,keydown
39858400, ,keydown
39858900,m,keydown
39859200,e,keydown
39859400,t,keydown
39859700,a,keydown
39860000,#,keydown
39860200, ,keydown
39860500,l,keydown
39860800,u,keydown
39861400,g,keydown
39861700,l,keydown
39862000,i,keydown
39862100,o,keydown
39862200, ,keydown
39862900,#,keydown
39863700,p,keydown
39864000,r,keydown
39864400,i,keydown
39864600,m,keydown
39865000,a,keydown
39865800,",",keydown
39866000, ,keydown
39866300,c,keydown
39866600,i,keydown
39866800,o,keydown
39867000,e,keydown
39867400,#,keydown
39867600, ,keydown
39867900,s,keydown
39868400,Backspace,keydown
39868700,d,keydown
39868900,a,keydown
39869300,l,keydown
39869400, ,keydown
39869800,1,keydown
39870200,0,keydown
39870400, ,keydown
39870700,a,keydown
39870800, ,keydown
39871100,1,keydown
39871900,4,keydown
39872300,#,keydown
39872500, ,keydown
39873800,Backspace,keydown
39874000,Backspace,keydown
39874800,",",keydown
39875000, ,keydown
39875200,s,keydown
39875500,o,keydown
39876000,n,keydown
39876200,o,keydown
39876400, ,keydown
39876600,a,keydown
39876800,d,keydown
39877000, ,keydown
39877300,u,keydown
39877500,n,keydown
39878100,Enter,keydown
39878600,c,keydown
39878900,o,keydown
39879300,n,keydown
39879700,Backspace,keydown
39880000,b,keydown
39880400,Backspace,keydown
39880800,v,keydown
39881000,e,keydown
39883000,Backspace,keydown
39883100,Backspace,keydown
39883900,n,keydown
39884600,v,keydown
39884700,e,keydown
39885100,g,keydown
39885500,n,keydown
39885800,o,keydown
39886000,#,keydown
39889400,.,keydown
39889600, ,keydown
39890000,q,keydown
39890400,u,keydown
39890600,i,keydown
39890800,n,keydown
39891000,d,keydown
39891500,i,keydown
39891600, ,keydown
39891900,n,keydown
39892100,o,keydown
39892300,n,keydown
39892500, ,keydown
39892800,r,keydown
39893100,i,keydown
39893400,e,keydown
39893800,m,keydown
39894100,#,keydown
39894400,i,keydown
39894800,r,keydown
39897200,Backspace,keydown
39897400,Backspace,keydown
39897700,Backspace,keydown
39898600,p,keydown
39898900,i,keydown
39899300,r,keydown
39899600,o,keydown
39899900,#,keydown
39900100, ,keydown
39900300,p,keydown
39900600,i,keydown
39900800,u,keydown
39901000,#,keydown
39901100,#,keydown
39901300, ,keydown
39901600,i,keydown
39901700, ,keydown
39902400,Backspace,keydown
39902600,Backspace,keydown
39902800,Backspace,keydown
39902900,Backspace,keydown
39903200, ,keydown
39903800,i,keydown
39904000, ,keydown
39904500,t,keydown
39904900,u,keydown
39905100,o,keydown
39905300,i,keydown
39905400, ,keydown
39905700,f,keydown
39906100,o,keydown
39906400,r,keydown
39906700,m,keydown
39906900, ,keydown
39907400,f,keydown
39907700,o,keydown
39907700,i,keydown
39908200,Backspace,keydown
39908400,i,keydown
39908600,n,keydown
39908900,o,keydown
39909000, ,keydown
39909300,a,keydown
39909500, ,keydown
39910100,d,keydown
39910600, ,keydown
39910900,a,keydown
39911400,g,keydown
39911700,o,keydown
39912000,s,keydown
39912200,t,keydown
39912700,o,keydown
39913100,.,keydown
39913600,Enter,keydown
39914500,s,keydown
39914600,e,keydown
39914800, ,keydown
39915000,a,keydown
39915200,d,keydown
39915300, ,keydown
39915600,a,keydown
39916100,g,keydown
39916400,o,keydown
39916800,s,keydown
39917100,t,keydown
39917700,o,keydown
39918700, ,keydown
39919400,m,keydown
39919600,i,keydown
39919800, ,keydown
39920200,s,keydown
39920700,p,keydown
39921000,e,keydown
39921200,d,keydown
39921500,i,keydown
39921800,r,keydown
39921900,e,keydown
39922600,Backspace,keydown
39922900,a,keydown
39923500, ,keydown
39923600, ,keydown
39923800,l,keydown
39924200,a,keydown
39924300, ,keydown
39924700,r,keydown
39925000,o,keydown
39925400,b,keydown
39925700,a,keydown
39926500,",",keydown
39926700, ,keydown
39926900,p,keydown
39927200,t,keydown
39927600,Backspace,keydown
39927900,p,keydown
39928200,o,keydown
39928500,t,keydown
39928900,r,keydown
39929000,e,keydown
39929500,i,keydown
39929700, ,keydown
39930000,#,keydown
39930500,f,keydown
39930800,o,keydown
39931200,r,keydown
39931500,s,keydown
39931600,e,keydown
39932100,#,keydown
39932300, ,keydown
39932600,f,keydown
39932900,a,keydown
39933100,r,keydown
39933300,n,keydown
39933700,r,keydown
39933700,e,keydown
39935000,Backspace,keydown
39935200,Backspace,keydown
39936200,e,keydown
39936400, ,keydown
39936600,a,keydown
39936900,n,keydown
39937300,c,keydown
39937600,h,keydown
39937900,e,keydown
39938100, ,keydown
39938200,d,keydown
39938600,i,keydown
39939100,Backspace,keydown
39939400,u,keydown
39939700,e,keydown
39939900, ,keydown
39940200,s,keydown
39941000,#,keydown
39941700,Backspace,keydown
39942000,Backspace,keydown
39942300,Enter,keydown
39943500,a,keydown
39943700, ,keydown
39943900,s,keydown
39944100,e,keydown
39944300,t,keydown
39944500,t,keydown
39944800,i,keydown
39945100,m,keydown
39945400,a,keydown
39945700,n,keydown
39946000,a,keydown
39946600,.,keydown
39946800, ,keydown
39947000,p,keydown
39947400,e,keydown
39947600,r,keydown
39947800,c,keydown
39948000,h,keydown
39948300,e,keydown
39948600,#,keydown
39949100,",",keydown
39949200, ,keydown
39949600,n,keydown
39949900,o,keydown
39950000,n,keydown
39950200, ,keydown
39952100,s,keydown
39952800,o,keydown
39953100, ,keydown
39953800,c,keydown
39954100,o,keydown
39954200,m,keydown
39954600,e,keydown
39954800, ,keydown
39954900,s,keydown
39955400,p,keydown
39955600,i,keydown
39955900,e,keydown
39956200,g,keydown
39956400,a,keydown
39956600,r,keydown
39957000,l,keydown
39957000,#,keydown
39957600,Backspace,keydown
39958700,o,keydown
39958900,",",keydown
39959100, ,keydown
39959600,m,keydown
39959900,a,keydown
39960100, ,keydown
39960300,l,keydown
39960700,a,keydown
39960900, ,keydown
39961400,r,keydown
39961900,i,keydown
39962100,e,keydown
39962500,m,keydown
39963100,p,keydown
39963400,i,keydown
39963600,t,keydown
39964000,i,keydown
39964400,Backspace,keydown
39964700,u,keydown
39964900,t,keydown
39965400,Backspace,keydown
39965700,r,keydown
39966100,a,keydown
39966200, ,keydown
39966500,d,keydown
39966800,i,keydown
39967000, ,keydown
39967800,q,keydown
39968200,u,keydown
39968600,e,keydown
39968800,s,keydown
39969000,t,keydown
39969300,i,keydown
39969400, ,keydown
39969900,f,keydown
39970100,o,keydown
39970400,r,keydown
39970900,m,keydown
39972000,Enter,keydown
39972900,m,keydown
39973100,i,keydown
39973300, ,keydown
39973700,m,keydown
39974100,e,keydown
39974300,s,keydown
39974800,a,keydown
39975100, ,keydown
39976800,Backspace,keydown
39976900,Backspace,keydown
39977100,Backspace,keydown
39977200,Backspace,keydown
39977400,Backspace,keydown
39978000,p,keydown
39978500,e,keydown
39978700,s,keydown
39978900,a,keydown
39979100,",",keydown
39979400, ,keydown
39979800,p,keydown
39980300,e,keydown
39980400,s,keydown
39980600,a,keydown
39981200,",",keydown
39981400, ,keydown
39981600,p,keydown
39982000,e,keydown
39982200,s,keydown
39982400,a,keydown
39983200,.,keydown
39983300,.,keydown
39983500,.,keydown
39984200, ,keydown
39985300,m,keydown
39985700,e,keydown
39986300,Backspace,keydown
39986600,i,keydown
39987300, ,keydown
39987900,r,keydown
39988000,e,keydown
39988400,n,keydown
39988700,d,keydown
39989000,o,keydown
39989200, ,keydown
39989500,c,keydown
39989800,o,keydown
39990100,n,keydown
39990300,t,keydown
39990500,r,keydown
39990900,Backspace,keydown
39991300,o,keydown
39991500, ,keydown
39991700,c,keydown
39992100,h,keydown
39992300,e,keydown
39992400, ,keydown
39992800,n,keydown
39993000,o,keydown
39993200,n,keydown
39993400, ,keydown
39993900,d,keydown
39994200,o,keydown
39994500,v,keydown
39994700,r,keydown
39994800,e,keydown
39995500,b,keydown
39995700,b,keydown
39996000,e,keydown
39996900,",",keydown
39997000, ,keydown
39997200,o,keydown
39997600,f,keydown
39998100,Backspace,keydown
39998400,g,keydown
39998500,g,keydown
39998800,e,keydown
39999200,t,keydown
39999300,t,keydown
39999600,i,keydown
40000000,v,keydown
40000200,a,keydown
40000600,m,keydown
40000900,e,keydown
40001500,n,keydown
40001800,t,keydown
40002100,e,keydown
40002600,",",keydown
40002900,Enter,keydown
40003800,l,keydown
40003900,o,keydown
40004400,g,keydown
40004600,i,keydown
40004900,c,keydown
40005100,a,keydown
40005500,m,keydown
40005800,e,keydown
40006100,n,keydown
40006500,t,keydown
40006800,r,keydown
40006900, ,keydown
40007400,Backspace,keydown
40007600,",",keydown
40007800, ,keydown
40008500,n,keydown
40008700,o,keydown
40009000,n,keydown
40009200, ,keydown
40009900,d,keydown
40010200,o,keydown
40010700,v,keydown
40011000,r,keydown
40011100,e,keydown
40011700,b,keydown
40011900,b,keydown
40012100,e,keydown
40012800,.,keydown
40012900, ,keydown
40013200,e,keydown
40013900,p,keydown
40014000,p,keydown
40014700,u,keydown
40015000,r,keydown
40015300,t,keydown
40015800,u,keydown
40016000,t,keydown
40016200,t,keydown
40016800,a,keydown
40017100,v,keydown
40017300,i,keydown
40017600,a,keydown
40018200,",",keydown
40018400, ,keydown
40020700,s,keydown
40021800,o,keydown
40022100,g,keydown
40022300,g,keydown
40022500,e,keydown
40022700,t,keydown
40022900,t,keydown
40023200,i,keydown
40023600,v,keydown
40023900,a,keydown
40024300,m,keydown
40024700,e,keydown
40025000,n,keydown
40025300,t,keydown
40025500,e,keydown
40026200,",",keydown
40026400, ,keydown
40040100,Enter,keydown
40040500,e,keydown
40040900,m,keydown
40041200,o,keydown
40041600,z,keydown
40041800,i,keydown
40042000,o,keydown
40042200,n,keydown
40042500,a,keydown
40042800,l,keydown
40043000,m,keydown
40043300,e,keydown
40043700,n,keydown
40044000,t,keydown
40044100,e,keydown
40044900,",",keydown
40045800, ,keydown
40047000,p,keydown
40047300,e,keydown
40047500,s,keydown
40047700,a,keydown
40048100,",",keydown
40048300, ,keydown
40048500,p,keydown
40048900,e,keydown
40049100,s,keydown
40049200,a,keydown
40049400, ,keydown
40050000,Backspace,keydown
40050400,",",keydown
40050600, ,keydown
40051100,p,keydown
40051800,e,keydown
40052000,s,keydown
40052300,a,keydown
40053800, ,keydown
40056000,#,keydown
40058500,r,keydown
40058900,i,keydown
40059200,r,keydown
40059600,Backspace,keydown
40059900,t,keydown
40060200,o,keydown
40060400,r,keydown
40060900,n,keydown
40061100,e,keydown
40061600,l,keydown
40061700,l,keydown
40062000,o,keydown
40062200, ,keydown
40063700,r,keydown
40065100,i,keydown
40065300,p,keydown
40065700,e,keydown
40065900,t,keydown
40066200,u,keydown
40066500,t,keydown
40066900,o,keydown
40067100, ,keydown
40067400,3,keydown
40067600, ,keydown
40067700,c,keydown
40068200,Backspace,keydown
40068400,v,keydown
40068700,o,keydown
40068900,l,keydown
40069200,t,keydown
40069300,e,keydown
40069800,",",keydown
40070000, ,keydown
40070200,i,keydown
40070400,n,keydown
40070500, ,keydown
40070800,c,keydown
40071100,t,keydown
40071500,Backspace,keydown
40071800,r,keydown
40072100,e,keydown
40072300,s,keydown
40072600,c,keydown
40072900,e,keydown
40073300,n,keydown
40073700,d,keydown
40074100,o,keydown
40074500,",",keydown
40074800,Enter,keydown
40075800,c,keydown
40076600,o,keydown
40076800,m,keydown
40077100,e,keydown
40077300, ,keydown
40077600,n,keydown
40078000,e,keydown
40078400,g,keydown
40079000,Backspace,keydown
40079300,l,keydown
40079400,l,keydown
40080300,a,keydown
40080500, ,keydown
40080800,m,keydown
40081000,i,keydown
40081300,g,keydown
40081800,l,keydown
40082000,i,keydown
40082100,o,keydown
40082400,r,keydown
40082600,e,keydown
40082800, ,keydown
40082900,t,keydown
40083000,r,keydown
40083200,a,keydown
40083400,d,keydown
40083700,i,keydown
40084100,z,keydown
40084400,i,keydown
40084500,o,keydown
40084700,n,keydown
40085000,e,keydown
40085200, ,keydown
40085400,d,keydown
40085500,e,keydown
40085900,i,keydown
40086000, ,keydown
40088800,c,keydown
40089000,a,keydown
40089400,n,keydown
40089700,t,keydown
40089900,a,keydown
40090700,u,keydown
40090900,t,keydown
40091300,o,keydown
40091600,r,keydown
40091900,i,keydown
40092100, ,keydown
40092300,i,keydown
40092700,t,keydown
40093000,a,keydown
40133100,l,keydown
40133300,i,keydown
40133700,a,keydown
40134000,n,keydown
40134300,i,keydown
40134700,",",keydown
40134800, ,keydown
40135200,a,keydown
40135400,d,keydown
40135500, ,keydown
40136000,e,keydown
40136200,s,keydown
40136800,",",keydown
40136900, ,keydown
40137300,Backspace,keydown
40137600,Backspace,keydown
40138900,.,keydown
40139100,Enter,keydown
40140000,g,keydown
40140300,u,keydown
40141000,g,keydown
40141500,Backspace,keydown
40142600,c,keydown
40142700,c,keydown
40143000,i,keydown
40143100,n,keydown
40143400,i,keydown
40144100,.,keydown
40144200,.,keydown
40144400,.,keydown
40145800,#,keydown
40147800,.,keydown
40147900, ,keydown
40169700,t,keydown
40170100,u,keydown
40170400,t,keydown
40170500,t,keydown
40170800,a,keydown
40171200,v,keydown
40171500,i,keydown
40172100,a,keydown
40173300,",",keydown
40173600, ,keydown
40174100,q,keydown
40174600,u,keydown
40174900,e,keydown
40175100,s,keydown
40175200,t,keydown
40175900,o,keydown
40176000, ,keydown
40176300,d,keydown
40176500,a,keydown
40177000,n,keydown
40177200,n,keydown
40177500,a,keydown
40177900,t,keydown
40178200,o,keydown
40178300, ,keydown
40178700,#,keydown
40179000,a,keydown
40179300,n,keydown
40179700,z,keydown
40180000,i,keydown
40180100, ,keydown
40180400,d,keydown
40180600,a,keydown
40181100,n,keydown
40181200,n,keydown
40181500,a,keydown
40181700,t,keydown
40182200,i,keydown
40182500,s,keydown
40182700,s,keydown
40183000,i,keydown
40183200,m,keydown
40183500,o,keydown
40184000, ,keydown
40184800,f,keydown
40185100,o,keydown
40185300,r,keydown
40185700,m,keydown
40186200,#,keydown
40187600,Enter,keydown
40189800,f,keydown
40190200,o,keydown
40190400,r,keydown
40190900,m,keydown
40191100, ,keydown
40191400,#,keydown
40192000,r,keydown
40192400,i,keydown
40192500,p,keydown
40192900,e,keydown
40193100,t,keydown
40193500,u,keydown
40193800,r,keydown
40194100,Backspace,keydown
40194400,t,keydown
40194800,o,keydown
40196000,#,keydown
40196100, ,keydown
40196500,n,keydown
40196700,o,keydown
40197000,n,keydown
40197100, ,keydown
40197900,f,keydown
40198200,i,keydown
40198400,n,keydown
40198600,i,keydown
40198900,s,keydown
40199100,c,keydown
40199300,e,keydown
40199500, ,keydown
40199800,",",keydown
40200200,Backspace,keydown
40200500,m,keydown
40200800,a,keydown
40201100,i,keydown
40202000,.,keydown
40202100,.,keydown
40202200,.,keydown
40202600, ,keydown
40203100,m,keydown
40203400,a,keydown
40203500, ,keydown
40203700,q,keydown
40204100,u,keydown
40204300,a,keydown
40204900,n,keydown
40206000,t,keydown
40206100,e,keydown
40206300, ,keydown
40206500,d,keydown
40206700,a,keydown
40207100,n,keydown
40207300,n,keydown
40207600,a,keydown
40207700,t,keydown
40208100,i,keydown
40208400,s,keydown
40208500,s,keydown
40208900,o,keydown
40208900,i,keydown
40209200,m,keydown
40209600,e,keydown
40209700, ,keydown
40210700,Backspace,keydown
40210800,Backspace,keydown
40211000,Backspace,keydown
40211100,Backspace,keydown
40211300,Backspace,keydown
40211900,e,keydown
40212100, ,keydown
40212900,r,keydown
40213200,i,keydown
40213900,f,keydown
40214300,Backspace,keydown
40214600,g,keydown
40214900,h,keydown
40215200,e,keydown
40215500, ,keydown
40217200,Enter,keydown
40217900,h,keydown
40218100,a,keydown
40218700,",",keydown
40218900, ,keydown
40232200,n,keydown
40232400,o,keydown
40232700,n,keydown
40232800, ,keydown
40233000,l,keydown
40233300,e,keydown
40233400, ,keydown
40233800,h,keydown
40234100,o,keydown
40234200, ,keydown
40234400,m,keydown
40234700,a,keydown
40235000,i,keydown
40235100, ,keydown
40235400,c,keydown
40235600,o,keydown
40235900,n,keydown
40236200,t,keydown
40236500,a,keydown
40236700,t,keydown
40237100,a,keydown
40238400,Backspace,keydown
40238800,e,keydown
40240400,.,keydown
40240600,.,keydown
40240700,.,keydown
40241400, ,keydown
40247600,s,keydown
40247700,a,keydown
40248000,r,keydown
40248200,a,keydown
40248600,n,keydown
40248800,n,keydown
40249000,o,keydown
40249200, ,keydown
40250000,2,keydown
40250400,0,keydown
40250600, ,keydown
40250900,o,keydown
40251000, ,keydown
40251600,2,keydown
40251700,1,keydown
40252800,.,keydown
40252900,.,keydown
40253300, ,keydown
40253900,o,keydown
40254100, ,keydown
40254200,m,keydown
40254500,e,keydown
40255000,n,keydown
40255200,o,keydown
40255400, ,keydown
40256400,.,keydown
40256600,.,keydown
40256700,.,keydown
40256800,.,keydown
40257100, ,keydown
40257600,o,keydown
40257900, ,keydown
40258000,p,keydown
40258200,i,keydown
40258400,u,keydown
40259100,.,keydown
40259300,.,keydown
40260700,Enter,keydown
