timestamp,key,type
46194000,Backspace,keydown
46194000,Backspace,keydown
46194100,Backspace,keydown
46194100,Backspace,keydown
46194100,Backspace,keydown
46194100,Backspace,keydown
46194100,Backspace,keydown
46194100,Backspace,keydown
46194100,c,keydown
46194100,o,keydown
46194300,m,keydown
46194400,e,keydown
46194400, ,keydown
46194600,t,keydown
46194800,u,keydown
46194900,t,keydown
46195100,t,keydown
46195200,e,keydown
46195200, ,keydown
46195400,l,keydown
46195600,e,keydown
46195900, ,keydown
46196100,m,keydown
46196200,a,keydown
46196700,t,keydown
46196800,t,keydown
46196900,i,keydown
46197000,n,keydown
46197200,e,keydown
46197200, ,keydown
46197400,e,keydown
46197800,#,keydown
46197900, ,keydown
46198000,a,keydown
46198300,r,keydown
46198400,r,keydown
46198500,i,keydown
46198800,v,keydown
46198800,a,keydown
46199000,t,keydown
46199100,a,keydown
46199100, ,keydown
46199700,l,keydown
46199700,a,keydown
46199800, ,keydown
46200000,t,keydown
46200100,u,keydown
46200300,a,keydown
46200300, ,keydown
46200400,m,keydown
46200600,a,keydown
46200700,i,keydown
46200800,l,keydown
46201200,",",keydown
46201600, ,keydown
46201800,m,keydown
46201900,a,keydown
46202400, ,keydown
46202500,i,keydown
46202500,o,keydown
46203000, ,keydown
46203300,r,keydown
46203500,i,keydown
46203700,s,keydown
46203700,p,keydown
46203800,o,keydown
46204000,n,keydown
46204100,d,keydown
46204300,o,keydown
46204300,i,keydown
46204300, ,keydown
46205200,Backspace,keydown
46205400,Backspace,keydown
46205500, ,keydown
46205900,s,keydown
46206000,o,keydown
46206100,l,keydown
46206300,o,keydown
46206500,Enter,keydown
46207100,o,keydown
46207500,g,keydown
46207600,g,keydown
46207700,i,keydown
46207800, ,keydown
46208000,n,keydown
46208100,e,keydown
46208200,l,keydown
46208300, ,keydown
46208500,p,keydown
46208500,o,keydown
46208800,m,keydown
46209000,e,keydown
46209100,r,keydown
46209300,i,keydown
46209500,g,keydown
46209600,g,keydown
46209800,i,keydown
46209800,o,keydown
46212400,.,keydown
46216200,#,keydown
46216700,o,keydown
46217000,g,keydown
46217200,g,keydown
46217300,i,keydown
46217400, ,keydown
46217600,n,keydown
46217700,o,keydown
46217900,n,keydown
46217900, ,keydown
46218200,s,keydown
46218400,o,keydown
46218500, ,keydown
46218700,c,keydown
46218800,h,keydown
46219000,e,keydown
46219100, ,keydown
46219400,c,keydown
46219500,o,keydown
46219700,s,keydown
46219800,a,keydown
46219800, ,keydown
46220000,r,keydown
46220100,a,keydown
46220300,c,keydown
46220500,c,keydown
46220600,o,keydown
46220800,n,keydown
46220800,t,keydown
46220900,a,keydown
46221100,r,keydown
46221200,e,keydown
46221700,",",keydown
46221700, ,keydown
46222000,m,keydown
46222100,a,keydown
46222400,g,keydown
46222400,a,keydown
46222500,r,keydown
46222700,i,keydown
46223000, ,keydown
46223500,p,keydown
46223600,o,keydown
46223700,s,keydown
46223800,s,keydown
46224000,o,keydown
46224300,Enter,keydown
46225000,d,keydown
46225100,i,keydown
46225300,r,keydown
46225300,e,keydown
46225400, ,keydown
46225500,c,keydown
46225600,h,keydown
46225800,e,keydown
46225900, ,keydown
46227000,d,keydown
46227100,a,keydown
46227300,l,keydown
46227400,l,keydown
46227600,a,keydown
46227600, ,keydown
46227700,p,keydown
46227900,i,keydown
46227900,o,keydown
46228200,g,keydown
46228400,g,keydown
46228500,i,keydown
46228700,a,keydown
46228800, ,keydown
46228900,d,keydown
46229000,i,keydown
46229100, ,keydown
46229400,q,keydown
46229600,u,keydown
46229700,e,keydown
46229900,s,keydown
46230100,t,keydown
46230200,a,keydown
46230200, ,keydown
46230400,m,keydown
46230400,a,keydown
46230700,t,keydown
46230800,t,keydown
46231000,i,keydown
46231000,n,keydown
46231200,a,keydown
46231600, ,keydown
46232200,e,keydown
46232500,#,keydown
46232600, ,keydown
46232800,a,keydown
46232900,r,keydown
46233100,r,keydown
46233300,i,keydown
46233400,v,keydown
46233500,a,keydown
46233700,t,keydown
46233700,o,keydown
46233900, ,keydown
46234200,i,keydown
46234300,l,keydown
46234500, ,keydown
46235000,s,keydown
46235000,o,keydown
46235200,l,keydown
46235300,e,keydown
46235600,",",keydown
46236600, ,keydown
46237000,e,keydown
46237100,Enter,keydown
46237400,#,keydown
46237500,p,keydown
46238100,Backspace,keydown
46238200,Backspace,keydown
46238900,p,keydown
46238900,o,keydown
46239200,i,keydown
46239200, ,keydown
46239500,t,keydown
46239500,i,keydown
46239600, ,keydown
46239900,p,keydown
46239900,o,keydown
46240000,s,keydown
46240200,s,keydown
46240300,o,keydown
46240400, ,keydown
46240700,f,keydown
46240700,a,keydown
46240900,r,keydown
46241000, ,keydown
46241000,e,keydown
46241100,u,keydown
46241300,n,keydown
46241300, ,keydown
46241500,e,keydown
46241700,l,keydown
46241800,e,keydown
46242200,n,keydown
46242300,c,keydown
46242500,o,keydown
46242500, ,keydown
46243400,d,keydown
46243600,i,keydown
46243600, ,keydown
46244200,n,keydown
46244300,o,keydown
46244700,m,keydown
46244900,i,keydown
46244900, ,keydown
46245900,c,keydown
46246000,o,keydown
46246100,m,keydown
46246300,u,keydown
46246400,n,keydown
46246500,i,keydown
46246800, ,keydown
46247100,d,keydown
46247100,i,keydown
46247200, ,keydown
46247400,a,keydown
46247500,n,keydown
46247600,i,keydown
46248100,m,keydown
46248300,a,keydown
46248300,l,keydown
46248400,i,keydown
46249200,",",keydown
46249300, ,keydown
46249600,a,keydown
46249700,d,keydown
46249900, ,keydown
46250100,e,keydown
46250400,s,keydown
46250400,e,keydown
46250500,m,keydown
46250700,p,keydown
46251000,i,keydown
46251000,o,keydown
46252000,Enter,keydown
46252500,c,keydown
46252500,a,keydown
46252800,n,keydown
46252900,e,keydown
46253100,",",keydown
46253300, ,keydown
46253500,g,keydown
46253600,a,keydown
46253700,t,keydown
46253900,t,keydown
46254000,o,keydown
46254300,",",keydown
46254300, ,keydown
46255200,p,keydown
46255400,e,keydown
46255500,s,keydown
46255600,c,keydown
46255800,e,keydown
46257000,",",keydown
46257200, ,keydown
46258500,s,keydown
46259100,q,keydown
46259300,u,keydown
46259400,a,keydown
46259500,l,keydown
46259800,o,keydown
46260400,",",keydown
46260400, ,keydown
46260900,b,keydown
46260900,a,keydown
46261100,l,keydown
46261200,e,keydown
46261400,n,keydown
46261500,a,keydown
46261700,",",keydown
46262500, ,keydown
46266300,g,keydown
46266300,a,keydown
46266500,l,keydown
46266700,l,keydown
46266900,i,keydown
46267100,n,keydown
46267100,a,keydown
46267500,",",keydown
46267700, ,keydown
46267900,p,keydown
46268200,u,keydown
46268500,l,keydown
46268800,c,keydown
46269000,i,keydown
46269300,n,keydown
46269500,o,keydown
46269800,",",keydown
46269800, ,keydown
46270200,g,keydown
46270200,a,keydown
46270400,l,keydown
46270600,l,keydown
46270800,o,keydown
46271600,",",keydown
46272800, ,keydown
46279100,o,keydown
46279500,c,keydown
46279500,a,keydown
46279800,",",keydown
46279900,Enter,keydown
46282700,c,keydown
46282800,a,keydown
46282900,v,keydown
46283000,a,keydown
46283200,l,keydown
46283400,l,keydown
46283500,o,keydown
46283800,",",keydown
46283900, ,keydown
46284200,m,keydown
46284300,i,keydown
46285000,u,keydown
46285500,Backspace,keydown
46285600,Backspace,keydown
46286100,u,keydown
46286300,c,keydown
46286500,c,keydown
46286600,a,keydown
46287000,",",keydown
46287100, ,keydown
46287500,b,keydown
46287700,u,keydown
46288000,e,keydown
46288400,",",keydown
46288500, ,keydown
46289200,v,keydown
46289300,i,keydown
46289500,t,keydown
46289600,e,keydown
46289700,l,keydown
46289900,l,keydown
46290100,i,keydown
46290200,n,keydown
46290300,o,keydown
46290800,",",keydown
46292000, ,keydown
46299000,d,keydown
46299000,e,keydown
46299400,l,keydown
46299700,f,keydown
46299700,i,keydown
46299800,n,keydown
46300000,o,keydown
46300300,",",keydown
46300800, ,keydown
46306300,t,keydown
46306400,r,keydown
46306800,o,keydown
46306900,t,keydown
46307100,a,keydown
46307500,",",keydown
46307600, ,keydown
46307700,t,keydown
46307900,i,keydown
46308000,n,keydown
46308400,c,keydown
46308500,a,keydown
46308800,",",keydown
46308900, ,keydown
46309100,p,keydown
46309200,e,keydown
46309500,s,keydown
46310200,c,keydown
46310500,e,keydown
46310600, ,keydown
46311000,g,keydown
46311100,a,keydown
46311300,t,keydown
46311500,t,keydown
46311600,o,keydown
46312600,",",keydown
46313100,Enter,keydown
46317700,f,keydown
46317900,o,keydown
46318200,r,keydown
46318400,m,keydown
46318500,i,keydown
46318800,c,keydown
46318800,a,keydown
46319100,",",keydown
46319200, ,keydown
46319900,a,keydown
46320200,p,keydown
46320300,e,keydown
46320500,",",keydown
46320700, ,keydown
46321200,v,keydown
46321200,e,keydown
46321700,s,keydown
46321800,p,keydown
46322000,a,keydown
46322100,",",keydown
46322300, ,keydown
46322400,c,keydown
46322400,a,keydown
46322600,l,keydown
46322800,a,keydown
46323000,b,keydown
46323100,r,keydown
46323300,o,keydown
46323400,n,keydown
46323600,e,keydown
46323900,",",keydown
46324600, ,keydown
46327700,e,keydown
46327800, ,keydown
46328100,c,keydown
46328300,o,keydown
46328300,s,keydown
46328500,i,keydown
46328900,#,keydown
46329000, ,keydown
46329100,a,keydown
46329200, ,keydown
46329500,p,keydown
46329600,r,keydown
46329800,o,keydown
46329900,c,keydown
46330000,e,keydown
46330200,d,keydown
46330400,e,keydown
46330500,r,keydown
46330700,e,keydown
46331500, ,keydown
46331700,c,keydown
46331800,o,keydown
46331800,n,keydown
46332000, ,keydown
46332300,a,keydown
46332500,l,keydown
46332600,t,keydown
46332700,r,keydown
46332800,i,keydown
46333100, ,keydown
46333900,n,keydown
46334000,o,keydown
46334100,m,keydown
46334300,i,keydown
46334600,",",keydown
46334800,Enter,keydown
46335300,c,keydown
46335300,o,keydown
46335400,m,keydown
46335600,e,keydown
46335700, ,keydown
46341200,m,keydown
46341400,a,keydown
46341500,i,keydown
46341700,a,keydown
46341900,l,keydown
46341900,e,keydown
46342200,",",keydown
46342900, ,keydown
46350200,p,keydown
46350300,e,keydown
46350600,c,keydown
46350600,o,keydown
46350800,r,keydown
46350900,a,keydown
46351600,",",keydown
46353200, ,keydown
46353800,a,keydown
46354100,s,keydown
46354200,i,keydown
46354300,n,keydown
46354500,o,keydown
46355200,",",keydown
46355900, ,keydown
46356500,a,keydown
46357300,g,keydown
46357400,n,keydown
46358000,e,keydown
46358300,l,keydown
46358400,l,keydown
46358600,i,keydown
46358700,n,keydown
46358800,o,keydown
46360300,.,keydown
46360500, ,keydown
46360700,#,keydown
46360800,m,keydown
46360900,i,keydown
46361100, ,keydown
46361200,r,keydown
46361300,i,keydown
46361400,c,keydown
46361500,o,keydown
46361600,r,keydown
46361900,d,keydown
46362000,o,keydown
46362000, ,keydown
46362400,d,keydown
46362500,i,keydown
46362600, ,keydown
46362700,a,keydown
46362900,v,keydown
46363000,e,keydown
46363200,r,keydown
46363200,e,keydown
46363600, ,keydown
46364200,v,keydown
46364400,i,keydown
46364400,s,keydown
46364600,t,keydown
46364700,o,keydown
46365000,Enter,keydown
46365500,d,keydown
46365500,e,keydown
46365700,g,keydown
46365800,l,keydown
46365900,i,keydown
46365900, ,keydown
46366000,a,keydown
46366300,g,keydown
46366500,n,keydown
46366600,e,keydown
46366700,l,keydown
46366900,l,keydown
46367100,i,keydown
46367300,n,keydown
46367400,i,keydown
46368100, ,keydown
46369000,m,keydown
46369100,o,keydown
46369400,l,keydown
46369500,t,keydown
46369500,o,keydown
46369600, ,keydown
46369900,p,keydown
46369900,i,keydown
46370000,c,keydown
46370200,c,keydown
46370200,o,keydown
46370500,l,keydown
46370500,i,keydown
46370600, ,keydown
46371400,a,keydown
46371500, ,keydown
46371700,d,keydown
46371800,o,keydown
46372000,r,keydown
46372300,s,keydown
46372400,o,keydown
46372500, ,keydown
46372900,d,keydown
46373100,i,keydown
46373200, ,keydown
46373700,u,keydown
46373700,n,keydown
46373700, ,keydown
46374200,a,keydown
46374400,s,keydown
46374500,i,keydown
46374700,n,keydown
46374900,o,keydown
46375200,",",keydown
46375300, ,keydown
46375600,o,keydown
46376800, ,keydown
46377000,u,keydown
46377100,n,keydown
46377200, ,keydown
46377400,m,keydown
46377600,u,keydown
46377800,l,keydown
46378000,o,keydown
46378300,",",keydown
46379200,Enter,keydown
46379500,n,keydown
46379600,o,keydown
46379700,n,keydown
46379900, ,keydown
46380100,s,keydown
46380200,a,keydown
46380200,p,keydown
46380600,r,keydown
46380700,e,keydown
46380900,i,keydown
46381000, ,keydown
46382200,d,keydown
46382300,i,keydown
46382500,s,keydown
46382700,t,keydown
46382800,i,keydown
46382900,n,keydown
46383100,g,keydown
46383200,u,keydown
46383600,e,keydown
46383900,r,keydown
46384400,l,keydown
46384500,i,keydown
46386800,.,keydown
46387100,#,keydown
46387900, ,keydown
46388000,#,keydown
46388200,e,keydown
46388300,r,keydown
46388400,a,keydown
46388600,n,keydown
46388800,p,keydown
46388900, ,keydown
46389300,Backspace,keydown
46389500,Backspace,keydown
46389600,o,keydown
46390000, ,keydown
46390400,m,keydown
46390500,o,keydown
46390700,l,keydown
46390800,t,keydown
46390900,o,keydown
46391000, ,keydown
46392800,t,keydown
46392900,e,keydown
46392900,n,keydown
46393100,e,keydown
46393300,r,keydown
46393500,i,keydown
46394600,",",keydown
46394600, ,keydown
46394800,s,keydown
46395000,e,keydown
46395100,m,keydown
46395300,b,keydown
46395400,r,keydown
46395500,a,keydown
46395800,v,keydown
46395900,a,keydown
46396200,n,keydown
46396700,o,keydown
46396700, ,keydown
46397000,d,keydown
46397000,e,keydown
46397200,i,keydown
46397900, ,keydown
46398300,p,keydown
46398600,e,keydown
46398700,l,keydown
46399000,u,keydown
46399300,c,keydown
46399400,h,keydown
46399600,e,keydown
46400500,.,keydown
46400900,Enter,keydown
46403400,#,keydown
46403700,s,keydown
46403800,p,keydown
46403900,e,keydown
46404100,r,keydown
46404400,o,keydown
46404900, ,keydown
46405300,d,keydown
46405400,i,keydown
46405500, ,keydown
46405500,a,keydown
46405700,v,keydown
46405900,e,keydown
46406000,r,keydown
46406100,e,keydown
46406200, ,keydown
46406400,f,keydown
46406500,a,keydown
46406700,t,keydown
46406900,t,keydown
46407000,o,keydown
46407000, ,keydown
46407200,u,keydown
46407300,n,keydown
46407500, ,keydown
46407800,e,keydown
46408100,l,keydown
46408100,e,keydown
46408400,n,keydown
46408700,c,keydown
46408700,o,keydown
46408900, ,keydown
46409800,s,keydown
46410000,u,keydown
46410400,f,keydown
46410400,f,keydown
46410600,i,keydown
46410700,c,keydown
46411100,i,keydown
46411200,e,keydown
46411400,n,keydown
46411700,t,keydown
46411700,e,keydown
46412000,m,keydown
46412100,e,keydown
46412200,n,keydown
46412300,t,keydown
46412400,e,keydown
46412500, ,keydown
46412700,l,keydown
46413000,u,keydown
46413100,n,keydown
46413300,g,keydown
46413500,o,keydown
46414100,",",keydown
46414200, ,keydown
46414300,a,keydown
46414600,l,keydown
46414700, ,keydown
46415000,f,keydown
46415100,i,keydown
46415200,n,keydown
46415300,e,keydown
46415400, ,keydown
46416000,r,keydown
46416200,i,keydown
46416700,Backspace,keydown
46416900,Backspace,keydown
46417500,d,keydown
46417700,i,keydown
46417900,Enter,keydown
46418100,c,keydown
46418200,o,keydown
46418400,p,keydown
46418700,r,keydown
46418800,i,keydown
46419000,t,keydown
46419100,e,keydown
46419500,Backspace,keydown
46419600,Backspace,keydown
46419600,r,keydown
46419800,e,keydown
46420100, ,keydown
46420600,t,keydown
46420800,u,keydown
46421300,t,keydown
46421400,t,keydown
46421600,o,keydown
46421600, ,keydown
46421900,l,keydown
46422000,o,keydown
46422100, ,keydown
46422300,s,keydown
46422400,p,keydown
46422600,a,keydown
46422800,z,keydown
46423000,i,keydown
46423000,o,keydown
46423400, ,keydown
46423600,a,keydown
46423600, ,keydown
46423800,m,keydown
46424000,i,keydown
46424200,a,keydown
46424200, ,keydown
46424400,d,keydown
46424500,i,keydown
46424600,s,keydown
46424600,p,keydown
46424800,o,keydown
46424900,s,keydown
46425000,i,keydown
46425100,z,keydown
46425200,i,keydown
46425300,o,keydown
46425400,n,keydown
46425600,e,keydown
46427200,.,keydown
