timestamp,key,type
33200100,Backspace,keydown
33200100,Backspace,keydown
33200100,Backspace,keydown
33200100,Backspace,keydown
33200100,Backspace,keydown
33200100,Backspace,keydown
33200100,Backspace,keydown
33200100,Backspace,keydown
33200100,#,keydown
33200300,i,keydown
33200600,e,keydown
33200800,r,keydown
33201100,i,keydown
33201200, ,keydown
33201400,n,keydown
33201700,o,keydown
33201900,n,keydown
33202000, ,keydown
33202700,h,keydown
33202800,o,keydown
33202900, ,keydown
33203200,a,keydown
33203300,v,keydown
33203400,b,keydown
33203400,u,keydown
33203700,t,keydown
33203900,o,keydown
33204000, ,keydown
33204200,i,keydown
33204400,l,keydown
33204500, ,keydown
33204900,t,keydown
33205000,e,keydown
33205100,m,keydown
33205300,p,keydown
33205500,o,keydown
33205500, ,keydown
33205800,p,keydown
33205900,e,keydown
33206100,r,keydown
33206200, ,keydown
33207800,s,keydown
33207900,p,keydown
33208900,Backspace,keydown
33209400,c,keydown
33209800,r,keydown
33209900,i,keydown
33210100,v,keydown
33210300,e,keydown
33210500,r,keydown
33210600,t,keydown
33210900,i,keydown
33211200, ,keydown
33212000,i,keydown
33212200,l,keydown
33212300, ,keydown
33212400,s,keydown
33212500,o,keydown
33212700,l,keydown
33212900,i,keydown
33213100,t,keydown
33213300,o,keydown
33213400, ,keydown
33213700,m,keydown
33213800,e,keydown
33214000,s,keydown
33214200,s,keydown
33214300,a,keydown
33214400,g,keydown
33214500,g,keydown
33214800,i,keydown
33214800,o,keydown
33216100,Enter,keydown
33216400,q,keydown
33216600,u,keydown
33216900,o,keydown
33217100,t,keydown
33217300,i,keydown
33217700,d,keydown
33217900,i,keydown
33217900,a,keydown
33218000,n,keydown
33218100,o,keydown
33219000,.,keydown
33221000, ,keydown
33223900,#,keydown
33224000,#,keydown
33224300,#,keydown
33225300,#,keydown
33225700,#,keydown
33226100,#,keydown
33226100,#,keydown
33228200, ,keydown
33229400,#,keydown
33229600,r,keydown
33229800,i,keydown
33230000,m,keydown
33230000,e,keydown
33230200,d,keydown
33230300,i,keydown
33230400,o,keydown
33230500, ,keydown
33230800,o,keydown
33231000,g,keydown
33231100,g,keydown
33231300,i,keydown
33231700,",",keydown
33231800, ,keydown
33232300,s,keydown
33232500,c,keydown
33232600,r,keydown
33232800,i,keydown
33233000,v,keydown
33233100,e,keydown
33233200,n,keydown
33233400,d,keydown
33233500,o,keydown
33233700,t,keydown
33233800,i,keydown
33233900, ,keydown
33234500,u,keydown
33234700,n,keydown
33234900, ,keydown
33235300,s,keydown
33235300,a,keydown
33235400,c,keydown
33235700,c,keydown
33235800,o,keydown
33236000, ,keydown
33236100,d,keydown
33236300,i,keydown
33236400, ,keydown
33236600,c,keydown
33236700,a,keydown
33236900,z,keydown
33237100,z,keydown
33237200,a,keydown
33237400,t,keydown
33237500,e,keydown
33238000,.,keydown
33238100, ,keydown
33238300,#,keydown
33238700,h,keydown
33239000,o,keydown
33239200, ,keydown
33239500,f,keydown
33239500,i,keydown
33239700,n,keydown
33239900,i,keydown
33240200,t,keydown
33240300,o,keydown
33240500, ,keydown
33241500,Enter,keydown
33241600,l,keydown
33241800,e,keydown
33242000, ,keydown
33242100,b,keydown
33242200,a,keydown
33242400,r,keydown
33242600,z,keydown
33242900,e,keydown
33243100,l,keydown
33243200,l,keydown
33243300,e,keydown
33243400,t,keydown
33243600,t,keydown
33243700,e,keydown
33244800,",",keydown
33245000, ,keydown
33245100,e,keydown
33245400, ,keydown
33245500,n,keydown
33245500, ,keydown
33246700,Backspace,keydown
33247100,o,keydown
33247500,n,keydown
33247700, ,keydown
33248100,n,keydown
33248300,e,keydown
33249000, ,keydown
33249200,h,keydown
33249300,o,keydown
33249400, ,keydown
33249700,d,keydown
33249900,i,keydown
33249900, ,keydown
33250100,n,keydown
33250200,u,keydown
33250400,o,keydown
33250700,v,keydown
33250800,e,keydown
33251200,.,keydown
33251500, ,keydown
33251700,#,keydown
33251900,a,keydown
33252100,s,keydown
33252400,p,keydown
33252500,e,keydown
33252700,t,keydown
33252900,t,keydown
33253000,o,keydown
33253300, ,keydown
33255400,c,keydown
33255500,h,keydown
33255600,e,keydown
33255700, ,keydown
33255900,m,keydown
33256000,i,keydown
33256200, ,keydown
33256200,a,keydown
33256500,r,keydown
33257500,r,keydown
33257800,v,keydown
33258000,i,keydown
33258600,Backspace,keydown
33258700,Backspace,keydown
33258900,i,keydown
33259100,v,keydown
33259200,i,keydown
33260500, ,keydown
33260700,q,keydown
33261000,u,keydown
33261200,a,keydown
33261400,l,keydown
33261500,c,keydown
33261600,o,keydown
33261800,s,keydown
33261800,a,keydown
33262800,Enter,keydown
33263000,e,keydown
33263200, ,keydown
33263400,p,keydown
33263600,o,keydown
33263800,i,keydown
33263800, ,keydown
33264400,l,keydown
33264500,a,keydown
33264600, ,keydown
33265000,c,keydown
33265100,o,keydown
33265300,p,keydown
33265400,i,keydown
33265500,a,keydown
33265700, ,keydown
33265900,e,keydown
33266000, ,keydown
33266700,t,keydown
33266700,e,keydown
33266900, ,keydown
33267000,l,keydown
33267200,a,keydown
33267300, ,keydown
33267500,m,keydown
33267600,a,keydown
33267800,n,keydown
33268000,d,keydown
33268900,o,keydown
33269300,.,keydown
33269900, ,keydown
33270300,#,keydown
33270700,p,keydown
33271000,e,keydown
33271200,n,keydown
33271300,s,keydown
33271400,o,keydown
33271400, ,keydown
33271700,c,keydown
33271800,o,keydown
33271900,m,keydown
33272100,u,keydown
33272300,n,keydown
33272700,Backspace,keydown
33273100,n,keydown
33273300,q,keydown
33273500,u,keydown
33273600,e,keydown
33274000, ,keydown
33274500,c,keydown
33274600,h,keydown
33274800,e,keydown
33274800, ,keydown
33275200,t,keydown
33275300,u,keydown
33275300, ,keydown
33275600,n,keydown
33275700,o,keydown
33275900,n,keydown
33276000, ,keydown
33276000,a,keydown
33276200,b,keydown
33276400,b,keydown
33276500,i,keydown
33276700,a,keydown
33276800, ,keydown
33277200,i,keydown
33277400,l,keydown
33277500, ,keydown
33277700,t,keydown
33277700,e,keydown
33277800,m,keydown
33278000,p,keydown
33278100,o,keydown
33278200, ,keydown
33278500,p,keydown
33278500,e,keydown
33278700,r,keydown
33278800, ,keydown
33279600,Enter,keydown
33279900,l,keydown
33280000,e,keydown
33280300,g,keydown
33280300,g,keydown
33280500,e,keydown
33280600,r,keydown
33281200,e,keydown
33281400, ,keydown
33281800,t,keydown
33282000,u,keydown
33282200,t,keydown
33282300,t,keydown
33282500,i,keydown
33282700, ,keydown
33282800,i,keydown
33283000, ,keydown
33283200,m,keydown
33283300,e,keydown
33283500,s,keydown
33283700,s,keydown
33283800,a,keydown
33283900,g,keydown
33284000,g,keydown
33284200,i,keydown
33284300, ,keydown
33284500,c,keydown
33284800,h,keydown
33284900,e,keydown
33285000, ,keydown
33285300,i,keydown
33285400, ,keydown
33285600,t,keydown
33285700,u,keydown
33285800,o,keydown
33286000,i,keydown
33286100, ,keydown
33287200,p,keydown
33287200,o,keydown
33287600,v,keydown
33287700,e,keydown
33287900,r,keydown
33288100,i,keydown
33288600, ,keydown
33291500,s,keydown
33291600,c,keydown
33291800,h,keydown
33292100,i,keydown
33292100,a,keydown
33292300,v,keydown
33292500,i,keydown
33292600, ,keydown
33292900,s,keydown
33293000,o,keydown
33293200,n,keydown
33293200,o,keydown
33293300, ,keydown
33293600,c,keydown
33293800,o,keydown
33293900,s,keydown
33294100,t,keydown
33294200,r,keydown
33294300,e,keydown
33294500,t,keydown
33294700,t,keydown
33294800,i,keydown
33295000, ,keydown
33296100,Enter,keydown
33296200,a,keydown
33296400,d,keydown
33296600, ,keydown
33296800,i,keydown
33296900,n,keydown
33297200,v,keydown
33297400,i,keydown
33297600,a,keydown
33297800,r,keydown
33297900,t,keydown
33298200,i,keydown
33298300, ,keydown
33298600,t,keydown
33298700,u,keydown
33298900,t,keydown
33299000,t,keydown
33299100,i,keydown
33299300, ,keydown
33299500,i,keydown
33299700, ,keydown
33299900,g,keydown
33300100,i,keydown
33300300,o,keydown
33300500,r,keydown
33300600,n,keydown
33300800,i,keydown
33301500,.,keydown
33301600, ,keydown
33301800,#,keydown
33301900,e,keydown
33302200, ,keydown
33302700,s,keydown
33303000,e,keydown
33303100, ,keydown
33303300,i,keydown
33303400, ,keydown
33303700,p,keydown
33303900,r,keydown
33304000,i,keydown
33304200,m,keydown
33304300,i,keydown
33304500, ,keydown
33304700,g,keydown
33304800,i,keydown
33304900,o,keydown
33305100,r,keydown
33305100,n,keydown
33305300,i,keydown
33305900, ,keydown
33306500,r,keydown
33306600,i,keydown
33306700,v,keydown
33307300,Backspace,keydown
33307500,c,keydown
33307600,e,keydown
33307900,v,keydown
33308000,e,keydown
33308400,r,keydown
33308600,a,keydown
33309100,i,keydown
33309200, ,keydown
33310300,b,keydown
33310500,a,keydown
33310600,r,keydown
33310800,z,keydown
33311000,e,keydown
33311100,l,keydown
33311300,l,keydown
33311300,e,keydown
33311500,t,keydown
33312000,t,keydown
33312100,e,keydown
33312400,Enter,keydown
33312500,e,keydown
33312700, ,keydown
33313000,s,keydown
33313100,t,keydown
33313400,o,keydown
33313600,r,keydown
33313900,i,keydown
33313900,e,keydown
33314100, ,keydown
33314300,p,keydown
33314400,i,keydown
33314600,u,keydown
33314700,#,keydown
33314900, ,keydown
33315300,o,keydown
33315400, ,keydown
33315600,m,keydown
33315600,e,keydown
33315800,n,keydown
33316000,o,keydown
33316000, ,keydown
33316300,i,keydown
33316500,n,keydown
33316700,t,keydown
33316800,e,keydown
33316800,r,keydown
33317000,e,keydown
33317300,s,keydown
33317500,s,keydown
33317600,a,keydown
33317800,n,keydown
33317900,t,keydown
33318100,i,keydown
33318100, ,keydown
33318400,p,keydown
33318700,e,keydown
33319100,n,keydown
33319200,s,keydown
33319300,o,keydown
33319400, ,keydown
33319500,c,keydown
33319700,h,keydown
33319900,e,keydown
33319900, ,keydown
33320300,g,keydown
33320500,l,keydown
33320700,i,keydown
33320800, ,keydown
33321000,u,keydown
33321200,l,keydown
33321400,t,keydown
33321500,i,keydown
33321800,m,keydown
33322000,i,keydown
33322300, ,keydown
33322800,g,keydown
33323000,i,keydown
33323000,o,keydown
33323200,n,keydown
33323700,Backspace,keydown
33323800,r,keydown
33323900,n,keydown
33324100,i,keydown
33324300, ,keydown
33324800,d,keydown
33324900,e,keydown
33325000,l,keydown
33325100,l,keydown
33325200,#,keydown
33325400,e,keydown
33325600,s,keydown
33325800,p,keydown
33326000,e,keydown
33326200,r,keydown
33326400,i,keydown
33326500,m,keydown
33326700,e,keydown
33326700,n,keydown
33326900,t,keydown
33327000,o,keydown
33327500,Enter,keydown
33328200,r,keydown
33328400,i,keydown
33328600,v,keydown
33328900,Backspace,keydown
33329100,c,keydown
33329200,e,keydown
33329300,v,keydown
33329400,e,keydown
33329600,r,keydown
33329700,a,keydown
33330000,i,keydown
33330000, ,keydown
33330300,s,keydown
33330400,u,keydown
33330700,Backspace,keydown
33331000,o,keydown
33331100,l,keydown
33331300,o,keydown
33331400, ,keydown
33331700,i,keydown
33331700,o,keydown
33332200,Backspace,keydown
33333000,n,keydown
33333400,s,keydown
33333600,u,keydown
33333600,l,keydown
33333800,t,keydown
33334000,i,keydown
33334400,",",keydown
33334600, ,keydown
33334800,#,keydown
33335000,t,keydown
33335300,r,keydown
33335400,a,keydown
33335700,n,keydown
33335800,n,keydown
33336000,e,keydown
33336100, ,keydown
33336200,l,keydown
33336500,#,keydown
33336700,u,keydown
33337000,l,keydown
33337200,t,keydown
33337200,i,keydown
33337400,m,keydown
33337600,o,keydown
33337800, ,keydown
33338100,g,keydown
33338300,i,keydown
33338300,o,keydown
33338500,r,keydown
33338600,n,keydown
33338800,o,keydown
33339300,",",keydown
33339400, ,keydown
33339700,i,keydown
33339900,n,keydown
33340000, ,keydown
33340500,c,keydown
33340600,u,keydown
33340700,i,keydown
33340900, ,keydown
33342600,t,keydown
33342800,u,keydown
33342900,t,keydown
33343000,t,keydown
33343200,i,keydown
33343300, ,keydown
33343800,c,keydown
33343900,a,keydown
33344100,n,keydown
33344300,t,keydown
33344300,e,keydown
33344700,r,keydown
33344900,e,keydown
33345800,m,keydown
33346100,o,keydown
33346900,Enter,keydown
33347200,l,keydown
33347400,#,keydown
33347500,a,keydown
33347700,l,keydown
33347900,l,keydown
33348200,e,keydown
33348300,l,keydown
33348600,u,keydown
33349300,j,keydown
33349400,a,keydown
33354800, ,keydown
33355600,Backspace,keydown
33356100,#,keydown
33356200,#,keydown
33356400, ,keydown
33356600,e,keydown
33356700,#,keydown
33357000, ,keydown
33357600,f,keydown
33357700,i,keydown
33357800,n,keydown
33357900,i,keydown
33358100,t,keydown
33358200,a,keydown
33358500, ,keydown
33358500,#,keydown
33358700,#,keydown
33358800,#,keydown
33359000,#,keydown
33362500, ,keydown
33363100,#,keydown
33363700,f,keydown
33363800,i,keydown
33364000,n,keydown
33364200,o,keydown
33364300, ,keydown
33364500,a,keydown
33364600,l,keydown
33364700, ,keydown
33364900,p,keydown
33365000,r,keydown
33365200,o,keydown
33365400,s,keydown
33365600,s,keydown
33365600,i,keydown
33365800,m,keydown
33365900,o,keydown
33366100, ,keydown
33366400,e,keydown
33366600,s,keydown
33366800,p,keydown
33366900,e,keydown
33367000,r,keydown
33367100,i,keydown
33367300,m,keydown
33367400,e,keydown
33367600,n,keydown
33367600,t,keydown
33367800,o,keydown
33368500, ,keydown
33368800,c,keydown
33368900,g,keydown
33368900,h,keydown
33369000,e,keydown
33369600,Backspace,keydown
33369800,Backspace,keydown
33370000,Backspace,keydown
33370200,h,keydown
33370400,e,keydown
33370600, ,keydown
33371300,d,keydown
33371400,o,keydown
33371700,v,keydown
33371800,r,keydown
33371800,e,keydown
33372300,m,keydown
33372500,o,keydown
33373500,Enter,keydown
33373700,s,keydown
33373900,u,keydown
33374100,b,keydown
33374300,i,keydown
33374500,r,keydown
33374600,e,keydown
33374800, ,keydown
33375000,c,keydown
33375200,o,keydown
33375300,m,keydown
33375500,e,keydown
33375600, ,keydown
33375800,c,keydown
33376000,a,keydown
33376100,v,keydown
33376300,i,keydown
33376400,e,keydown
33376600, ,keydown
33376800,i,keydown
33376900,n,keydown
33377000, ,keydown
33377100,u,keydown
33377300,n,keydown
33377400, ,keydown
33377600,l,keydown
33377700,a,keydown
33377900,b,keydown
33378000,o,keydown
33378200,r,keydown
33378400,a,keydown
33378500,t,keydown
33378700,o,keydown
33378900,r,keydown
33379100,i,keydown
33379100,o,keydown
33379300, ,keydown
33379700,s,keydown
33379800,p,keydown
33379900,e,keydown
33380000,r,keydown
33380200,i,keydown
33380500,m,keydown
33380600,e,keydown
33380700,n,keydown
33380800,t,keydown
33381000,a,keydown
33381100,l,keydown
33381300,e,keydown
33381400, ,keydown
33382500,g,keydown
33382700,e,keydown
33382800,n,keydown
33383000,e,keydown
33383300,t,keydown
33383400,i,keydown
33383700,c,keydown
33383900,o,keydown
33384700,.,keydown
33386300, ,keydown
33386600,#,keydown
33386800,p,keydown
33387100,e,keydown
33387200,r,keydown
33387300, ,keydown
33387600,f,keydown
33387800,o,keydown
33388000,t,keydown
33388300,Backspace,keydown
33388400,r,keydown
33388900,t,keydown
33389000,u,keydown
33389200,n,keydown
33389400,e,keydown
33389800,Backspace,keydown
33390000,a,keydown
33390200,Enter,keydown
33390700,n,keydown
33390800,o,keydown
33391000,n,keydown
33391200, ,keydown
33391900,c,keydown
33392100,i,keydown
33392200, ,keydown
33392300,i,keydown
33392600,m,keydown
33392800,p,keydown
33392900,i,keydown
33393100,a,keydown
33393200,n,keydown
33393400,t,keydown
33393500,i,keydown
33393600, ,keydown
33396400,n,keydown
33396500,e,keydown
33396600,l,keydown
33396600, ,keydown
33396800,c,keydown
33396900,e,keydown
33397100,r,keydown
33397300,v,keydown
33397400,e,keydown
33397500,l,keydown
33397700,l,keydown
33397900,o,keydown
33398000, ,keydown
33398200,a,keydown
33398300,n,keydown
33398400,c,keydown
33398600,h,keydown
33398700,e,keydown
33398800, ,keydown
33400400,v,keydown
33400600,a,keydown
33400700,r,keydown
33400900,i,keydown
33401000,a,keydown
33401300,z,keydown
33401400,i,keydown
33401500,o,keydown
33401600,n,keydown
33401900,i,keydown
33402000, ,keydown
33402300,s,keydown
33402500,u,keydown
33402600,l,keydown
33402700, ,keydown
33403000,t,keydown
33403100,e,keydown
33403300,m,keydown
33403500,a,keydown
33404600, ,keydown
33404800,f,keydown
33404900,a,keydown
33405100,Backspace,keydown
33405400,Backspace,keydown
33405600,d,keydown
33405700,a,keydown
33405800, ,keydown
33406200,s,keydown
33406300,c,keydown
33406500,r,keydown
33406600,i,keydown
33406900,v,keydown
33406900,e,keydown
33407000,r,keydown
33407100,e,keydown
33407600,.,keydown
33408400,Enter,keydown
33412700,#,keydown
33413900,e,keydown
33414100, ,keydown
33414300,d,keydown
33414500,i,keydown
33414600,r,keydown
33414600,e,keydown
33414800,i,keydown
33414900, ,keydown
33415100,c,keydown
33415200,h,keydown
33415300,e,keydown
33415400, ,keydown
33415600,a,keydown
33415700,n,keydown
33415900,c,keydown
33416000,h,keydown
33416000,e,keydown
33416100, ,keydown
33416300,p,keydown
33416400,e,keydown
33416600,r,keydown
33416600, ,keydown
33416800,o,keydown
33417000,g,keydown
33417100,g,keydown
33417200,i,keydown
33417400, ,keydown
33417600,h,keydown
33417700,o,keydown
33417900, ,keydown
33418000,s,keydown
33418100,c,keydown
33418300,r,keydown
33418500,i,keydown
33418500,t,keydown
33418700,t,keydown
33418800,o,keydown
33418800, ,keydown
33418900,a,keydown
33419200,b,keydown
33419300,b,keydown
33419400,a,keydown
33419600,s,keydown
33419800,t,keydown
33419900,a,keydown
33420100,n,keydown
33420100,z,keydown
33420300,a,keydown
33420500, ,keydown
33421000,c,keydown
33421100,a,keydown
33421400,z,keydown
33421600,z,keydown
33421600,a,keydown
33421800,t,keydown
33421900,e,keydown
33422000, ,keydown
33422200,d,keydown
33422400,a,keydown
33422400, ,keydown
33422700,r,keydown
33422700,i,keydown
33422800,e,keydown
33423000,m,keydown
33423100,p,keydown
33423300,i,keydown
33423600,r,keydown
33423700,e,keydown
33423900,Enter,keydown
33424300,c,keydown
33424500,o,keydown
33424500,m,keydown
33424700,p,keydown
33424700,l,keydown
33424900,e,keydown
33425100,t,keydown
33425300,a,keydown
33425500,m,keydown
33425700,e,keydown
33425900,n,keydown
33426100,t,keydown
33426100,e,keydown
33426300, ,keydown
33426400,l,keydown
33426600,o,keydown
33426700, ,keydown
33426900,s,keydown
33427100,p,keydown
33427300,a,keydown
33427400,z,keydown
33427600,i,keydown
33427700,o,keydown
33427800, ,keydown
33428100,a,keydown
33428200, ,keydown
33428500,m,keydown
33428500,i,keydown
33428700,a,keydown
33428900, ,keydown
33429200,d,keydown
33429400,i,keydown
33429500,s,keydown
33429600,p,keydown
33429700,o,keydown
33430000,s,keydown
33430000,i,keydown
33430200,z,keydown
33430300,i,keydown
33430400,o,keydown
33430600,n,keydown
33430700,e,keydown
33430800, ,keydown
33431100,e,keydown
33431200, ,keydown
33431700,q,keydown
33431800,u,keydown
33431900,i,keydown
33432100,n,keydown
33432100,d,keydown
33432200,i,keydown
33432400, ,keydown
33432700,p,keydown
33432900,o,keydown
33433100,s,keydown
33433200,s,keydown
33433400,o,keydown
33433500, ,keydown
33434200,f,keydown
33434300,i,keydown
33434500,n,keydown
33434500,a,keydown
33434700,l,keydown
33434800,m,keydown
33435000,e,keydown
33435200,n,keydown
33435300,t,keydown
33435300,e,keydown
33436300,Enter,keydown
33436900,d,keydown
33437000,e,keydown
33437200,d,keydown
33437400,i,keydown
33437600,c,keydown
33437600,a,keydown
33437800,r,keydown
33438000,m,keydown
33438200,i,keydown
33438300, ,keydown
33438400,a,keydown
33438700,d,keydown
33438900, ,keydown
33439000,a,keydown
33439200,l,keydown
33439500,t,keydown
33439600,r,keydown
33439700,o,keydown
33441500,",",keydown
33441600, ,keydown
33441800,c,keydown
33441900,i,keydown
33442000,o,keydown
33442300,e,keydown
33442400,#,keydown
33442600, ,keydown
33442900,a,keydown
33443100, ,keydown
33447400,#,keydown
33447500,Backspace,keydown
33448900,l,keydown
33449100, ,keydown
33449400,l,keydown
33449400,a,keydown
33449700,v,keydown
33449800,o,keydown
33450000,r,keydown
33450100,o,keydown
33450300, ,keydown
33450500,q,keydown
33450700,u,keydown
33451300,o,keydown
33451500,t,keydown
33451700,i,keydown
33451800,d,keydown
33451900,i,keydown
33452000,a,keydown
33452500,n,keydown
33452600,o,keydown
33456600,#,keydown
33456800, ,keydown
33457000,c,keydown
33457100,h,keydown
33457200,e,keydown
33457300, ,keydown
33457400,n,keydown
33457600,o,keydown
33457700,n,keydown
33457900, ,keydown
33458000,e,keydown
33458100,#,keydown
33458300, ,keydown
33459400,m,keydown
33459500,i,keydown
33459700,c,keydown
33459700,a,keydown
33460900, ,keydown
33461100,d,keydown
33461500,Backspace,keydown
33461600,s,keydown
33461800,e,keydown
33461900,m,keydown
33462100,p,keydown
33462200,l,keydown
33462400,i,keydown
33462500,c,keydown
33462500,e,keydown
33462800,Enter,keydown
33463100,e,keydown
33463300, ,keydown
33463600,p,keydown
33463700,o,keydown
33464200,c,keydown
33464200,o,keydown
33464400, ,keydown
33465200,f,keydown
33465200,a,keydown
33465400,t,keydown
33465600,i,keydown
33465700,c,keydown
33465900,o,keydown
33466200,s,keydown
33466300,o,keydown
33466500, ,keydown
33466800,c,keydown
33467000,o,keydown
33467200,m,keydown
33467300,e,keydown
33467400, ,keydown
33467600,p,keydown
33467700,o,keydown
33467900,t,keydown
33468000,r,keydown
33468100,e,keydown
33469000,b,keydown
33469100,b,keydown
33469200,e,keydown
33469400, ,keydown
33469500,s,keydown
33469700,e,keydown
33469800,m,keydown
33470100,b,keydown
33470100,r,keydown
33470300,a,keydown
33470600,r,keydown
33470700,e,keydown
33472800,.,keydown
33473100, ,keydown
33473800,#,keydown
33474100,s,keydown
33474700,i,keydown
33474700, ,keydown
33474900,s,keydown
33475000,u,keydown
33475200,d,keydown
33475300,a,keydown
33475400, ,keydown
33475600,u,keydown
33475700,n,keydown
33475900, ,keydown
33476300,s,keydown
33476400,a,keydown
33476500,c,keydown
33476700,c,keydown
33477000,o,keydown
33477400,",",keydown
33477500, ,keydown
33477900,s,keydown
33478000,p,keydown
33478200,e,keydown
33478300,c,keydown
33478500,i,keydown
33478600,a,keydown
33478700,l,keydown
33478900,m,keydown
33479000,e,keydown
33479100,n,keydown
33479200,t,keydown
33479300,e,keydown
33479700,Enter,keydown
33479900,s,keydown
33480100,o,keydown
33480300,t,keydown
33480500,t,keydown
33480500,o,keydown
33480700, ,keydown
33480900,i,keydown
33481100,l,keydown
33481100, ,keydown
33481300,c,keydown
33481500,u,keydown
33481700,l,keydown
33481800,o,keydown
33483000,",",keydown
33483000, ,keydown
33483300,a,keydown
33483400, ,keydown
33483600,s,keydown
33483800,t,keydown
33483900,a,keydown
33484300,r,keydown
33484300,e,keydown
33484600, ,keydown
33485000,s,keydown
33485100,e,keydown
33485300,d,keydown
33485400,u,keydown
33485600,t,keydown
33485700,i,keydown
33485800, ,keydown
33486400,s,keydown
33486500,u,keydown
33486700, ,keydown
33487000,s,keydown
33487200,t,keydown
33487300,e,keydown
33487700,Backspace,keydown
33488000,Backspace,keydown
33488100,Backspace,keydown
33488300,#,keydown
33488400,#,keydown
33489300,Backspace,keydown
33489700,Backspace,keydown
33490100,#,keydown
33490300,s,keydown
33490400,t,keydown
33490600,e,keydown
33490700, ,keydown
33490800,s,keydown
33491000,e,keydown
33491200,d,keydown
33491400,i,keydown
33491400,e,keydown
33493500, ,keydown
33494000,n,keydown
33494200,o,keydown
33494300,n,keydown
33494300, ,keydown
33494700,t,keydown
33494700,r,keydown
33494800,o,keydown
33495100,p,keydown
33495200,p,keydown
33495300,o,keydown
33495400, ,keydown
33495600,c,keydown
33495800,o,keydown
33495900,m,keydown
33496100,o,keydown
33496300,d,keydown
33496400,e,keydown
33496800,.,keydown
33497100,Enter,keydown
33497500,#,keydown
33497900,c,keydown
33498000,i,keydown
33498100,a,keydown
33498200,o,keydown
33498300, ,keydown
33498500,e,keydown
33498700, ,keydown
33499300, ,keydown
33499700,a,keydown
33500000, ,keydown
33500200,d,keydown
33500300,o,keydown
33500500,m,keydown
33500600,a,keydown
33500700,n,keydown
33500900,i,keydown
33501400, ,keydown
33501900,Backspace,keydown
33502100,Backspace,keydown
33502300,Backspace,keydown
33502400,Backspace,keydown
33502600,Backspace,keydown
33502700,Backspace,keydown
33502900,Backspace,keydown
33503500,#,keydown
33503500,Backspace,keydown
33504000,l,keydown
33504100,l,keydown
33504200,a,keydown
33504400, ,keydown
33504500,s,keydown
33504600,p,keydown
33505000,Backspace,keydown
33505100,Backspace,keydown
33505300,Backspace,keydown
33505500,Backspace,keydown
33505600,Backspace,keydown
33505700,Backspace,keydown
33505900,Backspace,keydown
33506100,l,keydown
33506300,l,keydown
33506600,a,keydown
33506700, ,keydown
33506900,p,keydown
33507100,r,keydown
33507200,o,keydown
33507400,s,keydown
33507600,s,keydown
33507600,i,keydown
33507700,m,keydown
33507900,a,keydown
33508000, ,keydown
33508600,a,keydown
33508700,v,keydown
33508800,v,keydown
33508900,e,keydown
33509000,n,keydown
33509300,t,keydown
33509500,i,keydown
33510000,Backspace,keydown
33510200,u,keydown
33510500,r,keydown
33510600,a,keydown
