timestamp,key,type
4663400,Backspace,keydown
4663400,Backspace,keydown
4663400,Backspace,keydown
4663400,Backspace,keydown
4663400,Backspace,keydown
4663400,Backspace,keydown
4663400,Backspace,keydown
4663400,Backspace,keydown
4663400,i,keydown
4663500,e,keydown
4663500,r,keydown
4663700,i,keydown
4663900, ,keydown
4664200,h,keydown
4664300,o,keydown
4664500, ,keydown
4664600,f,keydown
4664800,a,keydown
4664900,t,keydown
4665000,t,keydown
4665100,o,keydown
4665200, ,keydown
4665400,e,keydown
4665600,s,keydown
4665700,a,keydown
4665900,m,keydown
4666000,i,keydown
4666300,.,keydown
4666400, ,keydown
4667200,#,keydown
4667400,c,keydown
4667500,h,keydown
4667700,e,keydown
4668100, ,keydown
4668400,s,keydown
4668600,t,keydown
4668700,r,keydown
4668800,e,keydown
4669100,s,keydown
4669200,s,keydown
4669400,#,keydown
4669500,#,keydown
4669600,#,keydown
4670000, ,keydown
4673200,#,keydown
4673600,u,keydown
4673800,n,keydown
4673900,a,keydown
4674000, ,keydown
4674200,t,keydown
4674300,o,keydown
4674300,r,keydown
4674500,n,keydown
4674600,a,keydown
4674800,t,keydown
4674800,a,keydown
4675000, ,keydown
4675100,d,keydown
4675200,i,keydown
4675300, ,keydown
4675400,c,keydown
4675700,a,keydown
4675900,p,keydown
4676200,r,keydown
4676300,e,keydown
4676600,.,keydown
4676900, ,keydown
4678900,#,keydown
4679300,n,keydown
4679300,o,keydown
4679500,n,keydown
4679500, ,keydown
4679800,s,keydown
4679900,o,keydown
4680000,n,keydown
4680100,o,keydown
4680400,Enter,keydown
4680900,u,keydown
4681100,n,keydown
4681300,a,keydown
4681400, ,keydown
4681800,c,keydown
4681900,h,keydown
4681900,e,keydown
4682100, ,keydown
4682300,b,keydown
4682400,o,keydown
4682600,c,keydown
4682700,c,keydown
4682900,i,keydown
4683000,a,keydown
4683100, ,keydown
4683300,m,keydown
4683400,o,keydown
4683600,l,keydown
4683700,t,keydown
4683900,o,keydown
4684000, ,keydown
4684200,m,keydown
4684300,a,keydown
4684400, ,keydown
4684700,i,keydown
4684800,e,keydown
4684800,r,keydown
4685000,i,keydown
4685100, ,keydown
4685500,d,keydown
4685500,i,keydown
4686000,Backspace,keydown
4686100,Backspace,keydown
4686300,s,keydown
4686400,u,keydown
4687300, ,keydown
4687900,2,keydown
4688200,5,keydown
4688300, ,keydown
4689700,c,keydown
4689700,i,keydown
4689800,r,keydown
4690100,c,keydown
4690300,a,keydown
4690400, ,keydown
4690600,c,keydown
4690700,h,keydown
4690800,e,keydown
4690900, ,keydown
4691000,e,keydown
4691100,r,keydown
4691300,a,keydown
4691500,n,keydown
4691600,o,keydown
4691900, ,keydown
4692300,n,keydown
4692400,e,keydown
4692600, ,keydown
4692700,h,keydown
4693000,o,keydown
4693100, ,keydown
4694100,m,keydown
4694200,a,keydown
4694400,n,keydown
4694400,d,keydown
4694500,a,keydown
4694700,t,keydown
4694800,i,keydown
4695100,Enter,keydown
4695300,v,keydown
4695400,i,keydown
4695700,a,keydown
4695800, ,keydown
4696800,s,keydown
4697000,e,keydown
4697100,i,keydown
4697200, ,keydown
4697400,o,keydown
4697600, ,keydown
4697800,s,keydown
4698000,e,keydown
4698100,t,keydown
4698200,t,keydown
4698400,e,keydown
4699200, ,keydown
4699400,.,keydown
4699700,.,keydown
4699800,.,keydown
4700100, ,keydown
4703600,d,keydown
4703800,u,keydown
4703800,e,keydown
4703900, ,keydown
4704300,l,keydown
4704500,i,keydown
4704600, ,keydown
4704800,h,keydown
4704900,o,keydown
4705000, ,keydown
4705100,c,keydown
4705200,a,keydown
4705400,c,keydown
4705500,c,keydown
4705600,i,keydown
4705700,a,keydown
4705900,t,keydown
4706000,i,keydown
4706200, ,keydown
4706300,d,keydown
4706500,i,keydown
4706600, ,keydown
4706800,b,keydown
4707000,r,keydown
4707100,u,keydown
4707100,t,keydown
4707300,t,keydown
4707500,o,keydown
4708600,#,keydown
4708800,#,keydown
4708900, ,keydown
4709100,n,keydown
4709300,o,keydown
4709500,n,keydown
4709600, ,keydown
4709700,e,keydown
4709900,#,keydown
4711200, ,keydown
4711900,p,keydown
4712100,o,keydown
4712200,s,keydown
4712300,s,keydown
4712400,i,keydown
4713000,b,keydown
4713100,i,keydown
4713300,l,keydown
4714200,e,keydown
4714400,Enter,keydown
4715100,c,keydown
4715200,h,keydown
4715200,e,keydown
4715400, ,keydown
4717300,#,keydown
4717600,#,keydown
4717800,a,keydown
4718000,v,keydown
4718100,e,keydown
4718300,n,keydown
4718400,d,keydown
4718500,o,keydown
4718700, ,keydown
4718900,n,keydown
4719100,o,keydown
4719100,i,keydown
4719300, ,keydown
4719500,f,keydown
4719600,i,keydown
4719800,n,keydown
4719900,i,keydown
4720100,t,keydown
4720100,o,keydown
4720300, ,keydown
4720400,i,keydown
4720600,l,keydown
4720800, ,keydown
4720900,c,keydown
4721000,o,keydown
4721100,r,keydown
4721300,s,keydown
4721400,o,keydown
4721600, ,keydown
4721700,a,keydown
4721800, ,keydown
4722100,n,keydown
4722400,o,keydown
4723200,v,keydown
4723300,e,keydown
4723400,m,keydown
4723600,b,keydown
4723800,r,keydown
4723900,e,keydown
4724000,#,keydown
4724200,#,keydown
4724400, ,keydown
4725700,q,keydown
4725800,u,keydown
4725900,e,keydown
4726100,s,keydown
4726200,t,keydown
4726400,i,keydown
4726500, ,keydown
4726700,a,keydown
4726900,r,keydown
4727000,r,keydown
4727100,i,keydown
4727200,v,keydown
4727400,i,keydown
4727500,n,keydown
4727800,o,keydown
4728000, ,keydown
4728300,c,keydown
4728500,o,keydown
4728600,n,keydown
4728900, ,keydown
4729300,u,keydown
4729500,n,keydown
4729700,Enter,keydown
4729900,p,keydown
4730100,r,keydown
4730100,o,keydown
4730300,g,keydown
4730400,e,keydown
4730500,t,keydown
4730600,t,keydown
4730800,o,keydown
4730800, ,keydown
4730900,d,keydown
4731000,i,keydown
4731100, ,keydown
4731200,l,keydown
4731400,a,keydown
4731500,b,keydown
4731700,o,keydown
4731800,r,keydown
4731900,a,keydown
4732000,t,keydown
4732200,o,keydown
4732400,r,keydown
4732400,i,keydown
4732500,o,keydown
4732700, ,keydown
4734200,s,keydown
4734400,v,keydown
4734500,o,keydown
4734700,l,keydown
4734800,t,keydown
4734900,o,keydown
4735100, ,keydown
4735200,i,keydown
4735400,n,keydown
4735500, ,keydown
4735600,c,keydown
4735800,o,keydown
4736000,p,keydown
4736100,p,keydown
4736400,i,keydown
4736500,a,keydown
4737900, ,keydown
4738100,c,keydown
4738200,o,keydown
4738200,s,keydown
4738500,t,keydown
4738500,i,keydown
4738700,t,keydown
4738800,u,keydown
4738900,i,keydown
4739000,t,keydown
4739100,o,keydown
4739300, ,keydown
4739400,d,keydown
4739500,a,keydown
4739600, ,keydown
4739800,u,keydown
4740000,n,keydown
4740100, ,keydown
4740500,d,keydown
4740500,a,keydown
4740700,t,keydown
4740800,a,keydown
4740900, ,keydown
4741100,b,keydown
4741200,a,keydown
4741400,s,keydown
4741600,e,keydown
4741800, ,keydown
4742200,Enter,keydown
4744800,d,keydown
4744900,i,keydown
4745100, ,keydown
4745300,b,keydown
4745400,e,keydown
4745600,n,keydown
4745800, ,keydown
4746200,t,keydown
4746200,r,keydown
4746400,e,keydown
4746600, ,keydown
4747300,#,keydown
4747500,#,keydown
4748000,d,keydown
4748100,i,keydown
4748300,c,keydown
4748400,o,keydown
4748500, ,keydown
4748700,#,keydown
4748800,t,keydown
4748900,r,keydown
4749100,e,keydown
4749300,#,keydown
4749600,#,keydown
4750300,#,keydown
4750600, ,keydown
4750900,e,keydown
4751000,n,keydown
4751200,t,keydown
4751300,i,keydown
4751400,t,keydown
4751600,a,keydown
4752100,#,keydown
4753500,.,keydown
4754100, ,keydown
4756100,#,keydown
4756300,n,keydown
4756400,o,keydown
4756600,n,keydown
4756700, ,keydown
4756900,c,keydown
4757000,i,keydown
4757100, ,keydown
4757400,h,keydown
4757600,o,keydown
4757700, ,keydown
4757800,v,keydown
4757900,i,keydown
4758000,s,keydown
4758200,t,keydown
4758300,o,keydown
4758500, ,keydown
4758700,p,keydown
4758800,i,keydown
4759000,u,keydown
4759200,#,keydown
4760000,#,keydown
4760200,#,keydown
4760300, ,keydown
4760500,l,keydown
4760700,i,keydown
4760900, ,keydown
4761100,h,keydown
4761300,o,keydown
4762200,Enter,keydown
4762600,s,keydown
4762900,g,keydown
4763000,r,keydown
4763100,i,keydown
4763300,d,keydown
4763400,a,keydown
4763600,t,keydown
4763700,i,keydown
4763900, ,keydown
4765800,e,keydown
4766000, ,keydown
4766100,s,keydown
4766300,p,keydown
4766900,e,keydown
4767100,d,keydown
4767200,i,keydown
4767500,t,keydown
4767500,i,keydown
4767700, ,keydown
4768500,a,keydown
4768600, ,keydown
4768700,c,keydown
4769000,a,keydown
4769200,s,keydown
4769200,a,keydown
4769400, ,keydown
4769600,a,keydown
4769700, ,keydown
4769900,l,keydown
4770000,a,keydown
4770300,v,keydown
4770500,o,keydown
4770600,r,keydown
4770700,a,keydown
4770800,r,keydown
4771000,e,keydown
4771200, ,keydown
4772000,u,keydown
4772100,n,keydown
4772300, ,keydown
4772400,p,keydown
4772500,o,keydown
4773300,c,keydown
4773300,h,keydown
4773500,i,keydown
4773600,n,keydown
4773800,o,keydown
4773900, ,keydown
4774100,d,keydown
4774200,i,keydown
4774300, ,keydown
4774500,p,keydown
4774700,i,keydown
4774900,u,keydown
4775000,#,keydown
4775500,p,keydown
4775500,e,keydown
4775600,r,keydown
4775800, ,keydown
4776200,u,keydown
4776200,i,keydown
4776700,Backspace,keydown
4776800,Backspace,keydown
4777200,i,keydown
4777400,l,keydown
4778200, ,keydown
4778500,p,keydown
4779400,r,keydown
4779700,o,keydown
4780100,-,keydown
4781100,Backspace,keydown
4781200,s,keydown
4781800,-,keydown
4782000,Enter,keydown
4782200,s,keydown
4782300,i,keydown
4782500,m,keydown
4782600,o,keydown
4782800, ,keydown
4783000,a,keydown
4783100,p,keydown
4783300,p,keydown
4783400,e,keydown
4783400,l,keydown
4783600,l,keydown
4783800,o,keydown
4784000,.,keydown
4784800, ,keydown
4786300,#,keydown
4786500,e,keydown
4786500, ,keydown
4786700,u,keydown
4786900,n,keydown
4787100,o,keydown
4787300, ,keydown
4787300,f,keydown
4787500,a,keydown
4787600,c,keydown
4787800,e,keydown
4787900,v,keydown
4788000,a,keydown
4788200, ,keydown
4788500,p,keydown
4788700,u,keydown
4788800,r,keydown
4789000,e,keydown
4789000, ,keydown
4789100,i,keydown
4789400,l,keydown
4789400, ,keydown
4789600,f,keydown
4789700,u,keydown
4789900,r,keydown
4790100,b,keydown
4790200,o,keydown
4790400, ,keydown
4790600,c,keydown
4790700,e,keydown
4790800,r,keydown
4791000,c,keydown
4791000,a,keydown
4791200,n,keydown
4791400,d,keydown
4791500,o,keydown
4791500, ,keydown
4791700,d,keydown
4791800,i,keydown
4791900, ,keydown
4792200,a,keydown
4792600,r,keydown
4792700,r,keydown
4792800,a,keydown
4793100,m,keydown
4793700,p,keydown
4793900,i,keydown
4794000,c,keydown
4794100,a,keydown
4794300,r,keydown
4794400,s,keydown
4794600,i,keydown
4795400,Enter,keydown
4795800,s,keydown
4795900,u,keydown
4796200,g,keydown
4796200,l,keydown
4796400,i,keydown
4796600, ,keydown
4796700,s,keydown
4796800,p,keydown
4796900,e,keydown
4797100,c,keydown
4797200,c,keydown
4797300,h,keydown
4797600,i,keydown
4799600,#,keydown
4799900, ,keydown
4800100,i,keydown
4800400,r,keydown
4800500,r,keydown
4800700,i,keydown
4800900,t,keydown
4801100,a,keydown
4801200,n,keydown
4801200,t,keydown
4801400,e,keydown
4801600, ,keydown
4801700,o,keydown
4802000,l,keydown
4802000,t,keydown
4802100,r,keydown
4802300,e,keydown
4802500, ,keydown
4803200,c,keydown
4803500,h,keydown
4803600,e,keydown
4803800, ,keydown
4804200,c,keydown
4804300,a,keydown
4804500,p,keydown
4804600,r,keydown
4804700,a,keydown
4804800,.,keydown
4808600, ,keydown
4810900,#,keydown
4811000,a,keydown
4811300,d,keydown
4811500, ,keydown
4811600,o,keydown
4811800,g,keydown
4811900,n,keydown
4812100,i,keydown
4812400,m,keydown
4812900,Backspace,keydown
4813100, ,keydown
4813300,m,keydown
4813500,o,keydown
4814000,d,keydown
4814100,o,keydown
4814300, ,keydown
4814500,p,keydown
4814500,e,keydown
4814600,r,keydown
4814700, ,keydown
4815100,r,keydown
4815100,i,keydown
4815500,s,keydown
4815600,o,keydown
4815700,l,keydown
4815800,l,keydown
4816000,e,keydown
4816100,v,keydown
4816300,a,keydown
4816400,r,keydown
4816800,m,keydown
4817000,i,keydown
4817100, ,keydown
4817800,Enter,keydown
4818200,d,keydown
4818400,o,keydown
4818500,p,keydown
4818700,o,keydown
4818900, ,keydown
4819200,q,keydown
4819400,u,keydown
4819500,e,keydown
4819600,s,keydown
4819700,t,keydown
4820000,a,keydown
4820200, ,keydown
4820500,t,keydown
4820500,r,keydown
4820700,i,keydown
4820800,s,keydown
4821000,t,keydown
4821100,e,keydown
4821300, ,keydown
4821600,t,keydown
4821600,o,keydown
4821800,r,keydown
4821900,n,keydown
4822000,a,keydown
4822100,t,keydown
4822300,a,keydown
4822400, ,keydown
4822900,d,keydown
4823200,#,keydown
4823400,e,keydown
4823600,s,keydown
4823600,a,keydown
4823700,m,keydown
4823900,i,keydown
4824100, ,keydown
4825300,s,keydown
4825300,o,keydown
4825500,n,keydown
4825700,o,keydown
4825800, ,keydown
4826000,a,keydown
4826300,n,keydown
4826300,d,keydown
4826400,a,keydown
4826600,t,keydown
4826700,a,keydown
4826800, ,keydown
4827000,d,keydown
4827100,a,keydown
4827200, ,keydown
4827300,#,keydown
4827500,o,keydown
4827800,l,keydown
4827800,s,keydown
4828000,e,keydown
4828100,n,keydown
4828300, ,keydown
4829300,a,keydown
4829400, ,keydown
4829600,p,keydown
4829700,r,keydown
4829700,e,keydown
4829900,n,keydown
4830000,d,keydown
4830100,e,keydown
4830200,r,keydown
4830200,m,keydown
4830400,i,keydown
4830700,Enter,keydown
4831400,q,keydown
4831500,u,keydown
4831700,a,keydown
4831800,l,keydown
4831900,c,keydown
4832000,o,keydown
4832100,s,keydown
4832200,i,keydown
4832400,n,keydown
4832600,a,keydown
4832600, ,keydown
4833400,d,keydown
4833500,i,keydown
4833700, ,keydown
4833900,b,keydown
4834000,u,keydown
4834100,o,keydown
4834300,n,keydown
4834400,o,keydown
4834700,.,keydown
4835000, ,keydown
4836500,#,keydown
4836800,h,keydown
4836900,o,keydown
4837000, ,keydown
4837200,p,keydown
4837300,r,keydown
4837300,e,keydown
4837500,s,keydown
4837600,o,keydown
4837800, ,keydown
4837900,u,keydown
4838100,n,keydown
4838200,a,keydown
4838300, ,keydown
4838600,t,keydown
4838600,o,keydown
4838700,r,keydown
4839000,t,keydown
4839100,i,keydown
4839400,n,keydown
4839500,a,keydown
4839700, ,keydown
4840600,c,keydown
4840700,o,keydown
4840900,n,keydown
4841000, ,keydown
4841200,s,keydown
4841300,a,keydown
4841300,l,keydown
4841600,s,keydown
4841800,a,keydown
4842400, ,keydown
4842600,d,keydown
4843000,#,keydown
4843100,a,keydown
4843300,r,keydown
4843400,a,keydown
4843600,n,keydown
4843700,c,keydown
4844000,e,keydown
4844900, ,keydown
4845400,e,keydown
4846200,Enter,keydown
4846300,a,keydown
4846700,r,keydown
4846900,a,keydown
4847100,n,keydown
4847200,c,keydown
4847400,e,keydown
4847500, ,keydown
4847700,a,keydown
4847700, ,keydown
4847800,c,keydown
4848100,u,keydown
4848400,b,keydown
4848600,e,keydown
4848700,t,keydown
4848900,t,keydown
4848900,i,keydown
4849200, ,keydown
4850700,s,keydown
4850900,p,keydown
4851200,a,keydown
4851300,r,keydown
4851600,s,keydown
4851700,e,keydown
4851900, ,keydown
4852100,s,keydown
4852200,o,keydown
4852300,p,keydown
4852500,r,keydown
4852500,a,keydown
4852700,",",keydown
4852800, ,keydown
4853200,u,keydown
4853400,n,keydown
4853600,a,keydown
4853600, ,keydown
4853800,v,keydown
4853800,e,keydown
4853900,r,keydown
4854100,a,keydown
4854300, ,keydown
4854800,d,keydown
4854800,e,keydown
4855000,l,keydown
4855200,i,keydown
4855400,z,keydown
4855400,i,keydown
4855600,a,keydown
4856600, ,keydown
4858000,d,keydown
4858100,i,keydown
4858300, ,keydown
4859100,d,keydown
4859100,o,keydown
4859300,l,keydown
4859500,c,keydown
4859600,e,keydown
4859700,t,keydown
4859900,t,keydown
4859900,o,keydown
4861300,.,keydown
4861400, ,keydown
4861600,#,keydown
4861700,c,keydown
4861800,i,keydown
4862000,a,keydown
4862000,o,keydown
