timestamp,key,type
41152600,Backspace,keydown
41152600,Backspace,keydown
41152600,Backspace,keydown
41152600,Backspace,keydown
41152600,Backspace,keydown
41152600,Backspace,keydown
41152600,Backspace,keydown
41152600,Backspace,keydown
41152600,a,keydown
41152700, ,keydown
41153000,c,keydown
41153400,o,keydown
41153700,s,keydown
41154000,t,keydown
41154300,o,keydown
41154500, ,keydown
41154700,d,keydown
41155200,Backspace,keydown
41156200,r,keydown
41156700,i,keydown
41156900,p,keydown
41157400,e,keydown
41158900,t,keydown
41159200,e,keydown
41159300,r,keydown
41159800,m,keydown
41160000,i,keydown
41160600,#,keydown
41160900, ,keydown
41161700,v,keydown
41162000,o,keydown
41162300,g,keydown
41162600,l,keydown
41162800,i,keydown
41163200,a,keydown
41163600,.,keydown
41164700,Backspace,keydown
41166600,.,keydown
41166800,.,keydown
41167000,.,keydown
41167400, ,keydown
41168400,c,keydown
41168600,h,keydown
41168900,e,keydown
41169100, ,keydown
41169200,c,keydown
41169500,o,keydown
41169900,s,keydown
41170200, ,keydown
41170800,v,keydown
41171800,u,keydown
41171900,o,keydown
41172100,l,keydown
41173200, ,keydown
41173300,d,keydown
41173700,i,keydown
41174000,r,keydown
41174100,e,keydown
41174300, ,keydown
41174700,v,keydown
41175000,o,keydown
41175400,g,keydown
41175800,l,keydown
41176000,i,keydown
41176800,a,keydown
41177300,.,keydown
41178000, ,keydown
41178600,c,keydown
41178900,o,keydown
41179200,m,keydown
41179500,e,keydown
41179700, ,keydown
41180000,s,keydown
41182900,i,keydown
41183500,Enter,keydown
41185200,f,keydown
41185500,a,keydown
41186100,#,keydown
41188400,p,keydown
41188900,u,keydown
41189100,o,keydown
41189500,#,keydown
41189800, ,keydown
41190900,a,keydown
41191400,v,keydown
41191800,e,keydown
41191900,r,keydown
41192100,e,keydown
41192300, ,keydown
41193000,v,keydown
41193400,o,keydown
41193900,g,keydown
41194100,l,keydown
41194400,i,keydown
41194700,a,keydown
41195400,",",keydown
41195500, ,keydown
41195700,i,keydown
41195900,n,keydown
41196100, ,keydown
41198400,q,keydown
41198900,u,keydown
41199400,e,keydown
41199600,s,keydown
41200100,t,keydown
41200400,o,keydown
41200600, ,keydown
41201100,a,keydown
41202500,s,keydown
41202700,s,keydown
41203200,u,keydown
41203400,r,keydown
41203700,d,keydown
41204000,o,keydown
41204100, ,keydown
41204400,e,keydown
41204600, ,keydown
41204900,i,keydown
41205500,r,keydown
41205700,r,keydown
41205700,r,keydown
41206000,e,keydown
41206200,a,keydown
41206600,l,keydown
41207000,e,keydown
41207100, ,keydown
41209200,Backspace,keydown
41209500,Backspace,keydown
41209600,Backspace,keydown
41209800,Backspace,keydown
41209900,Backspace,keydown
41210000,Backspace,keydown
41210900,e,keydown
41211000,a,keydown
41211400,l,keydown
41211700,e,keydown
41211900, ,keydown
41212000,g,keydown
41212300,r,keydown
41212600,i,keydown
41213100,g,keydown
41213400,u,keydown
41213800,Backspace,keydown
41214000,i,keydown
41214200,o,keydown
41214400,r,keydown
41214600,e,keydown
41216500, ,keydown
41217500,#,keydown
41219000,s,keydown
41220100,t,keydown
41220900,o,keydown
41221300,Enter,keydown
41222300,p,keydown
41222600,a,keydown
41222900,r,keydown
41223300,l,keydown
41223600,a,keydown
41224100,n,keydown
41224400,d,keydown
41224800,o,keydown
41225000, ,keydown
41225200,f,keydown
41225700,Backspace,keydown
41226000,d,keydown
41226100,e,keydown
41226500,l,keydown
41226600, ,keydown
41226900,t,keydown
41227100,e,keydown
41227400,m,keydown
41227700,p,keydown
41227900,o,keydown
41228200,",",keydown
41228400, ,keydown
41228700,q,keydown
41229000,u,keydown
41229300,e,keydown
41229700,l,keydown
41229800,l,keydown
41230000,o,keydown
41230100, ,keydown
41230600,a,keydown
41230800,t,keydown
41231400,m,keydown
41231600,i,keydown
41233300,Backspace,keydown
41234100,i,keydown
41234400,Backspace,keydown
41234700,o,keydown
41235000,s,keydown
41235500,f,keydown
41235800,e,keydown
41235900,r,keydown
41236200,i,keydown
41238400,c,keydown
41238700,o,keydown
41240800,#,keydown
41243300,#,keydown
41243400, ,keydown
41243700,d,keydown
41245100,i,keydown
41245300, ,keydown
41245500,f,keydown
41245800,a,keydown
41246000,t,keydown
41246200,t,keydown
41246500,o,keydown
41246600, ,keydown
41246900,e,keydown
41247400,#,keydown
41247500, ,keydown
41247800,g,keydown
41248200,i,keydown
41248500,a,keydown
41249200,#,keydown
41249400, ,keydown
41253400,a,keydown
41253800,u,keydown
41254100,t,keydown
41254500,u,keydown
41254700,n,keydown
41254900,n,keydown
41255200,o,keydown
41257000,.,keydown
41257400,Enter,keydown
41259500,e,keydown
41260300, ,keydown
41262000,a,keydown
41262700, ,keydown
41262800,m,keydown
41264700,e,keydown
41265600,",",keydown
41265700, ,keydown
41266000,i,keydown
41266500,n,keydown
41266700, ,keydown
41267000,a,keydown
41267600,u,keydown
41268000,t,keydown
41268300,u,keydown
41268600,n,keydown
41268800,n,keydown
41269000,Backspace,keydown
41269300,Backspace,keydown
41269400,Backspace,keydown
41269600,Backspace,keydown
41269700,Backspace,keydown
41270600,Backspace,keydown
41271000,a,keydown
41271300,u,keydown
41271700,t,keydown
41272000,u,keydown
41272300,n,keydown
41272500,n,keydown
41272600,o,keydown
41272900, ,keydown
41273200,v,keydown
41273500,i,keydown
41273700,e,keydown
41274100,n,keydown
41274400,e,keydown
41274600, ,keydown
41276100,s,keydown
41276500,o,keydown
41276700,n,keydown
41276900,n,keydown
41277200,o,keydown
41277600,",",keydown
41277800, ,keydown
41278200,e,keydown
41278300, ,keydown
41279600,f,keydown
41280100,u,keydown
41280700,g,keydown
41280700,g,keydown
41281100,e,keydown
41281200, ,keydown
41281500,l,keydown
41281900,a,keydown
41282000, ,keydown
41284700,Backspace,keydown
41284800,Backspace,keydown
41285500,#,keydown
41285900,e,keydown
41286400,n,keydown
41286900,t,keydown
41287900,u,keydown
41288200,s,keydown
41288400,i,keydown
41288800,a,keydown
41289000,s,keydown
41289400,m,keydown
41289900,o,keydown
41290500,",",keydown
41290600, ,keydown
41291000,e,keydown
41291200, ,keydown
41291500,i,keydown
41291700,l,keydown
41291900, ,keydown
41292900,d,keydown
41293000,e,keydown
41293300,s,keydown
41293700,i,keydown
41294400,d,keydown
41294800,e,keydown
41295000,r,keydown
41295500,i,keydown
41295600,o,keydown
41296500,Enter,keydown
41297300,d,keydown
41297500,i,keydown
41297700, ,keydown
41298000,r,keydown
41298100,e,keydown
41298500,n,keydown
41298800,d,keydown
41299000,e,keydown
41299200,r,keydown
41299400,e,keydown
41299600, ,keydown
41302000,Backspace,keydown
41302200,Backspace,keydown
41302900,m,keydown
41303200,i,keydown
41303400, ,keydown
41303600,u,keydown
41304300,t,keydown
41304700,i,keydown
41304800,l,keydown
41305000,i,keydown
41305300, ,keydown
41305600,e,keydown
41305800, ,keydown
41306300,t,keydown
41306700,u,keydown
41307000,t,keydown
41307100,t,keydown
41307300,i,keydown
41307500, ,keydown
41307800,q,keydown
41311100,u,keydown
41311400,e,keydown
41311800,i,keydown
41312000, ,keydown
41312300,s,keydown
41312400,e,keydown
41312800,n,keydown
41313100,t,keydown
41313400,i,keydown
41313600,m,keydown
41313900,e,keydown
41314300,n,keydown
41314700,t,keydown
41315100,i,keydown
41315300, ,keydown
41315700,e,keydown
41315800, ,keydown
41317800,a,keydown
41318900,s,keydown
41319600,p,keydown
41319900,i,keydown
41320100,r,keydown
41320400,a,keydown
41320600,z,keydown
41321000,i,keydown
41321100,o,keydown
41321400,n,keydown
41321700,i,keydown
41321800, ,keydown
41322100,c,keydown
41322200,h,keydown
41322600,e,keydown
41322800, ,keydown
41324000,f,keydown
41324300,a,keydown
41324800,n,keydown
41325000,n,keydown
41325300,o,keydown
41325500, ,keydown
41326000,l,keydown
41326300,#,keydown
41326900,u,keydown
41327100,o,keydown
41327300,m,keydown
41327600,o,keydown
41327800, ,keydown
41328100,g,keydown
41328400,r,keydown
41328600,a,keydown
41329000,n,keydown
41329300,d,keydown
41329600,e,keydown
41329700, ,keydown
41330700,Enter,keydown
41349600,Backspace,keydown
41350100,o,keydown
41353500,Backspace,keydown
41354100,e,keydown
41373700,g,keydown
41374000,r,keydown
41374800,a,keydown
41375300,d,keydown
41375800,e,keydown
41375900, ,keydown
41379300,Backspace,keydown
41379500,Backspace,keydown
41379900,Backspace,keydown
41380800,n,keydown
41381300,d,keydown
41381500,e,keydown
41381600, ,keydown
41381800,e,keydown
41382000, ,keydown
41382200,d,keydown
41382400,e,keydown
41382600,g,keydown
41382900,n,keydown
41383300,s,keydown
41383300,a,keydown
41383400, ,keydown
41383700,d,keydown
41384600,Backspace,keydown
41384800,Backspace,keydown
41385000,Backspace,keydown
41385100,Backspace,keydown
41385200,Backspace,keydown
41386300,n,keydown
41386600,a,keydown
41386800, ,keydown
41386900,d,keydown
41387300,i,keydown
41387500, ,keydown
41387800,e,keydown
41388000,s,keydown
41388100,s,keydown
41388300,e,keydown
41388500,r,keydown
41388600,e,keydown
41388800, ,keydown
41389000,v,keydown
41389300,i,keydown
41389700,s,keydown
41389800,s,keydown
41390200,u,keydown
41390400,t,keydown
41390600,a,keydown
41390800, ,keydown
41391100,l,keydown
41391400,a,keydown
41391600, ,keydown
41391900,v,keydown
41392100,i,keydown
41392400,t,keydown
41392700,a,keydown
41393300,.,keydown
41393500,.,keydown
41394000,.,keydown
41394400, ,keydown
41396100,#,keydown
41397200,s,keydown
41397400,t,keydown
41397800,o,keydown
41397900, ,keydown
41398100,l,keydown
41398400,e,keydown
41398700,g,keydown
41398800,g,keydown
41399100,e,keydown
41399600,n,keydown
41399900,d,keydown
41400300,o,keydown
41400500, ,keydown
41401100,s,keydown
41401500,u,keydown
41401800,l,keydown
41402000,l,keydown
41402300,a,keydown
41402900,Backspace,keydown
41403100,Backspace,keydown
41403100,Backspace,keydown
41403300,Backspace,keydown
41403400,Backspace,keydown
41404600,#,keydown
41405000,s,keydown
41405400,u,keydown
41405700,l,keydown
41405800,l,keydown
41406100,a,keydown
41406700,Enter,keydown
41408600,s,keydown
41408900,t,keydown
41409100,r,keydown
41409400,a,keydown
41409600,d,keydown
41409900,a,keydown
41410400,#,keydown
41411000,",",keydown
41411300, ,keydown
41417900,c,keydown
41418200,e,keydown
41418600,l,keydown
41419000,e,keydown
41419300,b,keydown
41419600,e,keydown
41419800,r,keydown
41420000,r,keydown
41420300,i,keydown
41420700,n,keydown
41421100,Backspace,keydown
41421400,m,keydown
41421600,o,keydown
41421800, ,keydown
41422100,r,keydown
41422500,o,keydown
41422800,m,keydown
41423200,a,keydown
41424000,n,keydown
41424300,z,keydown
41425000,o,keydown
41425100, ,keydown
41428600,d,keydown
41428800,e,keydown
41435300,Backspace,keydown
41435500,Backspace,keydown
41435700,Backspace,keydown
41436600,",",keydown
41436800, ,keydown
41436900,m,keydown
41437300,a,keydown
41437800,n,keydown
41438000,i,keydown
41438400,f,keydown
41438600,e,keydown
41438700,s,keydown
41439000,r,keydown
41439500,Backspace,keydown
41439800,t,keydown
41440100,o,keydown
41440300, ,keydown
41440600,d,keydown
41440700,e,keydown
41441700,l,keydown
41441800,l,keydown
41442100,a,keydown
41442400, ,keydown
41444800,b,keydown
41445200,e,keydown
41445400,a,keydown
41445900,t,keydown
41447700, ,keydown
41448500,#,keydown
41449200,s,keydown
41449500,p,keydown
41449900,e,keydown
41450000,r,keydown
41450300,o,keydown
41450500, ,keydown
41450800,s,keydown
41451100,i,keydown
41451600,a,keydown
41451700, ,keydown
41451800,s,keydown
41452100,c,keydown
41452500,i,keydown
41452700,t,keydown
41452800,t,keydown
41453100,o,keydown
41454000,Enter,keydown
41459100,r,keydown
41461300,Enter,keydown
41466300,b,keydown
41466500,e,keydown
41466900,n,keydown
41467200,e,keydown
41467600,#,keydown
41467900, ,keydown
41468600,g,keydown
41468800,e,keydown
41469300,n,keydown
41469600,e,keydown
41469700,r,keydown
41469900,a,keydown
41470200,t,keydown
41470600,i,keydown
41470700,o,keydown
41471200,n,keydown
41471700,",",keydown
41471900, ,keydown
41475800,e,keydown
41476100, ,keydown
41478600,n,keydown
41479000,e,keydown
41479400,l,keydown
41479600,l,keydown
41479800,o,keydown
41480000, ,keydown
41480300,s,keydown
41480500,c,keydown
41480800,r,keydown
41481100,i,keydown
41481400,v,keydown
41481600,e,keydown
41481900,r,keydown
41482000,e,keydown
41482200, ,keydown
41483000,q,keydown
41483300,u,keydown
41483700,e,keydown
41483800,s,keydown
41484000,t,keydown
41484200,e,keydown
41484400, ,keydown
41484900,n,keydown
41485200,o,keydown
41485700,t,keydown
41485900,e,keydown
41487200, ,keydown
41487900,#,keydown
41488200,s,keydown
41488500,i,keydown
41488700, ,keydown
41489000,f,keydown
41489100,a,keydown
41489400, ,keydown
41490100,p,keydown
41490400,e,keydown
41490600,r,keydown
41490700, ,keydown
41491300,d,keydown
41491700,i,keydown
41492000,r,keydown
41492200,e,keydown
41493300,#,keydown
41495400, ,keydown
41496100,m,keydown
41496300,i,keydown
41496600,Enter,keydown
41497400,s,keydown
41497800,o,keydown
41498000,n,keydown
41498400,o,keydown
41498500, ,keydown
41498600,l,keydown
41498900,a,keydown
41499200,c,keydown
41500200,i,keydown
41500400,a,keydown
41500900,t,keydown
41501300,o,keydown
41501400, ,keydown
41501600,u,keydown
41502200,n,keydown
41502400, ,keydown
41502800,p,keydown
41503100,o,keydown
41503500,c,keydown
41503700,o,keydown
41504000, ,keydown
41504400,a,keydown
41504900,n,keydown
41505300,d,keydown
41505500,a,keydown
41505700,r,keydown
41506000,e,keydown
41506400,#,keydown
41506900,.,keydown
41507200, ,keydown
41508300,o,keydown
41508700,r,keydown
41508900,a,keydown
41509000, ,keydown
41509300,c,keydown
41509600,h,keydown
41510000,e,keydown
41510100, ,keydown
41510500,l,keydown
41510800,e,keydown
41511000, ,keydown
41511200,r,keydown
41511600,i,keydown
41512500,g,keydown
41512800,u,keydown
41514000,a,keydown
41514200,r,keydown
41514500,d,keydown
41514900,o,keydown
41516400,",",keydown
41516700, ,keydown
41517200,p,keydown
41517600,e,keydown
41518000,n,keydown
41518300,s,keydown
41518900,o,keydown
41519000, ,keydown
41519300,d,keydown
41519700,s,keydown
41519900,a,keydown
41520200,r,keydown
41520300,e,keydown
41520700,b,keydown
41520800,b,keydown
41521100,e,keydown
41521300, ,keydown
41521700,m,keydown
41521900,e,keydown
41522200,g,keydown
41522600,l,keydown
41522800,i,keydown
41522900,o,keydown
41523700,Enter,keydown
41524500,c,keydown
41524800,a,keydown
41525100,n,keydown
41525500,c,keydown
41525800,e,keydown
41526200,l,keydown
41526300,l,keydown
41526500,a,keydown
41526800,r,keydown
41526900,e,keydown
41527100, ,keydown
41527300,t,keydown
41527600,u,keydown
41527900,t,keydown
41527900,t,keydown
41528300,o,keydown
41528500, ,keydown
41528700,e,keydown
41528900, ,keydown
41529300,r,keydown
41529700,i,keydown
41530000,s,keydown
41530200,c,keydown
41530900,r,keydown
41531200,i,keydown
41531500,b,keydown
41532000,Backspace,keydown
41532300,b,keydown
41532300,v,keydown
41532600,e,keydown
41532700,r,keydown
41532900,e,keydown
41533300, ,keydown
41533700,d,keydown
41534000,a,keydown
41534200, ,keydown
41534700,Backspace,keydown
41534900,Backspace,keydown
41535100,Backspace,keydown
41535700,Backspace,keydown
41535900,Backspace,keydown
41536000,Backspace,keydown
41536200,Backspace,keydown
41536500,Backspace,keydown
41536700,Backspace,keydown
41537500,v,keydown
41537600,e,keydown
41537800,r,keydown
41538300,l,keydown
41538700,e,keydown
41538900, ,keydown
41539000,d,keydown
41539300,a,keydown
41539400, ,keydown
41539600,c,keydown
41539800,a,keydown
41540200,p,keydown
41540400,o,keydown
41542100,.,keydown
41542300,.,keydown
41542400,.,keydown
41549400,Backspace,keydown
41552500, ,keydown
41553200,m,keydown
41553600,a,keydown
41553800, ,keydown
41554100,c,keydown
41554400,i,keydown
41554900,o,keydown
41556000,#,keydown
41556300, ,keydown
41556600,c,keydown
41556800,h,keydown
41557000,e,keydown
41557200, ,keydown
41557500,e,keydown
41557900,#,keydown
41558100, ,keydown
41558500,s,keydown
41560400,c,keydown
41561200,i,keydown
41561400,t,keydown
41561600,t,keydown
41561800,o,keydown
41562100, ,keydown
41562400,e,keydown
41563500,#,keydown
41563700,Enter,keydown
41564700,s,keydown
41565000,c,keydown
41565400,r,keydown
41565700,i,keydown
41566100,t,keydown
41566200,t,keydown
41566500,o,keydown
41566700, ,keydown
41567100,#,keydown
41567400,p,keydown
41567700,o,keydown
41568000,n,keydown
41568200,z,keydown
41568600,o,keydown
41568600,i,keydown
41570000,Backspace,keydown
41570200,Backspace,keydown
41570800,i,keydown
41570900,o,keydown
41571100, ,keydown
41571300,p,keydown
41571600,i,keydown
41571800,l,keydown
41572200,a,keydown
41572600,t,keydown
41573100,o,keydown
41573900,#,keydown
41574300,#,keydown
41574700, ,keydown
41578000,e,keydown
41578300, ,keydown
41578600,p,keydown
41578800,o,keydown
41579000,i,keydown
41579800,",",keydown
41580000, ,keydown
41580200,c,keydown
41580500,h,keydown
41581100,e,keydown
41581300, ,keydown
41581400,d,keydown
41581800,i,keydown
41582000,a,keydown
41582300,m,keydown
41582600,i,keydown
41582700,n,keydown
41583100,e,keydown
41583500,",",keydown
41583700, ,keydown
41584000,d,keydown
41584400,o,keydown
41584600,v,keydown
41584900,r,keydown
41585100,e,keydown
41585300,i,keydown
41585600, ,keydown
41585900,r,keydown
41586300,i,keydown
41586600,c,keydown
41586800,o,keydown
41587100,m,keydown
41587500,Backspace,keydown
41587700,n,keydown
41588100,c,keydown
41588400,i,keydown
41588700,a,keydown
41588800,r,keydown
41589100,e,keydown
41589900, ,keydown
41590600,t,keydown
41591000,u,keydown
41591300,t,keydown
41591400,t,keydown
41591700,o,keydown
41592100,Enter,keydown
41593100,d,keydown
41593400,a,keydown
41593500, ,keydown
41593700,c,keydown
41593900,a,keydown
41594300,p,keydown
41594500,o,keydown
41595200, ,keydown
41595600,q,keydown
41596000,u,keydown
41596300,a,keydown
41596600,n,keydown
41597000,d,keydown
41597400,o,keydown
41598600,",",keydown
41598800, ,keydown
41599300,g,keydown
41599700,u,keydown
41600800,r,keydown
41601300,d,keydown
41601600,a,keydown
41601800, ,keydown
41602500,u,keydown
41602800,n,keydown
41602800, ,keydown
41603200,p,keydown
41603500,o,keydown
41611600,Backspace,keydown
41611700,Backspace,keydown
41612000,Backspace,keydown
41612100,Backspace,keydown
41612200,Backspace,keydown
41612400,Backspace,keydown
41612500,Backspace,keydown
41612700,Backspace,keydown
41612800,Backspace,keydown
41613600,a,keydown
41613800,r,keydown
41614100,d,keydown
41614300,a,keydown
41614500, ,keydown
41614700,u,keydown
41614900,n,keydown
41615100, ,keydown
41615500,p,keydown
41615700,o,keydown
41616500,#,keydown
41616700, ,keydown
41617400,#,keydown
41617800,c,keydown
41618200,o,keydown
41618300,m,keydown
41618700,e,keydown
41619000, ,keydown
41620000,Backspace,keydown
41620300,Backspace,keydown
41620400,Backspace,keydown
41620700,Backspace,keydown
41620900,Backspace,keydown
41622200,c,keydown
41623600,Backspace,keydown
41624800,n,keydown
41624900,o,keydown
41625100,n,keydown
41625200, ,keydown
41625400,i,keydown
41625600,l,keydown
41625800, ,keydown
41626100,f,keydown
41626500,i,keydown
41626700,u,keydown
41626900,m,keydown
41627300,e,keydown
41627700,#,keydown
41628000, ,keydown
41629400,h,keydown
41629700,o,keydown
41630000, ,keydown
41630900,o,keydown
41631400,r,keydown
41631600, ,keydown
41632000,o,keydown
41632400,r,keydown
41632700,a,keydown
41632900, ,keydown
41633300,f,keydown
41633700,i,keydown
41633900,n,keydown
41634200,i,keydown
41634500,t,keydown
41634800,o,keydown
41635800,.,keydown
41636000,.,keydown
41636200,.,keydown
