timestamp,key,type
6865200,Backspace,keydown
6865200,Backspace,keydown
6865200,Backspace,keydown
6865200,Backspace,keydown
6865200,Backspace,keydown
6865200,Backspace,keydown
6865200,Backspace,keydown
6865200,Backspace,keydown
6865200,#,keydown
6865700,e,keydown
6866100,v,keydown
6866900,a,keydown
6867500,Backspace,keydown
6867700,Backspace,keydown
6868200, ,keydown
6868900,v,keydown
6869000,a,keydown
6869100, ,keydown
6869300,b,keydown
6869400,e,keydown
6869800,n,keydown
6870000,e,keydown
6871200,#,keydown
6871400,#,keydown
6871600, ,keydown
6871800,v,keydown
6872000,i,keydown
6872100,s,keydown
6872300,t,keydown
6872300,o,keydown
6872600, ,keydown
6873000,c,keydown
6873200,h,keydown
6873300,e,keydown
6873300, ,keydown
6874000,h,keydown
6874100,o,keydown
6874300, ,keydown
6874500,p,keydown
6874700,r,keydown
6874800,o,keydown
6875800,m,keydown
6875800,e,keydown
6876100,s,keydown
6876200,s,keydown
6876300,o,keydown
6876500, ,keydown
6876600,d,keydown
6876700,i,keydown
6876800, ,keydown
6877300,s,keydown
6877400,c,keydown
6877900,r,keydown
6878000,i,keydown
6878500,v,keydown
6878700,e,keydown
6879000,r,keydown
6879100,e,keydown
6879400, ,keydown
6879800,q,keydown
6879900,u,keydown
6880100,e,keydown
6880400,s,keydown
6880500,t,keydown
6880800,e,keydown
6881000, ,keydown
6881300,b,keydown
6881400,e,keydown
6881700,n,keydown
6881900,e,keydown
6882400,d,keydown
6882700,e,keydown
6882900,t,keydown
6883100,t,keydown
6883300,i,keydown
6883800,Backspace,keydown
6884000,e,keydown
6884200, ,keydown
6884800,d,keydown
6884900,i,keydown
6886100,e,keydown
6886300,c,keydown
6886500,i,keydown
6887200,Enter,keydown
6890100,a,keydown
6890300,n,keydown
6890600,c,keydown
6891200,Backspace,keydown
6891800,z,keydown
6892100,i,keydown
6892300, ,keydown
6892700,u,keydown
6892900,l,keydown
6893100,t,keydown
6893900,Backspace,keydown
6894400,Backspace,keydown
6895100,n,keydown
6895200,t,keydown
6895300,i,keydown
6895700,c,keydown
6895700,i,keydown
6895900, ,keydown
6896500,Backspace,keydown
6896700,Backspace,keydown
6896800,Backspace,keydown
6897000,Backspace,keydown
6897100,Backspace,keydown
6897800,d,keydown
6897900,i,keydown
6898400,c,keydown
6898600,i,keydown
6898700, ,keydown
6899400,m,keydown
6899600,a,keydown
6899600,i,keydown
6899900,l,keydown
6902100, ,keydown
6902800,#,keydown
6903100,#,keydown
6903500,s,keydown
6903600,c,keydown
6903900,i,keydown
6904900,Backspace,keydown
6905200,r,keydown
6905700,i,keydown
6906000,t,keydown
6906500,Backspace,keydown
6906700,v,keydown
6906800,o,keydown
6907100, ,keydown
6907400,i,keydown
6907900, ,keydown
6908800,n,keydown
6908900,u,keydown
6909200,m,keydown
6909300,e,keydown
6909400,r,keydown
6909500,i,keydown
6909600, ,keydown
6909700,i,keydown
6909900,n,keydown
6910000, ,keydown
6910400,l,keydown
6910600,e,keydown
6910800,t,keydown
6911000,t,keydown
6911100,e,keydown
6911200,r,keydown
6911500,e,keydown
6912000, ,keydown
6912100,c,keydown
6912200,o,keydown
6912500,s,keydown
6912600,i,keydown
6913400,#,keydown
6913600, ,keydown
6914000,r,keydown
6914100,i,keydown
6914300,e,keydown
6914500,m,keydown
6914900,p,keydown
6915000,o,keydown
6915500, ,keydown
6916100,p,keydown
6916200,r,keydown
6916400,i,keydown
6916600,m,keydown
6916800,a,keydown
6917000, ,keydown
6917200,i,keydown
6917400,l,keydown
6917600, ,keydown
6919200,f,keydown
6919400,o,keydown
6920800,g,keydown
6920900,l,keydown
6921100,i,keydown
6921200,o,keydown
6921900,Backspace,keydown
6922200,Backspace,keydown
6922200,Backspace,keydown
6922500,Backspace,keydown
6922700,Backspace,keydown
6962500,Backspace,keydown
6962600,Backspace,keydown
6962900,l,keydown
6963000,o,keydown
6963300, ,keydown
6963900,Enter,keydown
6970700,#,keydown
6970800,#,keydown
6971500,Backspace,keydown
6971700,Backspace,keydown
6971800,Backspace,keydown
6973000,Enter,keydown
6977500,s,keydown
6978100,p,keydown
6978300,a,keydown
6978600,z,keydown
6978800,i,keydown
6979000,o,keydown
6979200, ,keydown
6979400,a,keydown
6979900,Backspace,keydown
6980200,c,keydown
6980200,h,keydown
6980400,e,keydown
6980500, ,keydown
6980900,h,keydown
6981000,o,keydown
6981200, ,keydown
6981800,a,keydown
6981900, ,keydown
6982100,m,keydown
6982300,i,keydown
6982400,a,keydown
6982700, ,keydown
6983300,d,keydown
6983400,i,keydown
6983700,s,keydown
6983900,p,keydown
6984100,o,keydown
6984400,s,keydown
6984400,i,keydown
6985000,z,keydown
6985200,i,keydown
6985500,o,keydown
6985700,n,keydown
6985800,e,keydown
6986100, ,keydown
6986400,#,keydown
6986600,#,keydown
6986900,-,keydown
6987000,#,keydown
6987200,#,keydown
6987600,#,keydown
6987800,#,keydown
6988100, ,keydown
6996100,i,keydown
6996300,n,keydown
6996400,i,keydown
6996900,z,keydown
6997000,i,keydown
6997100,o,keydown
6997400, ,keydown
6998100,c,keydown
6998200,o,keydown
6998500,n,keydown
6998600, ,keydown
6998800,l,keydown
6998900,a,keydown
6999000, ,keydown
6999300,p,keydown
6999500,r,keydown
7000100,e,keydown
7000300,s,keydown
7000500,e,keydown
7000700,n,keydown
7001000,t,keydown
7001200,e,keydown
7002100,.,keydown
7010600,Enter,keydown
7011500,#,keydown
7011700,m,keydown
7011900,i,keydown
7012100, ,keydown
7012200,c,keydown
7012400,h,keydown
7012500,i,keydown
7012900,d,keydown
7013000,e,keydown
7013300,v,keydown
7013600,o,keydown
7013900,Backspace,keydown
7014000,Backspace,keydown
7014100,Backspace,keydown
7014700,Backspace,keydown
7014700,Backspace,keydown
7014700,Backspace,keydown
7014700,Backspace,keydown
7014800,Backspace,keydown
7014800,Backspace,keydown
7014800,Backspace,keydown
7015500,Backspace,keydown
7015700,Backspace,keydown
7016300, ,keydown
7016600,p,keydown
7016700,e,keydown
7016800,r,keydown
7017200,Enter,keydown
7018800,d,keydown
7019000,a,keydown
7019100,r,keydown
7019300,e,keydown
7019400, ,keydown
7020000,a,keydown
7020100,n,keydown
7020300,c,keydown
7020500,h,keydown
7021100,#,keydown
7021500,i,keydown
7021600,o,keydown
7021800, ,keydown
7022400,u,keydown
7022600,n,keydown
7022700, ,keydown
7023000,c,keydown
7023000,o,keydown
7023400,m,keydown
7023800,Backspace,keydown
7024100,n,keydown
7024200,t,keydown
7024400,r,keydown
7024500,i,keydown
7025000,b,keydown
7025200,u,keydown
7025600,t,keydown
7025700,o,keydown
7025800, ,keydown
7026000,a,keydown
7026200,l,keydown
7026300,l,keydown
7026600,a,keydown
7026800, ,keydown
7027100,r,keydown
7027200,i,keydown
7027300,c,keydown
7027500,e,keydown
7027600,r,keydown
7027900,c,keydown
7028200,a,keydown
7030100,.,keydown
7032700,Enter,keydown
7033000,#,keydown
7033100,m,keydown
7033300,i,keydown
7033400, ,keydown
7033500,c,keydown
7033700,h,keydown
7033700,i,keydown
7034100,d,keydown
7034300,e,keydown
7034500,v,keydown
7035400,Backspace,keydown
7035500,Backspace,keydown
7035600,Backspace,keydown
7036000,e,keydown
7037200,v,keydown
7037300,o,keydown
7038000,Backspace,keydown
7038200,Backspace,keydown
7038700,d,keydown
7038900,e,keydown
7039400,v,keydown
7039500,o,keydown
7039700, ,keydown
7040100,c,keydown
7040200,h,keydown
7040300,e,keydown
7040500, ,keydown
7044400,n,keydown
7045100,o,keydown
7045200,i,keydown
7045400, ,keydown
7045700,c,keydown
7045900,h,keydown
7046000,e,keydown
7046000, ,keydown
7049000,f,keydown
7049200,a,keydown
7049300,c,keydown
7049500,c,keydown
7049600,i,keydown
7049800,a,keydown
7050000,m,keydown
7050200,o,keydown
7050400, ,keydown
7050800,p,keydown
7050900,a,keydown
7051000,r,keydown
7051200,t,keydown
7051400,e,keydown
7051600, ,keydown
7051800,d,keydown
7052000,e,keydown
7052100,l,keydown
7052200, ,keydown
7052700,t,keydown
7052800,u,keydown
7053000,o,keydown
7053300, ,keydown
7053900,c,keydown
7054200,a,keydown
7054300,m,keydown
7054500,p,keydown
7054800,o,keydown
7055100,Backspace,keydown
7055500,i,keydown
7055700,o,keydown
7056000,n,keydown
7056100,e,keydown
7057100, ,keydown
7057800,v,keydown
7058000,e,keydown
7058500,n,keydown
7058600,i,keydown
7058900,a,keydown
7059300,m,keydown
7059600,o,keydown
7060100,Enter,keydown
7060600,p,keydown
7060700,e,keydown
7060900,r,keydown
7061200, ,keydown
7061500,c,keydown
7061700,a,keydown
7061900,s,keydown
7062100,o,keydown
7062200, ,keydown
7063400,#,keydown
7063600,#,keydown
7064100,#,keydown
7064100,#,keydown
7064200,#,keydown
7064300,#,keydown
7064300,#,keydown
7064300,#,keydown
7064300,#,keydown
7064400,#,keydown
7064400,#,keydown
7064400,#,keydown
7065300,#,keydown
7066400,Enter,keydown
7066800,#,keydown
7067100,p,keydown
7067300,e,keydown
7067800,r,keydown
7067900,o,keydown
7068500,#,keydown
7068800, ,keydown
7069100,u,keydown
7069300,n,keydown
7069400,a,keydown
7069600, ,keydown
7070000,d,keydown
7070200,o,keydown
7070200,m,keydown
7070400,a,keydown
7070600,n,keydown
7070800,d,keydown
7071100,a,keydown
7071200, ,keydown
7071600,m,keydown
7071700,i,keydown
7072000, ,keydown
7072200,s,keydown
7072300,o,keydown
7072500,r,keydown
7073000,g,keydown
7073300,e,keydown
7073500, ,keydown
7073700,s,keydown
7074000,p,keydown
7074200,o,keydown
7074400,n,keydown
7074700,t,keydown
7074900,a,keydown
7075100,n,keydown
7075200,e,keydown
7075500,r,keydown
7076000,Backspace,keydown
7076100,a,keydown
7076600,#,keydown
7076900,#,keydown
7078400,#,keydown
7078700,#,keydown
7079100,#,keydown
7079100,#,keydown
7079100,#,keydown
7079200,#,keydown
7079200,#,keydown
7079200,#,keydown
7079300,#,keydown
7079400,#,keydown
7079400,#,keydown
7079400,#,keydown
7079500,#,keydown
7079500,#,keydown
7079500,#,keydown
7079500,#,keydown
7079600,#,keydown
7079700,#,keydown
7079700,#,keydown
7079700,#,keydown
7079700,#,keydown
7079800,#,keydown
7079800,#,keydown
7079800,#,keydown
7079800,#,keydown
7079900,#,keydown
7079900,#,keydown
7079900,#,keydown
7080000,#,keydown
7080100,#,keydown
7080100,#,keydown
7080200,#,keydown
7080200,#,keydown
7080200,#,keydown
7080200,#,keydown
7080300,#,keydown
7081500,#,keydown
7083100,Backspace,keydown
7083800,Backspace,keydown
7085000, ,keydown
7085300,m,keydown
7086200,#,keydown
7086300,#,keydown
7086500,#,keydown
7086900,#,keydown
7086900,#,keydown
7087000,#,keydown
7087000,#,keydown
7087000,#,keydown
7087000,#,keydown
7087100,#,keydown
7087100,#,keydown
7087600,#,keydown
7089100,Backspace,keydown
7089200,Backspace,keydown
7089500,Backspace,keydown
7090200,o,keydown
7090300, ,keydown
7096700,Backspace,keydown
7096800,Backspace,keydown
7097000,Backspace,keydown
7097200,Backspace,keydown
7097400,Backspace,keydown
7097500,Backspace,keydown
7097600,Backspace,keydown
7097800,Backspace,keydown
7097900,Backspace,keydown
7098100,Backspace,keydown
7098900,#,keydown
7099000,#,keydown
7099200,#,keydown
7099300,#,keydown
7100500,Backspace,keydown
7100700,Backspace,keydown
7100700,Backspace,keydown
7100900,Backspace,keydown
7101300,Backspace,keydown
7102000,#,keydown
7102500,#,keydown
7102500,#,keydown
7102500,#,keydown
7102600,#,keydown
7102600,#,keydown
7102700,#,keydown
7102700,#,keydown
7102700,#,keydown
7102800,#,keydown
7102800,#,keydown
7102800,#,keydown
7102800,#,keydown
7102900,#,keydown
7102900,#,keydown
7102900,#,keydown
7103000,#,keydown
7103000,#,keydown
7103100,#,keydown
7103100,#,keydown
7103100,#,keydown
7103200,#,keydown
7103200,#,keydown
7103200,#,keydown
7103200,#,keydown
7104000,#,keydown
7104200,#,keydown
7109400,Enter,keydown
7110600,#,keydown
7111700,Backspace,keydown
7112400,#,keydown
7112800,#,keydown
7112900,#,keydown
7112900,#,keydown
7112900,#,keydown
7112900,#,keydown
7113000,#,keydown
7113000,#,keydown
7113100,#,keydown
7113100,#,keydown
7113900,#,keydown
7114100,#,keydown
7115100,#,keydown
7116200,#,keydown
7116400,#,keydown
7116600,r,keydown
7116800,a,keydown
7117000,p,keydown
7117200,p,keydown
7117300,r,keydown
7117300,e,keydown
7117600,s,keydown
7117700,e,keydown
7117900,n,keydown
7118000,t,keydown
7118200,a,keydown
7118300,t,keydown
7118400,i,keydown
7118600,v,keydown
7118600,o,keydown
7119000,#,keydown
7119100,#,keydown
7119800, ,keydown
7120900,#,keydown
7121200,#,keydown
7121700,#,keydown
7121700,#,keydown
7122600,#,keydown
7122900,#,keydown
7123000,#,keydown
7123600,#,keydown
7124300,#,keydown
7125100,#,keydown
7125500,Backspace,keydown
7125900, ,keydown
7126600,v,keydown
7126900,e,keydown
7127200,r,keydown
7127600,r,keydown
7127900,e,keydown
7128000,n,keydown
7128500,Backspace,keydown
7128700,m,keydown
7129100,i,keydown
7129100,o,keydown
7129700,Backspace,keydown
7129800,Backspace,keydown
7130400,o,keydown
7130600, ,keydown
7132700,#,keydown
7133000,#,keydown
7133100,#,keydown
7133300,#,keydown
7133500,#,keydown
7133700,#,keydown
7133800,#,keydown
7134300,#,keydown
7135200, ,keydown
7135700,r,keydown
7135900,i,keydown
7136600,c,keydown
7136800,o,keydown
7137300,m,keydown
7137600,p,keydown
7137700,e,keydown
7137900,r,keydown
7138500,Backspace,keydown
7138800,n,keydown
7139000,s,keydown
7139300,a,keydown
7139600,t,keydown
7140300,i,keydown
7140900,Enter,keydown
7141500,o,keydown
7141900,p,keydown
7142000,p,keydown
7142200,u,keydown
7142400,r,keydown
7142500,e,keydown
7142700, ,keydown
7143100,n,keydown
7143200,o,keydown
7143400, ,keydown
7143600,#,keydown
7144000,#,keydown
7169100,Backspace,keydown
7169300,Backspace,keydown
7169400,Backspace,keydown
7170000,Backspace,keydown
7170700,Enter,keydown
7171500,#,keydown
7172200,Backspace,keydown
7172800,#,keydown
7173300,#,keydown
7173400,#,keydown
7173400,#,keydown
7173400,#,keydown
7173400,#,keydown
7173400,#,keydown
7173500,#,keydown
7173500,#,keydown
7173500,#,keydown
7173600,#,keydown
7173700,#,keydown
7173700,#,keydown
7173700,#,keydown
7173700,#,keydown
7173800,#,keydown
7173800,#,keydown
7173900,#,keydown
7174000,#,keydown
7174000,#,keydown
7174000,#,keydown
7174100,#,keydown
7174100,#,keydown
7174100,#,keydown
7174100,#,keydown
7174900,#,keydown
7176000, ,keydown
7176200,-,keydown
7176300, ,keydown
7177400,p,keydown
7177600,i,keydown
7177800,u,keydown
7178200,#,keydown
7178300, ,keydown
7178600,o,keydown
7178700, ,keydown
7178800,m,keydown
7179000,e,keydown
7179300,n,keydown
7179400,o,keydown
7179900, ,keydown
7180700,-,keydown
7182000,#,keydown
7182400,#,keydown
7182400,#,keydown
7182500,#,keydown
7183400,#,keydown
7183600,#,keydown
7183800,#,keydown
7183900,#,keydown
7184200,#,keydown
7185400,Backspace,keydown
7185600,Backspace,keydown
7185800,Backspace,keydown
7185900,Backspace,keydown
7186000,Backspace,keydown
7186200,Backspace,keydown
7186300,Backspace,keydown
7186700,Backspace,keydown
7187300,#,keydown
7187900,#,keydown
7187900,#,keydown
7187900,#,keydown
7188000,#,keydown
7188000,#,keydown
7188000,#,keydown
7188000,#,keydown
7188100,#,keydown
7188100,#,keydown
7188100,#,keydown
7188100,#,keydown
7188200,#,keydown
7188700,#,keydown
7189100,#,keydown
7189100,#,keydown
7189100,#,keydown
7189200,#,keydown
7190000,#,keydown
7190600,Enter,keydown
7191300,#,keydown
7191800,Backspace,keydown
7192300, ,keydown
7193800,d,keydown
7193900,a,keydown
7194200, ,keydown
7194800,q,keydown
7194900,u,keydown
7195000,e,keydown
7195300,s,keydown
7195400,t,keydown
7195500,o,keydown
7195600, ,keydown
7195900,n,keydown
7196000,o,keydown
7196400,s,keydown
7196500,t,keydown
7197000,r,keydown
7197100,i,keydown
7197800,Backspace,keydown
7198100,o,keydown
7198300, ,keydown
7198900,g,keydown
7199200,e,keydown
7199300,n,keydown
7199600,Backspace,keydown
7199800,s,keydown
7200000,t,keydown
7200400,o,keydown
7200500, ,keydown
7200800,d,keydown
7200900,i,keydown
7201100, ,keydown
7203400,Backspace,keydown
7203600,Backspace,keydown
7203800,Backspace,keydown
7206100,n,keydown
7206200,o,keydown
7206700,b,keydown
7207100,e,keydown
7207700,Backspace,keydown
7208200,i,keydown
7208400,l,keydown
7208500,e,keydown
7208700, ,keydown
7230600, ,keydown
7231300,d,keydown
7231400,i,keydown
7231600, ,keydown
7232400,Backspace,keydown
7232500,Backspace,keydown
7233100,Backspace,keydown
7235900,Backspace,keydown
7237400,.,keydown
7239300,Backspace,keydown
7240900,.,keydown
7241100,.,keydown
7251300,Enter,keydown
7259700,Enter,keydown
7279900,#,keydown
7280200,c,keydown
7280500,o,keydown
7280600,m,keydown
7280900,u,keydown
7281100,n,keydown
7281600,q,keydown
7281700,u,keydown
7281900,e,keydown
7284800,",",keydown
7285200, ,keydown
7291600,t,keydown
7291800,e,keydown
7291900,n,keydown
7292100,e,keydown
7292400,n,keydown
7292600,d,keydown
7292800,o,keydown
7292900, ,keydown
7293200,c,keydown
7293300,o,keydown
7293500,n,keydown
7293900,Backspace,keydown
7294100,Backspace,keydown
7294300,Backspace,keydown
7294400,Backspace,keydown
7294500,Backspace,keydown
7294700,Backspace,keydown
7295200,Backspace,keydown
7295300,Backspace,keydown
7295400,Backspace,keydown
7295600,Backspace,keydown
7295800,Backspace,keydown
7320800,Backspace,keydown
7321100,Backspace,keydown
7321600, ,keydown
7322900,a,keydown
7323100,u,keydown
7323600,Backspace,keydown
7323800,Backspace,keydown
7323900,Backspace,keydown
7324100,Backspace,keydown
7324200,Backspace,keydown
7324400,Backspace,keydown
7324600,Backspace,keydown
7324700,Backspace,keydown
7324900,Backspace,keydown
7325400,Backspace,keydown
7325800,Backspace,keydown
7353600,#,keydown
7353700,c,keydown
7353900,o,keydown
7354200,m,keydown
7354300,u,keydown
7354500,n,keydown
7354700,q,keydown
7354800,u,keydown
7355000,e,keydown
7355000, ,keydown
7355400,s,keydown
7355600,i,keydown
7355800,a,keydown
7356000, ,keydown
7356400,a,keydown
7356700,u,keydown
7356900,g,keydown
7357100,o,keydown
7357600,Backspace,keydown
7357900,u,keydown
7358600,r,keydown
7359100,o,keydown
7359800, ,keydown
7363700,a,keydown
7369700,g,keydown
7369800,l,keydown
7370100,i,keydown
7370200, ,keydown
7370700,#,keydown
7370800,#,keydown
7371300,e,keydown
7371500,l,keydown
7371600,a,keydown
7371800,n,keydown
7372500,b,keydown
7373000,Backspace,keydown
7373300,Backspace,keydown
7373400,Backspace,keydown
7373600,Backspace,keydown
7373700,Backspace,keydown
7373900,Backspace,keydown
7375300,s,keydown
7375600,t,keydown
7375800,u,keydown
7375900,d,keydown
7376000,i,keydown
7376200,o,keydown
7376900,s,keydown
7377000,i,keydown
7379400, ,keydown
7389600,Backspace,keydown
7389800,Backspace,keydown
7389800,Backspace,keydown
7390000,Backspace,keydown
7390200,Backspace,keydown
7390300,Backspace,keydown
7390400,Backspace,keydown
7390600,Backspace,keydown
7390700,Backspace,keydown
7396500,Backspace,keydown
7396800,Backspace,keydown
7397000,Backspace,keydown
7397100,Backspace,keydown
7398900,i,keydown
7399200, ,keydown
7399300,r,keydown
7399400,i,keydown
7400000,c,keydown
7400300,e,keydown
7400400,r,keydown
7400700,c,keydown
7400900,a,keydown
7401100,t,keydown
7401500,o,keydown
7401700,r,keydown
7401900,i,keydown
7402200, ,keydown
7402300,s,keydown
7402500,u,keydown
7402800,d,keydown
7402900,d,keydown
7403200,e,keydown
7403900,t,keydown
7404000,t,keydown
7404200,i,keydown
7406200, ,keydown
7406400,d,keydown
7406400,i,keydown
7406600, ,keydown
7407100,t,keydown
7407300,r,keydown
7407500,o,keydown
7407700,v,keydown
7407900,a,keydown
7408000,r,keydown
7408200,e,keydown
7408500, ,keydown
7409900,r,keydown
7410000,i,keydown
7410200,s,keydown
7410600,u,keydown
7410800,l,keydown
7411000,t,keydown
7411200,a,keydown
7411400,t,keydown
7411600,i,keydown
7413400,Enter,keydown
7413700,i,keydown
7413900,n,keydown
7414100,t,keydown
7414200,e,keydown
7414300,r,keydown
7414500,e,keydown
7414800,s,keydown
7414900,s,keydown
7415100,a,keydown
7415500,n,keydown
7415600,t,keydown
7415900,i,keydown
7416400, ,keydown
7416600,c,keydown
7416700,h,keydown
7416900,e,keydown
7417000, ,keydown
7417300,m,keydown
7417400,a,keydown
7418000,g,keydown
7418200,a,keydown
7418500,r,keydown
7419500,Backspace,keydown
7419700,Backspace,keydown
7419900,Backspace,keydown
7419900,Backspace,keydown
7420100,Backspace,keydown
7420300,Backspace,keydown
7420400,Backspace,keydown
7420600,Backspace,keydown
7420700,Backspace,keydown
7421300,Backspace,keydown
7425900,#,keydown
7426100,#,keydown
7426600,#,keydown
7426600,#,keydown
7426600,#,keydown
7426600,#,keydown
7426700,#,keydown
7426700,#,keydown
7426700,#,keydown
7426800,#,keydown
7426900,#,keydown
7426900,#,keydown
7426900,#,keydown
7427000,#,keydown
7427000,#,keydown
7427000,#,keydown
7427000,#,keydown
7427100,#,keydown
7427100,#,keydown
7427100,#,keydown
7427200,#,keydown
7427300,#,keydown
7427300,#,keydown
7427300,#,keydown
7427300,#,keydown
7427400,#,keydown
7427400,#,keydown
7427400,#,keydown
7428000,#,keydown
7428100,#,keydown
7428300,#,keydown
7428600,#,keydown
7428700,#,keydown
7429600,#,keydown
7429900,#,keydown
7430400,#,keydown
7431200,Backspace,keydown
7431600,Backspace,keydown
7431600,Backspace,keydown
7431700,Backspace,keydown
7431700,Backspace,keydown
7431700,Backspace,keydown
7432000,Backspace,keydown
7432100,Backspace,keydown
7432500,c,keydown
7433400,h,keydown
7433500,e,keydown
7433700, ,keydown
7434300,a,keydown
7434500,n,keydown
7434600,a,keydown
7435000,l,keydown
7435200,i,keydown
7435500,z,keydown
7436000,z,keydown
7436300,e,keydown
7436700,r,keydown
7436800,a,keydown
7437400,n,keydown
7437600,n,keydown
7437900,o,keydown
7438600, ,keydown
7439700,q,keydown
7440200,u,keydown
7440500,e,keydown
7440700,s,keydown
7440800,t,keydown
7441600,i,keydown
7442400,Enter,keydown
7445400,Backspace,keydown
7446000,Backspace,keydown
7447000,i,keydown
7447200, ,keydown
7448300,t,keydown
7448600,e,keydown
7449000,s,keydown
7449300,t,keydown
7449800,Enter,keydown
7450500,o,keydown
7450800, ,keydown
7451500,c,keydown
7451600,o,keydown
7451800,m,keydown
7452500,e,keydown
7454700,Backspace,keydown
7454900,Backspace,keydown
7455100,Backspace,keydown
7455300,Backspace,keydown
7455600,Backspace,keydown
7455900,Backspace,keydown
7456400,Backspace,keydown
7456700,Backspace,keydown
7456800,Backspace,keydown
7457000,Backspace,keydown
7457200,Backspace,keydown
7459400,Backspace,keydown
7459500,Backspace,keydown
7461200,e,keydown
7461400, ,keydown
7461900,p,keydown
7462100,r,keydown
7462400,o,keydown
7462500,v,keydown
7462800,e,keydown
7463300,Enter,keydown
7463900,d,keydown
7464100,a,keydown
7464300,t,keydown
7464400,t,keydown
7464600,i,keydown
7466200,Backspace,keydown
7466500,Backspace,keydown
7466600,Backspace,keydown
7466700,Backspace,keydown
7467100,Backspace,keydown
7469000,Backspace,keydown
7469200,Backspace,keydown
7469400,Backspace,keydown
7469500,Backspace,keydown
7469800,Backspace,keydown
7469900,Backspace,keydown
7470100,Backspace,keydown
7472200, ,keydown
7472500,p,keydown
7472700,r,keydown
7472700,o,keydown
7472900,v,keydown
7473100,e,keydown
7473400,Enter,keydown
7474800,#,keydown
7475300,Backspace,keydown
7475900,#,keydown
7476300,Backspace,keydown
7476700, ,keydown
7477200,#,keydown
7477600,#,keydown
7477700,#,keydown
7477700,#,keydown
7477700,#,keydown
7477800,#,keydown
7477800,#,keydown
7477800,#,keydown
7477800,#,keydown
7478200,#,keydown
7478400,#,keydown
7478700,#,keydown
7480800,.,keydown
7481100,Enter,keydown
7481900,#,keydown
7482300,v,keydown
7482500,a,keydown
7483200,Backspace,keydown
7483400,Backspace,keydown
7490600,#,keydown
7490800,c,keydown
7491100,e,keydown
7491800,r,keydown
7492100,t,keydown
7492200,o,keydown
7492400, ,keydown
7492600,c,keydown
7492800,h,keydown
7492900,e,keydown
7493100, ,keydown
7493500,p,keydown
7493600,e,keydown
7493700,r,keydown
7493900,o,keydown
7494300,#,keydown
7494500, ,keydown
7494800,l,keydown
7495000,o,keydown
7495300, ,keydown
7495300,s,keydown
7495500,t,keydown
7496300,Backspace,keydown
7496600,p,keydown
7496800,a,keydown
7497200,z,keydown
7497300,i,keydown
7497400,o,keydown
7498100, ,keydown
7500000,d,keydown
7500300,a,keydown
7500400, ,keydown
7500800,r,keydown
7501000,i,keydown
7501100,e,keydown
7501500,m,keydown
7501800,p,keydown
7502100,i,keydown
7502200,r,keydown
7502500,e,keydown
7502600, ,keydown
7503200,e,keydown
7503400,#,keydown
7503600, ,keydown
7503900,u,keydown
7504000,n,keydown
7504200, ,keydown
7504400,p,keydown
7504600,o,keydown
7505000,#,keydown
7505400, ,keydown
7505900,t,keydown
7506100,r,keydown
7506300,o,keydown
7506600,p,keydown
7506800,p,keydown
7506900,o,keydown
7507300, ,keydown
7507500,n,keydown
7507600,o,keydown
7507800,n,keydown
7508000, ,keydown
7508400,s,keydown
7508600,o,keydown
7508700,n,keydown
7508900,o,keydown
7510000,Enter,keydown
7510400,a,keydown
7510500,b,keydown
7510800,i,keydown
7511500,Backspace,keydown
7512300,i,keydown
7513600,t,keydown
7513700,u,keydown
7514300,a,keydown
7514600,t,keydown
7514700,a,keydown
7514800, ,keydown
7515000,a,keydown
7515100, ,keydown
7515500,s,keydown
7515600,c,keydown
7516200,r,keydown
7516300,i,keydown
7516600,v,keydown
7516800,e,keydown
7516900,r,keydown
7517000,e,keydown
7517200, ,keydown
7517600,t,keydown
7517800,e,keydown
7518200,s,keydown
7518400,t,keydown
7518600,i,keydown
7518700, ,keydown
7519000,c,keydown
7519100,o,keydown
7519400,s,keydown
7520000,i,keydown
7520300,#,keydown
7520500, ,keydown
7521100,l,keydown
7521200,u,keydown
7521500,n,keydown
7521700,g,keydown
7522000,h,keydown
7522300,i,keydown
7523000, ,keydown
7523300,#,keydown
7523700,#,keydown
7523900,-,keydown
7524100,#,keydown
7524600,#,keydown
7525300, ,keydown
7526600,#,keydown
7526700,#,keydown
7527000,#,keydown
7527300, ,keydown
7527700,r,keydown
7527800,i,keydown
7528200,s,keydown
7528500,a,keydown
7528800,t,keydown
7528800,a,keydown
7529900, ,keydown
7530100,a,keydown
7530200, ,keydown
7530700,Backspace,keydown
7531100,Backspace,keydown
7531200,Backspace,keydown
7531200,Backspace,keydown
7531200,Backspace,keydown
7531300,Backspace,keydown
7531300,Backspace,keydown
7531400,Backspace,keydown
7531400,Backspace,keydown
7531400,Backspace,keydown
7531400,Backspace,keydown
7531400,Backspace,keydown
7535300,#,keydown
7535700,#,keydown
7535700,#,keydown
7535800,#,keydown
7535900,#,keydown
7535900,#,keydown
7535900,#,keydown
7536000,#,keydown
7536000,#,keydown
7536000,#,keydown
7536000,#,keydown
7536100,#,keydown
7536100,#,keydown
7536200,#,keydown
7536300,#,keydown
7536300,#,keydown
7536300,#,keydown
7536400,#,keydown
7537000,#,keydown
7537600,#,keydown
7538400,#,keydown
7538800,#,keydown
7538900,#,keydown
7538900,#,keydown
7538900,#,keydown
7538900,#,keydown
7539000,#,keydown
7539000,#,keydown
7539100,#,keydown
7539200,#,keydown
7539200,#,keydown
7539200,#,keydown
7539200,#,keydown
7539300,#,keydown
7539300,#,keydown
7539700,#,keydown
7539800,#,keydown
7540300,#,keydown
7546900,#,keydown
7547800,#,keydown
7548000,#,keydown
7550900,Enter,keydown
7553500,#,keydown
7554200,q,keydown
7554400,u,keydown
7554500,e,keydown
7554900,s,keydown
7555000,t,keydown
7555100,a,keydown
7555400, ,keydown
7555700,u,keydown
7555800,l,keydown
7556100,t,keydown
7556100,i,keydown
7556400,m,keydown
7556500,a,keydown
7557000, ,keydown
7557200,r,keydown
7557200,i,keydown
7557600,g,keydown
7557800,a,keydown
7557900, ,keydown
7558400,e,keydown
7558600, ,keydown
7558800,p,keydown
7559000,e,keydown
7559100,r,keydown
7559400, ,keydown
7561500,d,keydown
7561600,i,keydown
7561700,r,keydown
7561900,e,keydown
7562100, ,keydown
7562600,c,keydown
7562800,h,keydown
7562900,e,keydown
7563000, ,keydown
7563200,i,keydown
7563400,l,keydown
7563600, ,keydown
7563900,s,keydown
7564000,e,keydown
7564300,g,keydown
7564500,u,keydown
7564700,i,keydown
7565100,t,keydown
7565300,o,keydown
7571000, ,keydown
7571700,s,keydown
7572000,a,keydown
7572200,r,keydown
7572300,a,keydown
7572600,#,keydown
7572700, ,keydown
7573100,n,keydown
7573300,e,keydown
7573400,l,keydown
7573500,l,keydown
7573700,a,keydown
7573900, ,keydown
7575100,#,keydown
7575600,#,keydown
7575600,#,keydown
7575600,#,keydown
7575600,#,keydown
7575700,#,keydown
7575700,#,keydown
7575700,#,keydown
7575900,#,keydown
7575900,#,keydown
7575900,#,keydown
7575900,#,keydown
7576000,#,keydown
7576300,#,keydown
7577700,t,keydown
7577900,e,keydown
7578100,s,keydown
7578200,t,keydown
7578400,o,keydown
7579100, ,keydown
7579800,#,keydown
7580200,#,keydown
7580300,#,keydown
7581200,#,keydown
7581300,#,keydown
7582400, ,keydown
7582900,s,keydown
7583400,c,keydown
7583800,r,keydown
7583900,i,keydown
7584200,t,keydown
7584400,t,keydown
7584400,o,keydown
7584700, ,keydown
7585100,n,keydown
7585200,e,keydown
7586400,l,keydown
7586500,l,keydown
7586700,a,keydown
7586800, ,keydown
7587100,m,keydown
7587400,i,keydown
7587700,a,keydown
7588100, ,keydown
7588500,p,keydown
7588600,r,keydown
7588800,o,keydown
7597700,Backspace,keydown
7598300, ,keydown
7598700,#,keydown
7599200,#,keydown
7599300,#,keydown
7599300,#,keydown
7599300,#,keydown
7599300,#,keydown
7599400,#,keydown
7599400,#,keydown
7599400,#,keydown
7599400,#,keydown
7599500,#,keydown
7599600,#,keydown
7599600,#,keydown
7599600,#,keydown
7599700,#,keydown
7599700,#,keydown
7599700,#,keydown
7599700,#,keydown
7599800,#,keydown
7599900,#,keydown
7599900,#,keydown
7600000,#,keydown
7600000,#,keydown
7600000,#,keydown
7600100,#,keydown
7600100,#,keydown
7600100,#,keydown
7600100,#,keydown
7600500,#,keydown
7601400,#,keydown
7601900,Enter,keydown
7602400,#,keydown
7603100,Backspace,keydown
7603600, ,keydown
7604000,#,keydown
7604500,#,keydown
7604500,#,keydown
7604500,#,keydown
7604500,#,keydown
7604600,#,keydown
7604600,#,keydown
7604600,#,keydown
7604700,#,keydown
7604800,#,keydown
7604800,#,keydown
7605200,#,keydown
7605600,#,keydown
7605700,#,keydown
7605800,#,keydown
7605800,#,keydown
7605800,#,keydown
7605800,#,keydown
7605900,#,keydown
7605900,#,keydown
7605900,#,keydown
7606000,#,keydown
7606100,#,keydown
7606100,#,keydown
7606100,#,keydown
7606100,#,keydown
7606200,#,keydown
7606200,#,keydown
7606200,#,keydown
7606200,#,keydown
7606300,#,keydown
7606400,#,keydown
7606400,#,keydown
7607400,#,keydown
7607800, ,keydown
7608200,#,keydown
7608700,#,keydown
7608800,#,keydown
7609300,#,keydown
7609600,#,keydown
7610400,Backspace,keydown
7610800,#,keydown
7611900,n,keydown
7612200,#,keydown
7612600,#,keydown
7612700,#,keydown
7612700,#,keydown
7612700,#,keydown
7612700,#,keydown
7612800,#,keydown
7612900,#,keydown
7612900,#,keydown
7612900,#,keydown
7612900,#,keydown
7613000,#,keydown
7613100,#,keydown
7613100,#,keydown
7613100,#,keydown
7613200,#,keydown
7613200,#,keydown
7613200,#,keydown
7613200,#,keydown
7613200,#,keydown
7613300,#,keydown
7613300,#,keydown
7613300,#,keydown
7613400,#,keydown
7613400,#,keydown
7613500,#,keydown
7613500,#,keydown
7613500,#,keydown
7614700,Enter,keydown
7615800,#,keydown
7616600,#,keydown
7617200,#,keydown
7617700,#,keydown
7618000,#,keydown
7618500,#,keydown
7618500,#,keydown
7618500,#,keydown
7618500,#,keydown
7618500,#,keydown
7618700,#,keydown
7618700,#,keydown
7618700,#,keydown
7618700,#,keydown
7618800,#,keydown
7619000,#,keydown
7619500,#,keydown
7619500,#,keydown
7620100,#,keydown
7621200,#,keydown
7621600,#,keydown
7621800,#,keydown
7622000,#,keydown
7622300,#,keydown
7622400,#,keydown
7623600,Backspace,keydown
7623800,e,keydown
7624700, ,keydown
7624800,d,keydown
7625200,u,keydown
7625300,e,keydown
7625500, ,keydown
7626200,#,keydown
7626600,#,keydown
7626700,#,keydown
7626700,#,keydown
7627800,#,keydown
7628200,Backspace,keydown
7628900,h,keydown
7629100,e,keydown
7629900,#,keydown
7630800,#,keydown
7631700,Backspace,keydown
7633100,s,keydown
7633200,o,keydown
7633400,n,keydown
7633500,o,keydown
7633800, ,keydown
7634700,#,keydown
7635200,Backspace,keydown
7636100,#,keydown
7636600,#,keydown
7636600,#,keydown
7636700,#,keydown
7636700,#,keydown
7636700,#,keydown
7636800,#,keydown
7636800,#,keydown
7636800,#,keydown
7636800,#,keydown
7636900,#,keydown
7636900,#,keydown
7636900,#,keydown
7636900,#,keydown
7637000,#,keydown
7637100,#,keydown
7637100,#,keydown
7637100,#,keydown
7637200,#,keydown
7637200,#,keydown
7637200,#,keydown
7637200,#,keydown
7637300,#,keydown
7637400,#,keydown
7637400,#,keydown
7637400,#,keydown
7637400,#,keydown
7637500,#,keydown
7637500,#,keydown
7637600,#,keydown
7637600,#,keydown
7638300,#,keydown
7638400,#,keydown
7638600,#,keydown
7638700,#,keydown
7638900,#,keydown
7639200,#,keydown
7639600,#,keydown
7640100,#,keydown
7641000,#,keydown
7641300,Enter,keydown
7641800,#,keydown
7642300,#,keydown
7642300,#,keydown
7642400,#,keydown
7642500,#,keydown
7642500,#,keydown
7642500,#,keydown
7642500,#,keydown
7642600,#,keydown
7642600,#,keydown
7642600,#,keydown
7642600,#,keydown
7642700,#,keydown
7642800,#,keydown
7642800,#,keydown
7642800,#,keydown
7642900,#,keydown
7642900,#,keydown
7642900,#,keydown
7642900,#,keydown
7643200,#,keydown
7644200,s,keydown
7644400,s,keydown
7644400,i,keydown
7644500,m,keydown
7644700,a,keydown
7645800,#,keydown
7646000,#,keydown
7646100,#,keydown
7646200,#,keydown
7646400,#,keydown
7647200,#,keydown
7647800,Backspace,keydown
7647900,Backspace,keydown
7648100,Backspace,keydown
7648100,Backspace,keydown
7648300,Backspace,keydown
7649400,m,keydown
7649600,a,keydown
7649700,i,keydown
7649900,l,keydown
7650400,.,keydown
7650500, ,keydown
7650800,#,keydown
7651200,c,keydown
7651300,i,keydown
7651600,a,keydown
7651700,o,keydown
7652600, ,keydown
7652700,#,keydown
7653000,#,keydown
7695400,Backspace,keydown
7695700,e,keydown
7700700, ,keydown
7700800,d,keydown
7700900,e,keydown
7701100,l,keydown
