timestamp,key,type
39389300,Backspace,keydown
39389300,Backspace,keydown
39389300,Backspace,keydown
39389300,Backspace,keydown
39389300,Backspace,keydown
39389300,Backspace,keydown
39389300,Backspace,keydown
39389300,Backspace,keydown
39389300,v,keydown
39389600,o,keydown
39390000,g,keydown
39390400,l,keydown
39390700,i,keydown
39391000,a,keydown
39393700,.,keydown
39394000, ,keydown
39394700,a,keydown
39395200,n,keydown
39395500,z,keydown
39395800,i,keydown
39396000,o,keydown
39396200, ,keydown
39397200,#,keydown
39397600,v,keydown
39398000,o,keydown
39398300,g,keydown
39398700,l,keydown
39398900,i,keydown
39399200,a,keydown
39399700,#,keydown
39400400,.,keydown
39401300, ,keydown
39401900,c,keydown
39402100,h,keydown
39402400,e,keydown
39402600, ,keydown
39402900,c,keydown
39403300,o,keydown
39403600,s,keydown
39403800,a,keydown
39403900, ,keydown
39404400,v,keydown
39404800,u,keydown
39404900,o,keydown
39406300,Backspace,keydown
39407200,o,keydown
39407400,l,keydown
39407800,d,keydown
39408000, ,keydown
39408100,d,keydown
39408400,i,keydown
39408800,r,keydown
39409000,e,keydown
39409100, ,keydown
39412900,Backspace,keydown
39413100,Backspace,keydown
39413300,Backspace,keydown
39413400,Backspace,keydown
39413500,Backspace,keydown
39413600,Backspace,keydown
39413800,Backspace,keydown
39414100, ,keydown
39414500,d,keydown
39414800,i,keydown
39415200,r,keydown
39415300,e,keydown
39415500, ,keydown
39415900,#,keydown
39416500,s,keydown
39416700,e,keydown
39416900, ,keydown
39417300,o,keydown
39417700,g,keydown
39417800,g,keydown
39418000,i,keydown
39418300, ,keydown
39419100,h,keydown
39419400,a,keydown
39419700,i,keydown
39419900, ,keydown
39420100,v,keydown
39420400,o,keydown
39420800,g,keydown
39421200,l,keydown
39421400,i,keydown
39421700,a,keydown
39421800, ,keydown
39422100,d,keydown
39422400,i,keydown
39422500, ,keydown
39423100,f,keydown
39423300,a,keydown
39423600,r,keydown
39423800,e,keydown
39426500,Enter,keydown
39427300,l,keydown
39427700,#,keydown
39428000,e,keydown
39428200,s,keydown
39428500,p,keydown
39428800,e,keydown
39429000,r,keydown
39429400,i,keydown
39429600,m,keydown
39429900,a,keydown
39430300,n,keydown
39430600,t,keydown
39431000,o,keydown
39432100,#,keydown
39432400,#,keydown
39432700, ,keydown
39434900,#,keydown
39435800,c,keydown
39437200,c,keydown
39437700,Backspace,keydown
39438300,h,keydown
39438700,i,keydown
39439100,e,keydown
39439700,d,keydown
39440000,o,keydown
39440100, ,keydown
39440400,a,keydown
39440600, ,keydown
39440900,m,keydown
39441200,e,keydown
39441400, ,keydown
39441500,s,keydown
39441800,t,keydown
39441900,e,keydown
39442200,s,keydown
39442300,s,keydown
39442700,o,keydown
39442900,#,keydown
39444800,Backspace,keydown
39445600,.,keydown
39446100,#,keydown
39446400, ,keydown
39455800,d,keydown
39456200,i,keydown
39456500,c,keydown
39456800,i,keydown
39457000,a,keydown
39457400,m,keydown
39457600,o,keydown
39457800, ,keydown
39458000,c,keydown
39458300,h,keydown
39458600,e,keydown
39458700, ,keydown
39460200,i,keydown
39460400,l,keydown
39460600, ,keydown
39461200,#,keydown
39461600,s,keydown
39461800,e,keydown
39462200,m,keydown
39462700,Backspace,keydown
39462900,n,keydown
39463200,s,keydown
39463600,o,keydown
39463700, ,keydown
39463900,d,keydown
39464000,e,keydown
39464400,l,keydown
39464500, ,keydown
39465100,d,keydown
39465300,o,keydown
39465700,v,keydown
39466300,v,keydown
39466500,e,keydown
39466700,r,keydown
39466800,e,keydown
39472000,#,keydown
39472100,Enter,keydown
39473100,c,keydown
39473400,o,keydown
39473600,n,keydown
39473800, ,keydown
39477900,d,keydown
39478700,u,keydown
39479100,Backspace,keydown
39479300,Backspace,keydown
39479400,Backspace,keydown
39479600,Backspace,keydown
39479700,Backspace,keydown
39479900,Backspace,keydown
39480600,#,keydown
39481100,Backspace,keydown
39481200,#,keydown
39481600,c,keydown
39481900,o,keydown
39482300,n,keydown
39483000, ,keydown
39484000,d,keydown
39484200,u,keydown
39484500,e,keydown
39484700, ,keydown
39485100,#,keydown
39485800,v,keydown
39486400,#,keydown
39488300,#,keydown
39488500, ,keydown
39489200,m,keydown
39489500,i,keydown
39489600, ,keydown
39489800,s,keydown
39490100,p,keydown
39490400,i,keydown
39490700,n,keydown
39491100,g,keydown
39491400,e,keydown
39491500, ,keydown
39491700,a,keydown
39491900, ,keydown
39492300,f,keydown
39492500,a,keydown
39492700,r,keydown
39493000,l,keydown
39493200,o,keydown
39493800,.,keydown
39494100, ,keydown
39495800,a,keydown
39496000, ,keydown
39496200,p,keydown
39496600,r,keydown
39497000,o,keydown
39497200,p,keydown
39497300,o,keydown
39497600,s,keydown
39498100,i,keydown
39498300,t,keydown
39498700,o,keydown
39499000,",",keydown
39499100, ,keydown
39499300,p,keydown
39499500,o,keydown
39499700,i,keydown
39499800, ,keydown
39500400,g,keydown
39500600,l,keydown
39500900,i,keydown
39500900, ,keydown
39501200,e,keydown
39501400,s,keydown
39501800,i,keydown
39502000,t,keydown
39502300,i,keydown
39502400, ,keydown
39502700,d,keydown
39503000,i,keydown
39503300,c,keydown
39504500,Backspace,keydown
39505200,v,keydown
39505400,e,keydown
39505600,r,keydown
39505800,r,keydown
39505900,a,keydown
39506400,n,keydown
39506500,n,keydown
39506800,o,keydown
39507000,Enter,keydown
39508100,p,keydown
39508400,u,keydown
39508900,b,keydown
39509000,b,keydown
39509300,l,keydown
39509500,i,keydown
39509800,c,keydown
39510600,i,keydown
39512400,#,keydown
39512700, ,keydown
39516100,i,keydown
39516300,n,keydown
39516400, ,keydown
39517100,o,keydown
39517400,g,keydown
39517600,n,keydown
39517900,i,keydown
39518100, ,keydown
39518200,c,keydown
39518500,a,keydown
39518600,s,keydown
39519000,o,keydown
39519000, ,keydown
39519400,a,keydown
39519800,l,keydown
39519900, ,keydown
39520500,Backspace,keydown
39520700,m,keydown
39520900,o,keydown
39521100,m,keydown
39521500,e,keydown
39521900,n,keydown
39522200,t,keydown
39522700,i,keydown
39524100,Backspace,keydown
39524300,Backspace,keydown
39524500,Backspace,keydown
39524600,Backspace,keydown
39524700,Backspace,keydown
39524900,Backspace,keydown
39525300,Backspace,keydown
39525500, ,keydown
39526100,m,keydown
39526300,o,keydown
39526600,m,keydown
39526900,e,keydown
39527300,n,keydown
39527600,t,keydown
39527900,o,keydown
39528100, ,keydown
39528300,h,keydown
39528600,o,keydown
39528700, ,keydown
39528900,a,keydown
39529300,l,keydown
39529600,t,keydown
39529800,r,keydown
39530000,e,keydown
39530200, ,keydown
39530400,c,keydown
39530600,o,keydown
39530900,s,keydown
39531100,e,keydown
39531300, ,keydown
39531500,p,keydown
39531800,e,keydown
39532000,r,keydown
39532100, ,keydown
39532400,l,keydown
39532800,a,keydown
39532900, ,keydown
39533100,t,keydown
39533300,e,keydown
39533400,s,keydown
39533800,t,keydown
39534000,a,keydown
39535800,.,keydown
39536000, ,keydown
39536400,t,keydown
39536800,i,keydown
39537700,Backspace,keydown
39537900,Backspace,keydown
39538700,t,keydown
39539300,i,keydown
39539700,Enter,keydown
39540300,p,keydown
39540600,a,keydown
39540800,r,keydown
39541200,l,keydown
39541500,e,keydown
39542200,r,keydown
39542600,o,keydown
39543000,#,keydown
39543100, ,keydown
39543400,d,keydown
39543700,e,keydown
39544100,i,keydown
39544200, ,keydown
39544500,m,keydown
39544700,i,keydown
39545000,e,keydown
39545400,i,keydown
39545500, ,keydown
39545800,e,keydown
39545900,s,keydown
39546300,p,keydown
39546700,e,keydown
39546800,r,keydown
39547100,i,keydown
39547300,m,keydown
39547600,e,keydown
39548000,n,keydown
39548300,t,keydown
39548600,i,keydown
39548700, ,keydown
39558800,f,keydown
39559100,i,keydown
39559300,n,keydown
39559600,e,keydown
39560100,-,keydown
39560400,s,keydown
39561500,e,keydown
39562800,t,keydown
39563000,t,keydown
39563400,i,keydown
39563600,m,keydown
39563900,a,keydown
39564200,n,keydown
39564600,a,keydown
39564900,l,keydown
39565100,i,keydown
39565300, ,keydown
39565500,c,keydown
39565900,o,keydown
39566100,n,keydown
39566300, ,keydown
39566400,i,keydown
39566700,l,keydown
39566800, ,keydown
39567600,s,keydown
39567900,u,keydown
39568300,s,keydown
39568900,h,keydown
39569300,i,keydown
39570400,#,keydown
39571900,s,keydown
39572400,u,keydown
39572500,s,keydown
39572800,c,keydown
39573200,i,keydown
39574400,Enter,keydown
39575400,#,keydown
39575600,l,keydown
39576100,e,keydown
39576600,Backspace,keydown
39576900,a,keydown
39577200, ,keydown
39578000,s,keydown
39578200,e,keydown
39578500,c,keydown
39578800,o,keydown
39579000,n,keydown
39579500,d,keydown
39579700,a,keydown
39579800, ,keydown
39580100,c,keydown
39580400,h,keydown
39580900,e,keydown
39581100, ,keydown
39581400,h,keydown
39581700,o,keydown
39581800, ,keydown
39582100,s,keydown
39582200,c,keydown
39582700,r,keydown
39583000,i,keydown
39583300,t,keydown
39583400,t,keydown
39583700,o,keydown
39583900, ,keydown
39584500,s,keydown
39584900,t,keydown
39585000,a,keydown
39585300, ,keydown
39585500,a,keydown
39585700,d,keydown
39585800, ,keydown
39586300,n,keydown
39586600,d,keydown
39586900,i,keydown
39587200,c,keydown
39587500,a,keydown
39587700,r,keydown
39588200,e,keydown
39588400, ,keydown
39588700,u,keydown
39589000,n,keydown
39589400,a,keydown
39589600, ,keydown
39590400,v,keydown
39590700,a,keydown
39591300,r,keydown
39591600,i,keydown
39591900,a,keydown
39592300,n,keydown
39592700,t,keydown
39592900,e,keydown
39593100, ,keydown
39593900,i,keydown
39594200,t,keydown
39594400,a,keydown
39594700,l,keydown
39595000,i,keydown
39595200,c,keydown
39596800,a,keydown
39597900, ,keydown
39598400,d,keydown
39598600,e,keydown
39599200,l,keydown
39600700,i,keydown
39601300,Backspace,keydown
39602100,o,keydown
39603000,Backspace,keydown
39603700,l,keydown
39603800,o,keydown
39604200,Enter,keydown
39605000,s,keydown
39605500,t,keydown
39605700,e,keydown
39605900,s,keydown
39606000,s,keydown
39606300,i,keydown
39608000,Backspace,keydown
39608600,o,keydown
39608900,",",keydown
39609100, ,keydown
39609400,c,keydown
39609800,o,keydown
39610000,s,keydown
39610400,i,keydown
39611300,#,keydown
39611500, ,keydown
39611800,n,keydown
39612100,i,keydown
39612700,Backspace,keydown
39612800,o,keydown
39613100,m,keydown
39613300,a,keydown
39613600,t,keydown
39613900,a,keydown
39614100, ,keydown
39614900,d,keydown
39615000,a,keydown
39615300, ,keydown
39616200,u,keydown
39617100,n,keydown
39617300, ,keydown
39618100,r,keydown
39618500,i,keydown
39618800,m,keydown
39619500,a,keydown
39620000,n,keydown
39621500,Backspace,keydown
39621700,Backspace,keydown
39622000,Backspace,keydown
39622500,n,keydown
39622800,o,keydown
39623100,m,keydown
39623400,a,keydown
39624000,t,keydown
39624300,o,keydown
39624500, ,keydown
39625100,c,keydown
39625500,u,keydown
39625700,o,keydown
39626100,c,keydown
39626500,o,keydown
39626600, ,keydown
39627100,d,keydown
39627500,i,keydown
39627700, ,keydown
39627800,n,keydown
39628200,Backspace,keydown
39628500,b,keydown
39628800,a,keydown
39629400,r,keydown
39629800,Backspace,keydown
39630000,Backspace,keydown
39630100,Backspace,keydown
39630900,b,keydown
39631200,a,keydown
39631400,r,keydown
39631800,i,keydown
39632100, ,keydown
39632400,i,keydown
39632500,l,keydown
39632700, ,keydown
39633000,c,keydown
39633300,u,keydown
39633500,n,keydown
39633700, ,keydown
39634000,n,keydown
39634300,o,keydown
39634400, ,keydown
39636200,Backspace,keydown
39636800,m,keydown
39637000,e,keydown
39637200, ,keydown
39637500,o,keydown
39637800,r,keydown
39638000, ,keydown
39638400,n,keydown
39638600,o,keydown
39638800,n,keydown
39639000, ,keydown
39639100,m,keydown
39639400,i,keydown
39640200,Enter,keydown
39641000,s,keydown
39641200,o,keydown
39641600,v,keydown
39641800,v,keydown
39642000,i,keydown
39642400,e,keydown
39642900,n,keydown
39643200,e,keydown
39643600,#,keydown
39644100,.,keydown
39644400, ,keydown
39649800,d,keydown
39650000,a,keydown
39650200, ,keydown
39650600,g,keydown
39651100,i,keydown
39651300,a,keydown
39651800,#,keydown
39652000, ,keydown
39652600,t,keydown
39653100,Backspace,keydown
39653500,v,keydown
39654000,Backspace,keydown
39654200,c,keydown
39654500,i,keydown
39654800, ,keydown
39655000,s,keydown
39655300,o,keydown
39655600,n,keydown
39655800,o,keydown
39656000,",",keydown
39656100, ,keydown
39656600,e,keydown
39656800,s,keydown
39657000,t,keydown
39657100,e,keydown
39657500,m,keydown
39657700,p,keydown
39657900,o,keydown
39658300,r,keydown
39658400,a,keydown
39658700,n,keydown
39659100,e,keydown
39659200,a,keydown
39659500,m,keydown
39659900,e,keydown
39660200,n,keydown
39660500,t,keydown
39660700,e,keydown
39660800, ,keydown
39661100,d,keydown
39661300,i,keydown
39661500, ,keydown
39661800,s,keydown
39662100,e,keydown
39664200,g,keydown
39664500,n,keydown
39664800,a,keydown
39665200,l,keydown
39665300,o,keydown
39665500, ,keydown
39666500,u,keydown
39666700,n,keydown
39666900, ,keydown
39667300,r,keydown
39667500,e,keydown
39667700,f,keydown
39668100,u,keydown
39668300,s,keydown
39668700,o,keydown
39668900,",",keydown
39669100, ,keydown
39669400,a,keydown
39669800,l,keydown
39669900,l,keydown
39670200,a,keydown
39670800,Enter,keydown
39671600,p,keydown
39672000,a,keydown
39672100,r,keydown
39672500,o,keydown
39672700,l,keydown
39673100,a,keydown
39673200, ,keydown
39674300,2,keydown
39675600, ,keydown
39677600,d,keydown
39677900,u,keydown
39678100, ,keydown
39678700,Backspace,keydown
39678900,Backspace,keydown
39679700,u,keydown
39680200,Backspace,keydown
39680400,i,keydown
39680500, ,keydown
39680800,q,keydown
39681200,u,keydown
39681500,e,keydown
39681800,s,keydown
39682200,t,keydown
39682500,o,keydown
39682700, ,keydown
39682800,s,keydown
39683000,c,keydown
39683300,r,keydown
39683600,i,keydown
39684000,t,keydown
39684000,t,keydown
39684400,o,keydown
39684600, ,keydown
39685300,Backspace,keydown
39686300,#,keydown
39686500, ,keydown
39686900,t,keydown
39687100,r,keydown
39687300,a,keydown
39687700,t,keydown
39687800,t,keydown
39688100,a,keydown
39688300,s,keydown
39688600,i,keydown
39688700, ,keydown
39689200,d,keydown
39689600,i,keydown
39689700, ,keydown
39690100,a,keydown
39690600,Backspace,keydown
39691100,#,keydown
39691800,a,keydown
39692200,n,keydown
39692500,z,keydown
39692900,i,keydown
39695100,#,keydown
39695300, ,keydown
39695800,e,keydown
39696000, ,keydown
39696200,n,keydown
39696500,o,keydown
39696700,n,keydown
39696900, ,keydown
39697200,d,keydown
39697500,i,keydown
39697700, ,keydown
39698300,#,keydown
39698800,a,keydown
39699300,n,keydown
39699600,z,keydown
39700000,i,keydown
39700100,o,keydown
39704800,#,keydown
39707900,Backspace,keydown
39708400,a,keydown
39711700,.,keydown
39713100,Enter,keydown
39716700,v,keydown
39716900,e,keydown
39717100,d,keydown
39717400,o,keydown
39717500, ,keydown
39717700,c,keydown
39717900,h,keydown
39718200,e,keydown
39718300, ,keydown
39718900,m,keydown
39719300,a,keydown
39719700,n,keydown
39720000,c,keydown
39720300,a,keydown
39720800,n,keydown
39721100,o,keydown
39721300, ,keydown
39721600,4,keydown
39721800, ,keydown
39722100,r,keydown
39722600,i,keydown
39723000,g,keydown
39723200,j,keydown
39723800,Backspace,keydown
39724200,h,keydown
39724400,e,keydown
39724700, ,keydown
39725500,c,keydown
39725900,i,keydown
39726500,r,keydown
39727500,c,keydown
39727700,a,keydown
39728200, ,keydown
39728600,Backspace,keydown
39729000,",",keydown
39729200, ,keydown
39729400,q,keydown
39729800,u,keydown
39730000,i,keydown
39730200,n,keydown
39730500,d,keydown
39730800,i,keydown
39730800,o,keydown
39731000, ,keydown
39731300,v,keydown
39731600,e,keydown
39731800,d,keydown
39732100,r,keydown
39732400,o,keydown
39732600, ,keydown
39732800,d,keydown
39733100,i,keydown
39733300, ,keydown
39733400,c,keydown
39733800,o,keydown
39735000,n,keydown
39735200,c,keydown
39735500,l,keydown
39735800,u,keydown
39736100,d,keydown
39736300,e,keydown
39736500,r,keydown
39736500,e,keydown
39736600, ,keydown
39736900,c,keydown
39737200,o,keydown
39737400,n,keydown
39737600, ,keydown
39737800,u,keydown
39738300,Backspace,keydown
39740500,i,keydown
39740700,l,keydown
39742800,Backspace,keydown
39742800,Backspace,keydown
39743600,g,keydown
39743800,l,keydown
39744100,i,keydown
39744300,Enter,keydown
39745400,e,keydown
39745500,s,keydown
39745900,p,keydown
39746300,e,keydown
39746500,r,keydown
39746800,i,keydown
39747000,m,keydown
39747300,e,keydown
39747600,n,keydown
39747900,t,keydown
39748300,i,keydown
39748400, ,keydown
39748700,c,keydown
39749000,u,keydown
39749200,l,keydown
39749500,i,keydown
39749800,n,keydown
39750100,a,keydown
39750400,r,keydown
39750700,i,keydown
39751300,#,keydown
39751500, ,keydown
39753900,r,keydown
39754400,i,keydown
39754600,c,keydown
39754900,e,keydown
39755100,t,keydown
39755200,t,keydown
39755400,a,keydown
39755600, ,keydown
39755800,d,keydown
39756000,e,keydown
39756300,l,keydown
39756500, ,keydown
39756800,s,keydown
39757200,u,keydown
39757500,s,keydown
39757600,c,keydown
39758100,h,keydown
39758300,i,keydown
39760700, ,keydown
39761600,#,keydown
39763000,Backspace,keydown
39763300,Backspace,keydown
39764200,",",keydown
39764300, ,keydown
39764600,s,keydown
39764900,o,keydown
39765100,l,keydown
39765300,o,keydown
39765400, ,keydown
39765700,c,keydown
39765900,h,keydown
39766100,e,keydown
39770600,",",keydown
39770900, ,keydown
39771000,i,keydown
39771200,n,keydown
39771700,v,keydown
39771900,e,keydown
39772100,c,keydown
39772400,e,keydown
39772500, ,keydown
39772700,d,keydown
39772900,e,keydown
39773500,l,keydown
39775400, ,keydown
39776600,p,keydown
39776900,e,keydown
39777200,c,keydown
39779300,Backspace,keydown
39780000,s,keydown
39780200,c,keydown
39780400,e,keydown
39780600, ,keydown
39781600,c,keydown
39781700,r,keydown
39782200,u,keydown
39782400,s,keydown
39782800,Backspace,keydown
39783200,d,keydown
39783500,o,keydown
39784300,Enter,keydown
39785700,s,keydown
39786000,i,keydown
39786100, ,keydown
39786300,u,keydown
39786800,s,keydown
39786900,a,keydown
39787100, ,keydown
39787600,p,keydown
39788200,e,keydown
39788500,s,keydown
39788700,c,keydown
39789000,e,keydown
39789200, ,keydown
39791600,s,keydown
39791800,c,keydown
39792100,o,keydown
39792400,t,keydown
39792600,t,keydown
39792800,a,keydown
39793100,t,keydown
39793600,o,keydown
39793700, ,keydown
39793900,i,keydown
39794100,n,keydown
39794200, ,keydown
39794500,a,keydown
39795200,c,keydown
39795400,q,keydown
39795800,u,keydown
39796100,a,keydown
39796300, ,keydown
39796600,b,keydown
39797000,o,keydown
39797100,l,keydown
39797200,l,keydown
39797600,e,keydown
39797800,t,keydown
39797900,t,keydown
39798400,e,keydown
39798700, ,keydown
39799800,#,keydown
39800200,p,keydown
39800400,o,keydown
39800600,c,keydown
39800900,o,keydown
39801800, ,keydown
39803000,m,keydown
39803100,i,keydown
39803300, ,keydown
39803600,r,keydown
39803800,a,keydown
39804000,c,keydown
39804200,c,keydown
39804500,o,keydown
39804700,m,keydown
39805000,a,keydown
39805400,n,keydown
39805700,t,keydown
39806100,o,keydown
39806300,#,keydown
39807400,.,keydown
39807600,.,keydown
39807700,.,keydown
39808600,Enter,keydown
39815200,c,keydown
39815500,r,keydown
39815900,e,keydown
39816100,d,keydown
39816400,o,keydown
39816700, ,keydown
39817000,d,keydown
39817300,i,keydown
39817400, ,keydown
39817700,a,keydown
39817900,v,keydown
39818100,e,keydown
39818300,r,keydown
39818500, ,keydown
39818700,f,keydown
39819100,i,keydown
39819300,n,keydown
39819400,i,keydown
39819700,t,keydown
39820100,o,keydown
39820600,.,keydown
39820800,.,keydown
39821000,.,keydown
39822000, ,keydown
39822600,l,keydown
39822800,o,keydown
39823000, ,keydown
39823300,s,keydown
39823700,p,keydown
39824000,a,keydown
39824200,z,keydown
39824500,i,keydown
39824700,o,keydown
39825500,.,keydown
