timestamp,key,type
27404300,Backspace,keydown
27404300,Backspace,keydown
27404300,Backspace,keydown
27404300,Backspace,keydown
27404300,Backspace,keydown
27404300,Backspace,keydown
27404300,Backspace,keydown
27404300,Backspace,keydown
27404300,#,keydown
27404500,o,keydown
27404700,l,keydown
27405100,t,keydown
27405300,r,keydown
27405400,e,keydown
27405600, ,keydown
27406600,Enter,keydown
27407300,#,keydown
27407600,v,keydown
27407700,o,keydown
27407900,l,keydown
27408100,o,keydown
27408300,n,keydown
27408400,t,keydown
27408700,a,keydown
27409000,#,keydown
27409100, ,keydown
27409300,e,keydown
27409400, ,keydown
27410500,s,keydown
27410600,a,keydown
27410900,c,keydown
27411200,r,keydown
27411400,i,keydown
27411700,f,keydown
27411800,i,keydown
27412100,c,keydown
27412300,i,keydown
27412400,o,keydown
27413500,.,keydown
27413700, ,keydown
27414000,#,keydown
27414100,i,keydown
27414300,l,keydown
27414500, ,keydown
27414800,g,keydown
27414900,u,keydown
27415000,i,keydown
27415600,e,keydown
27415900,Backspace,keydown
27416000,Backspace,keydown
27416300,e,keydown
27416400,r,keydown
27416600,r,keydown
27416800,i,keydown
27417000,e,keydown
27417400,r,keydown
27417500,o,keydown
27417700, ,keydown
27418500,s,keydown
27418700,i,keydown
27418900, ,keydown
27419200,s,keydown
27419400,u,keydown
27419600,p,keydown
27419900,e,keydown
27420200,r,keydown
27420400,a,keydown
27422300,.,keydown
27422500,Enter,keydown
27423100,#,keydown
27423200,p,keydown
27423600,e,keydown
27424100,Backspace,keydown
27424200,r,keydown
27424500,e,keydown
27424800,n,keydown
27425000,d,keydown
27425000,i,keydown
27425300,a,keydown
27425400,m,keydown
27425700,o,keydown
27425900, ,keydown
27426100,p,keydown
27426300,o,keydown
27426600,s,keydown
27426700,i,keydown
27427100,z,keydown
27427300,i,keydown
27427400,o,keydown
27427600,n,keydown
27427700,e,keydown
27429600,.,keydown
27429800, ,keydown
27429900,#,keydown
27430200,o,keydown
27430300,r,keydown
27430600,a,keydown
27430800,.,keydown
27431100, ,keydown
27431200,#,keydown
27431600,s,keydown
27431700,o,keydown
27432100,b,keydown
27432200,b,keydown
27432500,i,keydown
27432800,Backspace,keydown
27433000,Backspace,keydown
27433200,Backspace,keydown
27433200,Backspace,keydown
27433500,Backspace,keydown
27433900,#,keydown
27434200,d,keydown
27434300,i,keydown
27434800,Backspace,keydown
27436000,o,keydown
27436400,b,keydown
27436500,b,keydown
27436800,i,keydown
27436800,a,keydown
27437000,m,keydown
27437300,a,keydown
27437900,Backspace,keydown
27438300,o,keydown
27438600, ,keydown
27438800,p,keydown
27439400,e,keydown
27439600,r,keydown
27440100,c,keydown
27440300,o,keydown
27440500,r,keydown
27440700,r,keydown
27440800,e,keydown
27441100,r,keydown
27441300,e,keydown
27441500, ,keydown
27441700,l,keydown
27441900,a,keydown
27442100, ,keydown
27442800,n,keydown
27442900,o,keydown
27443000,s,keydown
27443300,t,keydown
27443500,r,keydown
27443600,a,keydown
27443900, ,keydown
27444100,s,keydown
27444300,t,keydown
27444500,r,keydown
27444700,a,keydown
27445000,d,keydown
27445200,a,keydown
27446000,Enter,keydown
27446400,e,keydown
27446500, ,keydown
27446600,d,keydown
27446900,o,keydown
27447300,b,keydown
27447500,b,keydown
27447800,i,keydown
27448100,a,keydown
27448400,m,keydown
27448600,o,keydown
27449500, ,keydown
27449700,f,keydown
27450000,a,keydown
27450200,r,keydown
27450500,l,keydown
27450700,o,keydown
27450800, ,keydown
27451100,i,keydown
27451200,n,keydown
27451300, ,keydown
27451600,m,keydown
27451800,a,keydown
27452200,n,keydown
27452300,i,keydown
27452500,e,keydown
27452800,r,keydown
27453000,a,keydown
27453200, ,keydown
27453400,s,keydown
27453900,Backspace,keydown
27454100,r,keydown
27454200,i,keydown
27454400,s,keydown
27454700,o,keydown
27454900,l,keydown
27455200,u,keydown
27455500,t,keydown
27455700,a,keydown
27456900,.,keydown
27457200,Enter,keydown
27457300,#,keydown
27457500,c,keydown
27457700,i,keydown
27458100, ,keydown
27458300,t,keydown
27458800,Backspace,keydown
27458900,a,keydown
27459100,t,keydown
27459300,t,keydown
27459500,e,keydown
27459700,n,keydown
27459900,d,keydown
27460100,e,keydown
27461200, ,keydown
27461500,u,keydown
27461700,n,keydown
27461900, ,keydown
27462000,l,keydown
27462200,u,keydown
27462500,n,keydown
27463000,g,keydown
27463200,o,keydown
27463300, ,keydown
27463700,c,keydown
27464000,a,keydown
27464200,m,keydown
27464400,m,keydown
27464500,i,keydown
27464800,n,keydown
27464900,o,keydown
27466400,#,keydown
27466900,#,keydown
27467000, ,keydown
27467300,d,keydown
27467400,o,keydown
27467800,b,keydown
27467900,b,keydown
27468100,i,keydown
27468300,a,keydown
27468500,m,keydown
27468700,o,keydown
27469000, ,keydown
27470100,b,keydown
27470200,a,keydown
27470300,n,keydown
27470500,d,keydown
27470600,i,keydown
27470900,r,keydown
27471100,e,keydown
27471600, ,keydown
27471900,i,keydown
27472000,l,keydown
27472100, ,keydown
27472600,t,keydown
27472700,i,keydown
27473500,m,keydown
27473700,o,keydown
27473900,r,keydown
27474100,e,keydown
27474300, ,keydown
27474500,e,keydown
27474600, ,keydown
27474700,l,keydown
27474900,a,keydown
27475100, ,keydown
27475400,p,keydown
27475700,i,keydown
27476000,g,keydown
27476300,r,keydown
27476600,i,keydown
27477000,z,keydown
27477200,i,keydown
27477200,o,keydown
27477700,Backspace,keydown
27477800,a,keydown
27478200,Enter,keydown
27480700,Backspace,keydown
27482400,.,keydown
27482700,Enter,keydown
27483600,#,keydown
27483900,l,keydown
27484200,o,keydown
27485000,Backspace,keydown
27485500,#,keydown
27485800,o,keydown
27486000,s,keydown
27486100,t,keydown
27486300,a,keydown
27486500,c,keydown
27486800,o,keydown
27486900,l,keydown
27487200,o,keydown
27488000, ,keydown
27488400,s,keydown
27488500,i,keydown
27488600, ,keydown
27489200,s,keydown
27489300,u,keydown
27489600,p,keydown
27489800,e,keydown
27490000,r,keydown
27490100,a,keydown
27490400, ,keydown
27490600,c,keydown
27490700,o,keydown
27490900,n,keydown
27491100, ,keydown
27491500,d,keydown
27491800,e,keydown
27492000,c,keydown
27492200,i,keydown
27492600,s,keydown
27492900,i,keydown
27492900,o,keydown
27493200,n,keydown
27493300,e,keydown
27494500, ,keydown
27494700,e,keydown
27494800, ,keydown
27495000,p,keydown
27495100,r,keydown
27495400,o,keydown
27495700,n,keydown
27495900,t,keydown
27496100,e,keydown
27496300,z,keydown
27496500,z,keydown
27496800,a,keydown
27497800,.,keydown
27498000, ,keydown
27498200,#,keydown
27498700,q,keydown
27499000,u,keydown
27499100,a,keydown
27499400,l,keydown
27499800,#,keydown
27500000,e,keydown
27500100,#,keydown
27500400, ,keydown
27501200,i,keydown
27501400,l,keydown
27501600, ,keydown
27501800,m,keydown
27502600,i,keydown
27502900,g,keydown
27503100,l,keydown
27503400,i,keydown
27503600,o,keydown
27504000,r,keydown
27504600,Enter,keydown
27505000,m,keydown
27505200,o,keydown
27505700,m,keydown
27505800,e,keydown
27505900,n,keydown
27506200,t,keydown
27506500,o,keydown
27506600, ,keydown
27506900,p,keydown
27507000,e,keydown
27507200,r,keydown
27507300, ,keydown
27507900,a,keydown
27508900,g,keydown
27509200,i,keydown
27509500,r,keydown
27509700,e,keydown
27510000,.,keydown
27510800, ,keydown
27511000,#,keydown
27511400,i,keydown
27511800,e,keydown
27512000,r,keydown
27512200,i,keydown
27514100,",",keydown
27514800,Backspace,keydown
27516000,.,keydown
27517300, ,keydown
27517600,#,keydown
27517900,q,keydown
27518100,u,keydown
27518400,a,keydown
27518500,l,keydown
27519100,#,keydown
27519300,e,keydown
27519400,#,keydown
27519600, ,keydown
27520000,i,keydown
27520300,l,keydown
27520600, ,keydown
27522100,s,keydown
27522300,e,keydown
27522700,c,keydown
27522800,o,keydown
27523000,n,keydown
27523100,d,keydown
27523200,o,keydown
27523500, ,keydown
27523700,m,keydown
27523900,i,keydown
27524100,g,keydown
27524200,l,keydown
27524500,i,keydown
27524600,o,keydown
27524700,r,keydown
27524900,e,keydown
27525000, ,keydown
27525200,m,keydown
27525600,o,keydown
27525800,m,keydown
27526100,e,keydown
27526200,n,keydown
27526400,t,keydown
27526600,o,keydown
27527000, ,keydown
27529100,#,keydown
27530300,#,keydown
27531200,#,keydown
27531600,#,keydown
27531700,#,keydown
27531700,#,keydown
27531800,#,keydown
27531800,#,keydown
27531800,#,keydown
27531900,#,keydown
27532000,#,keydown
27532000,#,keydown
27532000,#,keydown
27532000,#,keydown
27532100,#,keydown
27532200,#,keydown
27532200,#,keydown
27532200,#,keydown
27532200,#,keydown
27532200,#,keydown
27532300,#,keydown
27532400,#,keydown
27532400,#,keydown
27532400,#,keydown
27532500,#,keydown
27532500,#,keydown
27532500,#,keydown
27532500,#,keydown
27532600,#,keydown
27532600,#,keydown
27532600,#,keydown
27532600,#,keydown
27532700,#,keydown
27532800,#,keydown
27532800,#,keydown
27532800,#,keydown
27532800,#,keydown
27532900,#,keydown
27532900,#,keydown
27532900,#,keydown
27533000,#,keydown
27533000,#,keydown
27533100,#,keydown
27533200,#,keydown
27533200,#,keydown
27533200,#,keydown
27533200,#,keydown
27533300,#,keydown
27533300,#,keydown
27533300,#,keydown
27533400,#,keydown
27533500,#,keydown
27533500,#,keydown
27534600,#,keydown
27534900,#,keydown
27535300,#,keydown
27536100,#,keydown
27536600,#,keydown
27536600,#,keydown
27536700,#,keydown
27536700,#,keydown
27536700,#,keydown
27536700,#,keydown
27537800,#,keydown
27538300,#,keydown
27539600,Backspace,keydown
27539900, ,keydown
27540400,#,keydown
27540500,#,keydown
27541200,#,keydown
27541600,#,keydown
27541700,#,keydown
27541700,#,keydown
27541700,#,keydown
27541700,#,keydown
27541800,#,keydown
27541900,#,keydown
27541900,#,keydown
27541900,#,keydown
27541900,#,keydown
27541900,#,keydown
27542000,#,keydown
27542000,#,keydown
27542000,#,keydown
27542100,#,keydown
27542200,#,keydown
27542200,#,keydown
27542200,#,keydown
27542200,#,keydown
27542300,#,keydown
27542300,#,keydown
27542300,#,keydown
27542300,#,keydown
27542400,#,keydown
27542500,#,keydown
27542500,#,keydown
27542500,#,keydown
27542500,#,keydown
27542600,#,keydown
27542600,#,keydown
27542600,#,keydown
27542700,#,keydown
27542700,#,keydown
27542800,#,keydown
27542900,#,keydown
27542900,#,keydown
27542900,#,keydown
27542900,#,keydown
27543000,#,keydown
27543000,#,keydown
27543000,#,keydown
27543100,#,keydown
27543200,#,keydown
27544300,#,keydown
27544700,#,keydown
27546300,Enter,keydown
27546800,#,keydown
27546900,o,keydown
27547200,g,keydown
27547300,g,keydown
27547500,i,keydown
27548200,.,keydown
27548500, ,keydown
27548800,#,keydown
27549100,s,keydown
27549300,o,keydown
27549800,Backspace,keydown
27550000,Backspace,keydown
27550900,#,keydown
27551400,d,keydown
27551600,o,keydown
27551800,b,keydown
27552000,b,keydown
27552200,i,keydown
27552300,a,keydown
27552600,m,keydown
27554100,o,keydown
27554400, ,keydown
27554800,r,keydown
27555000,i,keydown
27555100,a,keydown
27555400,f,keydown
27555500,f,keydown
27555800,e,keydown
27555800,r,keydown
27556100,m,keydown
27556200,a,keydown
27556500,r,keydown
27556600,e,keydown
27556800, ,keydown
27557000,l,keydown
27557100,a,keydown
27557300, ,keydown
27557700,c,keydown
27557800,o,keydown
27558500,Backspace,keydown
27558700,u,keydown
27558800,r,keydown
27559600,Backspace,keydown
27560000,l,keydown
27560300,t,keydown
27560400,u,keydown
27560600,r,keydown
27560700,a,keydown
27560800, ,keydown
27561100,d,keydown
27561300,e,keydown
27561300,l,keydown
27561500, ,keydown
27561800,s,keydown
27562000,a,keydown
27562400,c,keydown
27562600,r,keydown
27562700,i,keydown
27563100,f,keydown
27563300,i,keydown
27563700,c,keydown
27563800,i,keydown
27564000,o,keydown
27566300,#,keydown
27566600,#,keydown
27566700, ,keydown
27567000,s,keydown
27567100,o,keydown
27567300,l,keydown
27567500,t,keydown
27567700,a,keydown
27567800,n,keydown
27567900,t,keydown
27568100,o,keydown
27568200, ,keydown
27568400,c,keydown
27568500,o,keydown
27568700,n,keydown
27568900, ,keydown
27569100,l,keydown
27569300,o,keydown
27569800,Enter,keydown
27570900,s,keydown
27571200,f,keydown
27571300,o,keydown
27571600,r,keydown
27572000,z,keydown
27572400,o,keydown
27574900, ,keydown
27575300,p,keydown
27575500,o,keydown
27575700,t,keydown
27575900,r,keydown
27576100,e,keydown
27576300,m,keydown
27576400,o,keydown
27577600, ,keydown
27578000,r,keydown
27578100,a,keydown
27578600,g,keydown
27578800,g,keydown
27579100,i,keydown
27579300,u,keydown
27579600,n,keydown
27579900,g,keydown
27580200,e,keydown
27580300,r,keydown
27580500,e,keydown
27580700, ,keydown
27581000,g,keydown
27581200,l,keydown
27581300,i,keydown
27581500, ,keydown
27582300,o,keydown
27582600,b,keydown
27582900,i,keydown
27583100,e,keydown
27583300,t,keydown
27583500,t,keydown
27583600,i,keydown
27583700,v,keydown
27583900,i,keydown
27584600,.,keydown
27584700, ,keydown
27584900,#,keydown
27585200,e,keydown
27585400,s,keydown
27585700,s,keydown
27585800,e,keydown
27586000,r,keydown
27586200,e,keydown
27586400, ,keydown
27586700,m,keydown
27586800,a,keydown
27587000,r,keydown
27587500,z,keydown
27587800,i,keydown
27588000,a,keydown
27588200,l,keydown
27588800,i,keydown
27589800, ,keydown
27590200,r,keydown
27590400,i,keydown
27591200,c,keydown
27591300,h,keydown
27591500,i,keydown
27591900,e,keydown
27592200,d,keydown
27592500,e,keydown
27592600,Enter,keydown
27593400,d,keydown
27593600,i,keydown
27594000,s,keydown
27594200,c,keydown
27594600,i,keydown
27594900,p,keydown
27595200,l,keydown
27595400,i,keydown
27595700,n,keydown
27595900,a,keydown
27598500,",",keydown
27598600, ,keydown
27598800,c,keydown
27599000,o,keydown
27599100,r,keydown
27599400,a,keydown
27599800,g,keydown
27600000,g,keydown
27600100,i,keydown
27600200,o,keydown
27600500, ,keydown
27600500,e,keydown
27600800, ,keydown
27600900,p,keydown
27601000,e,keydown
27601200,r,keydown
27601500,s,keydown
27601600,e,keydown
27602000,v,keydown
27602200,e,keydown
27602400,r,keydown
27602800,a,keydown
27603000,n,keydown
27603200,z,keydown
27603400,a,keydown
27607700,.,keydown
27607800, ,keydown
27608100,#,keydown
27608300,s,keydown
27608500,u,keydown
27608700,l,keydown
27608900,l,keydown
27609100,a,keydown
27609200, ,keydown
27609500,n,keydown
27609600,o,keydown
27609800,s,keydown
27610100,t,keydown
27610400,r,keydown
27610600,a,keydown
27610700, ,keydown
27611900,s,keydown
27612400,t,keydown
27612700,r,keydown
27612800,a,keydown
27613100,d,keydown
27613300,a,keydown
27613400, ,keydown
27613700,i,keydown
27613800,n,keydown
27614000,c,keydown
27614000,o,keydown
27614700,n,keydown
27614900,t,keydown
27615100,r,keydown
27615500,e,keydown
27615800,m,keydown
27616300,Backspace,keydown
27616500,r,keydown
27616700,e,keydown
27616800,m,keydown
27617000,o,keydown
27618300,Enter,keydown
27618800,t,keydown
27619000,a,keydown
27619300,n,keydown
27619500,t,keydown
27619500,i,keydown
27619800, ,keydown
27620000,a,keydown
27620300,v,keydown
27620500,v,keydown
27620800,e,keydown
27621000,r,keydown
27621400,s,keydown
27621600,a,keydown
27621700,r,keydown
27622200,i,keydown
27624800,#,keydown
27625000,#,keydown
27625200, ,keydown
27625400,s,keydown
27625600,c,keydown
27625700,o,keydown
27626000,n,keydown
27626100,f,keydown
27626300,i,keydown
27626500,g,keydown
27626700,g,keydown
27627000,e,keydown
27627200,n,keydown
27627400,d,keydown
27627500,o,keydown
27627700, ,keydown
27627900,l,keydown
27627900,a,keydown
27628200, ,keydown
27628300,p,keydown
27628500,a,keydown
27628700,u,keydown
27628900,r,keydown
27629200,a,keydown
27631600,",",keydown
27631800, ,keydown
27632000,l,keydown
27632100,a,keydown
27632200, ,keydown
27632400,p,keydown
27632500,i,keydown
27632800,g,keydown
27633100,r,keydown
27633200,i,keydown
27633500,z,keydown
27633700,i,keydown
27633900,a,keydown
27634000, ,keydown
27634100,e,keydown
27634200, ,keydown
27634500,l,keydown
27635300,#,keydown
27635500,i,keydown
27635800,g,keydown
27636000,n,keydown
27636100,o,keydown
27636200,r,keydown
27636400,a,keydown
27636600,n,keydown
27636800,z,keydown
27637600,a,keydown
27638400,",",keydown
27638700, ,keydown
27638800,v,keydown
27638900,i,keydown
27639100,n,keydown
27639300,c,keydown
27639500,e,keydown
27639700,r,keydown
27639800,e,keydown
27639900,m,keydown
27640300,o,keydown
27640800,.,keydown
27642100,Enter,keydown
27644300,#,keydown
27644500,m,keydown
27644700,a,keydown
27645000, ,keydown
27645200,i,keydown
27645800, ,keydown
27646500,Backspace,keydown
27646800,l,keydown
27647000, ,keydown
27647600,p,keydown
27647800,r,keydown
27648300,i,keydown
27648600,m,keydown
27648700,o,keydown
27648900, ,keydown
27649100,a,keydown
27649400,v,keydown
27649500,v,keydown
27649700,e,keydown
27649800,r,keydown
27650200,s,keydown
27650400,a,keydown
27650500,r,keydown
27650600,i,keydown
27650800,o,keydown
27652000, ,keydown
27652300,s,keydown
27652500,c,keydown
27652700,o,keydown
27653300,n,keydown
27654300,f,keydown
27654400,i,keydown
27654700,t,keydown
27654900,t,keydown
27654900,o,keydown
27655200, ,keydown
27655600,s,keydown
27655800,a,keydown
27656000,r,keydown
27656200,a,keydown
27656400,#,keydown
27656600, ,keydown
27657000,p,keydown
27657200,r,keydown
27657800,o,keydown
27658100,p,keydown
27658400,r,keydown
27658700,i,keydown
27658900,o,keydown
27659200, ,keydown
27659400,i,keydown
27659500,l,keydown
27659800, ,keydown
27660100,n,keydown
27660200,o,keydown
27660500,s,keydown
27660700,t,keydown
27660900,r,keydown
27661000,o,keydown
27661100, ,keydown
27661300,l,keydown
27661500,a,keydown
27661700,t,keydown
27661900,o,keydown
27662200, ,keydown
27662500,p,keydown
27662700,e,keydown
27663100,g,keydown
27663300,g,keydown
27663400,i,keydown
27663500,o,keydown
27663800,r,keydown
27664000,e,keydown
27665300,#,keydown
27665600,#,keydown
27665900,Enter,keydown
27666200,l,keydown
27666400,a,keydown
27666600, ,keydown
27666800,v,keydown
27667000,e,keydown
27667100,r,keydown
27667400,a,keydown
27675900, ,keydown
27676500,n,keydown
27676700,a,keydown
27677000,t,keydown
27677100,u,keydown
27677200,r,keydown
27677400,a,keydown
27677500, ,keydown
27677700,d,keydown
27677900,e,keydown
27678000,l,keydown
27678200,l,keydown
27678400,a,keydown
27678500, ,keydown
27678900,v,keydown
27679000,i,keydown
27679200,t,keydown
27679500,t,keydown
27679600,o,keydown
27679700,r,keydown
27679800,i,keydown
27680500,a,keydown
27682200, ,keydown
27682200,s,keydown
27682500,t,keydown
27682600,a,keydown
27682800, ,keydown
27683100,n,keydown
27683200,e,keydown
27683900,l,keydown
27684000, ,keydown
27684300,s,keydown
27684600,u,keydown
27684700,p,keydown
27685000,e,keydown
27685100,r,keydown
27685300,a,keydown
27685600,r,keydown
27686100,e,keydown
27686200, ,keydown
27686500,i,keydown
27686900, ,keydown
27687300,p,keydown
27687400,r,keydown
27687900,o,keydown
27688100,p,keydown
27688300,r,keydown
27688500,i,keydown
27688900, ,keydown
27689200,d,keydown
27689300,i,keydown
27689500,f,keydown
27689700,e,keydown
27690100,t,keydown
27690300,t,keydown
27690600,i,keydown
27694000,.,keydown
27694100,Enter,keydown
27694400,#,keydown
27694500,i,keydown
27694800,n,keydown
27694900, ,keydown
27695000,f,keydown
27695100,o,keydown
27695300,n,keydown
27695800,d,keydown
27696200,o,keydown
27697500, ,keydown
27697800,a,keydown
27697900,l,keydown
27698000,l,keydown
27698300,a,keydown
27698400, ,keydown
27698600,n,keydown
27698700,o,keydown
27699000,s,keydown
27699100,t,keydown
27699300,r,keydown
27699500,a,keydown
27699700, ,keydown
27699800,s,keydown
27700000,t,keydown
27700200,r,keydown
27700500,a,keydown
27700600,d,keydown
27700800,a,keydown
27703200,",",keydown
27703400, ,keydown
27703600,i,keydown
27703800,l,keydown
27704000, ,keydown
27704200,b,keydown
27704600,u,keydown
27704700,i,keydown
27705000,o,keydown
27706400,.,keydown
27706600, ,keydown
27706900,#,keydown
27707000,i,keydown
27707200,n,keydown
27707400, ,keydown
27707600,f,keydown
27707700,o,keydown
27708000,n,keydown
27708100,d,keydown
27708300,o,keydown
27708500, ,keydown
27708700,a,keydown
27708700,l,keydown
27708900, ,keydown
27709400,b,keydown
27709700,u,keydown
27710600,i,keydown
27710900,o,keydown
27713600,",",keydown
27713800, ,keydown
27713900,u,keydown
27714200,n,keydown
27714400,o,keydown
27714500, ,keydown
27714700,s,keydown
27714900,p,keydown
27715100,e,keydown
27715300,c,keydown
27715500,c,keydown
27715600,h,keydown
27715600,i,keydown
27715900,o,keydown
27718500,.,keydown
27718800,Enter,keydown
27719000,#,keydown
27719100,i,keydown
27719300,n,keydown
27719500, ,keydown
27719600,f,keydown
27719800,o,keydown
27720000,n,keydown
27720100,d,keydown
27720200,o,keydown
27720400, ,keydown
27720600,a,keydown
27720700,l,keydown
27720900,l,keydown
27721200,o,keydown
27721300, ,keydown
27721400,s,keydown
27721700,p,keydown
27721900,e,keydown
27722100,c,keydown
27722300,c,keydown
27722500,h,keydown
27722600,i,keydown
27722800,o,keydown
27725700,",",keydown
27725800, ,keydown
27726000,u,keydown
27726300,n,keydown
27726400, ,keydown
27726800,v,keydown
27726800,o,keydown
27727100,l,keydown
27727300,t,keydown
27727500,o,keydown
27729100,.,keydown
27729300, ,keydown
27729500,#,keydown
27729700,s,keydown
27729900,u,keydown
27730200,l,keydown
27730900, ,keydown
27731200,v,keydown
27731300,o,keydown
27731500,l,keydown
27732000,t,keydown
27732200,o,keydown
27734100,",",keydown
27734400, ,keydown
27734500,i,keydown
27734700,l,keydown
27734900, ,keydown
27735100,n,keydown
27735200,o,keydown
27735800,s,keydown
27736000,t,keydown
27736200,r,keydown
27736400,o,keydown
27736500, ,keydown
27736600,g,keydown
27737200,h,keydown
27737400,i,keydown
27737700,g,keydown
27738100,n,keydown
27738400,o,keydown
27739600, ,keydown
27740100,a,keydown
27740300,m,keydown
27740500,o,keydown
27740700,a,keydown
27741200,Backspace,keydown
27741500,Backspace,keydown
27741800,a,keydown
27742200,r,keydown
27742300,o,keydown
27742600,Enter,keydown
27743100,e,keydown
27743300,d,keydown
27743400, ,keydown
27743500,i,keydown
27743700,n,keydown
27744000,s,keydown
27744100,o,keydown
27744600,d,keydown
27744800,d,keydown
27744900,i,keydown
27745100,s,keydown
27745400,g,keydown
27745900,Backspace,keydown
27746100,f,keydown
27746300,a,keydown
27746500,t,keydown
27746600,t,keydown
27746800,o,keydown
27750000,.,keydown
27750500, ,keydown
27750800,#,keydown
27750800,i,keydown
27751000,l,keydown
27751200, ,keydown
27751400,g,keydown
27751600,u,keydown
27751700,e,keydown
27752000,r,keydown
27752300,r,keydown
27752400,i,keydown
27752600,e,keydown
27752900,r,keydown
27753000,o,keydown
27754000, ,keydown
27754200,s,keydown
27754300,i,keydown
27754500, ,keydown
27754500,a,keydown
27754800,f,keydown
27755000,f,keydown
27755200,e,keydown
27755500,r,keydown
27755900,m,keydown
27756100,a,keydown
27756100, ,keydown
27756300,s,keydown
27756500,u,keydown
27756900,g,keydown
27757000,l,keydown
27757200,i,keydown
27757800, ,keydown
27758100,a,keydown
27758300,l,keydown
27758500,t,keydown
27758800,r,keydown
27758900,i,keydown
27760100, ,keydown
27760500,p,keydown
27760600,e,keydown
27760700,r,keydown
27761700,c,keydown
27761900,h,keydown
27762100,e,keydown
27762300,#,keydown
27762600, ,keydown
27763700,d,keydown
27763700,o,keydown
27764400,m,keydown
27764500,i,keydown
27765000,n,keydown
27765200,a,keydown
27765300,Enter,keydown
27765600,s,keydown
27766300,e,keydown
27766400,#,keydown
27766900, ,keydown
27767100,s,keydown
27767200,t,keydown
27767400,e,keydown
27767900,s,keydown
27768100,s,keydown
27768200,o,keydown
27770400,.,keydown
27770600, ,keydown
27770800,#,keydown
27770900,l,keydown
27771300,#,keydown
27771500,a,keydown
27771800,f,keydown
27772000,f,keydown
27772100,e,keydown
27772300,r,keydown
27772400,m,keydown
27772500,a,keydown
27772800,z,keydown
27772900,i,keydown
27773100,o,keydown
27773300,n,keydown
27773500,e,keydown
27773900, ,keydown
27774200,r,keydown
27774400,i,keydown
27774500,s,keydown
27774700,i,keydown
27774800,e,keydown
27775100,d,keydown
27775300,e,keydown
27775800, ,keydown
27776200,n,keydown
27776400,e,keydown
27776500,l,keydown
27776800, ,keydown
27777200,s,keydown
27777400,u,keydown
27777500,p,keydown
27777600,e,keydown
27777800,r,keydown
27778000,a,keydown
27778200,m,keydown
27778400,e,keydown
27778600,n,keydown
27778700,t,keydown
27778900,o,keydown
27779200, ,keydown
27779300,d,keydown
27779400,i,keydown
27779600, ,keydown
27780300,n,keydown
27780500,o,keydown
27780700,i,keydown
27781000, ,keydown
27781100,s,keydown
27781400,t,keydown
27781500,e,keydown
27781800,s,keydown
27782000,s,keydown
27782100,i,keydown
27782400,.,keydown
27783600,Enter,keydown
27783900,#,keydown
27784100,m,keydown
27784400,a,keydown
27784500,r,keydown
27785200,z,keydown
27785400,i,keydown
27785700,a,keydown
27786000,l,keydown
27786100,i,keydown
27786400, ,keydown
27786500,e,keydown
27786600, ,keydown
27786800,s,keydown
27786900,p,keydown
27787700,i,keydown
27787900,r,keydown
27788100,i,keydown
27788700,t,keydown
27788700,u,keydown
27789000,a,keydown
27789300,l,keydown
27789400,i,keydown
27790300, ,keydown
27790800,a,keydown
27791000,l,keydown
27791100,l,keydown
27791500,o,keydown
27791700, ,keydown
27791800,s,keydown
27792000,t,keydown
27792300,e,keydown
27792500,s,keydown
27792700,s,keydown
27792800,o,keydown
27793600, ,keydown
27794000,t,keydown
27794200,e,keydown
27794400,m,keydown
27794500,o,keydown
27794500,p,keydown
27795500,Backspace,keydown
27795700,Backspace,keydown
27795900,p,keydown
27796200,o,keydown
27796700,.,keydown
27797800, ,keydown
27798000,#,keydown
27798200,l,keydown
27799200,#,keydown
27799400,u,keydown
27799700,l,keydown
27799900,t,keydown
27799900,i,keydown
27800100,m,keydown
27800200,o,keydown
27800400, ,keydown
27800500,c,keydown
27800700,o,keydown
27800900,m,keydown
27802000,n,keydown
27802300,a,keydown
27802700,Backspace,keydown
27802900,Backspace,keydown
27803400,b,keydown
27803600,a,keydown
27803800,t,keydown
27803900,t,keydown
27804000,i,keydown
27804200,m,keydown
27804300,e,keydown
27804400,n,keydown
27804600,t,keydown
27804800,o,keydown
27807500, ,keydown
27808000,e,keydown
27808100,#,keydown
27808300, ,keydown
27808500,i,keydown
27808700,l,keydown
27808900,Enter,keydown
27809500,p,keydown
27810400,i,keydown
27810600,u,keydown
27811000,#,keydown
27811200, ,keydown
27811400,i,keydown
27811600,m,keydown
27811700,p,keydown
27812000,o,keydown
27812400,r,keydown
27812600,t,keydown
27812900,a,keydown
27813000,n,keydown
27813300,t,keydown
27813500,e,keydown
27815900,.,keydown
27816100, ,keydown
27816300,#,keydown
27816500,s,keydown
27816700,i,keydown
27817000,a,keydown
27817500,m,keydown
27817600,o,keydown
27817800, ,keydown
27819300,n,keydown
27819600,o,keydown
27819900,i,keydown
27820100, ,keydown
27820300,l,keydown
27820700,#,keydown
27820900,a,keydown
27821200,v,keydown
27821400,v,keydown
27821600,e,keydown
27821700,r,keydown
27821900,s,keydown
27822100,a,keydown
27822400,r,keydown
27822400,i,keydown
27822500,o,keydown
27824100, ,keydown
27824300,f,keydown
27824400,i,keydown
27824500,n,keydown
27824600,a,keydown
27824800,l,keydown
27825100,e,keydown
27825300,.,keydown
