timestamp,key,type
25131700,Backspace,keydown
25131700,Backspace,keydown
25131700,Backspace,keydown
25131700,Backspace,keydown
25131700,Backspace,keydown
25131700,Backspace,keydown
25131700,Backspace,keydown
25131700,Backspace,keydown
25131700,#,keydown
25131800,n,keydown
25132000,e,keydown
25132100,l,keydown
25132200,l,keydown
25132400,a,keydown
25132400, ,keydown
25132800,s,keydown
25132900,e,keydown
25133200,c,keydown
25133400,o,keydown
25133500,n,keydown
25133700,d,keydown
25133900,a,keydown
25134000, ,keydown
25134300,p,keydown
25134600,e,keydown
25134900,r,keydown
25135200,Backspace,keydown
25135300,Backspace,keydown
25135600,a,keydown
25135700,r,keydown
25136100,t,keydown
25136300,e,keydown
25136300, ,keydown
25136500,d,keydown
25136700,e,keydown
25136900,l,keydown
25137000,l,keydown
25137100,a,keydown
25137100, ,keydown
25137600,t,keydown
25137800,e,keydown
25137900,s,keydown
25138100,i,keydown
25141300, ,keydown
25141500,v,keydown
25141700,e,keydown
25141800,r,keydown
25141900,r,keydown
25142200,a,keydown
25142400,#,keydown
25142500, ,keydown
25142900,c,keydown
25143000,o,keydown
25143200,n,keydown
25143300,f,keydown
25143700,r,keydown
25143900,o,keydown
25144300,n,keydown
25144400,t,keydown
25144600,a,keydown
25144700,t,keydown
25144900,o,keydown
25145100, ,keydown
25145200,i,keydown
25145400,l,keydown
25145600, ,keydown
25145700,r,keydown
25145800,u,keydown
25146100,o,keydown
25146500,l,keydown
25146700,o,keydown
25147700, ,keydown
25147900,d,keydown
25148000,e,keydown
25148200,l,keydown
25148300,l,keydown
25148500,a,keydown
25148600, ,keydown
25148700,t,keydown
25149000,r,keydown
25149100,a,keydown
25149700,d,keydown
25150100,u,keydown
25150500,z,keydown
25150600,i,keydown
25150700,o,keydown
25150900,n,keydown
25151000,e,keydown
25151300,Enter,keydown
25151700,a,keydown
25151900,u,keydown
25152000,t,keydown
25152200,o,keydown
25152300,m,keydown
25152500,a,keydown
25152600,t,keydown
25152800,i,keydown
25153000,c,keydown
25153100,o,keydown
25153500,Backspace,keydown
25153600,a,keydown
25155000, ,keydown
25155200,d,keydown
25155400,i,keydown
25155500, ,keydown
25157100,m,keydown
25157200,o,keydown
25157300,d,keydown
25157500,e,keydown
25157500,l,keydown
25157700,l,keydown
25158000,i,keydown
25158300, ,keydown
25158400,#,keydown
25158500,u,keydown
25158900,l,keydown
25159300,Backspace,keydown
25159500,#,keydown
25159700,m,keydown
25159900,l,keydown
25160700, ,keydown
25160900,i,keydown
25161100,n,keydown
25161200, ,keydown
25161800,m,keydown
25161900,o,keydown
25162100,d,keydown
25162200,e,keydown
25162300,l,keydown
25162500,l,keydown
25162700,i,keydown
25162900, ,keydown
25163500,i,keydown
25163800,n,keydown
25163900, ,keydown
25164100,#,keydown
25164400,r,keydown
25164500,e,keydown
25164800,t,keydown
25164900,i,keydown
25165100, ,keydown
25165300,d,keydown
25165300,i,keydown
25165500, ,keydown
25165700,#,keydown
25165800,p,keydown
25166000,e,keydown
25166200,t,keydown
25166400,r,keydown
25166600,i,keydown
25168100,.,keydown
25168400, ,keydown
25168500,#,keydown
25168500,i,keydown
25168700,n,keydown
25168900, ,keydown
25169100,p,keydown
25169300,a,keydown
25169400,r,keydown
25169600,t,keydown
25169600,i,keydown
25169900,c,keydown
25170100,o,keydown
25170200,l,keydown
25170300,a,keydown
25170500,r,keydown
25170600,e,keydown
25170900,Enter,keydown
25172400,v,keydown
25172600,e,keydown
25172800,r,keydown
25173000,r,keydown
25173200,a,keydown
25173400,n,keydown
25173600,n,keydown
25173800,o,keydown
25174000, ,keydown
25174200,c,keydown
25174300,o,keydown
25174500,n,keydown
25174600,s,keydown
25174800,i,keydown
25175000,d,keydown
25175200,e,keydown
25175300,r,keydown
25175500,a,keydown
25175600,r,keydown
25176100,Backspace,keydown
25176300,t,keydown
25176400,i,keydown
25177300, ,keydown
25177500,i,keydown
25177700, ,keydown
25177900,d,keydown
25178100,i,keydown
25178300,a,keydown
25178600,g,keydown
25178700,r,keydown
25178800,a,keydown
25179200,m,keydown
25179200,m,keydown
25179500,i,keydown
25179600, ,keydown
25180000,#,keydown
25180000,u,keydown
25180300,m,keydown
25180500,l,keydown
25181600, ,keydown
25182100,c,keydown
25182100,h,keydown
25182200,e,keydown
25182400, ,keydown
25182700,p,keydown
25182800,e,keydown
25182900,r,keydown
25183200,m,keydown
25183300,e,keydown
25183600,t,keydown
25183700,t,keydown
25183900,o,keydown
25184200,n,keydown
25184300,o,keydown
25185000, ,keydown
25185800,d,keydown
25186000,i,keydown
25186100, ,keydown
25186300,r,keydown
25186600,a,keydown
25186700,p,keydown
25186800,p,keydown
25187100,r,keydown
25187300,e,keydown
25187400,s,keydown
25187600,e,keydown
25187800,n,keydown
25187900,t,keydown
25188100,a,keydown
25188400,r,keydown
25188600,e,keydown
25188900,Enter,keydown
25190200,g,keydown
25190300,l,keydown
25190400,i,keydown
25190500, ,keydown
25190700,a,keydown
25191000,s,keydown
25191000,p,keydown
25191100,e,keydown
25191700,t,keydown
25191800,t,keydown
25192000,i,keydown
25192200, ,keydown
25192400,c,keydown
25192500,o,keydown
25192600,n,keydown
25192900,p,keydown
25193200,Backspace,keydown
25193400,Backspace,keydown
25193800,m,keydown
25194000,p,keydown
25194200,o,keydown
25194400,r,keydown
25194600,t,keydown
25194700,a,keydown
25194800,m,keydown
25195000,e,keydown
25195100,n,keydown
25195200,t,keydown
25195400,a,keydown
25195500,l,keydown
25195700,i,keydown
25197800, ,keydown
25197900,d,keydown
25198100,e,keydown
25198200,l,keydown
25198400, ,keydown
25198600,s,keydown
25198700,i,keydown
25198900,s,keydown
25199100,t,keydown
25199200,e,keydown
25199400,m,keydown
25199500,a,keydown
25200400, ,keydown
25201600,#,keydown
25201800,#,keydown
25202600,#,keydown
25202700,c,keydown
25203000,o,keydown
25203300,l,keydown
25203400,l,keydown
25203500,a,keydown
25203700,b,keydown
25203900,o,keydown
25204100,r,keydown
25204300,a,keydown
25204900,t,keydown
25205100,i,keydown
25205200,o,keydown
25205700,n,keydown
25205800, ,keydown
25206200,#,keydown
25206500,d,keydown
25206600,i,keydown
25206800,a,keydown
25207500,g,keydown
25207600,r,keydown
25207800,a,keydown
25208100,m,keydown
25208400, ,keydown
25209200,e,keydown
25209500,Enter,keydown
25209800,#,keydown
25210600,#,keydown
25210900,s,keydown
25211200,t,keydown
25211300,a,keydown
25211400,t,keydown
25211600,e,keydown
25212200,#,keydown
25212400,c,keydown
25212400,h,keydown
25212600,a,keydown
25212800,r,keydown
25213100,t,keydown
25213300,s,keydown
25213700,#,keydown
25214100,#,keydown
25216300,Backspace,keydown
25216500,Backspace,keydown
25217000,#,keydown
25217300,#,keydown
25218100, ,keydown
25219700,p,keydown
25220200,i,keydown
25220400,u,keydown
25220700,t,keydown
25220900,t,keydown
25221200,o,keydown
25221400,s,keydown
25221700,t,keydown
25221900,o,keydown
25222000, ,keydown
25222200,c,keydown
25222400,h,keydown
25222500,e,keydown
25222500, ,keydown
25223300,q,keydown
25223400,u,keydown
25223500,e,keydown
25223700,l,keydown
25223800,l,keydown
25224000,i,keydown
25224100, ,keydown
25224200,s,keydown
25224500,t,keydown
25224600,a,keydown
25224700,t,keydown
25224800,i,keydown
25225000,c,keydown
25225200,i,keydown
25227000,",",keydown
25227100, ,keydown
25227300,e,keydown
25227400, ,keydown
25227500,c,keydown
25227600,h,keydown
25227700,e,keydown
25227800, ,keydown
25228000,v,keydown
25228200,e,keydown
25228300,n,keydown
25228600,g,keydown
25228800,o,keydown
25228900,n,keydown
25229100,o,keydown
25229800, ,keydown
25230000,u,keydown
25230300,t,keydown
25230500,i,keydown
25230700,l,keydown
25230800,i,keydown
25231100,z,keydown
25231300,z,keydown
25231400,a,keydown
25231700,t,keydown
25231700,i,keydown
25232200,Enter,keydown
25233300,p,keydown
25233500,r,keydown
25233600,i,keydown
25233800,n,keydown
25234300,c,keydown
25234300,i,keydown
25234700,p,keydown
25235000,a,keydown
25235200,l,keydown
25235600,m,keydown
25235700,e,keydown
25235900,n,keydown
25236000,t,keydown
25236200,e,keydown
25236400, ,keydown
25237600,n,keydown
25237700,e,keydown
25237900,l,keydown
25238000,l,keydown
25238200,a,keydown
25238200, ,keydown
25238400,d,keydown
25238500,i,keydown
25238900,Backspace,keydown
25239000,Backspace,keydown
25239300,f,keydown
25239500,a,keydown
25239700,s,keydown
25239800,e,keydown
25240000, ,keydown
25240200,d,keydown
25240300,i,keydown
25240400, ,keydown
25241000,d,keydown
25241400,e,keydown
25241400,s,keydown
25241800,i,keydown
25242100,g,keydown
25242200,n,keydown
25243200, ,keydown
25243500,d,keydown
25243600,e,keydown
25243700, ,keydown
25244000,u,keydown
25244100,n,keydown
25244300, ,keydown
25244600,Backspace,keydown
25244800,Backspace,keydown
25244800,Backspace,keydown
25245000,Backspace,keydown
25245100,Backspace,keydown
25245700,i,keydown
25245800, ,keydown
25246000,u,keydown
25246200,n,keydown
25246400, ,keydown
25246600,s,keydown
25246800,i,keydown
25246900,s,keydown
25247100,t,keydown
25247200,e,keydown
25247200,m,keydown
25247400,a,keydown
25247600, ,keydown
25248100,s,keydown
25248200,o,keydown
25249000,f,keydown
25249100,t,keydown
25249400,w,keydown
25249600,a,keydown
25249800,r,keydown
25249800,e,keydown
25250100,",",keydown
25250200,.,keydown
25250600,Backspace,keydown
25250800,Backspace,keydown
25251500,.,keydown
25252600,Enter,keydown
25252900,#,keydown
25253000,l,keydown
25253300,a,keydown
25253400, ,keydown
25254000,t,keydown
25254100,r,keydown
25254200,a,keydown
25254700,d,keydown
25254900,u,keydown
25255100,z,keydown
25255300,i,keydown
25255400,o,keydown
25255500,n,keydown
25255600,e,keydown
25256800, ,keydown
25257200,a,keydown
25257300,u,keydown
25257500,t,keydown
25257600,o,keydown
25257700,m,keydown
25257900,a,keydown
25258100,t,keydown
25258300,i,keydown
25258400,c,keydown
25258600,a,keydown
25258700, ,keydown
25259100,p,keydown
25259200,e,keydown
25259400,r,keydown
25259600,m,keydown
25259800,e,keydown
25260100,t,keydown
25260200,t,keydown
25260500,e,keydown
25261600, ,keydown
25261800,d,keydown
25261900,i,keydown
25262100, ,keydown
25262300,d,keydown
25262500,i,keydown
25262700,m,keydown
25263100,i,keydown
25263700,n,keydown
25263900,u,keydown
25264100,i,keydown
25264400,r,keydown
25264700,e,keydown
25264900, ,keydown
25265200,i,keydown
25265400, ,keydown
25265500,t,keydown
25265600,e,keydown
25265800,m,keydown
25265900,p,keydown
25266300,i,keydown
25267600, ,keydown
25267800,r,keydown
25268000,i,keydown
25268400,c,keydown
25268500,h,keydown
25268700,i,keydown
25268900,e,keydown
25269200,s,keydown
25269300,t,keydown
25269500,i,keydown
25269700, ,keydown
25269800,d,keydown
25270300,a,keydown
25270300,l,keydown
25270500,l,keydown
25270700,e,keydown
25270900,Enter,keydown
25271200,a,keydown
25271400,t,keydown
25271500,t,keydown
25271700,i,keydown
25271900,v,keydown
25272000,i,keydown
25272300,t,keydown
25272600,a,keydown
25272800,#,keydown
25274600, ,keydown
25274800,d,keydown
25274900,i,keydown
25275000, ,keydown
25275200,v,keydown
25275500,e,keydown
25275600,r,keydown
25275700,i,keydown
25275900,f,keydown
25276000,i,keydown
25276200,c,keydown
25276300,a,keydown
25276500, ,keydown
25276700,e,keydown
25276800, ,keydown
25276900,d,keydown
25277000,i,keydown
25277100, ,keydown
25277800,v,keydown
25278100,a,keydown
25278200,l,keydown
25278500,i,keydown
25278900,d,keydown
25279000,a,keydown
25279300,z,keydown
25279500,i,keydown
25279600,o,keydown
25279700,n,keydown
25279800,e,keydown
25281000, ,keydown
25281100,d,keydown
25281400,e,keydown
25281500,l,keydown
25281600,l,keydown
25281900,a,keydown
25281900, ,keydown
25282400,f,keydown
25282500,a,keydown
25282800,s,keydown
25282900,e,keydown
25283100, ,keydown
25283200,d,keydown
25283300,i,keydown
25283500, ,keydown
25283600,d,keydown
25283900,e,keydown
25284100,s,keydown
25284600,i,keydown
25284800,g,keydown
25284900,n,keydown
25286000, ,keydown
25286200,e,keydown
25286200, ,keydown
25286500,d,keydown
25286500,i,keydown
25286800,Enter,keydown
25287500,m,keydown
25287700,i,keydown
25287900,n,keydown
25288000,i,keydown
25288500,m,keydown
25288700,i,keydown
25289300,z,keydown
25289400,z,keydown
25289600,a,keydown
25289800,r,keydown
25290000,e,keydown
25290100, ,keydown
25290400,g,keydown
25290400,l,keydown
25290600,i,keydown
25290700, ,keydown
25290900,e,keydown
25291200,r,keydown
25291300,r,keydown
25291400,o,keydown
25291500,r,keydown
25291700,i,keydown
25293000, ,keydown
25293600,e,keydown
25293800, ,keydown
25294000,l,keydown
25294400,Backspace,keydown
25294600,Backspace,keydown
25294700,Backspace,keydown
25294900,Backspace,keydown
25295800,#,keydown
25296100,o,keydown
25296400,m,keydown
25296400,i,keydown
25296700,s,keydown
25296900,s,keydown
25296900,i,keydown
25297100,o,keydown
25297200,n,keydown
25297400,i,keydown
25298500, ,keydown
25299000,d,keydown
25299100,u,keydown
25299400,r,keydown
25302100,r,keydown
25302300,a,keydown
25302300,n,keydown
25302900,t,keydown
25303200,Backspace,keydown
25303300,Backspace,keydown
25303500,Backspace,keydown
25303800,Backspace,keydown
25304100,a,keydown
25304300,n,keydown
25304500,t,keydown
25304700,e,keydown
25305800, ,keydown
25305900,l,keydown
25306400,#,keydown
25306600,a,keydown
25306900,t,keydown
25307100,t,keydown
25307200,i,keydown
25307400,v,keydown
25307400,i,keydown
25308100,t,keydown
25308400,a,keydown
25308500,#,keydown
25308700, ,keydown
25308800,d,keydown
25309000,i,keydown
25309100, ,keydown
25309300,m,keydown
25309500,o,keydown
25309600,d,keydown
25309800,e,keydown
25309900,l,keydown
25310500,l,keydown
25310700,i,keydown
25311100,z,keydown
25311800,z,keydown
25312200,a,keydown
25312600,z,keydown
25312800,i,keydown
25312900,o,keydown
25313000,n,keydown
25313100,e,keydown
25313400,Enter,keydown
25314500,Backspace,keydown
25316300,Backspace,keydown
25316500,Backspace,keydown
25316900,Backspace,keydown
25316900,Backspace,keydown
25317000,Backspace,keydown
25317100,Backspace,keydown
25317100,Backspace,keydown
25317100,Backspace,keydown
25317100,Backspace,keydown
25317100,Backspace,keydown
25317700,a,keydown
25318200,Backspace,keydown
25318800,l,keydown
25319000,a,keydown
25319300,z,keydown
25319300,i,keydown
25319500,o,keydown
25319600,n,keydown
25319800,e,keydown
25320000,.,keydown
25320300,Enter,keydown
25322600,#,keydown
25322900,d,keydown
25323200,u,keydown
25323500,r,keydown
25323700,a,keydown
25323800,n,keydown
25324000,t,keydown
25324200,e,keydown
25324400, ,keydown
25324500,l,keydown
25324600,a,keydown
25324700, ,keydown
25325000,f,keydown
25325200,o,keydown
25325300,r,keydown
25325400,m,keydown
25325600,a,keydown
25326000,l,keydown
25326100,i,keydown
25326400,z,keydown
25326600,z,keydown
25327100,z,keydown
25327900,Backspace,keydown
25328100,a,keydown
25328200,z,keydown
25328800,i,keydown
25328900,o,keydown
25329000,n,keydown
25329200,e,keydown
25331800, ,keydown
25332000,d,keydown
25332200,e,keydown
25332300,l,keydown
25332400,l,keydown
25333100,Backspace,keydown
25333200,a,keydown
25333500, ,keydown
25333800,Backspace,keydown
25333900,Backspace,keydown
25334200,Backspace,keydown
25335000,l,keydown
25335100,l,keydown
25335300,a,keydown
25335500, ,keydown
25335700,t,keydown
25335900,r,keydown
25336000,a,keydown
25336300,d,keydown
25336400,u,keydown
25336700,z,keydown
25337100,i,keydown
25337200,o,keydown
25337300,n,keydown
25337500,e,keydown
25338900, ,keydown
25339000,d,keydown
25339300,e,keydown
25339400,i,keydown
25339500, ,keydown
25339900,d,keydown
25339900,i,keydown
25340000,a,keydown
25340500,g,keydown
25340700,r,keydown
25340900,a,keydown
25341000,n,keydown
25341300,m,keydown
25341600,Backspace,keydown
25341800,Backspace,keydown
25342200,m,keydown
25342300,m,keydown
25342500,i,keydown
25342600, ,keydown
25342800,#,keydown
25342800,u,keydown
25343100,m,keydown
25343300,l,keydown
25346100,Enter,keydown
25346500,n,keydown
25346800,e,keydown
25346800,l,keydown
25347000,l,keydown
25347200,e,keydown
25347400, ,keydown
25347600,r,keydown
25347800,e,keydown
25348000,t,keydown
25348100,i,keydown
25348300, ,keydown
25348500,d,keydown
25348600,i,keydown
25348700, ,keydown
25348900,#,keydown
25349800,#,keydown
25349900,p,keydown
25350500,e,keydown
25350700,t,keydown
25350900,r,keydown
25350900,i,keydown
25352200, ,keydown
25352400,p,keydown
25352600,o,keydown
25352900,t,keydown
25353000,r,keydown
25353200,a,keydown
25353400,n,keydown
25353600,n,keydown
25353800,o,keydown
25355400, ,keydown
25355500,i,keydown
25355700,n,keydown
25355900,s,keydown
25356000,o,keydown
25356200,r,keydown
25356500,g,keydown
25357000,e,keydown
25357200,r,keydown
25357300,e,keydown
25360200, ,keydown
25360600,s,keydown
25360600,i,keydown
25360900,a,keydown
25361000, ,keydown
25361500,p,keydown
25361700,r,keydown
25361700,o,keydown
25362100,b,keydown
25362300,l,keydown
25362600,e,keydown
25362800,m,keydown
25363000,i,keydown
25365600, ,keydown
25365800,d,keydown
25365800,i,keydown
25365900, ,keydown
25366100,s,keydown
25366500,Backspace,keydown
25366700,c,keydown
25366900,o,keydown
25367000,n,keydown
25367400,s,keydown
25367400,i,keydown
25367500,s,keydown
25367800,t,keydown
25367900,e,keydown
25368000,m,keydown
25368500,Backspace,keydown
25368800,n,keydown
25369000,z,keydown
25369300,a,keydown
25370400,Enter,keydown
25370900,t,keydown
25371100,r,keydown
25371300,a,keydown
25371600, ,keydown
25371800,i,keydown
25371800, ,keydown
25372000,d,keydown
25372300,i,keydown
25372400,a,keydown
25372700,g,keydown
25372800,r,keydown
25373100,a,keydown
25373200,m,keydown
25373400,m,keydown
25373600,i,keydown
25373700, ,keydown
25374000,c,keydown
25374200,o,keydown
25374400,n,keydown
25374800,s,keydown
25374800,i,keydown
25375200,d,keydown
25375300,e,keydown
25375900,a,keydown
25376300,Backspace,keydown
25376400,r,keydown
25376500,a,keydown
25376800,t,keydown
25376900,i,keydown
25379000,",",keydown
25379200, ,keydown
25379300,c,keydown
25379400,h,keydown
25379400,e,keydown
25379600, ,keydown
25379800,d,keydown
25379800,i,keydown
25379900, ,keydown
25380200,s,keydown
25380300,c,keydown
25380500,e,keydown
25380600,l,keydown
25380700,t,keydown
25381000,a,keydown
25382300, ,keydown
25382500,d,keydown
25382500,i,keydown
25382700, ,keydown
25382900,i,keydown
25383100,n,keydown
25383200,t,keydown
25383400,r,keydown
25383700,Backspace,keydown
25383900,e,keydown
25384000,r,keydown
25384500,p,keydown
25384800,r,keydown
25385000,e,keydown
25385400,t,keydown
25385600,a,keydown
25385800,z,keydown
25385800,i,keydown
25386000,o,keydown
25386100,n,keydown
25386100,e,keydown
25387400, ,keydown
25387800,n,keydown
25387900,e,keydown
25388000,l,keydown
25388400,Backspace,keydown
25388700,i,keydown
25388900,Enter,keydown
25389200,c,keydown
25389400,a,keydown
25389700,s,keydown
25389700,i,keydown
25389900, ,keydown
25390000,d,keydown
25390200,i,keydown
25390300, ,keydown
25390700,a,keydown
25390800,m,keydown
25391100,b,keydown
25391200,i,keydown
25391800,g,keydown
25392100,u,keydown
25392200,i,keydown
25392500,t,keydown
25392600,a,keydown
25393000,#,keydown
25394500, ,keydown
25394700,d,keydown
25394800,e,keydown
25395100,l,keydown
25395200,l,keydown
25395400,a,keydown
25395500, ,keydown
25395800,d,keydown
25396100,e,keydown
25396300,s,keydown
25396500,c,keydown
25396800,r,keydown
25397000,i,keydown
25397600,z,keydown
25397800,i,keydown
25397900,o,keydown
25397900,n,keydown
25398000,e,keydown
25398300, ,keydown
25398400,#,keydown
25398500,u,keydown
25398800,m,keydown
25398900,l,keydown
25399800,.,keydown
25400000,Enter,keydown
25401600,#,keydown
25401800,l,keydown
25402000,a,keydown
25402100, ,keydown
25402700,t,keydown
25402900,r,keydown
25403100,a,keydown
25403300,d,keydown
25403400,u,keydown
25403700,z,keydown
25403900,i,keydown
25403900,o,keydown
25404100,n,keydown
25404200,e,keydown
25404400, ,keydown
25404500,a,keydown
25404800,u,keydown
25404900,t,keydown
25405100,o,keydown
25405200,m,keydown
25405400,a,keydown
25405600,t,keydown
25405700,i,keydown
25405900,c,keydown
25406100,a,keydown
25407000, ,keydown
25408000,p,keydown
25408300,o,keydown
25408800,t,keydown
25409100,r,keydown
25409400,a,keydown
25409700,#,keydown
25409900, ,keydown
25410000,i,keydown
25410300,n,keydown
25410500,o,keydown
25410600,l,keydown
25410900,t,keydown
25411000,r,keydown
25411300,e,keydown
25411500, ,keydown
25411800,g,keydown
25412000,e,keydown
25412100,n,keydown
25412200,e,keydown
25412400,r,keydown
25412600,a,keydown
25412700,r,keydown
25413100,e,keydown
25414300, ,keydown
25414600,m,keydown
25414900,o,keydown
25415000,d,keydown
25415200,e,keydown
25415200,l,keydown
25415400,l,keydown
25415600,i,keydown
25415700, ,keydown
25415900,i,keydown
25416100,n,keydown
25416200, ,keydown
25416300,r,keydown
25416500,e,keydown
25416700,t,keydown
25416900,i,keydown
25417000, ,keydown
25417200,d,keydown
25417300,i,keydown
25417500,Enter,keydown
25417900,#,keydown
25418000,p,keydown
25418200,e,keydown
25418500,t,keydown
25418700,r,keydown
25418700,i,keydown
25419900, ,keydown
25420200,m,keydown
25420400,o,keydown
25420600,d,keydown
25421200,Backspace,keydown
25421500,l,keydown
25421800,t,keydown
25421900,o,keydown
25422100, ,keydown
25422300,d,keydown
25422500,e,keydown
25422700,t,keydown
25422800,t,keydown
25423000,a,keydown
25423300,g,keydown
25423500,l,keydown
25423600,i,keydown
25423800,a,keydown
25424100,t,keydown
25424300,i,keydown
25426700,",",keydown
25426900, ,keydown
25427000,c,keydown
25427200,o,keydown
25427200,n,keydown
25427400, ,keydown
25427500,s,keydown
25427600,p,keydown
25427800,a,keydown
25428200,z,keydown
25428300,i,keydown
25428500, ,keydown
25428600,d,keydown
25428800,e,keydown
25429300,g,keydown
25429400,l,keydown
25429600,i,keydown
25429700, ,keydown
25430100,s,keydown
25430300,t,keydown
25430400,a,keydown
25430600,t,keydown
25430600,i,keydown
25431800, ,keydown
25432200,d,keydown
25432400,i,keydown
25432500, ,keydown
25432700,g,keydown
25432800,r,keydown
25433000,a,keydown
25433900,n,keydown
25434000,d,keydown
25434200,i,keydown
25434300, ,keydown
25434400,m,keydown
25434900,Backspace,keydown
25435100,d,keydown
25435300,i,keydown
25435500,m,keydown
25435700,e,keydown
25435900,n,keydown
25436200,s,keydown
25436400,i,keydown
25436500,o,keydown
25436900,n,keydown
25437300,i,keydown
25438500,Enter,keydown
25438900,n,keydown
25439000,o,keydown
25439200,n,keydown
25439300, ,keydown
25439700,f,keydown
25439800,a,keydown
25440300,c,keydown
25440300,i,keydown
25440800,l,keydown
25441100,m,keydown
25441200,e,keydown
25441300,n,keydown
25441400,t,keydown
25441600,e,keydown
25441800, ,keydown
25442100,a,keydown
25442200,n,keydown
25442300,a,keydown
25442500,l,keydown
25443000,i,keydown
25443300,z,keydown
25443500,z,keydown
25443700,a,keydown
25444100,b,keydown
25444300,i,keydown
25444500,l,keydown
25444700,i,keydown
25446900,.,keydown
25447200, ,keydown
25447300,#,keydown
25447400,s,keydown
25447600,i,keydown
25447800, ,keydown
25447900,p,keydown
25448000,r,keydown
25448200,o,keydown
25448600,c,keydown
25448700,e,keydown
25449000,d,keydown
25449100,e,keydown
25449500,r,keydown
25449700,a,keydown
25449900,#,keydown
25451200, ,keydown
25451500,q,keydown
25451700,i,keydown
25452200,n,keydown
25452400,d,keydown
25452600,i,keydown
25452700, ,keydown
25453000,#,keydown
25453300,Backspace,keydown
25453400,Backspace,keydown
25453500,Backspace,keydown
25453700,Backspace,keydown
25453800,Backspace,keydown
25454000,Backspace,keydown
25454800,u,keydown
25454800,i,keydown
25455100,n,keydown
25455200,d,keydown
25455300,i,keydown
25456500, ,keydown
25456800,a,keydown
25456900,l,keydown
25457000,l,keydown
25457400,o,keydown
25457500, ,keydown
25457800,s,keydown
25458100,t,keydown
25458400,u,keydown
25458600,d,keydown
25459000,i,keydown
25459100,o,keydown
25459500,Backspace,keydown
25460000,Backspace,keydown
25460000,Backspace,keydown
25460100,Backspace,keydown
25460200,Backspace,keydown
25460200,Backspace,keydown
25460200,Backspace,keydown
25460300,Backspace,keydown
25460500,Backspace,keydown
25460700,Backspace,keydown
25460800,Backspace,keydown
25461200,c,keydown
25462000,o,keydown
25462100,n,keydown
25462300, ,keydown
25462400,l,keydown
25462500,o,keydown
25462700, ,keydown
25462900,s,keydown
25463200,t,keydown
25463400,u,keydown
25463600,d,keydown
25463700,i,keydown
25463900,o,keydown
25464100, ,keydown
25464200,d,keydown
25464400,i,keydown
25464600,Enter,keydown
25464900,m,keydown
25465100,e,keydown
25465300,t,keydown
25465500,o,keydown
25465600,d,keydown
25465900,i,keydown
25466900, ,keydown
25467300,b,keydown
25467400,a,keydown
25467600,s,keydown
25467800,a,keydown
25468100,t,keydown
25468200,i,keydown
25468400, ,keydown
25468800,s,keydown
25468900,u,keydown
25469100,l,keydown
25469200,l,keydown
25469300,a,keydown
25469500, ,keydown
25469600,n,keydown
25469900,o,keydown
25470200,z,keydown
25470300,i,keydown
25470500,o,keydown
25470700,n,keydown
25470900,e,keydown
25472200, ,keydown
25472400,d,keydown
25472400,i,keydown
25472700, ,keydown
25472800,e,keydown
25473100,q,keydown
25473300,u,keydown
25473400,i,keydown
25473800,v,keydown
25474000,a,keydown
25474200,l,keydown
25474400,e,keydown
25474600,n,keydown
25475000,z,keydown
25475300,a,keydown
25476000, ,keydown
25476300,d,keydown
25476500,e,keydown
25476600,l,keydown
25476800,l,keydown
25476800,e,keydown
25476900, ,keydown
25477200,r,keydown
25477400,e,keydown
25477600,t,keydown
25477800,i,keydown
25479000, ,keydown
25479200,a,keydown
25479300,l,keydown
25479400, ,keydown
25479700,f,keydown
25479800,i,keydown
25480000,n,keydown
25480100,e,keydown
25481000,Enter,keydown
25481400,d,keydown
25481500,i,keydown
25481700, ,keydown
25482000,f,keydown
25482100,o,keydown
25482200,r,keydown
25482400,m,keydown
25482800,u,keydown
25482900,l,keydown
25483100,a,keydown
25483300,t,keydown
25483900,Backspace,keydown
25483900,r,keydown
25484000,e,keydown
25485000, ,keydown
25485300,r,keydown
25485400,e,keydown
25486000,g,keydown
25486000,o,keydown
25486500,l,keydown
25486700,e,keydown
25486800, ,keydown
25487200,p,keydown
25487300,e,keydown
25487400,r,keydown
25487500, ,keydown
25487800,o,keydown
25488400,t,keydown
25488500,t,keydown
25488700,e,keydown
25488900,r,keydown
25489000,n,keydown
25489100,e,keydown
25489500,Backspace,keydown
25489600,Backspace,keydown
25489700,Backspace,keydown
25490000,n,keydown
25490100,e,keydown
25490300,r,keydown
25490500,e,keydown
25491600, ,keydown
25492800,m,keydown
25493600,o,keydown
25494000,d,keydown
25494100,e,keydown
25494300,l,keydown
25494400,l,keydown
25494600,i,keydown
25494800, ,keydown
25495700,q,keydown
25495900,u,keydown
25496300,Backspace,keydown
25496400,Backspace,keydown
25497200,e,keydown
25497400,q,keydown
25497500,u,keydown
25497600,i,keydown
25497900,v,keydown
25498000,a,keydown
25498100,l,keydown
25498300,e,keydown
25498400,n,keydown
25498800,t,keydown
25498900,i,keydown
25499000, ,keydown
25499300,t,keydown
25499400,r,keydown
25499600,a,keydown
25499800,b,keydown
25500400,Backspace,keydown
25500600,t,keydown
25500700,t,keydown
25500900,a,keydown
25501200,b,keydown
25501500,i,keydown
25501900,l,keydown
25502000,i,keydown
25502700,.,keydown
