timestamp,key,type
1511800,Backspace,keydown
1511800,Backspace,keydown
1511800,Backspace,keydown
1511800,Backspace,keydown
1511800,Backspace,keydown
1511800,Backspace,keydown
1511800,Backspace,keydown
1511800,Backspace,keydown
1511800,o,keydown
1512000,g,keydown
1512200,g,keydown
1512400,i,keydown
1512500, ,keydown
1512700,h,keydown
1512900,o,keydown
1513100, ,keydown
1513500,f,keydown
1513700,a,keydown
1513900,t,keydown
1514000,t,keydown
1514200,o,keydown
1514300, ,keydown
1514500,l,keydown
1514700,a,keydown
1514700, ,keydown
1514900,s,keydown
1515500,e,keydown
1515700,c,keydown
1515800,o,keydown
1516000,n,keydown
1516100,d,keydown
1516400,a,keydown
1516500, ,keydown
1516700,l,keydown
1516700,e,keydown
1517100,z,keydown
1517300,i,keydown
1517400,o,keydown
1517600,n,keydown
1517800,e,keydown
1518000, ,keydown
1518300,d,keydown
1518800,e,keydown
1518900,i,keydown
1519100, ,keydown
1519600,s,keydown
1519800,p,keydown
1519900,e,keydown
1520200,r,keydown
1520200,i,keydown
1520500,m,keydown
1520500,e,keydown
1520800,n,keydown
1520900,t,keydown
1521000,a,keydown
1521500,s,keydown
1521900,Backspace,keydown
1522200,z,keydown
1522300,i,keydown
1522600,o,keydown
1522900,n,keydown
1523000,e,keydown
1523300, ,keydown
1523600,i,keydown
1524500,Backspace,keydown
1524600,Backspace,keydown
1524900,Backspace,keydown
1525200,i,keydown
1525600, ,keydown
1525700,d,keydown
1525800,i,keydown
1525900, ,keydown
1526200,l,keydown
1526700,p,keydown
1527000,p,keydown
1527300,p,keydown
1529200,#,keydown
1529300, ,keydown
1529600,o,keydown
1529900,s,keydown
1530100,s,keydown
1530200,i,keydown
1530500,a,keydown
1530500, ,keydown
1531700, ,keydown
1533000,l,keydown
1533200,i,keydown
1533400,n,keydown
1533700,g,keydown
1533800,u,keydown
1534000,a,keydown
1534200,g,keydown
1534300,g,keydown
1534600,i,keydown
1534700, ,keydown
1534800,d,keydown
1534900,i,keydown
1535100, ,keydown
1536300,p,keydown
1536900,r,keydown
1537200,o,keydown
1537400,f,keydown
1537800,Backspace,keydown
1538100,g,keydown
1538300,r,keydown
1538600,a,keydown
1539200,m,keydown
1539300,m,keydown
1539700,a,keydown
1540000,z,keydown
1540200,i,keydown
1540300,o,keydown
1540400,n,keydown
1540700,e,keydown
1540900, ,keydown
1541300,Backspace,keydown
1541700,#,keydown
1541800, ,keydown
1542400,p,keydown
1543300,a,keydown
1543600,r,keydown
1543800,a,keydown
1544000,d,keydown
1544200,i,keydown
1544300,g,keydown
1544600,m,keydown
1544800,i,keydown
1545000, ,keydown
1545100,d,keydown
1545100,i,keydown
1545300, ,keydown
1545600,p,keydown
1545700,r,keydown
1545900,o,keydown
1546000,g,keydown
1546200,r,keydown
1546400,a,keydown
1546600,m,keydown
1546800,m,keydown
1546900,a,keydown
1547200,z,keydown
1547400,i,keydown
1547500,o,keydown
1547900,n,keydown
1548200,e,keydown
1603900,#,keydown
1604100, ,keydown
1604600,l,keydown
1604800,a,keydown
1604900, ,keydown
1625900,l,keydown
1626300,e,keydown
1626600,z,keydown
1626800,i,keydown
1627000,o,keydown
1627300,n,keydown
1627500,e,keydown
1627700, ,keydown
1628100,e,keydown
1629000,#,keydown
1629200, ,keydown
1629400,a,keydown
1629500,n,keydown
1629700,d,keydown
1629900,a,keydown
1630100,t,keydown
1630300,a,keydown
1630500, ,keydown
1630700,b,keydown
1630900,e,keydown
1631000,n,keydown
1631100,e,keydown
1631100, ,keydown
1631400,e,keydown
1631600, ,keydown
1631800,s,keydown
1632000,p,keydown
1632100,e,keydown
1632300,r,keydown
1632400,o,keydown
1632600, ,keydown
1632700,c,keydown
1632800,h,keydown
1633000,e,keydown
1633000, ,keydown
1633300,s,keydown
1633800,Backspace,keydown
1633900,g,keydown
1634100,l,keydown
1634200,i,keydown
1634400, ,keydown
1634500,s,keydown
1634700,t,keydown
1634800,u,keydown
1635500,d,keydown
1636300,e,keydown
1636500,n,keydown
1636700,t,keydown
1636800,i,keydown
1637000, ,keydown
1638000,r,keydown
1638200,i,keydown
1638400,m,keydown
1638600,a,keydown
1638600,n,keydown
1638700,d,keydown
1639200,Backspace,keydown
1639400,g,keydown
1639600,a,keydown
1639600,n,keydown
1639800,o,keydown
1640000, ,keydown
1640100,i,keydown
1640200,n,keydown
1640400,t,keydown
1640600,e,keydown
1640700,r,keydown
1640900,e,keydown
1641200,s,keydown
1641300,s,keydown
1641500,a,keydown
1641700,t,keydown
1641900,i,keydown
1642100, ,keydown
1642100,e,keydown
1642300, ,keydown
1643800,s,keydown
1643900,e,keydown
1644100,g,keydown
1644300,a,keydown
1646000,Backspace,keydown
1646400,u,keydown
1646800,a,keydown
1647200,n,keydown
1647600,o,keydown
1647800, ,keydown
1648100,i,keydown
1648200,l,keydown
1648300, ,keydown
1648600,c,keydown
1648800,o,keydown
1648900,r,keydown
1649100,s,keydown
1649300,o,keydown
1649400, ,keydown
1649700,c,keydown
1649900,o,keydown
1650000,n,keydown
1650200, ,keydown
1746100,a,keydown
1746400,s,keydown
1746600,s,keydown
1746800,i,keydown
1746900,d,keydown
1747100,u,keydown
1747300,i,keydown
1747500,t,keydown
1747700,a,keydown
1748000,#,keydown
1748200, ,keydown
1748600,p,keydown
1748700,e,keydown
1748800,r,keydown
1749500, ,keydown
1749800,i,keydown
1750100,l,keydown
1750300, ,keydown
1750600,r,keydown
1750800,e,keydown
1751000,s,keydown
1751200,t,keydown
1751300,o,keydown
1751400, ,keydown
1752800,d,keydown
1752900,e,keydown
1753100,l,keydown
1753300, ,keydown
1753500,c,keydown
1753600,o,keydown
1754200,r,keydown
1754300,s,keydown
1754500,o,keydown
1754800,#,keydown
1755000,Enter,keydown
1756900,Backspace,keydown
1757200, ,keydown
1757600,c,keydown
1757800,h,keydown
1757900,e,keydown
1758000, ,keydown
1758300,t,keydown
1758400,r,keydown
1758700,s,keydown
1759300,Backspace,keydown
1759600,i,keydown
1759700,s,keydown
1759900,t,keydown
1760000,e,keydown
1760400,z,keydown
1760600,z,keydown
1760800,a,keydown
1761000, ,keydown
1761100,c,keydown
1761200,h,keydown
1761300,e,keydown
1761500, ,keydown
1761600,s,keydown
1761800,r,keydown
1762400,Backspace,keydown
1762600,a,keydown
1762700,r,keydown
1762900,e,keydown
1763100,b,keydown
1763300,b,keydown
1763400,e,keydown
1763500, ,keydown
1763700,s,keydown
1763900,e,keydown
1764000, ,keydown
1764200,s,keydown
1764400,e,keydown
1764500, ,keydown
1764700,n,keydown
1764800,e,keydown
1765000, ,keydown
1766200,Backspace,keydown
1766300,Backspace,keydown
1766500,Backspace,keydown
1766700,Backspace,keydown
1766800,Backspace,keydown
1767000,Backspace,keydown
1768300,s,keydown
1768400,e,keydown
1768500, ,keydown
1768700,n,keydown
1768700,e,keydown
1768900, ,keydown
1769100,a,keydown
1769200,n,keydown
1769400,d,keydown
1769500,a,keydown
1769900,s,keydown
1770100,s,keydown
1770200,e,keydown
1770300,r,keydown
1770700,o,keydown
1770900, ,keydown
1771600,v,keydown
1771800,i,keydown
1771900,s,keydown
1772100,t,keydown
1772300,o,keydown
1772400, ,keydown
1772600,c,keydown
1772700,h,keydown
1772800,e,keydown
1772900, ,keydown
1773000,s,keydown
1773100,o,keydown
1773200,n,keydown
1773400,o,keydown
1773600, ,keydown
1773800,g,keydown
1773900,i,keydown
1774100,a,keydown
1774300,#,keydown
1774500, ,keydown
1774800,c,keydown
1775000,o,keydown
1775500,s,keydown
1775700,i,keydown
1775900,#,keydown
1776000, ,keydown
1776300,p,keydown
1776500,o,keydown
1776600,c,keydown
1776800,h,keydown
1777000,i,keydown
1777300,#,keydown
1777400, ,keydown
1778300,o,keydown
1778400,g,keydown
1778600,g,keydown
1778800,i,keydown
1778900, ,keydown
1779100,h,keydown
1779300,o,keydown
1779400, ,keydown
1779700,p,keydown
1780000,r,keydown
1780700,o,keydown
1781200,m,keydown
1781300,e,keydown
1781500,s,keydown
1781700,s,keydown
1781800,o,keydown
1782000, ,keydown
1782100,s,keydown
1782300,c,keydown
1783000,o,keydown
1783300,n,keydown
1783500,t,keydown
1783600,i,keydown
1783700, ,keydown
1783800,e,keydown
1783900, ,keydown
1784500,r,keydown
1784700,i,keydown
1784900,b,keydown
1785100,a,keydown
1785300,s,keydown
1785500,s,keydown
1785700,i,keydown
1786500, ,keydown
1787000,s,keydown
1787100,e,keydown
1787400, ,keydown
1788800,f,keydown
1789100,a,keydown
1789200,r,keydown
1789400,a,keydown
1789600,n,keydown
1789700,n,keydown
1789900,o,keydown
1790100, ,keydown
1790300,l,keydown
1791000,#,keydown
1791200,e,keydown
1791400,s,keydown
1791600,a,keydown
1791800,m,keydown
1792000,e,keydown
1792200, ,keydown
1793000,s,keydown
1793200,u,keydown
1793400,b,keydown
1793700,i,keydown
1793800,t,keydown
1793900,o,keydown
1794000, ,keydown
1795000,n,keydown
1795000,e,keydown
1795200,l,keydown
1795400,l,keydown
1795500,a,keydown
1795600, ,keydown
1795900,p,keydown
1796100,r,keydown
1796200,i,keydown
1796400,m,keydown
1796500,a,keydown
1796700, ,keydown
1797500,l,keydown
1797700,e,keydown
1798000,z,keydown
1798100,i,keydown
1798300,o,keydown
1798500,n,keydown
1798800,e,keydown
1799200,#,keydown
1800000, ,keydown
1800500,b,keydown
1800700,e,keydown
1800800,h,keydown
1801100,#,keydown
1801300, ,keydown
1802200,r,keydown
1802400,i,keydown
1802600,b,keydown
1802700,a,keydown
1802900,s,keydown
1803100,s,keydown
1803300,i,keydown
1803300, ,keydown
1803600,i,keydown
1803800,n,keydown
1804000,t,keydown
1804100,e,keydown
1804300,n,keydown
1804400,d,keydown
1804600,o,keydown
1804800, ,keydown
1810500,p,keydown
1812200,Backspace,keydown
1813600,Backspace,keydown
1815900,c,keydown
1816100,o,keydown
1816300,s,keydown
1816500,a,keydown
1816600, ,keydown
1816800,u,keydown
1816900,n,keydown
1817200,o,keydown
1817300, ,keydown
1817400,d,keydown
1817700,e,keydown
1818000,v,keydown
1818100,e,keydown
1818300, ,keydown
1818600,f,keydown
1818700,a,keydown
1818900,r,keydown
1819000,e,keydown
1819100, ,keydown
1819400,p,keydown
1819500,e,keydown
1819600,r,keydown
1819800, ,keydown
1820000,c,keydown
1820200,o,keydown
1820300,n,keydown
1820600,v,keydown
1821000,n,keydown
1821700,Backspace,keydown
1822100,i,keydown
1822300,n,keydown
1822800,c,keydown
1823000,e,keydown
1823100,r,keydown
1823300,e,keydown
1823400, ,keydown
1823600,l,keydown
1823700,a,keydown
1823800, ,keydown
1824200,g,keydown
1824300,e,keydown
1824500,n,keydown
1824700,t,keydown
1824800,e,keydown
1824900, ,keydown
1825500,a,keydown
1825800, ,keydown
1825900,s,keydown
1826200,t,keydown
1826300,u,keydown
1826400,d,keydown
1826500,i,keydown
1826800,a,keydown
1827000,t,keydown
1827600,Backspace,keydown
1827700,r,keydown
1827900,e,keydown
1828500,1,keydown
1829000,Enter,keydown
1831300,o,keydown
1831400,r,keydown
1831600,a,keydown
1831800, ,keydown
1832400,d,keydown
1832600,e,keydown
1832800,v,keydown
1833800,o,keydown
1833900, ,keydown
1834400,p,keydown
1834500,a,keydown
1834700,s,keydown
1834900,s,keydown
1835000,a,keydown
1835200,r,keydown
1835300,e,keydown
1835500, ,keydown
1835700,a,keydown
1837600,l,keydown
1837800,l,keydown
1838200,#,keydown
1838600,i,keydown
1838700,n,keydown
1838900,s,keydown
1839000,t,keydown
1839200,a,keydown
1839400,l,keydown
1839500,l,keydown
1839600,a,keydown
1839900,z,keydown
1840000,i,keydown
1840200,o,keydown
1840300,n,keydown
1840500,e,keydown
1840700, ,keydown
1840800,d,keydown
1841000,e,keydown
1841100,l,keydown
1841300,l,keydown
1841400,a,keydown
1841500, ,keydown
1842600,Backspace,keydown
1842700,Backspace,keydown
1842900,Backspace,keydown
1843500, ,keydown
1843600,p,keydown
1843800,e,keydown
1844300,Backspace,keydown
1844600,o,keydown
1844700,r,keydown
1844900,t,keydown
1845100,a,keydown
1845200,t,keydown
1845400,i,keydown
1845500,l,keydown
1845700,e,keydown
1845800, ,keydown
1846000,d,keydown
1846000,i,keydown
1846200, ,keydown
1846500,v,keydown
1846700,i,keydown
1846900,v,keydown
1847100,i,keydown
1847300,a,keydown
1847400,n,keydown
1847600,a,keydown
1847700, ,keydown
1847900,p,keydown
1848200,a,keydown
1848600,Backspace,keydown
1848700,Backspace,keydown
1849400,p,keydown
1850100,Backspace,keydown
1850400,p,keydown
1850700,a,keydown
1850800,t,keydown
1851000,t,keydown
1851200,i,keydown
1851400,#,keydown
1851900, ,keydown
1852200,c,keydown
1852500,h,keydown
1852700,i,keydown
1852800,s,keydown
1853000,s,keydown
1853200,a,keydown
1853500,#,keydown
1853700, ,keydown
1853900,s,keydown
1854100,e,keydown
1854200, ,keydown
1854400,l,keydown
1854500,e,keydown
1854700, ,keydown
1855100,Backspace,keydown
1855400,i,keydown
1855500, ,keydown
1856000,e,keydown
1856200,#,keydown
1856500, ,keydown
1856700,g,keydown
1856900,i,keydown
1857000,a,keydown
1857300,#,keydown
1857500, ,keydown
1857600,a,keydown
1858200,r,keydown
1858300,r,keydown
1858500,i,keydown
1858600,v,keydown
1858800,a,keydown
1859000,t,keydown
1859100,a,keydown
1859300, ,keydown
1859800,o,keydown
1860000,p,keydown
1860200,p,keydown
1860400,u,keydown
1860500,r,keydown
1860800,e,keydown
1861000, ,keydown
1861200,a,keydown
1861300,n,keydown
1861500,c,keydown
1861600,o,keydown
1861700,r,keydown
1862000,a,keydown
1862100, ,keydown
1862300,n,keydown
1862500,o,keydown
1862700,#,keydown
1862900, ,keydown
1863500,o,keydown
1863800,r,keydown
1864100,a,keydown
1864300, ,keydown
1864600,v,keydown
1864800,a,keydown
1864900,d,keydown
1865100,o,keydown
1865200, ,keydown
1865400,a,keydown
1865600, ,keydown
1866300,c,keydown
1866500,e,keydown
1866700,r,keydown
1866900,c,keydown
1867100,a,keydown
1867300,r,keydown
1867500,l,keydown
1867700,a,keydown
1867900, ,keydown
1868100,u,keydown
1868300,n,keydown
1868400, ,keydown
1869000,a,keydown
1869200,t,keydown
1869300,t,keydown
1869500,i,keydown
1869700,v,keydown
1870100,Backspace,keydown
1870300,m,keydown
1870500,o,keydown
1870700,#,keydown
1871000, ,keydown
1872800,p,keydown
1873500,e,keydown
1873600,r,keydown
1874000, ,keydown
1874100,o,keydown
1874300,g,keydown
1874500,g,keydown
1874800,i,keydown
1874900, ,keydown
1876100,e,keydown
1876300, ,keydown
1876400,p,keydown
1876600,e,keydown
1876700,r,keydown
1876900, ,keydown
1877200,q,keydown
1877400,u,keydown
1877600,e,keydown
1877700,s,keydown
1877800,t,keydown
1878100,a,keydown
1878200, ,keydown
1878400,s,keydown
1878500,e,keydown
1878700,t,keydown
1878800,t,keydown
1879000,i,keydown
1879200,m,keydown
1879300,a,keydown
1879500,n,keydown
1879600,a,keydown
1879800, ,keydown
1880000,c,keydown
1880300,r,keydown
1880500,e,keydown
1880700,d,keydown
1880900,o,keydown
1881000, ,keydown
1881200,d,keydown
1881400,i,keydown
1881500, ,keydown
1881700,a,keydown
1881900,v,keydown
1882200,e,keydown
1882300,r,keydown
1882500, ,keydown
1882900,c,keydown
1883100,o,keydown
1883400,m,keydown
1883900,p,keydown
1884100,i,keydown
1884600,u,keydown
1884800,t,keydown
1884900,o,keydown
1885100, ,keydown
1885300,i,keydown
1885500,l,keydown
1885600, ,keydown
1886300,m,keydown
1886400,i,keydown
1886600,o,keydown
1886800, ,keydown
1888500,d,keydown
1888800,o,keydown
1889000,v,keydown
1889200,e,keydown
1889300,r,keydown
1889500,e,keydown
1889600, ,keydown
1890800,c,keydown
1890900,o,keydown
1891100,n,keydown
1891300, ,keydown
1892000,l,keydown
1892100,a,keydown
1892300, ,keydown
1892400,s,keydown
1892600,c,keydown
1892800,r,keydown
1893000,i,keydown
1893200,t,keydown
1893300,t,keydown
1893500,u,keydown
1893600,r,keydown
1893900,a,keydown
1894100, ,keydown
1894200,d,keydown
1894300,i,keydown
1894400, ,keydown
1894800,q,keydown
1895000,u,keydown
1895100,e,keydown
1895300,s,keydown
1895400,t,keydown
1895600,i,keydown
1895700, ,keydown
1896300,m,keydown
1896400,e,keydown
1896600,s,keydown
1896800,s,keydown
1896900,a,keydown
1897200,g,keydown
1897300,g,keydown
1897500,i,keydown
1897700, ,keydown
1897900,n,keydown
1898600,Backspace,keydown
1901300,Backspace,keydown
1901700,#,keydown
1901800, ,keydown
1902400,c,keydown
1902500,h,keydown
1902700,i,keydown
1902900,s,keydown
1903100,s,keydown
1903200,a,keydown
1903400,#,keydown
1903600, ,keydown
1903900,q,keydown
1904100,u,keydown
1904200,a,keydown
1904400,n,keydown
1904600,t,keydown
1904700,i,keydown
1904800, ,keydown
1905200,n,keydown
1905300,e,keydown
1905400, ,keydown
1905600,d,keydown
1906000,e,keydown
1906300,v,keydown
1906400,o,keydown
1906500, ,keydown
1906600,a,keydown
1907200,n,keydown
1907500,c,keydown
1907800,o,keydown
1907900,r,keydown
1908100,a,keydown
1908200, ,keydown
1908300,s,keydown
1908500,c,keydown
1908700,r,keydown
1909000,i,keydown
1909100,v,keydown
1909300,e,keydown
1909800,r,keydown
1910000,e,keydown
1910200,#,keydown
1910400,#,keydown
1910600,#,keydown
1911400,Backspace,keydown
1911500,Backspace,keydown
1911800,Backspace,keydown
1913700,#,keydown
