browser_natural_normal_50,os_natural_normal_50,browser_machine_normal_50,os_machine_normal_50,browser_natural_normal_75,os_natural_normal_75,browser_machine_normal_75,os_machine_normal_75,browser_natural_normal_100,os_natural_normal_100,browser_machine_normal_100,os_machine_normal_100,browser_natural_abovenormal_75,os_natural_abovenormal_75,browser_machine_abovenormal_75,os_machine_abovenormal_75,type
0.0,0.0,0.0,0.0,0.0,0.0,0.0,0.0,0.0,0.0,0.0,0.0,0.0,0.0,0.0,0.0,keydown
0.09769999999999968,0.09851589999999977,0.10034000000001697,0.10108770000000078,0.11297999999999941,0.11354290000000011,0.18689999999999785,0.18752440000000004,0.09092000000000056,0.09152499999999986,0.133779999999998,0.1343943999999997,0.06993999999999989,0.0705524999999998,0.21649999999999991,0.21689299999999978,keyup
0.31631999999999927,0.3169835999999999,0.3104800000000125,0.3107451000000001,0.30654000000000003,0.30708670000000016,0.4184599999999996,0.40366959999999974,0.3194600000000012,0.3139915999999996,0.34473999999999805,0.3453438000000002,0.19575999999999905,0.1960236000000002,0.41906,0.4196742999999996,keydown
0.39039999999999964,0.3905601999999999,0.42522000000001015,0.4259107000000002,0.3878199999999996,0.3885510999999999,0.5457800000000006,0.5463458000000001,0.4020400000000013,0.4025687999999996,0.47520000000000095,0.4756103999999999,0.27389999999999937,0.2745506999999998,0.5326800000000009,0.5332701000000002,keyup
0.6178999999999997,0.6182041999999996,0.6269000000000204,0.6273110000000006,0.5465,0.5470715000000004,0.7617600000000024,0.7619743000000003,0.5475600000000007,0.5480171999999999,0.6892800000000001,0.6898514999999996,0.39553999999999956,0.3869699,0.7381799999999998,0.7385694999999997,keydown
0.6878199999999985,0.6885801999999996,0.7291600000000074,0.7297423000000007,0.63788,0.6385784000000001,0.9552200000000006,0.9557535000000001,0.6280800000000015,0.6285925999999997,0.8653399999999998,0.8660572999999996,0.46199999999999974,0.46256509999999995,0.8780199999999994,0.8786632000000001,keyup
0.9253800000000005,0.9253385000000001,0.9391400000000232,0.9395777000000001,0.8066199999999997,0.8070497000000003,1.1655999999999977,1.1660608999999997,0.7966400000000009,0.7970594999999996,1.0811799999999998,1.0818485999999998,0.5865599999999995,0.5870285000000002,1.0908999999999995,1.0861479999999997,keydown
1.00204,1.0027005999999998,1.09602000000001,1.0967119000000007,0.8949999999999996,0.8956262000000001,1.2920200000000008,1.2925905000000002,0.8850400000000009,0.8856213999999998,1.2766400000000004,1.2773690000000002,0.6669999999999998,0.6675955999999998,1.2121600000000008,1.2127334999999997,keyup
1.2628399999999997,1.2624333999999995,1.3107000000000113,1.3110767,1.0506199999999994,1.0511917,1.5076800000000006,1.5081043000000003,1.028620000000001,1.0290765999999998,1.4870599999999996,1.4876538000000004,0.780759999999999,0.7810763000000001,1.4272399999999994,1.4189806000000003,keydown
1.3338599999999996,1.3346570999999998,1.4226400000000154,1.4233150000000006,1.1379599999999996,1.1386371,1.6532599999999995,1.6538241999999999,1.1140600000000012,1.1146513999999996,1.6674599999999984,1.6682443999999998,0.8580800000000002,0.8586225999999999,1.589220000000001,1.5898841,keyup
1.6626600000000007,1.6631626999999995,1.6358200000000096,1.6362270000000008,1.3006199999999994,1.3011249,1.8665199999999977,1.8667911000000004,1.252720000000001,1.2530671999999998,1.8784399999999977,1.8790274999999994,0.9846599999999999,0.9850675999999998,1.7955000000000005,1.7955607999999996,keydown
1.7348799999999986,1.7357035,1.8121600000000058,1.8128550000000008,1.3929399999999994,1.3936626000000003,2.01286,2.0134853999999995,1.3411600000000012,1.3416773999999996,1.9766200000000005,1.9771497,1.057179999999999,1.0576900999999999,1.9648000000000003,1.9654311,keyup
2.05762,2.0582049000000002,2.026980000000023,2.0275399,1.5447599999999992,1.5451274000000002,2.2225800000000007,2.2230222,1.4927200000000012,1.4931343999999998,2.191700000000001,2.1923034,1.1665799999999997,1.1670343,2.17722,2.1773903,keydown
2.1339799999999993,2.1347473000000003,2.1503800000000126,2.1511246,1.6371599999999997,1.6377092000000002,2.320879999999999,2.3214520999999992,1.5801200000000009,1.5807004999999998,2.3488599999999984,2.3495948,1.2430399999999997,1.2436599,2.3556799999999996,2.3562807999999995,keyup
2.4419000000000004,2.4423796,2.365380000000016,2.3659147999999997,1.7687799999999996,1.7692228,2.5303199999999997,2.530640000000001,1.721280000000001,1.7213135,2.55246,2.5530501999999995,1.3967199999999993,1.3971125,2.5690600000000003,2.5691698999999995,keydown
2.5210799999999995,2.5217913,2.55304000000001,2.5537409,1.8659799999999995,1.8667584000000002,2.713260000000002,2.7137476000000005,1.8091600000000012,1.8097237999999995,2.661080000000002,2.6617870000000003,1.4741999999999997,1.4747157999999998,2.6727799999999995,2.6733471,keyup
2.851940000000001,2.8523406999999996,2.755040000000008,2.7552618000000004,2.0567199999999994,2.0572008999999998,2.919999999999998,2.9203061999999997,1.9693200000000006,1.969188,2.8651599999999995,2.864094099999999,1.608719999999999,1.6091474,2.8833,2.8837386999999994,keydown
2.9291800000000006,2.9298473,2.8829800000000176,2.8835442000000002,2.139099999999999,2.1397615000000005,3.08756,3.088126,2.0721800000000004,2.0727554,3.0309599999999968,3.0316729000000002,1.6831999999999994,1.6837087999999998,3.0771200000000007,3.0775803,keyup
3.2059999999999995,3.2055217,3.0970000000000084,3.0975284000000007,2.28688,2.2872276000000005,3.2928999999999995,3.2931440000000007,2.207840000000001,2.2082030999999995,3.238539999999997,3.2390974999999997,1.8029200000000003,1.8031507999999996,3.2938600000000005,3.2925452,keydown
3.28918,3.2898710999999996,3.2244400000000013,3.2251739000000006,2.3780599999999996,2.3787729000000004,3.474499999999999,3.4751079000000002,2.3001400000000007,2.3007795999999994,3.405280000000001,3.4060068,1.894219999999999,1.8947742,3.4161,3.4167002,keyup
3.5060800000000008,3.5063609999999996,3.426860000000005,3.4271825,2.5856399999999997,2.5862378,3.6813399999999987,3.6816883999999996,2.519520000000001,2.5092891,3.6124600000000022,3.6130492000000007,2.197819999999999,2.1982135,3.6270200000000017,3.6274240000000004,keydown
3.5802200000000006,3.5809073000000002,3.5404000000000195,3.5411186,2.677199999999999,2.6778063000000003,3.8509600000000006,3.8515456000000006,2.600220000000001,2.6008141,3.811039999999995,3.7998218999999995,2.294199999999999,2.2947776999999996,3.7825799999999994,3.7831044,keyup
3.7828599999999994,3.7833963,3.7533600000000007,3.7535382999999998,2.84328,2.8436645,4.05556,4.056041899999999,2.814000000000001,2.8143481999999995,4.005259999999996,4.0058094,2.4407799999999993,2.4412707,3.99714,3.9899338,keydown
3.8603400000000008,3.8609420999999995,3.8599800000000215,3.8606708000000003,2.945179999999999,2.9458365000000004,4.244119999999999,4.244661400000001,2.90332,2.9038468999999996,4.1075200000000045,4.1082502000000005,2.522199999999999,2.5228040000000003,4.126799999999999,4.1274690000000005,keyup
4.070180000000001,4.070499699999999,4.063500000000005,4.0639799000000005,3.123900000000001,3.1243039,4.4573,4.4577319,3.10386,3.1043114999999997,4.3161200000000015,4.316639800000001,2.656720000000001,2.6572707,4.335380000000001,4.3358918,keydown
4.141220000000001,4.1419651,4.260680000000008,4.261391000000001,3.2292000000000005,3.2298831999999997,4.584959999999999,4.5855477,3.1832800000000008,3.1838759999999997,4.45656,4.4572956,2.7442,2.7448289999999997,4.43056,4.431171699999999,keyup
4.329879999999999,4.330466400000001,4.468040000000016,4.4685879,3.419979999999999,3.4204453,4.799139999999998,4.7995177,3.364960000000001,3.3653535999999997,4.6592400000000005,4.6598516,2.88882,2.8892618000000003,4.63524,4.6357024000000004,keydown
4.39766,4.3980014999999995,4.573020000000014,4.5737964,3.5292200000000005,3.5299015000000002,4.945240000000002,4.9458124,3.4533400000000016,3.4539111,4.849680000000003,4.8329656,2.966239999999998,2.9668447,4.7694600000000005,4.7700872,keyup
4.60102,4.6015087,4.779900000000012,4.7799272,3.7066999999999997,3.7073712,5.1571,5.1574731,3.6451200000000012,3.6454401,5.033939999999998,5.0345554,3.1010999999999997,3.1014215999999997,4.985659999999999,4.986071399999999,keydown
4.6524,4.6530247,4.957420000000013,4.9581045,3.816279999999999,3.8169343,5.274999999999999,5.2754492,3.73552,3.7359669999999996,5.193479999999997,5.1940954999999995,3.1793199999999997,3.1798781999999997,5.093299999999999,5.0939244,keyup
4.85582,4.8564989,5.168820000000011,5.169242400000001,3.9859600000000004,3.9864341999999997,5.483879999999999,5.484219200000001,3.911080000000001,3.9114354999999996,5.408980000000003,5.4095929,3.3088799999999994,3.3093225,5.303800000000001,5.3029524,keydown
4.92848,4.929053399999999,5.2720800000000025,5.2727754,4.079319999999999,4.0799729000000005,5.590139999999998,5.590660300000001,3.9984400000000013,3.998972,5.563939999999999,5.5645989,3.4052800000000003,3.4058905999999998,5.4487000000000005,5.449295200000001,keyup
5.094060000000001,5.0945377999999995,5.47972,5.480212300000001,4.24498,4.2455245,5.7953399999999995,5.795726900000001,4.149020000000001,4.149439,5.76548,5.765726000000001,3.541899999999999,3.5423421999999998,5.6643799999999995,5.66457,keydown
5.1691199999999995,5.169261199999999,5.602440000000001,5.6031132,4.34934,4.349993,5.9756399999999985,5.9762124000000005,4.2464,4.2469971,5.874779999999998,5.8754884999999994,3.6283400000000006,3.6289217,5.818899999999999,5.8195285,keyup
5.323040000000001,5.323563200000001,5.80904000000001,5.809649300000001,4.53604,4.536586,6.195699999999999,6.1845899,4.421120000000001,4.4165196,6.077200000000001,6.0778128,3.759759999999999,3.7603130000000005,6.03256,6.0329662,keydown
5.40334,5.4041105,5.906880000000015,5.907615000000001,4.62538,4.6260216000000005,6.282319999999999,6.282846500000001,4.504460000000001,4.505033,6.1849799999999995,6.185691800000001,3.834319999999999,3.8349507,6.189920000000001,6.1905308,keyup
5.64622,5.6468758999999995,6.121780000000015,6.122312,4.8101,4.8106653,6.495899999999999,6.496275400000001,4.66946,4.6695455,6.390620000000002,6.3912268,3.98182,3.9823397000000003,6.3921199999999985,6.3926039,keydown
5.70152,5.7021497,6.229280000000017,6.229899200000001,4.902339999999999,4.9030614,6.68872,6.6892433,4.76748,4.7680579,6.481959999999997,6.482694,4.065359999999999,4.0659689,6.537500000000001,6.5380516,keyup
5.93112,5.9198735,6.430320000000009,6.430852200000001,5.039999999999999,5.0405144,6.899539999999998,6.8999876,4.931100000000002,4.9315257,6.686420000000002,6.6870042000000005,4.198999999999999,4.199413099999999,6.741399999999999,6.7419304,keydown
5.996180000000001,5.9962371999999995,6.606660000000005,6.6073493,5.14142,5.1420987,7.047239999999999,7.047743400000001,5.030480000000002,5.0310871,6.80322,6.8034324999999995,4.285339999999999,4.285993899999999,6.888360000000002,6.889011900000001,keyup
6.20702,6.2076378000000005,6.820000000000007,6.8205631,5.251059999999999,5.25159,7.260740000000002,7.2578942,5.221140000000001,5.2215576,7.015339999999998,7.0156133999999994,4.415,4.4155143,7.117160000000002,7.1087541,keydown
6.2865400000000005,6.2872243,6.916440000000009,6.917123600000001,5.341379999999999,5.342106,7.349699999999999,7.3487862,5.313560000000002,5.3141162,7.169320000000003,7.1629287,4.48956,4.490061000000001,7.224599999999999,7.2252125000000005,keyup
6.46228,6.461819200000001,7.130880000000005,7.1314313,5.483039999999999,5.4755965,7.555579999999999,7.5560499000000005,5.485320000000001,5.4855769,7.370560000000001,7.3711281,4.64604,4.646453899999999,7.43244,7.4328469,keydown
6.546519999999999,6.547235500000001,7.2279000000000195,7.228602400000001,5.58146,5.5821314,7.750059999999998,7.750627000000001,5.582620000000001,5.5831474,7.527560000000005,7.528302200000001,4.72468,4.7250513000000005,7.543620000000001,7.5439905000000005,keyup
6.73414,6.7346796,7.442200000000014,7.4426868,5.75318,5.7535889000000005,7.9593799999999995,7.9597889,5.791200000000001,5.791619599999999,7.731860000000001,7.7316377,4.86902,4.869493500000001,7.773700000000002,7.7693916,keydown
6.81648,6.817268,7.551180000000016,7.5517276,5.8628599999999995,5.863167,8.09122,8.0917982,5.8696600000000005,5.8701848000000005,7.868199999999998,7.8689395,4.949459999999999,4.9500797,7.882660000000001,7.881096199999999,keyup
7.037380000000001,7.0378018,7.755800000000008,7.755760400000001,5.986179999999999,5.9866858,8.29824,8.298603499999999,6.061260000000002,6.061712,8.072459999999996,8.0729236,5.11362,5.104479400000001,8.10088,8.0966597,keydown
7.1138200000000005,7.114316500000001,7.854700000000022,7.8553772,6.06948,6.070184599999999,8.409559999999999,8.410130299999999,6.141560000000001,6.142206,8.162580000000002,8.1633286,5.182519999999999,5.183120300000001,8.210060000000002,8.208932699999998,keyup
7.28126,7.281866000000001,8.062240000000017,8.0628204,6.197239999999999,6.197820999999999,8.625339999999998,8.625846800000001,6.315320000000001,6.3066741,8.370720000000002,8.3712599,5.34162,5.332497500000001,8.434660000000001,8.4314189,keydown
7.3665199999999995,7.3673281,8.243140000000025,8.243813500000002,6.3245000000000005,6.3252185,8.778219999999997,8.7784829,6.396640000000002,6.397240699999999,8.55154,8.5522376,5.39652,5.3971251,8.632639999999999,8.6307568,keyup
7.57466,7.574834900000001,8.452240000000018,8.4525978,6.50414,6.5046953,8.985519999999998,8.9858574,6.561220000000001,6.561693699999999,8.761759999999999,8.7623674,5.56116,5.559542,8.845860000000002,8.836401500000001,keydown
7.6508,7.6513756,8.633200000000016,8.6337565,6.629579999999999,6.6302442,9.100260000000002,9.1007404,6.645680000000001,6.6462775,8.857200000000002,8.8578112,5.670179999999999,5.653147199999999,9.0032,9.0038926,keyup
7.7942800000000005,7.7948576,8.84104000000002,8.841260300000002,6.989279999999999,6.989750300000001,9.31042,9.310804699999998,6.82144,6.8218598,9.072700000000001,9.0732891,5.79914,5.7995836999999995,9.208120000000001,9.208500399999998,keydown
7.8837399999999995,7.8843955999999995,8.985,8.9857145,7.084719999999999,7.0853132,9.436039999999998,9.436605499999999,6.916700000000001,6.9172999,9.204380000000004,9.205085,5.8891599999999995,5.8851744,9.308520000000001,9.3091981,keyup
8.06636,8.0669397,9.19926000000001,9.199762400000001,7.219899999999999,7.220165100000001,9.6497,9.650187200000001,7.092340000000001,7.0928054,9.41712,9.4177327,6.0522,6.0526046000000004,9.522060000000003,9.522529500000001,keydown
8.1416,8.1424097,9.290920000000014,9.291173700000002,7.337619999999999,7.3383255,9.74238,9.742956,7.186740000000001,7.1873352,9.60614,9.606814,6.138699999999999,6.1392098,9.62902,9.6295933,keyup
8.3524,8.3522771,9.495260000000016,9.4957311,7.59122,7.5917853,9.94398,9.944273599999999,7.357480000000002,7.357815499999999,9.820939999999997,9.8215199,6.28864,6.288797599999999,9.836079999999999,9.834859600000001,keydown
8.42468,8.4254502,9.683660000000003,9.684393,7.6968,7.697387900000001,10.136599999999998,10.1370079,7.43874,7.439359099999999,9.94846,9.949196700000002,6.3829400000000005,6.383233299999999,9.96584,9.9665036,keyup
8.61338,8.6139321,9.897480000000016,9.898084,7.973659999999999,7.969875399999999,10.35152,10.351031899999999,7.648780000000001,7.6488225,10.164640000000002,10.1649518,6.51228,6.512701399999999,10.17858,10.179055299999998,keydown
8.68522,8.685492100000001,10.083660000000009,10.084377100000001,8.03378,8.0344336,10.500879999999999,10.501455199999999,7.730440000000001,7.730506500000001,10.329579999999996,10.330315599999999,6.6039,6.6042559,10.294139999999999,10.294743399999998,keyup
8.8653,8.86591,10.290120000000016,10.290068000000002,8.27136,8.2718955,10.704739999999997,10.705203000000001,7.8815,7.881889899999999,10.541039999999999,10.541341899999999,6.73782,6.737673599999999,10.50678,10.5070892,keydown
8.93584,8.9365254,10.385720000000006,10.386453300000003,8.35676,8.3574404,10.80816,10.8086928,7.972840000000001,7.9734131,10.675880000000003,10.6766261,6.837979999999999,6.8385283,10.687819999999999,10.688481799999998,keyup
9.11152,9.1119929,10.587080000000014,10.5876783,8.50462,8.5049025,11.017599999999998,11.017966699999999,8.157399999999999,8.1578772,10.88446,10.884994500000001,6.9823200000000005,6.9828125,10.90362,10.898364399999998,keydown
9.17178,9.172526900000001,10.785780000000017,10.786469500000003,8.60674,8.607469,11.111019999999996,11.111552799999998,8.246860000000002,8.2474511,11.003939999999997,11.0046627,7.08074,7.0813071999999995,11.081980000000001,11.0825669,keyup
9.37348,9.3741287,10.990320000000011,10.9908398,8.73048,8.7309279,11.31456,11.314936499999998,8.399520000000003,8.3999506,11.21068,11.211241999999999,7.2312199999999995,7.2317333,11.28772,11.288126299999998,keydown
9.43688,9.4375637,11.179600000000008,11.180335500000002,8.8158,8.8164925,11.412219999999998,11.412768,8.485980000000001,8.486562,11.376319999999996,11.3770479,7.331779999999999,7.332345199999999,11.420380000000002,11.421041899999999,keyup
9.61038,9.6110392,11.392960000000016,11.393432,8.99844,8.998963,11.62782,11.628069199999999,8.651500000000002,8.6519335,11.58642,11.586981600000001,7.4752,7.4757394999999995,11.662479999999999,11.6322756,keydown
9.688759999999998,9.6895845,11.501960000000011,11.5026364,9.075759999999999,9.076519,11.740940000000002,11.7414929,8.738980000000002,8.7395101,11.70448,11.705207000000001,7.57576,7.5763675,11.7299,11.7305624,keyup
9.91968,9.9201091,11.70374000000001,11.704329400000002,9.19134,9.1919608,11.956000000000003,11.956367399999998,8.886580000000002,8.8869739,11.913700000000002,11.9142689,7.7243,7.7247758,11.954040000000003,11.932797399999998,keydown
10.001999999999999,10.0026969,11.814900000000009,11.815641900000003,9.2578,9.2585404,12.118099999999998,12.118698899999998,8.97888,8.9795277,12.062259999999998,12.062946499999999,7.835299999999999,7.8354058,12.05348,12.054021599999999,keyup
10.16274,10.1632693,12.016140000000021,12.0166875,9.42732,9.428001,12.328960000000002,12.329086,9.1406,9.1409905,12.273619999999998,12.2742875,7.99246,7.992846999999999,12.278379999999999,12.267627299999997,keydown
10.24484,10.245646800000001,12.202100000000016,12.2027739,9.49488,9.4955669,12.521500000000003,12.5218992,9.243100000000002,9.2335572,12.455180000000002,12.455908,8.073799999999999,8.074418699999999,12.388200000000001,12.388808399999998,keyup
10.408499999999997,10.4091092,12.405260000000013,12.4057213,9.69892,9.6990744,12.734380000000002,12.734797799999999,9.385840000000002,9.3861246,12.665859999999999,12.666466,8.23132,8.231847199999999,12.600639999999999,12.600448399999998,keydown
10.50196,10.5026989,12.587860000000006,12.5886338,9.76292,9.763614800000001,12.825859999999999,12.825837799999999,9.48808,9.488601,12.81562,12.816284799999998,8.320879999999999,8.3214492,12.754560000000001,12.755207299999999,keyup
10.63768,10.6382228,12.792040000000014,12.792594300000001,9.94966,9.9502579,13.02982,13.0301707,9.644680000000001,9.6451143,13.023819999999997,13.0244106,8.460460000000001,8.4609042,12.960439999999998,12.9608205,keydown
10.71594,10.7167016,12.982460000000017,12.9831572,10.023959999999999,10.0246274,13.206960000000002,13.207540599999998,9.73424,9.7346112,13.217719999999996,13.218461600000001,8.556799999999999,8.557464699999999,13.110420000000001,13.1110084,keyup
10.897480000000002,10.8981947,13.19598000000002,13.196560400000003,10.220419999999999,10.2210881,13.420099999999998,13.4204771,9.88596,9.8860747,13.430139999999998,13.430735899999998,8.69734,8.6978662,13.319040000000001,13.3193637,keydown
10.989059999999998,10.989748,13.392520000000005,13.393272,10.307,10.3076706,13.552259999999997,13.552821999999999,9.980040000000002,9.980642399999999,13.542300000000001,13.542952799999998,8.808900000000001,8.809493999999999,13.506499999999999,13.506825,keyup
11.12472,11.1252253,13.600880000000004,13.601228300000002,10.493540000000001,10.4941216,13.760780000000004,13.761124299999999,10.127680000000002,10.1281008,13.758039999999998,13.7586433,8.96152,8.9619479,13.715700000000002,13.714492799999999,keydown
11.213059999999999,11.2137622,13.74890000000002,13.749626800000001,10.58302,10.5836887,13.864800000000002,13.865367199999998,10.209040000000002,10.209666499999999,13.927559999999996,13.928246099999999,9.049980000000001,9.050554799999999,13.810500000000001,13.8111216,keyup
11.404440000000001,11.404348500000001,13.957180000000008,13.957768100000003,10.79068,10.7911699,14.071399999999997,14.0717168,10.36982,10.370312,14.132279999999998,14.132814,9.198519999999998,9.198961899999999,14.016179999999999,14.013961599999998,keydown
11.490120000000001,11.490790500000001,14.08526000000002,14.085860800000003,10.847020000000002,10.8477222,14.269579999999998,14.270185999999999,10.452160000000003,10.452695799999999,14.326779999999996,14.327519599999999,9.288079999999997,9.2885856,14.105979999999999,14.106509899999999,keyup
11.629280000000001,11.629495,14.286680000000018,14.287020900000002,11.028719999999998,11.0293641,14.47748,14.477818599999999,10.60774,10.6081693,14.539020000000004,14.5396739,9.433520000000001,9.4340098,14.328759999999999,14.314742799999998,keydown
11.715060000000001,11.7158094,14.442480000000018,14.443210700000002,11.116999999999999,11.1177451,14.632600000000004,14.6329374,10.69116,10.6917395,14.675060000000006,14.675724500000001,9.534040000000001,9.534587799999999,14.465520000000001,14.463433599999998,keyup
11.857880000000002,11.8583206,14.645280000000014,14.645824600000001,11.33364,11.334211,14.834420000000001,14.834798499999998,10.842720000000003,10.8431658,14.883280000000003,14.883862400000002,9.685780000000001,9.685969499999999,14.69192,14.678306,keydown
11.9341,11.9348388,14.741760000000014,14.742472300000003,11.42308,11.4238101,14.984279999999998,14.9848262,10.926120000000001,10.9267485,15.03086,15.0315875,9.762039999999999,9.7626369,14.79372,14.7901134,keyup
12.07516,12.0754457,14.954400000000021,14.954255800000002,11.64166,11.642324200000001,15.192779999999999,15.1931899,11.075700000000001,11.076191,15.241580000000003,15.2420382,9.93974,9.9401013,14.99182,14.992017099999998,keydown
12.15408,12.1548598,15.058360000000008,15.059097900000001,11.738199999999997,11.7388302,15.321979999999996,15.3225983,11.167380000000001,11.1677847,15.422600000000006,15.423315299999999,10.02016,10.0206507,15.126159999999999,15.126767099999999,keyup
12.346720000000001,12.3472866,15.26282000000002,15.263313400000001,11.970979999999999,11.9713885,15.535620000000002,15.5359811,11.326880000000003,11.3272362,15.63166,15.631936,10.174699999999998,10.1750872,15.339480000000002,15.339674299999999,keydown
12.43928,12.439917,15.371820000000014,15.3725597,12.07306,12.0738532,15.712719999999997,15.713245999999998,11.41318,11.413799299999999,15.813639999999996,15.8143375,10.253059999999998,10.253686,15.509340000000002,15.5099002,keyup
12.577860000000001,12.578418600000001,15.587520000000012,15.588090100000002,12.271699999999997,12.2723209,15.924820000000004,15.925238099999998,11.57414,11.5742698,16.02202,16.0222067,10.398159999999997,10.398217599999999,15.717220000000001,15.717425299999999,keydown
12.663260000000001,12.6639237,15.69608000000001,15.696554200000001,12.370119999999998,12.3708845,16.07998,16.080533499999998,11.666260000000005,11.6668325,16.22156,16.2223069,10.47608,10.4766906,15.808860000000003,15.8094496,keyup
12.84778,12.848403600000001,15.911820000000006,15.9123607,12.5357,12.5363451,16.281239999999997,16.2816162,11.832880000000003,11.8332976,16.428259999999998,16.4288467,10.61664,10.6171382,16.01666,16.0171134,keydown
12.938199999999998,12.938945,16.05608000000001,16.0567074,12.63312,12.6339158,16.39076,16.3913127,11.931280000000001,11.931871,16.584459999999996,16.5847007,10.69916,10.6997172,16.11118,16.1118187,keyup
13.095880000000001,13.0964077,16.257120000000015,16.2576548,12.8449,12.8454542,16.592019999999998,16.5924402,12.140900000000002,12.1413382,16.787760000000002,16.788341,10.859039999999997,10.859169399999999,16.32558,16.3148621,keydown
13.18232,13.182974399999999,16.455600000000018,16.4563105,12.926239999999998,12.9269517,16.70568,16.7063028,12.21732,12.2179014,16.907420000000005,16.9081628,10.942239999999998,10.9427417,16.47432,16.4749701,keyup
13.316759999999999,13.3174104,16.66194,16.662478200000002,13.08514,13.0855244,16.91818,16.9186159,12.36994,12.3703571,17.115959999999998,17.1165459,11.08268,11.081170499999999,16.67686,16.6772806,keydown
13.39726,13.3980003,16.850760000000008,16.8514029,13.188180000000001,13.1889757,17.07412,17.0742194,12.474340000000002,12.4749268,17.3098,17.3105237,11.1768,11.1597873,16.85064,16.8510971,keyup
13.556999999999999,13.5574877,17.06476000000002,17.065251,13.333979999999999,13.3344328,17.27796,17.2783238,12.626100000000005,12.626366599999999,17.52172,17.5222256,11.310899999999997,11.311289499999999,17.05418,17.0546032,keydown
13.6403,13.641025299999999,17.233300000000014,17.2338303,13.439259999999999,13.4400114,17.47258,17.473128799999998,12.715420000000002,12.715957,17.65344,17.6541169,11.398539999999997,11.3987895,17.23222,17.2328455,keyup
13.78304,13.7835642,17.440060000000017,17.4405225,13.6229,13.6234808,17.679719999999996,17.6801761,12.877040000000001,12.877471,17.86704,17.867516,11.549739999999996,11.550190899999999,17.4447,17.4450073,keydown
13.868559999999999,13.8692921,17.60742000000002,17.608149400000002,13.69522,13.6960323,17.7757,17.7762471,12.979380000000003,12.9799849,18.02016,18.0208718,11.63928,11.6398487,17.55424,17.5548713,keyup
14.02466,14.024707500000002,17.815160000000006,17.8157251,13.835859999999998,13.8364835,17.9917,17.992062,13.150660000000002,13.1507123,18.22962,18.2302125,11.801039999999997,11.801266499999999,17.7579,17.7583914,keydown
14.0994,14.100085499999999,18.007880000000014,18.0085628,13.913379999999998,13.9140617,18.13816,18.1383077,13.225420000000003,13.2260119,18.376119999999997,18.3768589,11.86226,11.862848399999999,17.94244,17.939906699999998,keyup
14.23806,14.238615200000002,18.21948000000002,18.2199865,14.13398,14.134562299999999,18.347279999999998,18.3473449,13.387400000000003,13.387528699999999,18.585820000000002,18.5864445,12.021819999999998,12.0223952,18.15586,18.1480464,keydown
14.298300000000001,14.2990976,18.319660000000013,18.3203016,14.23934,14.240096999999999,18.483399999999996,18.4839335,13.488480000000003,13.4890406,18.773300000000003,18.7740379,12.1024,12.1018683,18.30206,18.302687499999998,keyup
14.470220000000001,14.470652600000001,18.52984000000002,18.530210500000003,14.37334,14.3735593,18.68784,18.6880877,13.672140000000002,13.672509,18.97756,18.9781311,12.263859999999998,12.264301699999999,18.50738,18.507645099999998,keydown
14.53642,14.537124600000002,18.686960000000013,18.687675900000002,14.45734,14.458123,18.812180000000005,18.812792899999998,13.750480000000003,13.7510697,19.127860000000002,19.1286103,12.36028,12.360905899999999,18.62614,18.626771899999998,keyup
14.715960000000003,14.7165881,18.90360000000001,18.904055,14.62814,14.628638500000001,19.014140000000005,19.014434899999998,13.90512,13.905554,19.337979999999998,19.3385911,12.51466,12.5152701,18.84712,18.841037099999998,keydown
14.7865,14.787160799999999,19.06674000000001,19.0672001,14.724479999999998,14.725151799999999,19.11448,19.115084,14.00552,14.006099399999998,19.44322,19.4439638,12.606299999999997,12.6069222,19.03522,19.0358296,keyup
14.95026,14.950890699999999,19.275280000000024,19.275782900000003,14.920020000000003,14.920612599999998,19.322400000000002,19.3226955,14.1873,14.187615,19.65158,19.6521587,12.7579,12.7583725,19.262340000000002,19.251299,keydown
15.02486,15.0252054,19.405620000000013,19.406291300000003,15.012579999999998,15.013184500000001,19.455219999999997,19.455761499999998,14.25852,14.2591366,19.780740000000005,19.7813853,12.86402,12.857958499999999,19.44924,19.4498954,keyup
15.210180000000001,15.2107684,19.617440000000002,19.6179194,15.183100000000001,15.183618599999999,19.666040000000002,19.6663349,14.45728,14.4576027,19.99432,19.9949345,13.00496,13.0053918,19.67826,19.6639219,keydown
15.282540000000001,15.2832133,19.752060000000014,19.752770100000003,15.275540000000001,15.276218100000001,19.76074,19.7612699,14.52598,14.526155600000001,20.118979999999997,20.1193873,13.105340000000002,13.105971199999999,19.8267,19.8272943,keyup
15.523219999999998,15.5237381,19.95826000000001,19.9589022,15.475240000000001,15.475750900000001,19.96264,19.963005,14.685460000000003,14.685612999999998,20.320040000000002,20.3205367,13.24804,13.2483539,20.03956,20.0399215,keydown
15.60248,15.603258100000001,20.15192000000002,20.1523408,15.58758,15.5882465,20.0843,20.0848205,14.772680000000001,14.773186099999998,20.511219999999998,20.5119337,13.356379999999998,13.3570123,20.21052,20.211044599999997,keyup
15.784019999999998,15.7847032,20.363640000000018,20.3642584,15.76028,15.760813200000001,20.29094,20.2914205,14.946180000000002,14.9466388,20.721859999999996,20.7218561,13.521839999999997,13.5223981,20.41402,20.413760999999997,keydown
15.88056,15.8812799,20.53168000000001,20.532390300000003,15.850860000000003,15.851428900000002,20.4747,20.475225599999998,15.030620000000003,15.031208600000001,20.91736,20.9181092,13.61244,13.6130408,20.594220000000004,20.594804,keyup
16.04416,16.0447605,20.738400000000013,20.7389845,16.06416,16.0647473,20.68228,20.6824266,15.198540000000001,15.198679199999999,21.126079999999998,21.12669,13.827019999999997,13.8275019,20.80414,20.804619799999998,keydown
16.125660000000003,16.1263202,20.875500000000002,20.8761835,16.164680000000004,16.1653259,20.83692,20.8375009,15.240680000000001,15.2412321,21.28796,21.2627036,13.879059999999999,13.874068199999998,20.96176,20.962287999999997,keyup
16.25728,16.2578754,21.080740000000006,21.08128,16.40654,16.4070386,21.039479999999998,21.0399582,15.435460000000003,15.4357059,21.46784,21.4684553,14.03856,14.038786700000001,21.17876,21.1641086,keydown
16.35064,16.351331000000002,21.22662000000001,21.2272544,16.50264,16.503345,21.19256,21.1930747,15.498840000000001,15.4992617,21.63014,21.6308858,14.155459999999998,14.156121399999998,21.32354,21.3240272,keyup
16.5402,16.5408204,21.436060000000012,21.436059800000002,16.712359999999997,16.7128218,21.400780000000005,21.3989786,15.67538,15.6757333,21.844820000000002,21.8454127,14.315159999999999,14.315534600000001,21.53962,21.5400758,keydown
16.61968,16.6203789,21.616940000000014,21.6175862,16.80984,16.8103973,21.49734,21.4979276,15.7437,15.744286999999998,22.0286,22.029337,14.4176,14.418156899999998,21.65632,21.656623,keyup
16.7594,16.7598444,21.822360000000003,21.822881600000002,16.992399999999996,16.9929005,21.711059999999996,21.7114394,15.90728,15.9077434,22.232520000000005,22.2330935,14.573239999999998,14.5736495,21.873920000000002,21.8742141,keydown
16.83372,16.8344147,21.980060000000023,21.980782100000003,17.08262,17.0834156,21.841720000000002,21.8423512,16.002740000000003,16.0033247,22.34502,22.3457696,14.680520000000001,14.6811585,22.05818,22.058827299999997,keyup
17.0266,17.0269054,22.188180000000017,22.188736900000002,17.3033,17.3039122,22.05822,22.0542657,16.170340000000003,16.170788,22.54832,22.5487961,14.8311,14.8316095,22.26716,22.2676332,keydown
17.1077,17.1084111,22.30676000000001,22.3074088,17.388820000000003,17.3894448,22.24436,22.244891199999998,16.25082,16.2513487,22.68292,22.683654399999998,14.9266,14.927190000000001,22.375040000000002,22.3756283,keyup
17.2884,17.2889439,22.513160000000013,22.513756100000002,17.63832,17.6389365,22.45586,22.4563164,16.417340000000003,16.4177807,22.890560000000004,22.8910862,15.08024,15.0807287,22.591260000000002,22.5856288,keydown
17.36576,17.3664478,22.677580000000006,22.678341800000002,17.71976,17.7204801,22.64786,22.648392899999997,16.487840000000002,16.488376099999996,22.98468,22.9854134,15.17466,15.1752366,22.684079999999998,22.6846228,keyup
17.55142,17.5519041,22.887980000000013,22.8884362,17.9315,17.9320929,22.86094,22.8613488,16.68044,16.6808368,23.199319999999997,23.1999025,15.323179999999997,15.3236507,22.895500000000002,22.8852917,keydown
17.63074,17.6314758,23.031800000000004,23.032504900000003,18.02888,18.0295333,22.9814,22.9819365,16.754820000000002,16.7554034,23.361340000000002,23.3620724,15.425639999999998,15.426247299999998,23.036399999999997,23.0369046,keyup
17.77626,17.7769022,23.24012000000002,23.240660700000003,18.230539999999998,18.2310039,23.18864,23.1891079,16.92352,16.923958499999998,23.57576,23.5763714,15.577299999999997,15.5776993,23.24894,23.249082599999998,keydown
17.86074,17.8615,23.352500000000006,23.353219600000003,18.33094,18.3315504,23.385759999999998,23.386305399999998,16.995820000000002,16.9964344,23.68688,23.6875686,15.677699999999998,15.678274799999999,23.386799999999997,23.3874677,keyup
18.03514,18.034102100000002,23.563440000000014,23.563928800000003,18.594319999999996,18.5949944,23.5929,23.593314499999998,17.184520000000003,17.184891899999997,23.888339999999996,23.8888979,15.832539999999998,15.824675699999998,23.606980000000004,23.5970095,keydown
18.11806,18.1185283,23.661820000000006,23.6625258,18.66198,18.6625873,23.77252,23.773063699999998,17.250880000000002,17.251461999999997,24.02208,24.0224878,15.906699999999997,15.907298599999999,23.752420000000004,23.752910699999997,keyup
18.28838,18.289004300000002,23.874240000000015,23.874155000000002,18.8988,18.8990654,23.981540000000003,23.9818961,17.621640000000003,17.621942500000003,24.23246,24.2329738,16.064239999999998,16.0647349,23.95918,23.9596852,keydown
18.373,18.3735781,23.978220000000007,23.9789284,19.00192,19.0026239,24.156100000000002,24.156679099999998,17.70804,17.7085207,24.423579999999998,24.4243193,16.16274,16.1633302,24.05098,24.0515923,keyup
18.51334,18.5140007,24.185060000000007,24.185546300000002,19.204900000000002,19.2040801,24.36714,24.3676034,17.88462,17.885004000000002,24.63996,24.6404829,16.29412,16.2947218,24.261300000000002,24.261838299999997,keydown
18.59278,18.5935808,24.302200000000013,24.3028777,19.300019999999996,19.3006641,24.5257,24.5261852,17.98996,17.990547999999997,24.758439999999997,24.7591768,16.395599999999998,16.390349,24.36848,24.3691554,keyup
18.79492,18.7951376,24.513080000000016,24.5135349,19.550739999999998,19.5511393,24.739979999999996,24.7404762,18.131580000000003,18.132024,24.969039999999996,24.9696662,16.5365,16.536737600000002,24.580359999999995,24.580248899999997,keydown
18.86398,18.8646281,24.70660000000001,24.7073058,19.63214,19.6326968,24.874000000000002,24.8746141,18.23206,18.232574800000002,25.07194,25.072692,16.62978,16.630377300000003,24.68476,24.6853846,keyup
19.07552,19.0761303,24.91734000000001,24.9176025,19.81592,19.8161589,25.08428,25.0845864,18.38454,18.3850068,25.282259999999997,25.2827877,16.786479999999997,16.786882000000002,24.90498,24.898621799999997,keydown
19.14604,19.1466797,25.00758000000002,25.008341400000003,19.906039999999997,19.906731100000002,25.18786,25.1884515,18.49304,18.4936023,25.402420000000003,25.4031087,16.89566,16.8934073,25.02394,25.0245461,keyup
19.30154,19.3021191,25.216760000000008,25.2170546,20.166780000000003,20.1672828,25.396839999999997,25.397298199999998,18.646720000000002,18.647145799999997,25.609740000000006,25.6103293,17.06532,17.0658467,25.231740000000006,25.2275548,keydown
19.372960000000003,19.3736648,25.333000000000013,25.333283100000003,20.253059999999998,20.2537685,25.523179999999996,25.5237503,18.76116,18.7616344,25.70246,25.7030153,17.14782,17.1484326,25.416460000000004,25.4170791,keyup
19.56158,19.5622035,25.542060000000006,25.5425314,20.44784,20.4482683,25.737899999999996,25.738197,18.92976,18.930125699999998,25.90528,25.9058691,17.2925,17.2929464,25.6538,25.632098499999998,keydown
19.62902,19.6297045,25.684780000000018,25.6854027,20.529020000000003,20.5297993,25.85996,25.8603392,19.02908,19.029662000000002,26.104380000000003,26.1051331,17.389899999999997,17.3904643,25.796780000000002,25.797348799999998,keyup
19.8067,19.8071926,25.887560000000008,25.8877862,20.77492,20.7753073,26.063719999999996,26.064072899999996,19.17368,19.174139099999998,26.3118,26.312399199999998,17.5518,17.546883100000002,26.006339999999998,26.006804699999996,keydown
19.88698,19.8877198,25.994100000000017,25.9946604,20.86918,20.8698495,26.23026,26.2308377,19.28912,19.2896948,26.50438,26.5049124,17.61988,17.6204801,26.09918,26.099704799999998,keyup
20.0567,20.0572201,26.197720000000018,26.1982486,21.090739999999997,21.0913088,26.432359999999996,26.4328239,19.46574,19.466160799999997,26.71652,26.716950800000003,17.77472,17.7749375,26.309700000000003,26.305463599999996,keydown
20.14208,20.1427663,26.346980000000016,26.3476493,21.188119999999998,21.1888692,26.573679999999996,26.5742564,19.56114,19.561726299999997,26.887560000000004,26.8882815,17.86094,17.8615187,26.445240000000002,26.4458853,keyup
20.3095,20.310206400000002,26.558600000000013,26.5591248,21.422420000000002,21.4223617,26.775619999999996,26.7760966,19.736220000000003,19.7361698,27.090799999999998,27.091435299999997,18.010399999999997,18.0109432,26.647859999999998,26.6483176,keydown
20.40918,20.4098023,26.676240000000007,26.677016200000004,21.52124,21.5219117,26.908879999999996,26.9094517,19.82816,19.828753399999997,27.23094,27.231663299999997,18.10898,18.109549700000002,26.7803,26.780969,keyup
20.5228,20.5233586,26.885160000000013,26.8857451,21.770960000000002,21.7713861,27.11786,27.1183297,19.9588,19.9592319,27.434319999999996,27.4349398,18.25966,18.2599459,27.005960000000005,26.990516999999997,keydown
20.6184,20.6188321,27.04252000000001,27.043130599999998,21.855919999999998,21.8559865,27.211579999999998,27.2122172,20.10126,20.101779299999997,27.55208,27.552820299999997,18.3643,18.3585685,27.12232,27.121744299999996,keyup
20.7588,20.7593152,27.256600000000006,27.2571521,22.1348,22.1354337,27.41352,27.413998599999996,20.2419,20.2422689,27.761860000000002,27.7623984,18.50342,18.5039382,27.341060000000002,27.337803899999997,keydown
20.85204,20.8528357,27.385360000000006,27.386057,22.2292,22.2299872,27.592840000000002,27.5933173,20.3642,20.364814199999998,27.8665,27.8672272,18.602,18.6026013,27.484219999999997,27.484870299999997,keyup
21.01578,21.0163411,27.597820000000013,27.598346900000003,22.437060000000002,22.4375095,27.80222,27.8026034,20.49584,20.496281600000003,28.073040000000002,28.0736291,18.76054,18.761024600000002,27.694619999999997,27.695086599999996,keydown
21.11618,21.1168628,27.713960000000014,27.714616200000002,22.544379999999997,22.5450248,27.9581,27.9586036,20.609240000000003,20.609833199999997,28.20352,28.2041609,18.849059999999998,18.8496209,27.816619999999997,27.8173149,keyup
21.31808,21.318458800000002,27.925640000000016,27.926202100000005,22.78398,22.7845121,28.15956,28.1599743,20.76788,20.76829,28.417260000000002,28.4178642,19.0367,19.0370016,28.023420000000005,28.023608799999998,keydown
21.41228,21.4128955,28.110340000000008,28.1110659,22.87928,22.8800563,28.25524,28.255732399999996,20.881300000000003,20.881875700000002,28.51394,28.514669299999998,19.108,19.108648900000002,28.185039999999997,28.1856906,keyup
21.52274,21.5233291,28.312360000000012,28.312836000000004,23.125,23.1255137,28.470999999999997,28.471391899999997,21.019840000000002,21.0203203,28.73036,28.7303387,19.28246,19.275074800000002,28.412380000000002,28.3981449,keydown
21.60028,21.6009167,28.427020000000013,28.427731700000002,23.2294,23.2300973,28.665779999999998,28.666349899999997,21.1463,21.146897699999997,28.8488,28.8495344,19.377499999999998,19.3756837,28.53554,28.536036699999997,keyup
21.81488,21.8154336,28.638040000000018,28.638632900000005,23.45706,23.4575808,28.87574,28.8762006,21.2889,21.2893605,29.055760000000003,29.056362699999998,19.54758,19.548056600000002,28.74694,28.747415099999998,keydown
21.89822,21.8989527,28.778740000000013,28.7787479,23.558419999999998,23.5591494,29.050959999999996,29.051560999999996,21.429440000000003,21.416936999999997,29.168719999999997,29.169416000000002,19.63816,19.6387243,28.888879999999997,28.889281599999997,keyup
22.06902,22.0694843,28.993560000000016,28.993994900000004,23.87424,23.8746654,29.26504,29.265384899999997,21.55298,21.5534507,29.383,29.383585900000003,19.785919999999997,19.7821275,29.09408,29.0931018,keydown
22.1673,22.1679862,29.152500000000018,29.153241700000002,23.9634,23.9641791,29.36222,29.362497199999996,21.66334,21.663951599999997,29.562,29.562714600000003,19.894679999999997,19.885749800000003,29.227860000000003,29.228496800000002,keyup
22.40872,22.4094294,29.366020000000006,29.365740200000005,24.24622,24.2466978,29.577280000000002,29.5777113,21.834020000000002,21.8344254,29.7719,29.7725009,20.04382,20.0441095,29.438239999999997,29.4387282,keydown
22.50148,22.502031,29.49184000000001,29.4926308,24.32954,24.3302298,29.67982,29.680364700000002,21.934440000000002,21.934992,29.901880000000002,29.9026264,20.14616,20.1467725,29.56182,29.562413899999996,keyup
22.712979999999998,22.7135131,29.70768000000001,29.708228599999998,24.585160000000002,24.5856954,29.89076,29.891131499999997,22.07506,22.075477399999997,30.11366,30.114267799999997,20.28672,20.287187000000003,29.77258,29.773044499999997,keydown
22.7994,22.8000463,29.830320000000015,29.830993,24.683619999999998,24.6842631,30.045920000000002,30.0465055,22.188420000000004,22.189016699999996,30.273979999999998,30.2746868,20.38428,20.384801200000002,29.914560000000005,29.9151771,keyup
23.02244,23.022039200000002,30.036660000000012,30.037225400000004,24.928199999999997,24.9287229,30.24778,30.248135199999997,22.367100000000004,22.3674764,30.48864,30.4892267,20.521459999999998,20.5211709,30.1262,30.118320699999998,keydown
23.10738,23.1080859,30.235760000000013,30.2364564,25.03656,25.0373043,30.41214,30.4126966,22.467440000000003,22.468048699999997,30.631899999999998,30.6145118,20.62522,20.6258212,30.29416,30.294702899999997,keyup
23.37808,23.3786969,30.451380000000015,30.451874500000002,25.28192,25.2818145,30.621500000000005,30.6219614,22.626060000000003,22.626511299999997,30.815540000000002,30.815772499999998,20.784779999999998,20.7852384,30.506739999999997,30.507109800000002,keydown
23.4475,23.4481362,30.56370000000001,30.564494000000003,25.38274,25.3833679,30.74808,30.748626499999997,22.71564,22.716085300000003,30.91,30.910747699999998,20.880039999999997,20.875846900000003,30.624780000000005,30.6254086,keyup
23.73724,23.7377554,30.77970000000002,30.7795324,25.62236,25.6228002,30.962600000000002,30.9630281,22.86308,22.863529,31.111259999999998,31.111852699999996,21.03664,21.037229200000002,30.84316,30.8404424,keydown
23.80946,23.8101578,30.945120000000017,30.9458592,25.73874,25.7393951,31.070880000000002,31.0711598,22.9615,22.9621049,31.23394,31.2346622,21.12932,21.1298798,30.96352,30.9641059,keyup
24.0972,24.0976645,31.15346000000001,31.153904000000004,25.99978,25.9998658,31.27384,31.274270499999997,23.106160000000003,23.106636199999997,31.438840000000003,31.4394714,21.30624,21.3063304,31.171319999999998,31.171267899999997,keydown
24.17054,24.1712028,31.26490000000001,31.265617500000005,26.099800000000002,26.1004319,31.45346,31.4540372,23.22052,23.2211293,31.614859999999997,31.615388900000003,21.4041,21.391909000000002,31.35948,31.3599885,keyup
24.50414,24.5048108,31.48020000000001,31.480635400000004,26.358580000000003,26.3588925,31.65862,31.659063800000002,23.39514,23.395591000000003,31.83252,31.818313200000002,21.546,21.5463293,31.58268,31.568424800000003,keydown
24.58652,24.587242,31.61670000000001,31.6172422,26.46376,26.4644571,31.79208,31.792584,23.494580000000003,23.495157300000002,31.9412,31.9419412,21.6454,21.6459452,31.719060000000002,31.7196311,keyup
24.85522,24.8557785,31.821680000000015,31.822066900000003,26.77046,26.7709353,32.00362,32.004026100000004,23.6722,23.6636162,32.1567,32.1573133,21.801019999999998,21.801394400000003,31.945040000000002,31.929774000000002,keydown
24.9316,24.9322905,32.01462000000001,32.0153066,26.861539999999998,26.8615464,32.119640000000004,32.120257,23.776580000000003,23.7771909,32.29860000000001,32.299313299999994,21.90038,21.9009652,32.1113,32.1119538,keyup
25.28008,25.2807637,32.22330000000001,32.223872400000005,27.178360000000005,27.1789731,32.32902,32.329427,23.951240000000002,23.9516578,32.499700000000004,32.5003009,22.0673,22.048339300000002,32.32088,32.3212135,keydown
25.3446,25.3453287,32.36410000000001,32.3648219,27.24852,27.2485549,32.42664,32.4271399,24.060760000000002,24.061242,32.65554,32.656126400000005,22.13056,22.130998400000003,32.52038,32.5210048,keyup
25.681559999999998,25.6818831,32.56544000000001,32.565958,27.58542,27.5860248,32.64158,32.6420304,24.2923,24.2927071,32.85903999999999,32.859604000000004,22.29916,22.299412200000003,32.74062000000001,32.7282028,keydown
25.75878,25.7593955,32.75144000000002,32.7521484,27.6648,27.665591,32.80808,32.8086782,24.38278,24.383260299999996,33.05722,33.057851400000004,22.39594,22.385019500000002,32.873180000000005,32.8736285,keyup
26.101480000000002,26.1019193,32.95804000000001,32.9585235,27.9336,27.9340598,33.01496,33.015245400000005,24.70736,24.707755,33.26558,33.265762300000006,22.5568,22.5573911,33.091260000000005,33.0860853,keydown
26.17696,26.1774642,33.11704000000002,33.117740600000005,28.031840000000003,28.0326385,33.19494,33.195356100000005,24.802020000000002,24.802311099999997,33.42842,33.42917,22.64142,22.642052200000002,33.24850000000001,33.2490518,keyup
26.555660000000003,26.5560592,33.33116000000001,33.3317602,28.345580000000005,28.3461162,33.40482,33.405225,25.080540000000003,25.080782499999998,33.64131999999999,33.64195960000001,22.86994,22.8704851,33.48088,33.462027299999995,keydown
26.61726,26.6175213,33.462860000000006,33.4635679,28.423879999999997,28.4246752,33.55876,33.5592953,25.170720000000003,25.1713471,33.74986,33.7505297,22.9525,22.9530749,33.620000000000005,33.6206477,keyup
26.982200000000006,26.9823298,33.67440000000002,33.674968,28.75352,28.7541611,33.76322,33.7635227,25.46648,25.4668274,33.955380000000005,33.9560132,23.16084,23.158454600000002,33.82142,33.8217806,keydown
27.057920000000003,27.0585378,33.83870000000002,33.8393834,28.851059999999997,28.8517312,33.862159999999996,33.862768,25.552020000000002,25.552395599999997,34.07046,34.071168799999995,23.27068,23.253114800000002,33.985780000000005,33.986406099999996,keyup
27.35982,27.3603449,34.04720000000002,34.0476601,29.171640000000004,29.1722052,34.07422,34.074595300000006,25.873440000000002,25.873886499999998,34.282880000000006,34.283497600000004,23.427039999999998,23.4275613,34.201660000000004,34.2021352,keydown
27.435380000000002,27.435631,34.189200000000014,34.1898766,29.281100000000002,29.2817897,34.22072,34.221246400000005,25.972820000000002,25.9734397,34.418580000000006,34.419287499999996,23.517619999999997,23.518145800000003,34.351299999999995,34.3514498,keyup
27.80968,27.8102734,34.40492000000002,34.4054892,29.56664,29.5672398,34.43106,34.431549000000004,26.17752,26.177913099999998,34.635180000000005,34.624558199999996,23.66616,23.6665703,34.575680000000006,34.566004,keydown
27.88532,27.8856247,34.56994000000002,34.570640000000004,29.656019999999998,29.6568128,34.60274,34.603137600000004,26.283900000000003,26.284488600000003,34.727199999999996,34.7278022,23.75556,23.756179900000003,34.74982,34.7504623,keyup
28.258139999999997,28.2582439,34.776120000000006,34.7765632,30.159760000000006,30.160305700000002,34.80644,34.8067932,26.60562,26.6059726,34.937560000000005,34.938184899999996,23.91118,23.911687800000003,34.960499999999996,34.960842,keydown
28.349980000000002,28.3506851,34.89834000000002,34.8990254,30.25318,30.253883100000003,34.984899999999996,34.9854842,26.72702,26.7275768,35.1302,35.130932099999995,23.99968,24.0001994,35.104060000000004,35.1046639,keyup
